1661398632.415146112 0.00000 0.00000 0.00000 -0.01949 0.00389 0.00008 0.99980
1661398632.425145864 0.00000 0.00000 0.00000 -0.01949 0.00389 0.00008 0.99980
1661398632.435146093 0.00000 0.00000 0.00000 -0.01949 0.00389 0.00008 0.99980
1661398632.445145845 0.00000 0.00000 0.00000 -0.01949 0.00389 0.00008 0.99980
1661398632.455146074 0.00000 0.00000 0.00000 -0.01949 0.00389 0.00008 0.99980
1661398632.465146065 0.00000 0.00001 0.00000 -0.01949 0.00389 0.00008 0.99980
1661398632.475146055 0.00000 0.00002 0.00000 -0.01949 0.00389 0.00008 0.99980
1661398632.485146046 0.00001 0.00004 0.00001 -0.01949 0.00389 0.00008 0.99980
1661398632.495146036 0.00001 0.00008 0.00002 -0.01949 0.00389 0.00007 0.99980
1661398632.505146027 0.00002 0.00014 0.00003 -0.01950 0.00389 0.00007 0.99980
1661398632.515146017 0.00003 0.00022 0.00004 -0.01950 0.00389 0.00007 0.99980
1661398632.525146008 0.00004 0.00033 0.00006 -0.01951 0.00389 0.00007 0.99980
1661398632.535145998 0.00006 0.00047 0.00009 -0.01951 0.00388 0.00007 0.99980
1661398632.545145988 0.00008 0.00065 0.00012 -0.01952 0.00388 0.00006 0.99980
1661398632.555145979 0.00011 0.00086 0.00016 -0.01953 0.00388 0.00006 0.99980
1661398632.565145969 0.00014 0.00110 0.00021 -0.01954 0.00388 0.00006 0.99980
1661398632.575146198 0.00018 0.00138 0.00026 -0.01956 0.00388 0.00005 0.99980
1661398632.585145950 0.00023 0.00167 0.00031 -0.01957 0.00388 0.00004 0.99980
1661398632.595146179 0.00029 0.00198 0.00036 -0.01958 0.00389 0.00004 0.99980
1661398632.605145931 0.00036 0.00229 0.00042 -0.01959 0.00389 0.00003 0.99980
1661398632.615146160 0.00045 0.00261 0.00046 -0.01960 0.00390 0.00002 0.99980
1661398632.625145912 0.00055 0.00292 0.00051 -0.01961 0.00391 0.00001 0.99980
1661398632.635146141 0.00066 0.00323 0.00054 -0.01962 0.00392 -0.00001 0.99980
1661398632.645145893 0.00080 0.00352 0.00057 -0.01962 0.00393 -0.00002 0.99980
1661398632.655146122 0.00095 0.00379 0.00059 -0.01963 0.00395 -0.00004 0.99980
1661398632.665145874 0.00111 0.00403 0.00060 -0.01963 0.00397 -0.00006 0.99980
1661398632.675146103 0.00128 0.00424 0.00061 -0.01962 0.00399 -0.00008 0.99980
1661398632.685145855 0.00144 0.00441 0.00061 -0.01962 0.00401 -0.00009 0.99980
1661398632.695146084 0.00159 0.00453 0.00062 -0.01961 0.00403 -0.00011 0.99980
1661398632.705146074 0.00171 0.00461 0.00063 -0.01961 0.00404 -0.00013 0.99980
1661398632.715146065 0.00180 0.00464 0.00064 -0.01961 0.00405 -0.00014 0.99980
1661398632.725146055 0.00186 0.00461 0.00066 -0.01960 0.00404 -0.00015 0.99980
1661398632.735146046 0.00187 0.00451 0.00069 -0.01960 0.00403 -0.00015 0.99980
1661398632.745146036 0.00182 0.00435 0.00074 -0.01960 0.00401 -0.00015 0.99980
1661398632.755146027 0.00171 0.00411 0.00080 -0.01961 0.00398 -0.00015 0.99980
1661398632.765146017 0.00156 0.00381 0.00088 -0.01962 0.00394 -0.00013 0.99980
1661398632.775146008 0.00136 0.00348 0.00098 -0.01962 0.00389 -0.00012 0.99980
1661398632.785145998 0.00114 0.00311 0.00110 -0.01963 0.00384 -0.00010 0.99980
1661398632.795145988 0.00092 0.00274 0.00123 -0.01963 0.00379 -0.00009 0.99980
1661398632.805145979 0.00069 0.00238 0.00139 -0.01963 0.00374 -0.00007 0.99980
1661398632.815145969 0.00049 0.00204 0.00156 -0.01963 0.00370 -0.00005 0.99980
1661398632.825145960 0.00031 0.00175 0.00176 -0.01962 0.00366 -0.00004 0.99980
1661398632.835146189 0.00017 0.00151 0.00199 -0.01960 0.00364 -0.00003 0.99980
1661398632.845145941 0.00010 0.00134 0.00223 -0.01957 0.00363 -0.00002 0.99980
1661398632.855146170 0.00008 0.00126 0.00250 -0.01953 0.00363 -0.00002 0.99980
1661398632.865145922 0.00013 0.00126 0.00278 -0.01948 0.00365 -0.00002 0.99980
1661398632.875146151 0.00023 0.00133 0.00305 -0.01943 0.00368 -0.00003 0.99980
1661398632.885145903 0.00036 0.00145 0.00331 -0.01937 0.00372 -0.00004 0.99981
1661398632.895146132 0.00051 0.00161 0.00355 -0.01932 0.00376 -0.00005 0.99981
1661398632.905145884 0.00068 0.00181 0.00374 -0.01927 0.00380 -0.00007 0.99981
1661398632.915146112 0.00086 0.00202 0.00387 -0.01922 0.00384 -0.00008 0.99981
1661398632.925145864 0.00102 0.00224 0.00394 -0.01918 0.00387 -0.00010 0.99981
1661398632.935146093 0.00117 0.00245 0.00393 -0.01916 0.00390 -0.00011 0.99981
1661398632.945145845 0.00128 0.00265 0.00382 -0.01915 0.00391 -0.00013 0.99981
1661398632.955146074 0.00136 0.00282 0.00361 -0.01915 0.00391 -0.00014 0.99981
1661398632.965146065 0.00140 0.00297 0.00331 -0.01917 0.00389 -0.00015 0.99981
1661398632.975146055 0.00141 0.00310 0.00295 -0.01920 0.00387 -0.00016 0.99981
1661398632.985146046 0.00139 0.00322 0.00253 -0.01924 0.00384 -0.00016 0.99981
1661398632.995146036 0.00136 0.00334 0.00209 -0.01928 0.00380 -0.00017 0.99981
1661398633.005146027 0.00130 0.00345 0.00164 -0.01932 0.00377 -0.00018 0.99981
1661398633.015146017 0.00124 0.00357 0.00121 -0.01936 0.00374 -0.00018 0.99981
1661398633.025146008 0.00116 0.00370 0.00080 -0.01939 0.00372 -0.00019 0.99981
1661398633.035145998 0.00109 0.00384 0.00045 -0.01942 0.00371 -0.00020 0.99980
1661398633.045145988 0.00102 0.00401 0.00017 -0.01943 0.00371 -0.00021 0.99980
1661398633.055145979 0.00096 0.00420 -0.00003 -0.01943 0.00373 -0.00022 0.99980
1661398633.065145969 0.00091 0.00442 -0.00014 -0.01942 0.00376 -0.00023 0.99980
1661398633.075146198 0.00086 0.00466 -0.00019 -0.01940 0.00380 -0.00024 0.99980
1661398633.085145950 0.00081 0.00491 -0.00019 -0.01937 0.00384 -0.00026 0.99980
1661398633.095146179 0.00076 0.00516 -0.00015 -0.01934 0.00389 -0.00027 0.99981
1661398633.105145931 0.00072 0.00542 -0.00009 -0.01931 0.00394 -0.00028 0.99981
1661398633.115146160 0.00066 0.00568 -0.00002 -0.01927 0.00398 -0.00028 0.99981
1661398633.125145912 0.00061 0.00593 0.00004 -0.01925 0.00402 -0.00029 0.99981
1661398633.135146141 0.00054 0.00616 0.00008 -0.01923 0.00404 -0.00029 0.99981
1661398633.145145893 0.00047 0.00638 0.00010 -0.01922 0.00405 -0.00029 0.99981
1661398633.155146122 0.00039 0.00658 0.00007 -0.01922 0.00405 -0.00028 0.99981
1661398633.165145874 0.00029 0.00675 -0.00000 -0.01923 0.00403 -0.00027 0.99981
1661398633.175146103 0.00018 0.00690 -0.00010 -0.01926 0.00400 -0.00026 0.99981
1661398633.185145855 0.00007 0.00703 -0.00021 -0.01928 0.00396 -0.00024 0.99981
1661398633.195146084 -0.00005 0.00713 -0.00033 -0.01932 0.00392 -0.00023 0.99981
1661398633.205146074 -0.00019 0.00720 -0.00045 -0.01936 0.00387 -0.00021 0.99981
1661398633.215146065 -0.00032 0.00725 -0.00056 -0.01939 0.00383 -0.00020 0.99980
1661398633.225146055 -0.00047 0.00727 -0.00066 -0.01943 0.00380 -0.00019 0.99980
1661398633.235146046 -0.00062 0.00726 -0.00072 -0.01947 0.00377 -0.00018 0.99980
1661398633.245146036 -0.00077 0.00722 -0.00074 -0.01950 0.00375 -0.00017 0.99980
1661398633.255146027 -0.00093 0.00716 -0.00071 -0.01952 0.00376 -0.00017 0.99980
1661398633.265146017 -0.00109 0.00707 -0.00065 -0.01954 0.00377 -0.00018 0.99980
1661398633.275146008 -0.00124 0.00694 -0.00054 -0.01955 0.00379 -0.00018 0.99980
1661398633.285145998 -0.00139 0.00680 -0.00040 -0.01956 0.00382 -0.00019 0.99980
1661398633.295145988 -0.00153 0.00662 -0.00022 -0.01956 0.00386 -0.00020 0.99980
1661398633.305145979 -0.00166 0.00643 -0.00003 -0.01956 0.00390 -0.00020 0.99980
1661398633.315145969 -0.00177 0.00620 0.00019 -0.01955 0.00394 -0.00021 0.99980
1661398633.325145960 -0.00186 0.00596 0.00043 -0.01954 0.00398 -0.00021 0.99980
1661398633.335146189 -0.00192 0.00569 0.00068 -0.01953 0.00401 -0.00020 0.99980
1661398633.345145941 -0.00196 0.00541 0.00093 -0.01951 0.00404 -0.00019 0.99980
1661398633.355146170 -0.00198 0.00510 0.00119 -0.01948 0.00405 -0.00017 0.99980
1661398633.365145922 -0.00196 0.00479 0.00145 -0.01946 0.00406 -0.00014 0.99980
1661398633.375146151 -0.00193 0.00447 0.00171 -0.01943 0.00406 -0.00011 0.99980
1661398633.385145903 -0.00188 0.00415 0.00196 -0.01941 0.00406 -0.00007 0.99980
1661398633.395146132 -0.00182 0.00385 0.00220 -0.01938 0.00405 -0.00004 0.99980
1661398633.405145884 -0.00175 0.00357 0.00243 -0.01935 0.00404 0.00000 0.99980
1661398633.415146112 -0.00168 0.00332 0.00264 -0.01933 0.00403 0.00004 0.99980
1661398633.425145864 -0.00161 0.00311 0.00284 -0.01931 0.00403 0.00008 0.99981
1661398633.435146093 -0.00155 0.00295 0.00302 -0.01930 0.00402 0.00011 0.99981
1661398633.445145845 -0.00151 0.00284 0.00317 -0.01928 0.00402 0.00014 0.99981
1661398633.455146074 -0.00147 0.00280 0.00329 -0.01928 0.00403 0.00016 0.99981
1661398633.465146065 -0.00146 0.00280 0.00339 -0.01928 0.00404 0.00018 0.99981
1661398633.475146055 -0.00145 0.00285 0.00345 -0.01928 0.00405 0.00019 0.99981
1661398633.485146046 -0.00145 0.00292 0.00348 -0.01929 0.00406 0.00020 0.99981
1661398633.495146036 -0.00145 0.00302 0.00348 -0.01930 0.00408 0.00021 0.99981
1661398633.505146027 -0.00146 0.00311 0.00344 -0.01932 0.00409 0.00021 0.99981
1661398633.515146017 -0.00146 0.00320 0.00336 -0.01933 0.00411 0.00020 0.99980
1661398633.525146008 -0.00145 0.00327 0.00324 -0.01935 0.00412 0.00020 0.99980
1661398633.535145998 -0.00144 0.00331 0.00308 -0.01938 0.00412 0.00019 0.99980
1661398633.545145988 -0.00142 0.00331 0.00287 -0.01940 0.00412 0.00017 0.99980
1661398633.555145979 -0.00138 0.00326 0.00262 -0.01942 0.00411 0.00016 0.99980
1661398633.565145969 -0.00133 0.00316 0.00234 -0.01944 0.00409 0.00014 0.99980
1661398633.575146198 -0.00127 0.00304 0.00202 -0.01946 0.00407 0.00012 0.99980
1661398633.585145950 -0.00120 0.00289 0.00170 -0.01948 0.00404 0.00011 0.99980
1661398633.595146179 -0.00114 0.00274 0.00136 -0.01950 0.00402 0.00009 0.99980
1661398633.605145931 -0.00107 0.00258 0.00104 -0.01950 0.00399 0.00007 0.99980
1661398633.615146160 -0.00101 0.00245 0.00073 -0.01951 0.00396 0.00005 0.99980
1661398633.625145912 -0.00095 0.00234 0.00045 -0.01951 0.00393 0.00003 0.99980
1661398633.635146141 -0.00091 0.00226 0.00021 -0.01949 0.00391 0.00002 0.99980
1661398633.645145893 -0.00087 0.00224 0.00001 -0.01947 0.00389 0.00000 0.99980
1661398633.655146122 -0.00086 0.00227 -0.00012 -0.01944 0.00387 -0.00001 0.99980
1661398633.665145874 -0.00086 0.00235 -0.00021 -0.01941 0.00386 -0.00001 0.99980
1661398633.675146103 -0.00087 0.00247 -0.00025 -0.01936 0.00385 -0.00002 0.99981
1661398633.685145855 -0.00088 0.00262 -0.00026 -0.01932 0.00385 -0.00002 0.99981
1661398633.695146084 -0.00091 0.00278 -0.00024 -0.01927 0.00385 -0.00002 0.99981
1661398633.705146074 -0.00094 0.00294 -0.00021 -0.01923 0.00385 -0.00002 0.99981
1661398633.715146065 -0.00098 0.00310 -0.00016 -0.01919 0.00386 -0.00002 0.99981
1661398633.725146055 -0.00101 0.00324 -0.00012 -0.01916 0.00386 -0.00001 0.99981
1661398633.735146046 -0.00104 0.00335 -0.00008 -0.01913 0.00386 -0.00001 0.99981
1661398633.745146036 -0.00107 0.00342 -0.00006 -0.01912 0.00387 0.00000 0.99981
1661398633.755146027 -0.00110 0.00344 -0.00006 -0.01913 0.00387 0.00001 0.99981
1661398633.765146017 -0.00111 0.00341 -0.00009 -0.01914 0.00387 0.00002 0.99981
1661398633.775146008 -0.00112 0.00334 -0.00012 -0.01916 0.00387 0.00003 0.99981
1661398633.785145998 -0.00113 0.00324 -0.00017 -0.01919 0.00387 0.00004 0.99981
1661398633.795145988 -0.00112 0.00311 -0.00022 -0.01923 0.00387 0.00006 0.99981
1661398633.805145979 -0.00111 0.00296 -0.00027 -0.01927 0.00387 0.00007 0.99981
1661398633.815145969 -0.00109 0.00280 -0.00031 -0.01930 0.00387 0.00008 0.99981
1661398633.825145960 -0.00107 0.00262 -0.00034 -0.01934 0.00387 0.00008 0.99981
1661398633.835146189 -0.00103 0.00245 -0.00036 -0.01937 0.00387 0.00009 0.99980
1661398633.845145941 -0.00099 0.00227 -0.00036 -0.01939 0.00387 0.00010 0.99980
1661398633.855146170 -0.00094 0.00211 -0.00033 -0.01940 0.00387 0.00010 0.99980
1661398633.865145922 -0.00088 0.00195 -0.00028 -0.01940 0.00387 0.00010 0.99980
1661398633.875146151 -0.00082 0.00179 -0.00022 -0.01940 0.00387 0.00010 0.99980
1661398633.885145903 -0.00075 0.00163 -0.00016 -0.01939 0.00388 0.00010 0.99980
1661398633.895146132 -0.00067 0.00146 -0.00009 -0.01938 0.00388 0.00010 0.99980
1661398633.905145884 -0.00058 0.00128 -0.00003 -0.01937 0.00388 0.00010 0.99980
1661398633.915146112 -0.00049 0.00109 0.00002 -0.01935 0.00389 0.00011 0.99981
1661398633.925145864 -0.00039 0.00088 0.00004 -0.01934 0.00390 0.00011 0.99981
1661398633.935146093 -0.00028 0.00065 0.00005 -0.01933 0.00390 0.00011 0.99981
1661398633.945145845 -0.00017 0.00039 0.00002 -0.01933 0.00391 0.00012 0.99981
1661398633.955146074 -0.00005 0.00010 -0.00004 -0.01933 0.00392 0.00013 0.99981
1661398633.965146065 0.00007 -0.00020 -0.00013 -0.01934 0.00393 0.00014 0.99981
1661398633.975146055 0.00019 -0.00052 -0.00023 -0.01935 0.00394 0.00015 0.99981
1661398633.985146046 0.00030 -0.00083 -0.00035 -0.01936 0.00395 0.00016 0.99980
1661398633.995146036 0.00041 -0.00112 -0.00046 -0.01938 0.00395 0.00018 0.99980
1661398634.005146027 0.00050 -0.00139 -0.00056 -0.01940 0.00396 0.00019 0.99980
1661398634.015146017 0.00057 -0.00162 -0.00064 -0.01941 0.00397 0.00020 0.99980
1661398634.025146008 0.00061 -0.00181 -0.00069 -0.01942 0.00397 0.00021 0.99980
1661398634.035145998 0.00064 -0.00193 -0.00070 -0.01943 0.00398 0.00022 0.99980
1661398634.045145988 0.00063 -0.00199 -0.00065 -0.01943 0.00398 0.00022 0.99980
1661398634.055145979 0.00059 -0.00197 -0.00055 -0.01943 0.00398 0.00022 0.99980
1661398634.065145969 0.00052 -0.00187 -0.00040 -0.01942 0.00397 0.00022 0.99980
1661398634.075146198 0.00043 -0.00172 -0.00022 -0.01940 0.00396 0.00021 0.99980
1661398634.085145950 0.00034 -0.00151 -0.00002 -0.01939 0.00396 0.00020 0.99980
1661398634.095146179 0.00024 -0.00127 0.00017 -0.01937 0.00395 0.00019 0.99980
1661398634.105145931 0.00014 -0.00099 0.00036 -0.01935 0.00394 0.00018 0.99980
1661398634.115146160 0.00006 -0.00069 0.00052 -0.01934 0.00393 0.00016 0.99981
1661398634.125145912 -0.00000 -0.00039 0.00063 -0.01933 0.00391 0.00014 0.99981
1661398634.135146141 -0.00003 -0.00008 0.00069 -0.01932 0.00390 0.00013 0.99981
1661398634.145145893 -0.00003 0.00022 0.00068 -0.01931 0.00389 0.00011 0.99981
1661398634.155146122 0.00001 0.00049 0.00058 -0.01932 0.00388 0.00009 0.99981
1661398634.165145874 0.00010 0.00074 0.00042 -0.01933 0.00387 0.00008 0.99981
1661398634.175146103 0.00020 0.00097 0.00020 -0.01934 0.00386 0.00006 0.99981
1661398634.185145855 0.00033 0.00116 -0.00005 -0.01936 0.00386 0.00004 0.99981
1661398634.195146084 0.00047 0.00132 -0.00033 -0.01938 0.00385 0.00003 0.99980
1661398634.205146074 0.00060 0.00145 -0.00060 -0.01940 0.00385 0.00001 0.99980
1661398634.215146065 0.00073 0.00153 -0.00086 -0.01943 0.00384 0.00000 0.99980
1661398634.225146055 0.00085 0.00157 -0.00108 -0.01946 0.00384 -0.00001 0.99980
1661398634.235146046 0.00094 0.00156 -0.00126 -0.01948 0.00384 -0.00002 0.99980
1661398634.245146036 0.00100 0.00151 -0.00137 -0.01951 0.00385 -0.00003 0.99980
1661398634.255146027 0.00101 0.00140 -0.00140 -0.01953 0.00385 -0.00003 0.99980
1661398634.265146017 0.00100 0.00125 -0.00136 -0.01955 0.00386 -0.00004 0.99980
1661398634.275146008 0.00095 0.00107 -0.00127 -0.01957 0.00387 -0.00004 0.99980
1661398634.285145998 0.00089 0.00086 -0.00112 -0.01958 0.00388 -0.00004 0.99980
1661398634.295145988 0.00081 0.00064 -0.00095 -0.01959 0.00389 -0.00003 0.99980
1661398634.305145979 0.00072 0.00040 -0.00075 -0.01959 0.00390 -0.00003 0.99980
1661398634.315145969 0.00064 0.00017 -0.00055 -0.01959 0.00391 -0.00002 0.99980
1661398634.325145960 0.00056 -0.00005 -0.00036 -0.01958 0.00391 -0.00002 0.99980
1661398634.335146189 0.00050 -0.00025 -0.00018 -0.01956 0.00392 -0.00001 0.99980
1661398634.345145941 0.00046 -0.00043 -0.00003 -0.01954 0.00392 -0.00000 0.99980
1661398634.355146170 0.00045 -0.00057 0.00007 -0.01951 0.00392 0.00001 0.99980
1661398634.365145922 0.00047 -0.00068 0.00014 -0.01947 0.00391 0.00002 0.99980
1661398634.375146151 0.00051 -0.00076 0.00017 -0.01943 0.00391 0.00003 0.99980
1661398634.385145903 0.00057 -0.00081 0.00018 -0.01939 0.00390 0.00004 0.99980
1661398634.395146132 0.00064 -0.00086 0.00016 -0.01935 0.00390 0.00005 0.99981
1661398634.405145884 0.00073 -0.00089 0.00014 -0.01931 0.00390 0.00006 0.99981
1661398634.415146112 0.00083 -0.00091 0.00010 -0.01928 0.00389 0.00007 0.99981
1661398634.425145864 0.00094 -0.00094 0.00006 -0.01925 0.00390 0.00008 0.99981
1661398634.435146093 0.00106 -0.00096 0.00003 -0.01923 0.00390 0.00009 0.99981
1661398634.445145845 0.00117 -0.00100 0.00000 -0.01922 0.00392 0.00009 0.99981
1661398634.455146074 0.00128 -0.00105 -0.00001 -0.01923 0.00394 0.00010 0.99981
1661398634.465146065 0.00139 -0.00111 -0.00000 -0.01924 0.00396 0.00010 0.99981
1661398634.475146055 0.00149 -0.00118 0.00001 -0.01926 0.00399 0.00011 0.99981
1661398634.485146046 0.00157 -0.00124 0.00003 -0.01929 0.00401 0.00011 0.99981
1661398634.495146036 0.00164 -0.00129 0.00005 -0.01932 0.00404 0.00011 0.99981
1661398634.505146027 0.00168 -0.00134 0.00007 -0.01935 0.00406 0.00011 0.99980
1661398634.515146017 0.00169 -0.00136 0.00008 -0.01937 0.00409 0.00011 0.99980
1661398634.525146008 0.00167 -0.00136 0.00009 -0.01940 0.00410 0.00011 0.99980
1661398634.535145998 0.00161 -0.00133 0.00009 -0.01941 0.00411 0.00010 0.99980
1661398634.545145988 0.00152 -0.00126 0.00007 -0.01942 0.00411 0.00010 0.99980
1661398634.555145979 0.00137 -0.00116 0.00004 -0.01941 0.00409 0.00009 0.99980
1661398634.565145969 0.00120 -0.00102 0.00000 -0.01939 0.00407 0.00009 0.99980
1661398634.575146198 0.00099 -0.00085 -0.00004 -0.01937 0.00405 0.00008 0.99980
1661398634.585145950 0.00076 -0.00065 -0.00009 -0.01934 0.00401 0.00007 0.99980
1661398634.595146179 0.00052 -0.00043 -0.00013 -0.01931 0.00398 0.00006 0.99981
1661398634.605145931 0.00027 -0.00019 -0.00017 -0.01927 0.00394 0.00005 0.99981
1661398634.615146160 0.00003 0.00007 -0.00019 -0.01924 0.00391 0.00004 0.99981
1661398634.625145912 -0.00020 0.00033 -0.00018 -0.01922 0.00388 0.00003 0.99981
1661398634.635146141 -0.00041 0.00060 -0.00015 -0.01920 0.00385 0.00002 0.99981
1661398634.645145893 -0.00059 0.00088 -0.00009 -0.01918 0.00384 0.00000 0.99981
1661398634.655146122 -0.00074 0.00115 -0.00000 -0.01918 0.00383 -0.00001 0.99981
1661398634.665145874 -0.00085 0.00142 0.00012 -0.01919 0.00383 -0.00003 0.99981
1661398634.675146103 -0.00094 0.00168 0.00027 -0.01920 0.00384 -0.00004 0.99981
1661398634.685145855 -0.00099 0.00193 0.00044 -0.01922 0.00386 -0.00005 0.99981
1661398634.695146084 -0.00101 0.00218 0.00061 -0.01924 0.00388 -0.00007 0.99981
1661398634.705146074 -0.00101 0.00242 0.00079 -0.01927 0.00390 -0.00008 0.99981
1661398634.715146065 -0.00099 0.00264 0.00097 -0.01929 0.00392 -0.00009 0.99981
1661398634.725146055 -0.00094 0.00285 0.00113 -0.01932 0.00394 -0.00009 0.99981
1661398634.735146046 -0.00088 0.00305 0.00128 -0.01934 0.00396 -0.00010 0.99981
1661398634.745146036 -0.00081 0.00324 0.00141 -0.01936 0.00398 -0.00010 0.99980
1661398634.755146027 -0.00071 0.00340 0.00152 -0.01936 0.00399 -0.00009 0.99980
1661398634.765146017 -0.00061 0.00355 0.00159 -0.01937 0.00399 -0.00008 0.99980
1661398634.775146008 -0.00050 0.00366 0.00164 -0.01937 0.00400 -0.00007 0.99980
1661398634.785145998 -0.00038 0.00374 0.00167 -0.01936 0.00400 -0.00005 0.99980
1661398634.795145988 -0.00026 0.00379 0.00168 -0.01936 0.00400 -0.00004 0.99980
1661398634.805145979 -0.00013 0.00379 0.00167 -0.01935 0.00399 -0.00002 0.99980
1661398634.815145969 -0.00001 0.00374 0.00165 -0.01934 0.00399 -0.00001 0.99980
1661398634.825145960 0.00012 0.00363 0.00161 -0.01934 0.00399 0.00001 0.99981
1661398634.835146189 0.00024 0.00347 0.00156 -0.01934 0.00398 0.00002 0.99981
1661398634.845145941 0.00036 0.00324 0.00150 -0.01934 0.00398 0.00003 0.99981
1661398634.855146170 0.00047 0.00294 0.00144 -0.01935 0.00398 0.00004 0.99980
1661398634.865145922 0.00057 0.00258 0.00137 -0.01936 0.00398 0.00004 0.99980
1661398634.875146151 0.00067 0.00218 0.00130 -0.01938 0.00399 0.00004 0.99980
1661398634.885145903 0.00077 0.00175 0.00124 -0.01940 0.00399 0.00004 0.99980
1661398634.895146132 0.00086 0.00130 0.00118 -0.01942 0.00400 0.00004 0.99980
1661398634.905145884 0.00096 0.00085 0.00113 -0.01944 0.00401 0.00004 0.99980
1661398634.915146112 0.00106 0.00041 0.00110 -0.01946 0.00402 0.00004 0.99980
1661398634.925145864 0.00116 -0.00001 0.00108 -0.01948 0.00403 0.00004 0.99980
1661398634.935146093 0.00127 -0.00039 0.00108 -0.01949 0.00404 0.00004 0.99980
1661398634.945145845 0.00139 -0.00072 0.00111 -0.01950 0.00405 0.00004 0.99980
1661398634.955146074 0.00152 -0.00099 0.00116 -0.01951 0.00406 0.00004 0.99980
1661398634.965146065 0.00165 -0.00121 0.00124 -0.01952 0.00407 0.00005 0.99980
1661398634.975146055 0.00179 -0.00137 0.00134 -0.01952 0.00408 0.00006 0.99980
1661398634.985146046 0.00192 -0.00148 0.00145 -0.01952 0.00408 0.00006 0.99980
1661398634.995146036 0.00205 -0.00155 0.00159 -0.01951 0.00409 0.00007 0.99980
1661398635.005146027 0.00216 -0.00157 0.00173 -0.01950 0.00409 0.00008 0.99980
1661398635.015146017 0.00227 -0.00157 0.00188 -0.01949 0.00409 0.00009 0.99980
1661398635.025146008 0.00235 -0.00153 0.00204 -0.01948 0.00408 0.00009 0.99980
1661398635.035145998 0.00242 -0.00147 0.00220 -0.01947 0.00407 0.00010 0.99980
1661398635.045145988 0.00246 -0.00139 0.00236 -0.01946 0.00406 0.00010 0.99980
1661398635.055145979 0.00247 -0.00130 0.00252 -0.01945 0.00404 0.00010 0.99980
1661398635.065145969 0.00246 -0.00119 0.00267 -0.01943 0.00401 0.00010 0.99980
1661398635.075146198 0.00242 -0.00107 0.00282 -0.01942 0.00399 0.00010 0.99980
1661398635.085145950 0.00235 -0.00092 0.00295 -0.01941 0.00396 0.00009 0.99980
1661398635.095146179 0.00227 -0.00076 0.00307 -0.01940 0.00393 0.00009 0.99980
1661398635.105145931 0.00216 -0.00058 0.00318 -0.01939 0.00391 0.00008 0.99980
1661398635.115146160 0.00204 -0.00038 0.00327 -0.01939 0.00389 0.00007 0.99980
1661398635.125145912 0.00191 -0.00015 0.00334 -0.01939 0.00388 0.00006 0.99980
1661398635.135146141 0.00176 0.00010 0.00338 -0.01939 0.00387 0.00006 0.99980
1661398635.145145893 0.00159 0.00037 0.00340 -0.01939 0.00387 0.00005 0.99980
1661398635.155146122 0.00143 0.00067 0.00339 -0.01940 0.00388 0.00004 0.99980
1661398635.165145874 0.00125 0.00099 0.00337 -0.01941 0.00390 0.00003 0.99980
1661398635.175146103 0.00108 0.00132 0.00332 -0.01942 0.00392 0.00003 0.99980
1661398635.185145855 0.00091 0.00168 0.00325 -0.01943 0.00395 0.00002 0.99980
1661398635.195146084 0.00075 0.00205 0.00318 -0.01944 0.00398 0.00001 0.99980
1661398635.205146074 0.00060 0.00244 0.00309 -0.01945 0.00400 0.00000 0.99980
1661398635.215146065 0.00047 0.00283 0.00301 -0.01945 0.00403 -0.00000 0.99980
1661398635.225146055 0.00037 0.00324 0.00292 -0.01945 0.00404 -0.00001 0.99980
1661398635.235146046 0.00030 0.00364 0.00284 -0.01945 0.00405 -0.00002 0.99980
1661398635.245146036 0.00025 0.00405 0.00277 -0.01943 0.00405 -0.00003 0.99980
1661398635.255146027 0.00025 0.00446 0.00272 -0.01941 0.00404 -0.00004 0.99980
1661398635.265146017 0.00027 0.00486 0.00267 -0.01938 0.00401 -0.00005 0.99980
1661398635.275146008 0.00032 0.00525 0.00264 -0.01935 0.00398 -0.00006 0.99980
1661398635.285145998 0.00039 0.00562 0.00261 -0.01931 0.00394 -0.00007 0.99981
1661398635.295145988 0.00047 0.00596 0.00260 -0.01928 0.00390 -0.00008 0.99981
1661398635.305145979 0.00055 0.00627 0.00259 -0.01924 0.00386 -0.00009 0.99981
1661398635.315145969 0.00064 0.00655 0.00259 -0.01920 0.00382 -0.00011 0.99981
1661398635.325145960 0.00071 0.00678 0.00260 -0.01917 0.00378 -0.00012 0.99981
1661398635.335146189 0.00077 0.00697 0.00261 -0.01914 0.00376 -0.00014 0.99981
1661398635.345145941 0.00082 0.00710 0.00262 -0.01911 0.00374 -0.00016 0.99981
1661398635.355146170 0.00083 0.00717 0.00264 -0.01910 0.00374 -0.00017 0.99981
1661398635.365145922 0.00083 0.00718 0.00265 -0.01909 0.00375 -0.00019 0.99981
1661398635.375146151 0.00080 0.00716 0.00267 -0.01909 0.00377 -0.00021 0.99981
1661398635.385145903 0.00076 0.00709 0.00267 -0.01909 0.00379 -0.00023 0.99981
1661398635.395146132 0.00071 0.00700 0.00267 -0.01909 0.00381 -0.00024 0.99981
1661398635.405145884 0.00065 0.00688 0.00266 -0.01910 0.00384 -0.00026 0.99981
1661398635.415146112 0.00059 0.00675 0.00262 -0.01911 0.00387 -0.00027 0.99981
1661398635.425145864 0.00053 0.00662 0.00257 -0.01912 0.00389 -0.00027 0.99981
1661398635.435146093 0.00047 0.00649 0.00250 -0.01913 0.00391 -0.00027 0.99981
1661398635.445145845 0.00042 0.00637 0.00241 -0.01913 0.00392 -0.00027 0.99981
1661398635.455146074 0.00038 0.00627 0.00228 -0.01914 0.00392 -0.00025 0.99981
1661398635.465146065 0.00035 0.00618 0.00214 -0.01914 0.00391 -0.00024 0.99981
1661398635.475146055 0.00033 0.00611 0.00198 -0.01914 0.00390 -0.00022 0.99981
1661398635.485146046 0.00030 0.00605 0.00181 -0.01913 0.00388 -0.00019 0.99981
1661398635.495146036 0.00028 0.00600 0.00163 -0.01912 0.00386 -0.00017 0.99981
1661398635.505146027 0.00025 0.00595 0.00145 -0.01912 0.00384 -0.00014 0.99981
1661398635.515146017 0.00022 0.00591 0.00128 -0.01911 0.00382 -0.00012 0.99981
1661398635.525146008 0.00017 0.00587 0.00112 -0.01909 0.00381 -0.00010 0.99981
1661398635.535145998 0.00011 0.00582 0.00098 -0.01908 0.00379 -0.00008 0.99981
1661398635.545145988 0.00004 0.00577 0.00086 -0.01907 0.00379 -0.00006 0.99981
1661398635.555145979 -0.00005 0.00571 0.00077 -0.01905 0.00379 -0.00005 0.99981
1661398635.565145969 -0.00017 0.00564 0.00070 -0.01904 0.00380 -0.00004 0.99981
1661398635.575146198 -0.00029 0.00556 0.00066 -0.01903 0.00382 -0.00004 0.99981
1661398635.585145950 -0.00043 0.00547 0.00063 -0.01902 0.00384 -0.00004 0.99981
1661398635.595146179 -0.00058 0.00538 0.00063 -0.01901 0.00386 -0.00004 0.99981
1661398635.605145931 -0.00074 0.00527 0.00064 -0.01900 0.00388 -0.00005 0.99981
1661398635.615146160 -0.00091 0.00515 0.00065 -0.01900 0.00390 -0.00005 0.99981
1661398635.625145912 -0.00108 0.00502 0.00068 -0.01901 0.00391 -0.00005 0.99981
1661398635.635146141 -0.00125 0.00488 0.00071 -0.01902 0.00392 -0.00004 0.99981
1661398635.645145893 -0.00142 0.00472 0.00075 -0.01904 0.00393 -0.00004 0.99981
1661398635.655146122 -0.00159 0.00456 0.00078 -0.01907 0.00393 -0.00003 0.99981
1661398635.665145874 -0.00176 0.00438 0.00081 -0.01910 0.00392 -0.00002 0.99981
1661398635.675146103 -0.00191 0.00421 0.00084 -0.01914 0.00390 -0.00000 0.99981
1661398635.685145855 -0.00206 0.00403 0.00086 -0.01918 0.00389 0.00001 0.99981
1661398635.695146084 -0.00219 0.00386 0.00088 -0.01922 0.00387 0.00003 0.99981
1661398635.705146074 -0.00230 0.00371 0.00088 -0.01926 0.00385 0.00004 0.99981
1661398635.715146065 -0.00238 0.00357 0.00087 -0.01929 0.00383 0.00006 0.99981
1661398635.725146055 -0.00245 0.00345 0.00085 -0.01932 0.00381 0.00007 0.99981
1661398635.735146046 -0.00248 0.00335 0.00082 -0.01934 0.00380 0.00007 0.99981
1661398635.745146036 -0.00248 0.00329 0.00077 -0.01935 0.00379 0.00008 0.99981
1661398635.755146027 -0.00245 0.00326 0.00070 -0.01935 0.00379 0.00007 0.99981
1661398635.765146017 -0.00239 0.00326 0.00062 -0.01934 0.00379 0.00006 0.99981
1661398635.775146008 -0.00230 0.00328 0.00053 -0.01932 0.00381 0.00005 0.99981
1661398635.785145998 -0.00219 0.00332 0.00043 -0.01930 0.00382 0.00003 0.99981
1661398635.795145988 -0.00207 0.00336 0.00034 -0.01927 0.00384 0.00001 0.99981
1661398635.805145979 -0.00193 0.00340 0.00025 -0.01925 0.00386 -0.00001 0.99981
1661398635.815145969 -0.00179 0.00343 0.00017 -0.01922 0.00389 -0.00003 0.99981
1661398635.825145960 -0.00165 0.00345 0.00011 -0.01920 0.00391 -0.00005 0.99981
1661398635.835146189 -0.00150 0.00344 0.00007 -0.01918 0.00394 -0.00006 0.99981
1661398635.845145941 -0.00137 0.00340 0.00005 -0.01917 0.00396 -0.00008 0.99981
1661398635.855146170 -0.00125 0.00333 0.00006 -0.01916 0.00398 -0.00009 0.99981
1661398635.865145922 -0.00114 0.00323 0.00010 -0.01917 0.00401 -0.00009 0.99981
1661398635.875146151 -0.00105 0.00310 0.00017 -0.01918 0.00403 -0.00009 0.99981
1661398635.885145903 -0.00097 0.00296 0.00026 -0.01920 0.00404 -0.00009 0.99981
1661398635.895146132 -0.00092 0.00282 0.00037 -0.01922 0.00406 -0.00009 0.99981
1661398635.905145884 -0.00088 0.00268 0.00049 -0.01924 0.00407 -0.00008 0.99981
1661398635.915146112 -0.00087 0.00255 0.00064 -0.01926 0.00408 -0.00007 0.99981
1661398635.925145864 -0.00089 0.00244 0.00080 -0.01928 0.00408 -0.00006 0.99981
1661398635.935146093 -0.00093 0.00236 0.00097 -0.01929 0.00408 -0.00005 0.99981
1661398635.945145845 -0.00100 0.00232 0.00114 -0.01930 0.00408 -0.00003 0.99981
1661398635.955146074 -0.00110 0.00231 0.00133 -0.01931 0.00407 -0.00002 0.99981
1661398635.965146065 -0.00122 0.00234 0.00152 -0.01931 0.00406 -0.00000 0.99981
1661398635.975146055 -0.00136 0.00239 0.00170 -0.01931 0.00404 0.00002 0.99981
1661398635.985146046 -0.00152 0.00247 0.00188 -0.01930 0.00403 0.00003 0.99981
1661398635.995146036 -0.00168 0.00255 0.00204 -0.01929 0.00401 0.00005 0.99981
1661398636.005146027 -0.00184 0.00262 0.00219 -0.01929 0.00399 0.00007 0.99981
1661398636.015146017 -0.00199 0.00269 0.00232 -0.01929 0.00398 0.00008 0.99981
1661398636.025146008 -0.00214 0.00274 0.00242 -0.01929 0.00396 0.00010 0.99981
1661398636.035145998 -0.00226 0.00276 0.00249 -0.01930 0.00396 0.00011 0.99981
1661398636.045145988 -0.00237 0.00274 0.00253 -0.01931 0.00395 0.00012 0.99981
1661398636.055145979 -0.00244 0.00267 0.00253 -0.01934 0.00395 0.00013 0.99981
1661398636.065145969 -0.00249 0.00257 0.00249 -0.01937 0.00396 0.00013 0.99980
1661398636.075146198 -0.00251 0.00244 0.00243 -0.01940 0.00397 0.00014 0.99980
1661398636.085145950 -0.00252 0.00229 0.00235 -0.01944 0.00398 0.00014 0.99980
1661398636.095146179 -0.00250 0.00212 0.00225 -0.01949 0.00399 0.00013 0.99980
1661398636.105145931 -0.00248 0.00195 0.00215 -0.01953 0.00401 0.00013 0.99980
1661398636.115146160 -0.00244 0.00179 0.00205 -0.01958 0.00402 0.00012 0.99980
1661398636.125145912 -0.00240 0.00163 0.00196 -0.01963 0.00403 0.00011 0.99980
1661398636.135146141 -0.00236 0.00150 0.00188 -0.01967 0.00404 0.00009 0.99980
1661398636.145145893 -0.00231 0.00140 0.00182 -0.01971 0.00404 0.00007 0.99980
1661398636.155146122 -0.00227 0.00134 0.00179 -0.01975 0.00404 0.00005 0.99980
1661398636.165145874 -0.00223 0.00131 0.00178 -0.01978 0.00404 0.00002 0.99980
1661398636.175146103 -0.00219 0.00130 0.00179 -0.01981 0.00403 -0.00000 0.99980
1661398636.185145855 -0.00215 0.00132 0.00181 -0.01983 0.00402 -0.00003 0.99980
1661398636.195146084 -0.00210 0.00135 0.00184 -0.01985 0.00400 -0.00005 0.99979
1661398636.205146074 -0.00205 0.00138 0.00188 -0.01986 0.00399 -0.00008 0.99979
1661398636.215146065 -0.00199 0.00142 0.00192 -0.01987 0.00397 -0.00010 0.99979
1661398636.225146055 -0.00192 0.00145 0.00194 -0.01987 0.00395 -0.00011 0.99979
1661398636.235146046 -0.00183 0.00147 0.00196 -0.01987 0.00394 -0.00012 0.99979
1661398636.245146036 -0.00174 0.00148 0.00197 -0.01986 0.00392 -0.00012 0.99980
1661398636.255146027 -0.00163 0.00146 0.00196 -0.01984 0.00390 -0.00012 0.99980
1661398636.265146017 -0.00150 0.00142 0.00192 -0.01982 0.00389 -0.00010 0.99980
1661398636.275146008 -0.00137 0.00138 0.00188 -0.01980 0.00387 -0.00009 0.99980
1661398636.285145998 -0.00123 0.00133 0.00182 -0.01977 0.00386 -0.00007 0.99980
1661398636.295145988 -0.00109 0.00129 0.00175 -0.01975 0.00385 -0.00004 0.99980
1661398636.305145979 -0.00094 0.00126 0.00168 -0.01972 0.00385 -0.00002 0.99980
1661398636.315145969 -0.00080 0.00125 0.00160 -0.01969 0.00385 0.00001 0.99980
1661398636.325145960 -0.00066 0.00126 0.00152 -0.01967 0.00385 0.00003 0.99980
1661398636.335146189 -0.00054 0.00131 0.00144 -0.01965 0.00385 0.00005 0.99980
1661398636.345145941 -0.00042 0.00139 0.00136 -0.01963 0.00386 0.00006 0.99980
1661398636.355146170 -0.00032 0.00152 0.00129 -0.01962 0.00388 0.00007 0.99980
1661398636.365145922 -0.00022 0.00169 0.00122 -0.01962 0.00389 0.00007 0.99980
1661398636.375146151 -0.00014 0.00189 0.00116 -0.01962 0.00391 0.00006 0.99980
1661398636.385145903 -0.00004 0.00210 0.00111 -0.01962 0.00394 0.00006 0.99980
1661398636.395146132 0.00005 0.00233 0.00107 -0.01963 0.00396 0.00004 0.99980
1661398636.405145884 0.00016 0.00256 0.00104 -0.01963 0.00398 0.00003 0.99980
1661398636.415146112 0.00029 0.00279 0.00102 -0.01964 0.00401 0.00001 0.99980
1661398636.425145864 0.00044 0.00299 0.00101 -0.01964 0.00403 -0.00000 0.99980
1661398636.435146093 0.00063 0.00318 0.00102 -0.01964 0.00405 -0.00002 0.99980
1661398636.445145845 0.00084 0.00333 0.00104 -0.01964 0.00406 -0.00004 0.99980
1661398636.455146074 0.00109 0.00344 0.00108 -0.01963 0.00407 -0.00006 0.99980
1661398636.465146065 0.00137 0.00351 0.00113 -0.01962 0.00408 -0.00008 0.99980
1661398636.475146055 0.00167 0.00356 0.00118 -0.01960 0.00408 -0.00009 0.99980
1661398636.485146046 0.00197 0.00358 0.00124 -0.01959 0.00408 -0.00011 0.99980
1661398636.495146036 0.00227 0.00359 0.00129 -0.01957 0.00407 -0.00012 0.99980
1661398636.505146027 0.00255 0.00359 0.00133 -0.01955 0.00406 -0.00012 0.99980
1661398636.515146017 0.00280 0.00359 0.00135 -0.01953 0.00405 -0.00012 0.99980
1661398636.525146008 0.00300 0.00360 0.00136 -0.01951 0.00403 -0.00012 0.99980
1661398636.535145998 0.00316 0.00362 0.00134 -0.01950 0.00401 -0.00012 0.99980
1661398636.545145988 0.00325 0.00366 0.00129 -0.01948 0.00398 -0.00010 0.99980
1661398636.555145979 0.00327 0.00372 0.00121 -0.01948 0.00396 -0.00008 0.99980
1661398636.565145969 0.00322 0.00382 0.00110 -0.01947 0.00393 -0.00006 0.99980
1661398636.575146198 0.00312 0.00393 0.00097 -0.01947 0.00389 -0.00004 0.99980
1661398636.585145950 0.00296 0.00407 0.00084 -0.01947 0.00386 -0.00001 0.99980
1661398636.595146179 0.00277 0.00423 0.00071 -0.01947 0.00383 0.00001 0.99980
1661398636.605145931 0.00254 0.00441 0.00059 -0.01948 0.00381 0.00003 0.99980
1661398636.615146160 0.00228 0.00461 0.00049 -0.01948 0.00378 0.00005 0.99980
1661398636.625145912 0.00201 0.00482 0.00042 -0.01949 0.00376 0.00006 0.99980
1661398636.635146141 0.00173 0.00505 0.00040 -0.01950 0.00375 0.00006 0.99980
1661398636.645145893 0.00145 0.00529 0.00042 -0.01951 0.00375 0.00005 0.99980
1661398636.655146122 0.00118 0.00554 0.00050 -0.01952 0.00375 0.00003 0.99980
1661398636.665145874 0.00092 0.00580 0.00062 -0.01953 0.00376 0.00000 0.99980
1661398636.675146103 0.00067 0.00606 0.00079 -0.01954 0.00377 -0.00003 0.99980
1661398636.685145855 0.00044 0.00633 0.00097 -0.01954 0.00379 -0.00008 0.99980
1661398636.695146084 0.00022 0.00660 0.00118 -0.01955 0.00382 -0.00012 0.99980
1661398636.705146074 0.00003 0.00687 0.00139 -0.01955 0.00384 -0.00017 0.99980
1661398636.715146065 -0.00015 0.00713 0.00159 -0.01955 0.00387 -0.00021 0.99980
1661398636.725146055 -0.00029 0.00738 0.00177 -0.01954 0.00389 -0.00026 0.99980
1661398636.735146046 -0.00042 0.00762 0.00192 -0.01953 0.00391 -0.00030 0.99980
1661398636.745146036 -0.00051 0.00785 0.00204 -0.01951 0.00393 -0.00033 0.99980
1661398636.755146027 -0.00057 0.00807 0.00210 -0.01949 0.00394 -0.00035 0.99980
1661398636.765146017 -0.00061 0.00827 0.00212 -0.01946 0.00394 -0.00036 0.99980
1661398636.775146008 -0.00063 0.00845 0.00211 -0.01943 0.00395 -0.00036 0.99980
1661398636.785145998 -0.00064 0.00861 0.00208 -0.01940 0.00395 -0.00036 0.99980
1661398636.795145988 -0.00064 0.00874 0.00203 -0.01937 0.00395 -0.00035 0.99980
1661398636.805145979 -0.00064 0.00886 0.00197 -0.01934 0.00395 -0.00034 0.99981
1661398636.815145969 -0.00064 0.00895 0.00192 -0.01931 0.00395 -0.00033 0.99981
1661398636.825145960 -0.00065 0.00902 0.00188 -0.01929 0.00395 -0.00031 0.99981
1661398636.835146189 -0.00068 0.00907 0.00185 -0.01928 0.00396 -0.00029 0.99981
1661398636.845145941 -0.00073 0.00908 0.00186 -0.01927 0.00398 -0.00027 0.99981
1661398636.855146170 -0.00081 0.00907 0.00190 -0.01928 0.00400 -0.00025 0.99981
1661398636.865145922 -0.00091 0.00903 0.00198 -0.01929 0.00402 -0.00023 0.99981
1661398636.875146151 -0.00103 0.00897 0.00207 -0.01931 0.00405 -0.00021 0.99981
1661398636.885145903 -0.00116 0.00888 0.00218 -0.01933 0.00407 -0.00020 0.99980
1661398636.895146132 -0.00130 0.00877 0.00229 -0.01935 0.00410 -0.00018 0.99980
1661398636.905145884 -0.00145 0.00864 0.00240 -0.01938 0.00413 -0.00016 0.99980
1661398636.915146112 -0.00159 0.00850 0.00250 -0.01940 0.00415 -0.00015 0.99980
1661398636.925145864 -0.00172 0.00834 0.00258 -0.01942 0.00417 -0.00013 0.99980
1661398636.935146093 -0.00184 0.00816 0.00264 -0.01944 0.00418 -0.00012 0.99980
1661398636.945145845 -0.00194 0.00797 0.00266 -0.01945 0.00418 -0.00011 0.99980
1661398636.955146074 -0.00202 0.00777 0.00264 -0.01945 0.00417 -0.00010 0.99980
1661398636.965146065 -0.00208 0.00757 0.00258 -0.01944 0.00415 -0.00009 0.99980
1661398636.975146055 -0.00211 0.00736 0.00249 -0.01942 0.00413 -0.00008 0.99980
1661398636.985146046 -0.00212 0.00714 0.00238 -0.01941 0.00410 -0.00007 0.99980
1661398636.995146036 -0.00211 0.00693 0.00225 -0.01939 0.00407 -0.00007 0.99980
1661398637.005146027 -0.00208 0.00671 0.00211 -0.01937 0.00404 -0.00006 0.99980
1661398637.015146017 -0.00203 0.00651 0.00196 -0.01935 0.00401 -0.00005 0.99980
1661398637.025146008 -0.00195 0.00631 0.00182 -0.01934 0.00399 -0.00005 0.99981
1661398637.035145998 -0.00185 0.00612 0.00169 -0.01933 0.00397 -0.00004 0.99981
1661398637.045145988 -0.00173 0.00595 0.00157 -0.01933 0.00396 -0.00003 0.99981
1661398637.055145979 -0.00159 0.00579 0.00147 -0.01933 0.00395 -0.00003 0.99981
1661398637.065145969 -0.00143 0.00564 0.00140 -0.01935 0.00395 -0.00002 0.99980
1661398637.075146198 -0.00127 0.00552 0.00134 -0.01937 0.00396 -0.00001 0.99980
1661398637.085145950 -0.00109 0.00540 0.00130 -0.01939 0.00397 -0.00000 0.99980
1661398637.095146179 -0.00092 0.00531 0.00127 -0.01942 0.00399 0.00000 0.99980
1661398637.105145931 -0.00075 0.00522 0.00126 -0.01944 0.00400 0.00001 0.99980
1661398637.115146160 -0.00060 0.00515 0.00126 -0.01947 0.00401 0.00001 0.99980
1661398637.125145912 -0.00046 0.00510 0.00127 -0.01948 0.00402 0.00001 0.99980
1661398637.135146141 -0.00034 0.00506 0.00129 -0.01949 0.00403 0.00001 0.99980
1661398637.145145893 -0.00024 0.00503 0.00132 -0.01950 0.00403 0.00000 0.99980
1661398637.155146122 -0.00018 0.00501 0.00136 -0.01949 0.00402 -0.00001 0.99980
1661398637.165145874 -0.00015 0.00500 0.00140 -0.01948 0.00401 -0.00002 0.99980
1661398637.175146103 -0.00014 0.00500 0.00144 -0.01945 0.00399 -0.00003 0.99980
1661398637.185145855 -0.00015 0.00500 0.00149 -0.01943 0.00397 -0.00004 0.99980
1661398637.195146084 -0.00018 0.00500 0.00153 -0.01939 0.00394 -0.00006 0.99980
1661398637.205146074 -0.00021 0.00500 0.00158 -0.01936 0.00392 -0.00007 0.99980
1661398637.215146065 -0.00026 0.00498 0.00163 -0.01932 0.00389 -0.00008 0.99981
1661398637.225146055 -0.00031 0.00495 0.00169 -0.01929 0.00387 -0.00009 0.99981
1661398637.235146046 -0.00036 0.00490 0.00173 -0.01925 0.00386 -0.00010 0.99981
1661398637.245146036 -0.00040 0.00484 0.00178 -0.01922 0.00385 -0.00010 0.99981
1661398637.255146027 -0.00044 0.00475 0.00182 -0.01919 0.00384 -0.00010 0.99981
1661398637.265146017 -0.00046 0.00464 0.00186 -0.01917 0.00385 -0.00009 0.99981
1661398637.275146008 -0.00048 0.00453 0.00190 -0.01915 0.00386 -0.00008 0.99981
1661398637.285145998 -0.00048 0.00442 0.00193 -0.01913 0.00387 -0.00007 0.99981
1661398637.295145988 -0.00048 0.00432 0.00195 -0.01912 0.00388 -0.00006 0.99981
1661398637.305145979 -0.00046 0.00423 0.00197 -0.01910 0.00390 -0.00004 0.99981
1661398637.315145969 -0.00043 0.00418 0.00197 -0.01909 0.00392 -0.00003 0.99981
1661398637.325145960 -0.00039 0.00416 0.00197 -0.01909 0.00394 -0.00001 0.99981
1661398637.335146189 -0.00033 0.00418 0.00196 -0.01908 0.00395 0.00000 0.99981
1661398637.345145941 -0.00026 0.00426 0.00193 -0.01907 0.00396 0.00002 0.99981
1661398637.355146170 -0.00018 0.00439 0.00190 -0.01907 0.00397 0.00003 0.99981
1661398637.365145922 -0.00008 0.00458 0.00185 -0.01906 0.00398 0.00004 0.99981
1661398637.375146151 0.00002 0.00481 0.00179 -0.01905 0.00398 0.00004 0.99981
1661398637.385145903 0.00013 0.00507 0.00172 -0.01905 0.00398 0.00005 0.99981
1661398637.395146132 0.00023 0.00535 0.00164 -0.01904 0.00397 0.00005 0.99981
1661398637.405145884 0.00033 0.00564 0.00154 -0.01904 0.00396 0.00005 0.99981
1661398637.415146112 0.00043 0.00593 0.00144 -0.01903 0.00395 0.00005 0.99981
1661398637.425145864 0.00051 0.00621 0.00132 -0.01903 0.00394 0.00005 0.99981
1661398637.435146093 0.00057 0.00647 0.00120 -0.01902 0.00392 0.00005 0.99981
1661398637.445145845 0.00062 0.00670 0.00106 -0.01902 0.00391 0.00004 0.99981
1661398637.455146074 0.00065 0.00689 0.00092 -0.01901 0.00389 0.00003 0.99981
1661398637.465146065 0.00065 0.00704 0.00077 -0.01901 0.00387 0.00002 0.99981
1661398637.475146055 0.00064 0.00715 0.00062 -0.01900 0.00385 0.00001 0.99981
1661398637.485146046 0.00061 0.00721 0.00047 -0.01900 0.00383 -0.00000 0.99981
1661398637.495146036 0.00056 0.00723 0.00034 -0.01900 0.00381 -0.00002 0.99981
1661398637.505146027 0.00051 0.00721 0.00022 -0.01901 0.00380 -0.00003 0.99981
1661398637.515146017 0.00044 0.00713 0.00013 -0.01901 0.00379 -0.00003 0.99981
1661398637.525146008 0.00036 0.00701 0.00006 -0.01902 0.00379 -0.00004 0.99981
1661398637.535145998 0.00027 0.00684 0.00002 -0.01903 0.00380 -0.00005 0.99981
1661398637.545145988 0.00018 0.00661 0.00002 -0.01905 0.00382 -0.00005 0.99981
1661398637.555145979 0.00009 0.00634 0.00005 -0.01908 0.00385 -0.00004 0.99981
1661398637.565145969 -0.00000 0.00603 0.00013 -0.01910 0.00388 -0.00004 0.99981
1661398637.575146198 -0.00009 0.00569 0.00023 -0.01913 0.00392 -0.00003 0.99981
1661398637.585145950 -0.00017 0.00533 0.00035 -0.01917 0.00396 -0.00002 0.99981
1661398637.595146179 -0.00024 0.00498 0.00049 -0.01920 0.00400 -0.00000 0.99981
1661398637.605145931 -0.00029 0.00463 0.00063 -0.01923 0.00403 0.00001 0.99981
1661398637.615146160 -0.00032 0.00431 0.00078 -0.01926 0.00406 0.00002 0.99981
1661398637.625145912 -0.00033 0.00402 0.00091 -0.01929 0.00408 0.00004 0.99981
1661398637.635146141 -0.00030 0.00378 0.00104 -0.01931 0.00409 0.00005 0.99981
1661398637.645145893 -0.00025 0.00361 0.00114 -0.01933 0.00408 0.00006 0.99980
1661398637.655146122 -0.00016 0.00350 0.00121 -0.01934 0.00405 0.00006 0.99980
1661398637.665145874 -0.00005 0.00346 0.00127 -0.01934 0.00402 0.00007 0.99980
1661398637.675146103 0.00009 0.00348 0.00130 -0.01935 0.00397 0.00007 0.99980
1661398637.685145855 0.00024 0.00354 0.00133 -0.01934 0.00391 0.00007 0.99981
1661398637.695146084 0.00040 0.00365 0.00134 -0.01934 0.00385 0.00007 0.99981
1661398637.705146074 0.00055 0.00378 0.00135 -0.01934 0.00380 0.00007 0.99981
1661398637.715146065 0.00069 0.00394 0.00137 -0.01934 0.00375 0.00007 0.99981
1661398637.725146055 0.00081 0.00411 0.00140 -0.01934 0.00370 0.00008 0.99981
1661398637.735146046 0.00091 0.00429 0.00143 -0.01934 0.00367 0.00008 0.99981
1661398637.745146036 0.00098 0.00447 0.00149 -0.01935 0.00365 0.00009 0.99981
1661398637.755146027 0.00100 0.00463 0.00157 -0.01936 0.00366 0.00011 0.99981
1661398637.765146017 0.00099 0.00478 0.00166 -0.01938 0.00367 0.00012 0.99981
1661398637.775146008 0.00096 0.00491 0.00176 -0.01940 0.00370 0.00014 0.99980
1661398637.785145998 0.00091 0.00501 0.00187 -0.01942 0.00374 0.00015 0.99980
1661398637.795145988 0.00085 0.00508 0.00197 -0.01945 0.00379 0.00017 0.99980
1661398637.805145979 0.00078 0.00511 0.00207 -0.01948 0.00384 0.00018 0.99980
1661398637.815145969 0.00072 0.00510 0.00214 -0.01950 0.00388 0.00019 0.99980
1661398637.825145960 0.00067 0.00504 0.00220 -0.01952 0.00393 0.00020 0.99980
1661398637.835146189 0.00065 0.00493 0.00222 -0.01954 0.00396 0.00020 0.99980
1661398637.845145941 0.00065 0.00476 0.00220 -0.01956 0.00399 0.00020 0.99980
1661398637.855146170 0.00068 0.00452 0.00215 -0.01957 0.00400 0.00019 0.99980
1661398637.865145922 0.00074 0.00424 0.00205 -0.01958 0.00399 0.00017 0.99980
1661398637.875146151 0.00083 0.00391 0.00192 -0.01958 0.00398 0.00015 0.99980
1661398637.885145903 0.00093 0.00355 0.00177 -0.01958 0.00396 0.00013 0.99980
1661398637.895146132 0.00104 0.00317 0.00159 -0.01958 0.00393 0.00011 0.99980
1661398637.905145884 0.00115 0.00277 0.00139 -0.01958 0.00390 0.00008 0.99980
1661398637.915146112 0.00125 0.00238 0.00119 -0.01958 0.00387 0.00006 0.99980
1661398637.925145864 0.00135 0.00199 0.00097 -0.01957 0.00384 0.00004 0.99980
1661398637.935146093 0.00143 0.00162 0.00076 -0.01957 0.00381 0.00002 0.99980
1661398637.945145845 0.00148 0.00128 0.00055 -0.01957 0.00378 0.00002 0.99980
1661398637.955146074 0.00151 0.00099 0.00035 -0.01957 0.00376 0.00001 0.99980
1661398637.965146065 0.00151 0.00073 0.00016 -0.01957 0.00375 0.00001 0.99980
1661398637.975146055 0.00149 0.00053 -0.00001 -0.01957 0.00374 0.00002 0.99980
1661398637.985146046 0.00146 0.00038 -0.00017 -0.01957 0.00374 0.00003 0.99980
1661398637.995146036 0.00142 0.00029 -0.00032 -0.01957 0.00374 0.00004 0.99980
1661398638.005146027 0.00137 0.00026 -0.00044 -0.01956 0.00375 0.00006 0.99980
1661398638.015146017 0.00133 0.00030 -0.00054 -0.01956 0.00376 0.00007 0.99980
1661398638.025146008 0.00129 0.00042 -0.00062 -0.01955 0.00378 0.00008 0.99980
1661398638.035145998 0.00127 0.00061 -0.00068 -0.01953 0.00380 0.00008 0.99980
1661398638.045145988 0.00126 0.00088 -0.00071 -0.01951 0.00382 0.00009 0.99980
1661398638.055145979 0.00128 0.00124 -0.00071 -0.01949 0.00384 0.00008 0.99980
1661398638.065145969 0.00131 0.00166 -0.00068 -0.01946 0.00387 0.00007 0.99980
1661398638.075146198 0.00136 0.00211 -0.00064 -0.01942 0.00390 0.00006 0.99980
1661398638.085145950 0.00141 0.00257 -0.00058 -0.01939 0.00392 0.00005 0.99980
1661398638.095146179 0.00145 0.00301 -0.00050 -0.01935 0.00395 0.00004 0.99981
1661398638.105145931 0.00150 0.00341 -0.00040 -0.01931 0.00397 0.00002 0.99981
1661398638.115146160 0.00152 0.00374 -0.00030 -0.01927 0.00399 0.00002 0.99981
1661398638.125145912 0.00153 0.00398 -0.00018 -0.01923 0.00400 0.00001 0.99981
1661398638.135146141 0.00151 0.00409 -0.00007 -0.01920 0.00400 0.00002 0.99981
1661398638.145145893 0.00146 0.00406 0.00005 -0.01917 0.00399 0.00003 0.99981
1661398638.155146122 0.00138 0.00386 0.00017 -0.01914 0.00398 0.00004 0.99981
1661398638.165145874 0.00126 0.00353 0.00029 -0.01912 0.00396 0.00007 0.99981
1661398638.175146103 0.00112 0.00308 0.00041 -0.01911 0.00393 0.00010 0.99981
1661398638.185145855 0.00095 0.00255 0.00052 -0.01910 0.00390 0.00013 0.99981
1661398638.195146084 0.00077 0.00198 0.00063 -0.01910 0.00387 0.00017 0.99981
1661398638.205146074 0.00058 0.00139 0.00074 -0.01910 0.00385 0.00020 0.99981
1661398638.215146065 0.00038 0.00082 0.00084 -0.01911 0.00382 0.00023 0.99981
1661398638.225146055 0.00019 0.00030 0.00093 -0.01913 0.00381 0.00026 0.99981
1661398638.235146046 -0.00000 -0.00015 0.00102 -0.01916 0.00380 0.00028 0.99981
1661398638.245146036 -0.00018 -0.00048 0.00111 -0.01919 0.00380 0.00029 0.99981
1661398638.255146027 -0.00034 -0.00068 0.00118 -0.01923 0.00381 0.00029 0.99981
1661398638.265146017 -0.00048 -0.00075 0.00126 -0.01928 0.00384 0.00027 0.99981
1661398638.275146008 -0.00060 -0.00072 0.00133 -0.01933 0.00387 0.00026 0.99981
1661398638.285145998 -0.00072 -0.00060 0.00140 -0.01938 0.00391 0.00023 0.99980
1661398638.295145988 -0.00082 -0.00042 0.00147 -0.01943 0.00395 0.00020 0.99980
1661398638.305145979 -0.00092 -0.00019 0.00155 -0.01947 0.00399 0.00017 0.99980
1661398638.315145969 -0.00100 0.00007 0.00163 -0.01952 0.00403 0.00014 0.99980
1661398638.325145960 -0.00108 0.00034 0.00173 -0.01955 0.00407 0.00011 0.99980
1661398638.335146189 -0.00116 0.00061 0.00184 -0.01957 0.00410 0.00009 0.99980
1661398638.345145941 -0.00123 0.00084 0.00196 -0.01959 0.00412 0.00006 0.99980
1661398638.355146170 -0.00130 0.00103 0.00210 -0.01958 0.00412 0.00005 0.99980
1661398638.365145922 -0.00137 0.00117 0.00225 -0.01957 0.00412 0.00004 0.99980
1661398638.375146151 -0.00143 0.00127 0.00241 -0.01955 0.00411 0.00003 0.99980
1661398638.385145903 -0.00148 0.00133 0.00257 -0.01952 0.00409 0.00003 0.99980
1661398638.395146132 -0.00153 0.00135 0.00273 -0.01949 0.00407 0.00003 0.99980
1661398638.405145884 -0.00156 0.00132 0.00289 -0.01945 0.00405 0.00004 0.99980
1661398638.415146112 -0.00159 0.00126 0.00304 -0.01942 0.00402 0.00004 0.99980
1661398638.425145864 -0.00159 0.00117 0.00317 -0.01939 0.00400 0.00004 0.99980
1661398638.435146093 -0.00158 0.00104 0.00329 -0.01936 0.00398 0.00005 0.99980
1661398638.445145845 -0.00155 0.00088 0.00338 -0.01935 0.00397 0.00005 0.99980
1661398638.455146074 -0.00151 0.00069 0.00345 -0.01934 0.00396 0.00005 0.99981
1661398638.465146065 -0.00144 0.00047 0.00349 -0.01935 0.00396 0.00005 0.99980
1661398638.475146055 -0.00137 0.00024 0.00352 -0.01936 0.00397 0.00004 0.99980
1661398638.485146046 -0.00128 -0.00001 0.00353 -0.01938 0.00398 0.00004 0.99980
1661398638.495146036 -0.00119 -0.00026 0.00354 -0.01940 0.00399 0.00003 0.99980
1661398638.505146027 -0.00111 -0.00050 0.00354 -0.01943 0.00401 0.00003 0.99980
1661398638.515146017 -0.00103 -0.00074 0.00354 -0.01945 0.00402 0.00003 0.99980
1661398638.525146008 -0.00096 -0.00097 0.00355 -0.01948 0.00404 0.00003 0.99980
1661398638.535145998 -0.00090 -0.00117 0.00358 -0.01950 0.00405 0.00004 0.99980
1661398638.545145988 -0.00086 -0.00134 0.00361 -0.01952 0.00406 0.00004 0.99980
1661398638.555145979 -0.00084 -0.00149 0.00367 -0.01953 0.00407 0.00006 0.99980
1661398638.565145969 -0.00085 -0.00159 0.00374 -0.01953 0.00408 0.00007 0.99980
1661398638.575146198 -0.00086 -0.00166 0.00382 -0.01953 0.00408 0.00009 0.99980
1661398638.585145950 -0.00090 -0.00170 0.00389 -0.01952 0.00408 0.00011 0.99980
1661398638.595146179 -0.00094 -0.00169 0.00396 -0.01951 0.00408 0.00013 0.99980
1661398638.605145931 -0.00098 -0.00165 0.00401 -0.01950 0.00407 0.00015 0.99980
1661398638.615146160 -0.00103 -0.00157 0.00403 -0.01948 0.00407 0.00016 0.99980
1661398638.625145912 -0.00108 -0.00145 0.00403 -0.01946 0.00406 0.00017 0.99980
1661398638.635146141 -0.00112 -0.00129 0.00398 -0.01944 0.00404 0.00018 0.99980
1661398638.645145893 -0.00116 -0.00108 0.00389 -0.01942 0.00403 0.00018 0.99980
1661398638.655146122 -0.00119 -0.00084 0.00374 -0.01940 0.00401 0.00017 0.99980
1661398638.665145874 -0.00121 -0.00056 0.00356 -0.01938 0.00399 0.00016 0.99980
1661398638.675146103 -0.00122 -0.00026 0.00334 -0.01936 0.00397 0.00014 0.99980
1661398638.685145855 -0.00122 0.00006 0.00312 -0.01934 0.00395 0.00012 0.99981
1661398638.695146084 -0.00122 0.00039 0.00290 -0.01932 0.00394 0.00010 0.99981
1661398638.705146074 -0.00121 0.00073 0.00269 -0.01931 0.00392 0.00007 0.99981
1661398638.715146065 -0.00120 0.00106 0.00252 -0.01931 0.00391 0.00005 0.99981
1661398638.725146055 -0.00119 0.00137 0.00238 -0.01931 0.00390 0.00003 0.99981
1661398638.735146046 -0.00117 0.00167 0.00231 -0.01932 0.00389 0.00001 0.99981
1661398638.745146036 -0.00116 0.00193 0.00230 -0.01933 0.00389 -0.00000 0.99981
1661398638.755146027 -0.00114 0.00216 0.00238 -0.01935 0.00390 -0.00001 0.99981
1661398638.765146017 -0.00112 0.00236 0.00253 -0.01938 0.00391 -0.00001 0.99980
1661398638.775146008 -0.00111 0.00251 0.00274 -0.01942 0.00392 -0.00001 0.99980
1661398638.785145998 -0.00109 0.00262 0.00298 -0.01945 0.00394 -0.00001 0.99980
1661398638.795145988 -0.00106 0.00269 0.00326 -0.01949 0.00396 -0.00000 0.99980
1661398638.805145979 -0.00103 0.00272 0.00354 -0.01952 0.00397 0.00001 0.99980
1661398638.815145969 -0.00099 0.00270 0.00382 -0.01955 0.00399 0.00002 0.99980
1661398638.825145960 -0.00095 0.00264 0.00409 -0.01957 0.00400 0.00003 0.99980
1661398638.835146189 -0.00090 0.00254 0.00432 -0.01958 0.00401 0.00004 0.99980
1661398638.845145941 -0.00083 0.00239 0.00450 -0.01958 0.00402 0.00004 0.99980
1661398638.855146170 -0.00076 0.00219 0.00463 -0.01956 0.00402 0.00005 0.99980
1661398638.865145922 -0.00068 0.00195 0.00470 -0.01954 0.00401 0.00005 0.99980
1661398638.875146151 -0.00059 0.00168 0.00473 -0.01951 0.00400 0.00005 0.99980
1661398638.885145903 -0.00049 0.00139 0.00471 -0.01947 0.00399 0.00005 0.99980
1661398638.895146132 -0.00039 0.00109 0.00467 -0.01942 0.00398 0.00005 0.99980
1661398638.905145884 -0.00028 0.00078 0.00461 -0.01938 0.00397 0.00004 0.99980
1661398638.915146112 -0.00017 0.00048 0.00454 -0.01935 0.00396 0.00004 0.99981
1661398638.925145864 -0.00006 0.00019 0.00446 -0.01931 0.00396 0.00004 0.99981
1661398638.935146093 0.00004 -0.00007 0.00438 -0.01929 0.00396 0.00004 0.99981
1661398638.945145845 0.00015 -0.00030 0.00432 -0.01928 0.00397 0.00004 0.99981
1661398638.955146074 0.00025 -0.00049 0.00428 -0.01928 0.00399 0.00004 0.99981
1661398638.965146065 0.00035 -0.00065 0.00425 -0.01929 0.00401 0.00004 0.99981
1661398638.975146055 0.00044 -0.00077 0.00424 -0.01931 0.00404 0.00004 0.99981
1661398638.985146046 0.00052 -0.00086 0.00424 -0.01934 0.00407 0.00005 0.99980
1661398638.995146036 0.00059 -0.00092 0.00426 -0.01938 0.00410 0.00005 0.99980
1661398639.005146027 0.00065 -0.00095 0.00428 -0.01942 0.00412 0.00006 0.99980
1661398639.015146017 0.00069 -0.00096 0.00430 -0.01946 0.00414 0.00006 0.99980
1661398639.025146008 0.00072 -0.00096 0.00434 -0.01949 0.00416 0.00007 0.99980
1661398639.035145998 0.00072 -0.00094 0.00437 -0.01952 0.00416 0.00008 0.99980
1661398639.045145988 0.00071 -0.00090 0.00440 -0.01955 0.00415 0.00009 0.99980
1661398639.055145979 0.00067 -0.00086 0.00443 -0.01957 0.00412 0.00010 0.99980
1661398639.065145969 0.00062 -0.00080 0.00445 -0.01958 0.00409 0.00011 0.99980
1661398639.075146198 0.00056 -0.00074 0.00447 -0.01958 0.00405 0.00012 0.99980
1661398639.085145950 0.00048 -0.00065 0.00448 -0.01957 0.00400 0.00013 0.99980
1661398639.095146179 0.00040 -0.00056 0.00449 -0.01957 0.00396 0.00014 0.99980
1661398639.105145931 0.00032 -0.00044 0.00450 -0.01955 0.00392 0.00015 0.99980
1661398639.115146160 0.00024 -0.00030 0.00450 -0.01954 0.00389 0.00015 0.99980
1661398639.125145912 0.00017 -0.00014 0.00450 -0.01952 0.00387 0.00016 0.99980
1661398639.135146141 0.00011 0.00004 0.00449 -0.01950 0.00387 0.00016 0.99980
1661398639.145145893 0.00006 0.00024 0.00448 -0.01949 0.00388 0.00015 0.99980
1661398639.155146122 0.00004 0.00048 0.00447 -0.01947 0.00392 0.00015 0.99980
1661398639.165145874 0.00003 0.00073 0.00444 -0.01946 0.00398 0.00014 0.99980
1661398639.175146103 0.00004 0.00102 0.00442 -0.01944 0.00405 0.00012 0.99980
1661398639.185145855 0.00006 0.00132 0.00439 -0.01943 0.00413 0.00011 0.99980
1661398639.195146084 0.00008 0.00164 0.00435 -0.01942 0.00421 0.00009 0.99980
1661398639.205146074 0.00011 0.00199 0.00431 -0.01942 0.00429 0.00007 0.99980
1661398639.215146065 0.00014 0.00235 0.00425 -0.01941 0.00436 0.00005 0.99980
1661398639.225146055 0.00018 0.00273 0.00420 -0.01941 0.00441 0.00003 0.99980
1661398639.235146046 0.00020 0.00312 0.00413 -0.01942 0.00445 0.00000 0.99980
1661398639.245146036 0.00022 0.00352 0.00406 -0.01942 0.00446 -0.00002 0.99980
1661398639.255146027 0.00024 0.00393 0.00398 -0.01943 0.00445 -0.00005 0.99980
1661398639.265146017 0.00024 0.00435 0.00389 -0.01944 0.00441 -0.00007 0.99980
1661398639.275146008 0.00023 0.00475 0.00380 -0.01946 0.00435 -0.00010 0.99980
1661398639.285145998 0.00022 0.00514 0.00370 -0.01947 0.00428 -0.00012 0.99980
1661398639.295145988 0.00020 0.00550 0.00360 -0.01949 0.00420 -0.00014 0.99980
1661398639.305145979 0.00017 0.00582 0.00350 -0.01950 0.00412 -0.00016 0.99980
1661398639.315145969 0.00014 0.00610 0.00340 -0.01952 0.00405 -0.00018 0.99980
1661398639.325145960 0.00011 0.00633 0.00331 -0.01953 0.00398 -0.00019 0.99980
1661398639.335146189 0.00007 0.00648 0.00321 -0.01953 0.00393 -0.00020 0.99980
1661398639.345145941 0.00004 0.00657 0.00312 -0.01953 0.00390 -0.00020 0.99980
1661398639.355146170 -0.00000 0.00657 0.00304 -0.01953 0.00389 -0.00020 0.99980
1661398639.365145922 -0.00004 0.00650 0.00296 -0.01952 0.00390 -0.00020 0.99980
1661398639.375146151 -0.00008 0.00638 0.00288 -0.01951 0.00393 -0.00019 0.99980
1661398639.385145903 -0.00012 0.00622 0.00280 -0.01950 0.00397 -0.00018 0.99980
1661398639.395146132 -0.00015 0.00604 0.00272 -0.01948 0.00402 -0.00016 0.99980
1661398639.405145884 -0.00017 0.00585 0.00263 -0.01946 0.00408 -0.00014 0.99980
1661398639.415146112 -0.00019 0.00566 0.00253 -0.01944 0.00413 -0.00012 0.99980
1661398639.425145864 -0.00020 0.00550 0.00242 -0.01942 0.00417 -0.00010 0.99980
1661398639.435146093 -0.00020 0.00537 0.00229 -0.01940 0.00421 -0.00008 0.99980
1661398639.445145845 -0.00018 0.00530 0.00215 -0.01939 0.00423 -0.00006 0.99980
1661398639.455146074 -0.00016 0.00529 0.00200 -0.01937 0.00423 -0.00004 0.99980
1661398639.465146065 -0.00013 0.00533 0.00183 -0.01935 0.00421 -0.00003 0.99980
1661398639.475146055 -0.00009 0.00541 0.00166 -0.01934 0.00418 -0.00001 0.99980
1661398639.485146046 -0.00004 0.00552 0.00149 -0.01933 0.00414 0.00001 0.99980
1661398639.495146036 -0.00000 0.00564 0.00133 -0.01931 0.00409 0.00002 0.99981
1661398639.505146027 0.00003 0.00577 0.00119 -0.01930 0.00404 0.00003 0.99981
1661398639.515146017 0.00006 0.00589 0.00108 -0.01929 0.00398 0.00004 0.99981
1661398639.525146008 0.00007 0.00599 0.00100 -0.01927 0.00393 0.00005 0.99981
1661398639.535145998 0.00007 0.00605 0.00096 -0.01925 0.00388 0.00006 0.99981
1661398639.545145988 0.00004 0.00606 0.00097 -0.01923 0.00384 0.00007 0.99981
1661398639.555145979 -0.00000 0.00601 0.00103 -0.01921 0.00380 0.00007 0.99981
1661398639.565145969 -0.00007 0.00591 0.00114 -0.01918 0.00378 0.00007 0.99981
1661398639.575146198 -0.00015 0.00578 0.00128 -0.01916 0.00377 0.00008 0.99981
1661398639.585145950 -0.00025 0.00561 0.00145 -0.01913 0.00376 0.00008 0.99981
1661398639.595146179 -0.00036 0.00544 0.00163 -0.01911 0.00376 0.00008 0.99981
1661398639.605145931 -0.00049 0.00526 0.00182 -0.01909 0.00376 0.00007 0.99981
1661398639.615146160 -0.00062 0.00510 0.00200 -0.01907 0.00377 0.00007 0.99981
1661398639.625145912 -0.00076 0.00495 0.00217 -0.01906 0.00378 0.00006 0.99981
1661398639.635146141 -0.00090 0.00484 0.00232 -0.01905 0.00379 0.00006 0.99981
1661398639.645145893 -0.00104 0.00477 0.00243 -0.01905 0.00381 0.00005 0.99981
1661398639.655146122 -0.00118 0.00476 0.00250 -0.01906 0.00382 0.00004 0.99981
1661398639.665145874 -0.00132 0.00479 0.00253 -0.01908 0.00383 0.00003 0.99981
1661398639.675146103 -0.00145 0.00486 0.00253 -0.01910 0.00384 0.00002 0.99981
1661398639.685145855 -0.00158 0.00495 0.00250 -0.01912 0.00385 0.00001 0.99981
1661398639.695146084 -0.00170 0.00505 0.00246 -0.01915 0.00386 0.00000 0.99981
1661398639.705146074 -0.00180 0.00515 0.00239 -0.01918 0.00386 -0.00001 0.99981
1661398639.715146065 -0.00189 0.00524 0.00232 -0.01920 0.00387 -0.00001 0.99981
1661398639.725146055 -0.00197 0.00530 0.00224 -0.01922 0.00387 -0.00002 0.99981
1661398639.735146046 -0.00203 0.00532 0.00217 -0.01923 0.00387 -0.00002 0.99981
1661398639.745146036 -0.00208 0.00530 0.00210 -0.01924 0.00387 -0.00002 0.99981
1661398639.755146027 -0.00210 0.00522 0.00205 -0.01924 0.00387 -0.00001 0.99981
1661398639.765146017 -0.00210 0.00509 0.00200 -0.01923 0.00387 -0.00000 0.99981
1661398639.775146008 -0.00209 0.00491 0.00197 -0.01922 0.00386 0.00000 0.99981
1661398639.785145998 -0.00206 0.00469 0.00194 -0.01920 0.00386 0.00001 0.99981
1661398639.795145988 -0.00202 0.00444 0.00191 -0.01918 0.00385 0.00002 0.99981
1661398639.805145979 -0.00196 0.00417 0.00189 -0.01916 0.00385 0.00003 0.99981
1661398639.815145969 -0.00189 0.00388 0.00186 -0.01914 0.00384 0.00004 0.99981
1661398639.825145960 -0.00182 0.00358 0.00184 -0.01913 0.00384 0.00005 0.99981
1661398639.835146189 -0.00173 0.00327 0.00180 -0.01912 0.00383 0.00005 0.99981
1661398639.845145941 -0.00164 0.00297 0.00176 -0.01912 0.00383 0.00004 0.99981
1661398639.855146170 -0.00154 0.00268 0.00171 -0.01912 0.00383 0.00003 0.99981
1661398639.865145922 -0.00144 0.00241 0.00165 -0.01914 0.00383 0.00002 0.99981
1661398639.875146151 -0.00134 0.00215 0.00159 -0.01916 0.00383 -0.00000 0.99981
1661398639.885145903 -0.00123 0.00191 0.00152 -0.01919 0.00384 -0.00002 0.99981
1661398639.895146132 -0.00111 0.00170 0.00146 -0.01921 0.00384 -0.00004 0.99981
1661398639.905145884 -0.00100 0.00151 0.00140 -0.01925 0.00384 -0.00006 0.99981
1661398639.915146112 -0.00088 0.00135 0.00136 -0.01928 0.00385 -0.00008 0.99981
1661398639.925145864 -0.00076 0.00123 0.00132 -0.01931 0.00385 -0.00009 0.99981
1661398639.935146093 -0.00065 0.00114 0.00130 -0.01933 0.00385 -0.00010 0.99981
1661398639.945145845 -0.00053 0.00109 0.00130 -0.01936 0.00384 -0.00011 0.99981
1661398639.955146074 -0.00041 0.00108 0.00131 -0.01937 0.00384 -0.00011 0.99980
1661398639.965146065 -0.00029 0.00110 0.00135 -0.01939 0.00383 -0.00010 0.99980
1661398639.975146055 -0.00018 0.00115 0.00141 -0.01939 0.00382 -0.00008 0.99980
1661398639.985146046 -0.00008 0.00122 0.00147 -0.01940 0.00381 -0.00007 0.99980
1661398639.995146036 0.00002 0.00129 0.00155 -0.01939 0.00380 -0.00005 0.99980
1661398640.005146027 0.00011 0.00137 0.00164 -0.01939 0.00379 -0.00003 0.99980
1661398640.015146017 0.00020 0.00144 0.00174 -0.01938 0.00378 -0.00001 0.99981
1661398640.025146008 0.00026 0.00149 0.00185 -0.01937 0.00378 0.00001 0.99981
1661398640.035145998 0.00032 0.00152 0.00195 -0.01935 0.00377 0.00003 0.99981
1661398640.045145988 0.00036 0.00151 0.00206 -0.01934 0.00377 0.00004 0.99981
1661398640.055145979 0.00039 0.00147 0.00217 -0.01932 0.00378 0.00005 0.99981
1661398640.065145969 0.00039 0.00139 0.00227 -0.01930 0.00379 0.00005 0.99981
1661398640.075146198 0.00039 0.00129 0.00237 -0.01927 0.00380 0.00005 0.99981
1661398640.085145950 0.00036 0.00118 0.00248 -0.01925 0.00382 0.00005 0.99981
1661398640.095146179 0.00031 0.00105 0.00257 -0.01924 0.00383 0.00005 0.99981
1661398640.105145931 0.00025 0.00094 0.00267 -0.01922 0.00385 0.00004 0.99981
1661398640.115146160 0.00017 0.00083 0.00276 -0.01921 0.00387 0.00004 0.99981
1661398640.125145912 0.00007 0.00074 0.00285 -0.01920 0.00389 0.00005 0.99981
1661398640.135146141 -0.00005 0.00068 0.00294 -0.01919 0.00391 0.00005 0.99981
1661398640.145145893 -0.00019 0.00066 0.00302 -0.01919 0.00392 0.00006 0.99981
1661398640.155146122 -0.00034 0.00069 0.00310 -0.01920 0.00394 0.00008 0.99981
1661398640.165145874 -0.00052 0.00075 0.00317 -0.01921 0.00395 0.00010 0.99981
1661398640.175146103 -0.00070 0.00084 0.00324 -0.01923 0.00397 0.00012 0.99981
1661398640.185145855 -0.00089 0.00096 0.00330 -0.01925 0.00398 0.00015 0.99981
1661398640.195146084 -0.00108 0.00108 0.00335 -0.01928 0.00399 0.00017 0.99981
1661398640.205146074 -0.00126 0.00122 0.00338 -0.01930 0.00400 0.00019 0.99981
1661398640.215146065 -0.00144 0.00135 0.00341 -0.01933 0.00400 0.00020 0.99981
1661398640.225146055 -0.00160 0.00147 0.00341 -0.01936 0.00400 0.00021 0.99980
1661398640.235146046 -0.00174 0.00157 0.00341 -0.01939 0.00400 0.00021 0.99980
1661398640.245146036 -0.00186 0.00164 0.00338 -0.01941 0.00400 0.00020 0.99980
1661398640.255146027 -0.00195 0.00168 0.00333 -0.01943 0.00400 0.00018 0.99980
1661398640.265146017 -0.00202 0.00168 0.00327 -0.01945 0.00399 0.00016 0.99980
1661398640.275146008 -0.00207 0.00166 0.00319 -0.01947 0.00399 0.00012 0.99980
1661398640.285145998 -0.00211 0.00162 0.00311 -0.01948 0.00398 0.00008 0.99980
1661398640.295145988 -0.00214 0.00156 0.00302 -0.01949 0.00398 0.00004 0.99980
1661398640.305145979 -0.00217 0.00149 0.00293 -0.01950 0.00397 -0.00001 0.99980
1661398640.315145969 -0.00220 0.00141 0.00284 -0.01951 0.00397 -0.00005 0.99980
1661398640.325145960 -0.00224 0.00132 0.00275 -0.01952 0.00397 -0.00008 0.99980
1661398640.335146189 -0.00230 0.00123 0.00267 -0.01953 0.00397 -0.00011 0.99980
1661398640.345145941 -0.00238 0.00116 0.00260 -0.01953 0.00398 -0.00013 0.99980
1661398640.355146170 -0.00248 0.00109 0.00255 -0.01953 0.00400 -0.00014 0.99980
1661398640.365145922 -0.00259 0.00103 0.00251 -0.01954 0.00402 -0.00014 0.99980
1661398640.375146151 -0.00272 0.00099 0.00249 -0.01954 0.00404 -0.00013 0.99980
1661398640.385145903 -0.00286 0.00097 0.00250 -0.01954 0.00406 -0.00011 0.99980
1661398640.395146132 -0.00299 0.00097 0.00254 -0.01955 0.00408 -0.00009 0.99980
1661398640.405145884 -0.00312 0.00100 0.00260 -0.01955 0.00410 -0.00007 0.99980
1661398640.415146112 -0.00323 0.00106 0.00269 -0.01955 0.00412 -0.00005 0.99980
1661398640.425145864 -0.00332 0.00116 0.00282 -0.01956 0.00413 -0.00002 0.99980
1661398640.435146093 -0.00338 0.00129 0.00298 -0.01956 0.00414 -0.00001 0.99980
1661398640.445145845 -0.00341 0.00146 0.00319 -0.01956 0.00414 0.00001 0.99980
1661398640.455146074 -0.00340 0.00167 0.00343 -0.01957 0.00414 0.00001 0.99980
1661398640.465146065 -0.00335 0.00191 0.00371 -0.01958 0.00412 0.00001 0.99980
1661398640.475146055 -0.00328 0.00218 0.00400 -0.01959 0.00411 0.00001 0.99980
1661398640.485146046 -0.00318 0.00247 0.00430 -0.01959 0.00409 0.00000 0.99980
1661398640.495146036 -0.00307 0.00275 0.00459 -0.01960 0.00407 -0.00001 0.99980
1661398640.505146027 -0.00295 0.00303 0.00485 -0.01961 0.00405 -0.00002 0.99980
1661398640.515146017 -0.00283 0.00330 0.00509 -0.01962 0.00403 -0.00004 0.99980
1661398640.525146008 -0.00271 0.00354 0.00527 -0.01963 0.00402 -0.00005 0.99980
1661398640.535145998 -0.00261 0.00374 0.00540 -0.01963 0.00401 -0.00006 0.99980
1661398640.545145988 -0.00252 0.00390 0.00545 -0.01964 0.00400 -0.00007 0.99980
1661398640.555145979 -0.00245 0.00401 0.00543 -0.01964 0.00401 -0.00008 0.99980
1661398640.565145969 -0.00240 0.00406 0.00533 -0.01965 0.00402 -0.00008 0.99980
1661398640.575146198 -0.00237 0.00408 0.00517 -0.01965 0.00404 -0.00008 0.99980
1661398640.585145950 -0.00235 0.00406 0.00497 -0.01965 0.00407 -0.00008 0.99980
1661398640.595146179 -0.00234 0.00401 0.00474 -0.01965 0.00409 -0.00007 0.99980
1661398640.605145931 -0.00233 0.00395 0.00449 -0.01965 0.00411 -0.00006 0.99980
1661398640.615146160 -0.00233 0.00387 0.00423 -0.01964 0.00413 -0.00005 0.99980
1661398640.625145912 -0.00232 0.00379 0.00398 -0.01964 0.00415 -0.00003 0.99980
1661398640.635146141 -0.00230 0.00371 0.00375 -0.01963 0.00417 -0.00002 0.99980
1661398640.645145893 -0.00228 0.00364 0.00356 -0.01962 0.00417 -0.00000 0.99980
1661398640.655146122 -0.00224 0.00358 0.00341 -0.01961 0.00417 0.00002 0.99980
1661398640.665145874 -0.00219 0.00353 0.00330 -0.01960 0.00416 0.00004 0.99980
1661398640.675146103 -0.00214 0.00351 0.00323 -0.01958 0.00414 0.00006 0.99980
1661398640.685145855 -0.00208 0.00349 0.00319 -0.01957 0.00412 0.00008 0.99980
1661398640.695146084 -0.00203 0.00348 0.00318 -0.01955 0.00410 0.00010 0.99980
1661398640.705146074 -0.00199 0.00349 0.00318 -0.01953 0.00408 0.00012 0.99980
1661398640.715146065 -0.00196 0.00350 0.00320 -0.01952 0.00406 0.00013 0.99980
1661398640.725146055 -0.00194 0.00352 0.00323 -0.01950 0.00404 0.00014 0.99980
1661398640.735146046 -0.00195 0.00355 0.00325 -0.01948 0.00402 0.00015 0.99980
1661398640.745146036 -0.00199 0.00358 0.00328 -0.01947 0.00401 0.00015 0.99980
1661398640.755146027 -0.00205 0.00361 0.00329 -0.01946 0.00401 0.00015 0.99980
1661398640.765146017 -0.00213 0.00365 0.00329 -0.01944 0.00402 0.00014 0.99980
1661398640.775146008 -0.00224 0.00368 0.00328 -0.01943 0.00403 0.00013 0.99980
1661398640.785145998 -0.00235 0.00370 0.00326 -0.01942 0.00404 0.00012 0.99980
1661398640.795145988 -0.00246 0.00370 0.00322 -0.01942 0.00405 0.00011 0.99980
1661398640.805145979 -0.00256 0.00368 0.00317 -0.01942 0.00407 0.00009 0.99980
1661398640.815145969 -0.00265 0.00363 0.00310 -0.01942 0.00408 0.00007 0.99980
1661398640.825145960 -0.00271 0.00355 0.00301 -0.01943 0.00408 0.00006 0.99980
1661398640.835146189 -0.00275 0.00344 0.00290 -0.01944 0.00408 0.00004 0.99980
1661398640.845145941 -0.00275 0.00328 0.00277 -0.01945 0.00408 0.00002 0.99980
1661398640.855146170 -0.00271 0.00308 0.00262 -0.01947 0.00406 0.00001 0.99980
1661398640.865145922 -0.00263 0.00284 0.00245 -0.01950 0.00404 0.00000 0.99980
1661398640.875146151 -0.00252 0.00258 0.00227 -0.01952 0.00402 -0.00001 0.99980
1661398640.885145903 -0.00239 0.00231 0.00209 -0.01955 0.00399 -0.00002 0.99980
1661398640.895146132 -0.00225 0.00205 0.00191 -0.01958 0.00395 -0.00002 0.99980
1661398640.905145884 -0.00211 0.00179 0.00173 -0.01960 0.00392 -0.00003 0.99980
1661398640.915146112 -0.00197 0.00157 0.00157 -0.01963 0.00389 -0.00003 0.99980
1661398640.925145864 -0.00184 0.00138 0.00144 -0.01964 0.00387 -0.00003 0.99980
1661398640.935146093 -0.00174 0.00124 0.00133 -0.01965 0.00385 -0.00003 0.99980
1661398640.945145845 -0.00166 0.00117 0.00125 -0.01966 0.00384 -0.00003 0.99980
1661398640.955146074 -0.00162 0.00117 0.00121 -0.01965 0.00384 -0.00004 0.99980
1661398640.965146065 -0.00161 0.00123 0.00120 -0.01964 0.00384 -0.00004 0.99980
1661398640.975146055 -0.00163 0.00134 0.00122 -0.01962 0.00385 -0.00003 0.99980
1661398640.985146046 -0.00167 0.00149 0.00126 -0.01959 0.00387 -0.00003 0.99980
1661398640.995146036 -0.00172 0.00166 0.00131 -0.01956 0.00389 -0.00003 0.99980
1661398641.005146027 -0.00178 0.00185 0.00136 -0.01953 0.00391 -0.00003 0.99980
1661398641.015146017 -0.00184 0.00203 0.00142 -0.01949 0.00393 -0.00002 0.99980
1661398641.025146008 -0.00190 0.00220 0.00147 -0.01946 0.00396 -0.00002 0.99980
1661398641.035145998 -0.00196 0.00235 0.00150 -0.01942 0.00397 -0.00001 0.99980
1661398641.045145988 -0.00199 0.00245 0.00151 -0.01939 0.00399 -0.00000 0.99980
1661398641.055145979 -0.00202 0.00251 0.00150 -0.01936 0.00399 0.00001 0.99980
1661398641.065145969 -0.00202 0.00252 0.00147 -0.01933 0.00399 0.00002 0.99981
1661398641.075146198 -0.00201 0.00250 0.00143 -0.01931 0.00399 0.00003 0.99981
1661398641.085145950 -0.00199 0.00246 0.00139 -0.01929 0.00399 0.00004 0.99981
1661398641.095146179 -0.00197 0.00241 0.00137 -0.01927 0.00398 0.00005 0.99981
1661398641.105145931 -0.00194 0.00235 0.00135 -0.01926 0.00397 0.00006 0.99981
1661398641.115146160 -0.00191 0.00230 0.00137 -0.01925 0.00396 0.00007 0.99981
1661398641.125145912 -0.00189 0.00227 0.00142 -0.01925 0.00396 0.00007 0.99981
1661398641.135146141 -0.00187 0.00226 0.00152 -0.01926 0.00396 0.00007 0.99981
1661398641.145145893 -0.00186 0.00229 0.00167 -0.01927 0.00396 0.00007 0.99981
1661398641.155146122 -0.00186 0.00236 0.00187 -0.01928 0.00397 0.00007 0.99981
1661398641.165145874 -0.00187 0.00247 0.00213 -0.01930 0.00398 0.00007 0.99981
1661398641.175146103 -0.00189 0.00261 0.00243 -0.01932 0.00400 0.00006 0.99981
1661398641.185145855 -0.00191 0.00276 0.00274 -0.01935 0.00402 0.00005 0.99980
1661398641.195146084 -0.00192 0.00291 0.00306 -0.01937 0.00404 0.00004 0.99980
1661398641.205146074 -0.00193 0.00306 0.00338 -0.01939 0.00406 0.00002 0.99980
1661398641.215146065 -0.00193 0.00318 0.00367 -0.01941 0.00409 0.00001 0.99980
1661398641.225146055 -0.00191 0.00329 0.00393 -0.01942 0.00411 0.00000 0.99980
1661398641.235146046 -0.00188 0.00335 0.00414 -0.01943 0.00414 -0.00001 0.99980
1661398641.245146036 -0.00182 0.00336 0.00428 -0.01943 0.00417 -0.00002 0.99980
1661398641.255146027 -0.00174 0.00332 0.00436 -0.01942 0.00419 -0.00002 0.99980
1661398641.265146017 -0.00163 0.00323 0.00436 -0.01940 0.00421 -0.00003 0.99980
1661398641.275146008 -0.00152 0.00309 0.00431 -0.01937 0.00423 -0.00003 0.99980
1661398641.285145998 -0.00140 0.00292 0.00421 -0.01935 0.00425 -0.00002 0.99980
1661398641.295145988 -0.00128 0.00273 0.00406 -0.01932 0.00426 -0.00002 0.99980
1661398641.305145979 -0.00116 0.00252 0.00389 -0.01929 0.00427 -0.00002 0.99980
1661398641.315145969 -0.00106 0.00230 0.00369 -0.01926 0.00427 -0.00001 0.99981
1661398641.325145960 -0.00097 0.00209 0.00349 -0.01923 0.00426 -0.00000 0.99981
1661398641.335146189 -0.00091 0.00188 0.00327 -0.01921 0.00425 0.00001 0.99981
1661398641.345145941 -0.00089 0.00169 0.00307 -0.01920 0.00423 0.00002 0.99981
1661398641.355146170 -0.00090 0.00152 0.00288 -0.01920 0.00420 0.00003 0.99981
1661398641.365145922 -0.00094 0.00138 0.00271 -0.01921 0.00416 0.00004 0.99981
1661398641.375146151 -0.00101 0.00126 0.00255 -0.01922 0.00412 0.00006 0.99981
1661398641.385145903 -0.00110 0.00116 0.00241 -0.01924 0.00408 0.00007 0.99981
1661398641.395146132 -0.00120 0.00107 0.00230 -0.01926 0.00403 0.00008 0.99981
1661398641.405145884 -0.00130 0.00100 0.00220 -0.01928 0.00399 0.00009 0.99981
1661398641.415146112 -0.00140 0.00093 0.00213 -0.01931 0.00395 0.00009 0.99981
1661398641.425145864 -0.00149 0.00087 0.00209 -0.01933 0.00391 0.00010 0.99981
1661398641.435146093 -0.00156 0.00081 0.00206 -0.01935 0.00388 0.00010 0.99981
1661398641.445145845 -0.00161 0.00076 0.00207 -0.01936 0.00386 0.00010 0.99981
1661398641.455146074 -0.00162 0.00070 0.00210 -0.01937 0.00385 0.00009 0.99980
1661398641.465146065 -0.00161 0.00064 0.00215 -0.01938 0.00384 0.00008 0.99980
1661398641.475146055 -0.00158 0.00057 0.00222 -0.01938 0.00385 0.00006 0.99980
1661398641.485146046 -0.00152 0.00049 0.00230 -0.01938 0.00386 0.00005 0.99980
1661398641.495146036 -0.00145 0.00040 0.00238 -0.01938 0.00388 0.00003 0.99980
1661398641.505146027 -0.00136 0.00029 0.00245 -0.01939 0.00390 0.00002 0.99980
1661398641.515146017 -0.00125 0.00017 0.00252 -0.01940 0.00393 0.00001 0.99980
1661398641.525146008 -0.00114 0.00003 0.00257 -0.01942 0.00396 -0.00000 0.99980
1661398641.535145998 -0.00102 -0.00013 0.00259 -0.01944 0.00400 -0.00000 0.99980
1661398641.545145988 -0.00090 -0.00032 0.00259 -0.01948 0.00403 -0.00000 0.99980
1661398641.555145979 -0.00077 -0.00053 0.00255 -0.01952 0.00407 0.00000 0.99980
1661398641.565145969 -0.00065 -0.00075 0.00248 -0.01958 0.00411 0.00001 0.99980
1661398641.575146198 -0.00054 -0.00097 0.00240 -0.01964 0.00415 0.00003 0.99980
1661398641.585145950 -0.00042 -0.00119 0.00230 -0.01970 0.00418 0.00005 0.99980
1661398641.595146179 -0.00032 -0.00138 0.00221 -0.01976 0.00422 0.00006 0.99980
1661398641.605145931 -0.00023 -0.00154 0.00212 -0.01981 0.00427 0.00008 0.99979
1661398641.615146160 -0.00015 -0.00165 0.00206 -0.01985 0.00431 0.00010 0.99979
1661398641.625145912 -0.00008 -0.00171 0.00201 -0.01988 0.00436 0.00011 0.99979
1661398641.635146141 -0.00004 -0.00169 0.00201 -0.01989 0.00440 0.00012 0.99979
1661398641.645145893 -0.00001 -0.00159 0.00205 -0.01988 0.00445 0.00012 0.99979
1661398641.655146122 0.00000 -0.00140 0.00214 -0.01985 0.00451 0.00011 0.99979
1661398641.665145874 -0.00001 -0.00114 0.00227 -0.01980 0.00456 0.00010 0.99979
1661398641.675146103 -0.00005 -0.00082 0.00244 -0.01973 0.00460 0.00008 0.99979
1661398641.685145855 -0.00011 -0.00047 0.00263 -0.01966 0.00464 0.00007 0.99980
1661398641.695146084 -0.00020 -0.00011 0.00283 -0.01958 0.00465 0.00005 0.99980
1661398641.705146074 -0.00032 0.00024 0.00304 -0.01950 0.00465 0.00003 0.99980
1661398641.715146065 -0.00046 0.00057 0.00324 -0.01942 0.00462 0.00001 0.99980
1661398641.725146055 -0.00064 0.00084 0.00343 -0.01935 0.00456 0.00000 0.99980
1661398641.735146046 -0.00085 0.00105 0.00360 -0.01929 0.00446 -0.00000 0.99980
1661398641.745146036 -0.00109 0.00117 0.00373 -0.01925 0.00432 -0.00000 0.99981
1661398641.755146027 -0.00136 0.00118 0.00381 -0.01924 0.00414 0.00001 0.99981
1661398641.765146017 -0.00165 0.00110 0.00386 -0.01924 0.00393 0.00003 0.99981
1661398641.775146008 -0.00194 0.00096 0.00387 -0.01926 0.00370 0.00005 0.99981
1661398641.785145998 -0.00223 0.00077 0.00384 -0.01929 0.00346 0.00008 0.99981
1661398641.795145988 -0.00249 0.00057 0.00378 -0.01933 0.00323 0.00010 0.99981
1661398641.805145979 -0.00271 0.00036 0.00369 -0.01938 0.00302 0.00013 0.99981
1661398641.815145969 -0.00288 0.00018 0.00357 -0.01943 0.00284 0.00015 0.99981
1661398641.825145960 -0.00298 0.00004 0.00343 -0.01948 0.00270 0.00016 0.99981
1661398641.835146189 -0.00300 -0.00004 0.00326 -0.01952 0.00262 0.00017 0.99981
1661398641.845145941 -0.00292 -0.00002 0.00308 -0.01956 0.00261 0.00016 0.99981
1661398641.855146170 -0.00274 0.00011 0.00288 -0.01960 0.00268 0.00015 0.99980
1661398641.865145922 -0.00246 0.00032 0.00268 -0.01962 0.00281 0.00012 0.99980
1661398641.875146151 -0.00211 0.00061 0.00247 -0.01963 0.00300 0.00008 0.99980
1661398641.885145903 -0.00171 0.00094 0.00227 -0.01964 0.00322 0.00005 0.99980
1661398641.895146132 -0.00127 0.00131 0.00208 -0.01965 0.00347 0.00000 0.99980
1661398641.905145884 -0.00082 0.00169 0.00191 -0.01965 0.00372 -0.00003 0.99980
1661398641.915146112 -0.00037 0.00206 0.00176 -0.01966 0.00397 -0.00007 0.99980
1661398641.925145864 0.00005 0.00239 0.00164 -0.01966 0.00419 -0.00010 0.99980
1661398641.935146093 0.00043 0.00268 0.00157 -0.01966 0.00437 -0.00011 0.99980
1661398641.945145845 0.00074 0.00289 0.00153 -0.01967 0.00450 -0.00012 0.99980
1661398641.955146074 0.00098 0.00302 0.00155 -0.01968 0.00457 -0.00011 0.99980
1661398641.965146065 0.00114 0.00307 0.00161 -0.01969 0.00459 -0.00009 0.99980
1661398641.975146055 0.00125 0.00305 0.00171 -0.01969 0.00456 -0.00007 0.99980
1661398641.985146046 0.00129 0.00297 0.00184 -0.01970 0.00451 -0.00005 0.99980
1661398641.995146036 0.00130 0.00286 0.00200 -0.01969 0.00445 -0.00004 0.99980
1661398642.005146027 0.00127 0.00272 0.00217 -0.01967 0.00439 -0.00004 0.99980
1661398642.015146017 0.00122 0.00256 0.00236 -0.01964 0.00434 -0.00007 0.99980
1661398642.025146008 0.00115 0.00240 0.00256 -0.01960 0.00433 -0.00013 0.99980
1661398642.035145998 0.00107 0.00226 0.00276 -0.01953 0.00436 -0.00022 0.99980
1661398642.045145988 0.00101 0.00213 0.00295 -0.01944 0.00446 -0.00036 0.99980
1661398642.055145979 0.00095 0.00204 0.00313 -0.01932 0.00462 -0.00053 0.99980
1661398642.065145969 0.00091 0.00197 0.00331 -0.01918 0.00484 -0.00074 0.99980
1661398642.075146198 0.00088 0.00193 0.00348 -0.01902 0.00508 -0.00097 0.99981
1661398642.085145950 0.00087 0.00191 0.00367 -0.01885 0.00534 -0.00120 0.99981
1661398642.095146179 0.00087 0.00189 0.00386 -0.01866 0.00560 -0.00142 0.99981
1661398642.105145931 0.00089 0.00189 0.00408 -0.01847 0.00582 -0.00162 0.99981
1661398642.115146160 0.00092 0.00188 0.00432 -0.01827 0.00599 -0.00177 0.99981
1661398642.125145912 0.00096 0.00186 0.00458 -0.01808 0.00610 -0.00187 0.99982
1661398642.135146141 0.00102 0.00183 0.00489 -0.01788 0.00611 -0.00190 0.99982
1661398642.145145893 0.00110 0.00178 0.00524 -0.01770 0.00602 -0.00184 0.99982
1661398642.155146122 0.00119 0.00170 0.00564 -0.01752 0.00580 -0.00169 0.99983
1661398642.165145874 0.00129 0.00160 0.00608 -0.01735 0.00547 -0.00144 0.99983
1661398642.175146103 0.00140 0.00148 0.00655 -0.01718 0.00508 -0.00110 0.99984
1661398642.185145855 0.00151 0.00134 0.00705 -0.01701 0.00464 -0.00067 0.99984
1661398642.195146084 0.00164 0.00117 0.00757 -0.01683 0.00418 -0.00015 0.99985
1661398642.205146074 0.00176 0.00099 0.00810 -0.01664 0.00375 0.00045 0.99985
1661398642.215146065 0.00189 0.00080 0.00863 -0.01643 0.00335 0.00113 0.99986
1661398642.225146055 0.00201 0.00058 0.00915 -0.01620 0.00303 0.00188 0.99986
1661398642.235146046 0.00213 0.00036 0.00967 -0.01595 0.00281 0.00270 0.99987
1661398642.245146036 0.00224 0.00012 0.01017 -0.01567 0.00273 0.00360 0.99987
1661398642.255146027 0.00234 -0.00013 0.01064 -0.01535 0.00280 0.00455 0.99987
1661398642.265146017 0.00244 -0.00038 0.01110 -0.01499 0.00301 0.00554 0.99987
1661398642.275146008 0.00252 -0.00065 0.01156 -0.01458 0.00335 0.00654 0.99987
1661398642.285145998 0.00261 -0.00094 0.01204 -0.01412 0.00380 0.00751 0.99986
1661398642.295145988 0.00269 -0.00123 0.01255 -0.01359 0.00434 0.00843 0.99986
1661398642.305145979 0.00276 -0.00155 0.01311 -0.01299 0.00496 0.00928 0.99986
1661398642.315145969 0.00284 -0.00188 0.01372 -0.01231 0.00564 0.01001 0.99986
1661398642.325145960 0.00292 -0.00222 0.01442 -0.01155 0.00637 0.01061 0.99986
1661398642.335146189 0.00300 -0.00259 0.01520 -0.01069 0.00711 0.01103 0.99986
1661398642.345145941 0.00308 -0.00298 0.01609 -0.00973 0.00787 0.01127 0.99986
1661398642.355146170 0.00316 -0.00340 0.01709 -0.00868 0.00860 0.01130 0.99986
1661398642.365145922 0.00320 -0.00390 0.01815 -0.00763 0.00923 0.01126 0.99986
1661398642.375146151 0.00313 -0.00455 0.01920 -0.00668 0.00968 0.01130 0.99987
1661398642.385145903 0.00293 -0.00540 0.02021 -0.00593 0.00984 0.01154 0.99987
1661398642.395146132 0.00262 -0.00637 0.02123 -0.00541 0.00967 0.01199 0.99987
1661398642.405145884 0.00229 -0.00734 0.02243 -0.00508 0.00915 0.01251 0.99987
1661398642.415146112 0.00203 -0.00815 0.02394 -0.00491 0.00825 0.01300 0.99987
1661398642.425145864 0.00191 -0.00874 0.02583 -0.00487 0.00696 0.01341 0.99987
1661398642.435146093 0.00193 -0.00917 0.02797 -0.00491 0.00531 0.01379 0.99988
1661398642.445145845 0.00209 -0.00949 0.03025 -0.00500 0.00332 0.01417 0.99988
1661398642.455146074 0.00241 -0.00977 0.03257 -0.00511 0.00103 0.01462 0.99988
1661398642.465146065 0.00284 -0.01002 0.03493 -0.00525 -0.00142 0.01514 0.99987
1661398642.475146055 0.00332 -0.01024 0.03738 -0.00545 -0.00392 0.01570 0.99985
1661398642.485146046 0.00381 -0.01042 0.03996 -0.00573 -0.00633 0.01632 0.99983
1661398642.495146036 0.00427 -0.01056 0.04270 -0.00611 -0.00851 0.01697 0.99980
1661398642.505146027 0.00464 -0.01066 0.04564 -0.00662 -0.01035 0.01765 0.99977
1661398642.515146017 0.00497 -0.01072 0.04873 -0.00722 -0.01183 0.01838 0.99973
1661398642.525146008 0.00529 -0.01076 0.05196 -0.00790 -0.01297 0.01916 0.99970
1661398642.535145998 0.00565 -0.01077 0.05527 -0.00862 -0.01377 0.02001 0.99967
1661398642.545145988 0.00609 -0.01076 0.05865 -0.00937 -0.01424 0.02092 0.99964
1661398642.555145979 0.00663 -0.01073 0.06204 -0.01011 -0.01439 0.02193 0.99960
1661398642.565145969 0.00727 -0.01068 0.06547 -0.01083 -0.01424 0.02301 0.99958
1661398642.575146198 0.00794 -0.01063 0.06896 -0.01150 -0.01384 0.02418 0.99955
1661398642.585145950 0.00863 -0.01056 0.07251 -0.01211 -0.01321 0.02544 0.99952
1661398642.595146179 0.00929 -0.01048 0.07615 -0.01263 -0.01238 0.02677 0.99949
1661398642.605145931 0.00989 -0.01039 0.07989 -0.01307 -0.01139 0.02819 0.99945
1661398642.615146160 0.01040 -0.01030 0.08374 -0.01342 -0.01024 0.02966 0.99942
1661398642.625145912 0.01077 -0.01020 0.08773 -0.01371 -0.00891 0.03118 0.99938
1661398642.635146141 0.01099 -0.01012 0.09185 -0.01395 -0.00742 0.03272 0.99934
1661398642.645145893 0.01101 -0.01005 0.09614 -0.01416 -0.00575 0.03426 0.99930
1661398642.655146122 0.01083 -0.00999 0.10058 -0.01435 -0.00390 0.03579 0.99925
1661398642.665145874 0.01047 -0.00994 0.10517 -0.01451 -0.00194 0.03729 0.99920
1661398642.675146103 0.00997 -0.00988 0.10989 -0.01465 0.00010 0.03875 0.99914
1661398642.685145855 0.00939 -0.00981 0.11472 -0.01473 0.00216 0.04015 0.99908
1661398642.695146084 0.00877 -0.00969 0.11965 -0.01477 0.00418 0.04150 0.99902
1661398642.705146074 0.00815 -0.00953 0.12464 -0.01475 0.00611 0.04279 0.99896
1661398642.715146065 0.00753 -0.00932 0.12971 -0.01466 0.00794 0.04403 0.99889
1661398642.725146055 0.00690 -0.00905 0.13482 -0.01452 0.00967 0.04527 0.99882
1661398642.735146046 0.00627 -0.00872 0.13999 -0.01433 0.01129 0.04654 0.99875
1661398642.745146036 0.00562 -0.00831 0.14520 -0.01408 0.01280 0.04787 0.99867
1661398642.755146027 0.00496 -0.00783 0.15044 -0.01378 0.01419 0.04928 0.99859
1661398642.765146017 0.00428 -0.00729 0.15570 -0.01344 0.01548 0.05079 0.99850
1661398642.775146008 0.00360 -0.00670 0.16098 -0.01307 0.01670 0.05239 0.99840
1661398642.785145998 0.00292 -0.00609 0.16626 -0.01269 0.01787 0.05408 0.99830
1661398642.795145988 0.00226 -0.00546 0.17153 -0.01230 0.01901 0.05587 0.99818
1661398642.805145979 0.00161 -0.00485 0.17679 -0.01191 0.02014 0.05774 0.99806
1661398642.815145969 0.00098 -0.00425 0.18202 -0.01155 0.02128 0.05971 0.99792
1661398642.825145960 0.00039 -0.00369 0.18722 -0.01122 0.02246 0.06177 0.99777
1661398642.835146189 -0.00017 -0.00319 0.19237 -0.01093 0.02370 0.06391 0.99761
1661398642.845145941 -0.00067 -0.00276 0.19747 -0.01070 0.02503 0.06615 0.99744
1661398642.855146170 -0.00114 -0.00240 0.20251 -0.01053 0.02645 0.06847 0.99725
1661398642.865145922 -0.00158 -0.00207 0.20752 -0.01043 0.02797 0.07085 0.99704
1661398642.875146151 -0.00202 -0.00170 0.21252 -0.01040 0.02958 0.07326 0.99682
1661398642.885145903 -0.00251 -0.00122 0.21753 -0.01043 0.03128 0.07567 0.99659
1661398642.895146132 -0.00308 -0.00058 0.22259 -0.01053 0.03307 0.07805 0.99634
1661398642.905145884 -0.00374 0.00028 0.22772 -0.01070 0.03492 0.08039 0.99609
1661398642.915146112 -0.00450 0.00133 0.23292 -0.01092 0.03681 0.08266 0.99584
1661398642.925145864 -0.00534 0.00253 0.23820 -0.01117 0.03870 0.08487 0.99558
1661398642.935146093 -0.00628 0.00385 0.24356 -0.01144 0.04056 0.08702 0.99531
1661398642.945145845 -0.00728 0.00525 0.24900 -0.01172 0.04233 0.08911 0.99505
1661398642.955146074 -0.00836 0.00669 0.25453 -0.01200 0.04400 0.09113 0.99479
1661398642.965146065 -0.00949 0.00816 0.26014 -0.01226 0.04554 0.09310 0.99454
1661398642.975146055 -0.01069 0.00965 0.26583 -0.01250 0.04694 0.09500 0.99429
1661398642.985146046 -0.01195 0.01114 0.27158 -0.01272 0.04820 0.09686 0.99405
1661398642.995146036 -0.01326 0.01262 0.27739 -0.01291 0.04930 0.09866 0.99382
1661398643.005146027 -0.01461 0.01409 0.28326 -0.01308 0.05023 0.10043 0.99359
1661398643.015146017 -0.01601 0.01553 0.28918 -0.01322 0.05098 0.10215 0.99337
1661398643.025146008 -0.01745 0.01693 0.29515 -0.01332 0.05154 0.10384 0.99317
1661398643.035145998 -0.01893 0.01828 0.30115 -0.01337 0.05190 0.10550 0.99297
1661398643.045145988 -0.02045 0.01956 0.30719 -0.01339 0.05205 0.10713 0.99279
1661398643.055145979 -0.02199 0.02078 0.31326 -0.01335 0.05198 0.10874 0.99262
1661398643.065145969 -0.02355 0.02193 0.31935 -0.01327 0.05171 0.11033 0.99246
1661398643.075146198 -0.02513 0.02303 0.32548 -0.01315 0.05126 0.11189 0.99231
1661398643.085145950 -0.02672 0.02409 0.33164 -0.01298 0.05066 0.11342 0.99217
1661398643.095146179 -0.02830 0.02513 0.33784 -0.01277 0.04993 0.11493 0.99204
1661398643.105145931 -0.02989 0.02614 0.34407 -0.01253 0.04909 0.11640 0.99191
1661398643.115146160 -0.03146 0.02714 0.35034 -0.01225 0.04816 0.11784 0.99179
1661398643.125145912 -0.03301 0.02815 0.35666 -0.01194 0.04716 0.11925 0.99167
1661398643.135146141 -0.03453 0.02917 0.36302 -0.01160 0.04613 0.12062 0.99156
1661398643.145145893 -0.03602 0.03022 0.36942 -0.01124 0.04507 0.12195 0.99145
1661398643.155146122 -0.03747 0.03130 0.37587 -0.01084 0.04402 0.12324 0.99134
1661398643.165145874 -0.03888 0.03240 0.38236 -0.01043 0.04298 0.12450 0.99123
1661398643.175146103 -0.04026 0.03351 0.38887 -0.00999 0.04197 0.12572 0.99113
1661398643.185145855 -0.04160 0.03462 0.39539 -0.00954 0.04101 0.12692 0.99102
1661398643.195146084 -0.04292 0.03570 0.40190 -0.00907 0.04010 0.12809 0.99091
1661398643.205146074 -0.04421 0.03675 0.40840 -0.00859 0.03925 0.12925 0.99080
1661398643.215146065 -0.04547 0.03775 0.41487 -0.00810 0.03849 0.13039 0.99068
1661398643.225146055 -0.04671 0.03869 0.42130 -0.00761 0.03781 0.13152 0.99056
1661398643.235146046 -0.04793 0.03955 0.42767 -0.00711 0.03725 0.13265 0.99044
1661398643.245146036 -0.04914 0.04032 0.43398 -0.00662 0.03680 0.13377 0.99031
1661398643.255146027 -0.05033 0.04099 0.44020 -0.00612 0.03647 0.13490 0.99017
1661398643.265146017 -0.05151 0.04156 0.44636 -0.00562 0.03625 0.13604 0.99002
1661398643.275146008 -0.05267 0.04204 0.45246 -0.00512 0.03612 0.13719 0.98987
1661398643.285145998 -0.05381 0.04244 0.45850 -0.00459 0.03605 0.13836 0.98971
1661398643.295145988 -0.05494 0.04277 0.46451 -0.00404 0.03602 0.13956 0.98955
1661398643.305145979 -0.05604 0.04302 0.47049 -0.00346 0.03601 0.14079 0.98938
1661398643.315145969 -0.05712 0.04322 0.47644 -0.00283 0.03599 0.14206 0.98920
1661398643.325145960 -0.05817 0.04336 0.48239 -0.00216 0.03595 0.14336 0.98901
1661398643.335146189 -0.05920 0.04346 0.48833 -0.00144 0.03586 0.14472 0.98882
1661398643.345145941 -0.06020 0.04352 0.49429 -0.00065 0.03569 0.14613 0.98862
1661398643.355146170 -0.06117 0.04355 0.50027 0.00020 0.03543 0.14759 0.98841
1661398643.365145922 -0.06211 0.04355 0.50626 0.00110 0.03510 0.14911 0.98820
1661398643.375146151 -0.06302 0.04350 0.51226 0.00206 0.03470 0.15068 0.98797
1661398643.385145903 -0.06391 0.04341 0.51826 0.00304 0.03426 0.15228 0.98774
1661398643.395146132 -0.06476 0.04327 0.52427 0.00406 0.03378 0.15391 0.98750
1661398643.405145884 -0.06558 0.04307 0.53028 0.00508 0.03329 0.15557 0.98725
1661398643.415146112 -0.06636 0.04281 0.53628 0.00611 0.03280 0.15724 0.98700
1661398643.425145864 -0.06712 0.04248 0.54226 0.00713 0.03233 0.15892 0.98674
1661398643.435146093 -0.06784 0.04208 0.54823 0.00813 0.03189 0.16061 0.98647
1661398643.445145845 -0.06853 0.04160 0.55417 0.00910 0.03150 0.16230 0.98620
1661398643.455146074 -0.06919 0.04104 0.56009 0.01003 0.03116 0.16398 0.98592
1661398643.465146065 -0.06982 0.04040 0.56599 0.01091 0.03088 0.16564 0.98564
1661398643.475146055 -0.07042 0.03969 0.57185 0.01173 0.03062 0.16729 0.98536
1661398643.485146046 -0.07099 0.03891 0.57769 0.01249 0.03037 0.16892 0.98508
1661398643.495146036 -0.07154 0.03808 0.58351 0.01318 0.03011 0.17054 0.98480
1661398643.505146027 -0.07207 0.03718 0.58929 0.01380 0.02982 0.17212 0.98453
1661398643.515146017 -0.07259 0.03625 0.59506 0.01433 0.02948 0.17368 0.98426
1661398643.525146008 -0.07309 0.03527 0.60080 0.01477 0.02908 0.17521 0.98399
1661398643.535145998 -0.07357 0.03425 0.60651 0.01511 0.02860 0.17671 0.98373
1661398643.545145988 -0.07405 0.03321 0.61220 0.01534 0.02802 0.17818 0.98348
1661398643.555145979 -0.07452 0.03214 0.61787 0.01547 0.02731 0.17960 0.98324
1661398643.565145969 -0.07499 0.03107 0.62351 0.01550 0.02649 0.18098 0.98301
1661398643.575146198 -0.07547 0.02999 0.62914 0.01546 0.02557 0.18232 0.98279
1661398643.585145950 -0.07597 0.02894 0.63474 0.01535 0.02453 0.18359 0.98258
1661398643.595146179 -0.07649 0.02791 0.64033 0.01519 0.02340 0.18481 0.98238
1661398643.605145931 -0.07705 0.02692 0.64591 0.01501 0.02218 0.18596 0.98219
1661398643.615146160 -0.07764 0.02598 0.65147 0.01481 0.02087 0.18704 0.98202
1661398643.625145912 -0.07829 0.02512 0.65702 0.01463 0.01948 0.18804 0.98186
1661398643.635146141 -0.07900 0.02433 0.66257 0.01446 0.01802 0.18896 0.98171
1661398643.645145893 -0.07978 0.02363 0.66810 0.01433 0.01648 0.18978 0.98158
1661398643.655146122 -0.08062 0.02303 0.67363 0.01426 0.01489 0.19052 0.98147
1661398643.665145874 -0.08150 0.02247 0.67913 0.01422 0.01326 0.19116 0.98137
1661398643.675146103 -0.08237 0.02188 0.68459 0.01423 0.01161 0.19171 0.98128
1661398643.685145855 -0.08320 0.02120 0.68998 0.01425 0.00999 0.19216 0.98121
1661398643.695146084 -0.08394 0.02035 0.69529 0.01427 0.00840 0.19252 0.98115
1661398643.705146074 -0.08458 0.01930 0.70050 0.01430 0.00688 0.19279 0.98111
1661398643.715146065 -0.08515 0.01803 0.70557 0.01432 0.00544 0.19298 0.98108
1661398643.725146055 -0.08572 0.01655 0.71046 0.01433 0.00407 0.19311 0.98106
1661398643.735146046 -0.08635 0.01487 0.71511 0.01433 0.00278 0.19321 0.98105
1661398643.745146036 -0.08711 0.01301 0.71950 0.01432 0.00157 0.19327 0.98104
1661398643.755146027 -0.08804 0.01097 0.72360 0.01429 0.00045 0.19333 0.98103
1661398643.765146017 -0.08910 0.00881 0.72746 0.01424 -0.00060 0.19337 0.98102
1661398643.775146008 -0.09021 0.00657 0.73117 0.01418 -0.00160 0.19339 0.98102
1661398643.785145998 -0.09132 0.00431 0.73481 0.01410 -0.00255 0.19339 0.98102
1661398643.795145988 -0.09236 0.00209 0.73844 0.01401 -0.00348 0.19336 0.98102
1661398643.805145979 -0.09329 -0.00005 0.74214 0.01391 -0.00440 0.19331 0.98103
1661398643.815145969 -0.09411 -0.00212 0.74588 0.01379 -0.00535 0.19323 0.98104
1661398643.825145960 -0.09487 -0.00414 0.74963 0.01367 -0.00635 0.19315 0.98105
1661398643.835146189 -0.09557 -0.00613 0.75335 0.01355 -0.00744 0.19307 0.98106
1661398643.845145941 -0.09626 -0.00811 0.75701 0.01343 -0.00864 0.19300 0.98107
1661398643.855146170 -0.09693 -0.01007 0.76061 0.01333 -0.00998 0.19295 0.98107
1661398643.865145922 -0.09745 -0.01192 0.76426 0.01330 -0.01138 0.19286 0.98107
1661398643.875146151 -0.09764 -0.01356 0.76810 0.01341 -0.01278 0.19269 0.98108
1661398643.885145903 -0.09735 -0.01489 0.77227 0.01373 -0.01411 0.19240 0.98112
1661398643.895146132 -0.09672 -0.01600 0.77664 0.01421 -0.01544 0.19197 0.98118
1661398643.905145884 -0.09604 -0.01707 0.78094 0.01476 -0.01690 0.19147 0.98124
1661398643.915146112 -0.09562 -0.01832 0.78490 0.01528 -0.01866 0.19095 0.98130
1661398643.925145864 -0.09559 -0.01983 0.78839 0.01571 -0.02071 0.19042 0.98136
1661398643.935146093 -0.09582 -0.02151 0.79151 0.01604 -0.02286 0.18992 0.98140
1661398643.945145845 -0.09618 -0.02327 0.79439 0.01629 -0.02489 0.18944 0.98144
1661398643.955146074 -0.09657 -0.02499 0.79712 0.01645 -0.02664 0.18901 0.98148
1661398643.965146065 -0.09714 -0.02647 0.79979 0.01657 -0.02813 0.18859 0.98151
1661398643.975146055 -0.09807 -0.02753 0.80244 0.01670 -0.02945 0.18818 0.98155
1661398643.985146046 -0.09953 -0.02798 0.80514 0.01689 -0.03068 0.18776 0.98159
1661398643.995146036 -0.10136 -0.02800 0.80785 0.01711 -0.03184 0.18728 0.98164
1661398644.005146027 -0.10320 -0.02797 0.81045 0.01730 -0.03288 0.18674 0.98171
1661398644.015146017 -0.10468 -0.02829 0.81286 0.01742 -0.03380 0.18609 0.98180
1661398644.025146008 -0.10565 -0.02908 0.81503 0.01742 -0.03456 0.18535 0.98191
1661398644.035145998 -0.10632 -0.03006 0.81699 0.01730 -0.03511 0.18457 0.98204
1661398644.045145988 -0.10691 -0.03092 0.81879 0.01708 -0.03544 0.18381 0.98217
1661398644.055145979 -0.10760 -0.03143 0.82049 0.01677 -0.03550 0.18312 0.98231
1661398644.065145969 -0.10837 -0.03165 0.82212 0.01638 -0.03534 0.18250 0.98243
1661398644.075146198 -0.10915 -0.03172 0.82370 0.01593 -0.03501 0.18192 0.98256
1661398644.085145950 -0.10989 -0.03179 0.82527 0.01544 -0.03454 0.18139 0.98268
1661398644.095146179 -0.11050 -0.03199 0.82686 0.01495 -0.03398 0.18087 0.98281
1661398644.105145931 -0.11094 -0.03245 0.82848 0.01446 -0.03337 0.18037 0.98293
1661398644.115146160 -0.11123 -0.03314 0.83010 0.01399 -0.03273 0.17986 0.98305
1661398644.125145912 -0.11139 -0.03398 0.83167 0.01353 -0.03207 0.17933 0.98317
1661398644.135146141 -0.11145 -0.03493 0.83314 0.01308 -0.03141 0.17878 0.98330
1661398644.145145893 -0.11145 -0.03593 0.83445 0.01264 -0.03075 0.17819 0.98343
1661398644.155146122 -0.11141 -0.03692 0.83557 0.01222 -0.03011 0.17756 0.98357
1661398644.165145874 -0.11134 -0.03790 0.83651 0.01182 -0.02950 0.17688 0.98372
1661398644.175146103 -0.11125 -0.03888 0.83730 0.01143 -0.02892 0.17618 0.98387
1661398644.185145855 -0.11113 -0.03986 0.83797 0.01106 -0.02838 0.17544 0.98402
1661398644.195146084 -0.11099 -0.04086 0.83855 0.01072 -0.02789 0.17470 0.98417
1661398644.205146074 -0.11085 -0.04188 0.83907 0.01039 -0.02745 0.17394 0.98432
1661398644.215146065 -0.11069 -0.04292 0.83955 0.01009 -0.02708 0.17319 0.98446
1661398644.225146055 -0.11054 -0.04400 0.84003 0.00981 -0.02679 0.17244 0.98461
1661398644.235146046 -0.11038 -0.04513 0.84053 0.00955 -0.02658 0.17171 0.98474
1661398644.245146036 -0.11024 -0.04630 0.84108 0.00932 -0.02646 0.17100 0.98487
1661398644.255146027 -0.11010 -0.04752 0.84171 0.00912 -0.02642 0.17033 0.98499
1661398644.265146017 -0.10997 -0.04878 0.84240 0.00895 -0.02647 0.16969 0.98510
1661398644.275146008 -0.10984 -0.05007 0.84315 0.00881 -0.02657 0.16908 0.98520
1661398644.285145998 -0.10971 -0.05137 0.84395 0.00871 -0.02671 0.16851 0.98530
1661398644.295145988 -0.10957 -0.05265 0.84479 0.00865 -0.02686 0.16797 0.98539
1661398644.305145979 -0.10941 -0.05392 0.84564 0.00862 -0.02700 0.16746 0.98547
1661398644.315145969 -0.10924 -0.05514 0.84650 0.00865 -0.02711 0.16699 0.98555
1661398644.325145960 -0.10904 -0.05631 0.84736 0.00872 -0.02716 0.16656 0.98562
1661398644.335146189 -0.10882 -0.05740 0.84821 0.00883 -0.02715 0.16616 0.98568
1661398644.345145941 -0.10856 -0.05841 0.84903 0.00901 -0.02705 0.16580 0.98575
1661398644.355146170 -0.10826 -0.05931 0.84982 0.00923 -0.02683 0.16548 0.98580
1661398644.365145922 -0.10794 -0.06012 0.85058 0.00951 -0.02653 0.16519 0.98586
1661398644.375146151 -0.10760 -0.06084 0.85131 0.00982 -0.02616 0.16495 0.98591
1661398644.385145903 -0.10726 -0.06147 0.85203 0.01016 -0.02574 0.16475 0.98595
1661398644.395146132 -0.10693 -0.06201 0.85274 0.01052 -0.02531 0.16459 0.98598
1661398644.405145884 -0.10662 -0.06249 0.85345 0.01089 -0.02487 0.16447 0.98601
1661398644.415146112 -0.10634 -0.06289 0.85416 0.01126 -0.02446 0.16440 0.98603
1661398644.425145864 -0.10611 -0.06323 0.85490 0.01162 -0.02410 0.16438 0.98603
1661398644.435146093 -0.10593 -0.06351 0.85565 0.01197 -0.02381 0.16441 0.98603
1661398644.445145845 -0.10583 -0.06374 0.85643 0.01228 -0.02361 0.16449 0.98602
1661398644.455146074 -0.10580 -0.06392 0.85725 0.01257 -0.02352 0.16462 0.98600
1661398644.465146065 -0.10584 -0.06405 0.85810 0.01281 -0.02355 0.16481 0.98596
1661398644.475146055 -0.10594 -0.06414 0.85898 0.01302 -0.02369 0.16503 0.98592
1661398644.485146046 -0.10610 -0.06419 0.85987 0.01319 -0.02392 0.16531 0.98586
1661398644.495146036 -0.10631 -0.06419 0.86077 0.01330 -0.02425 0.16562 0.98580
1661398644.505146027 -0.10655 -0.06415 0.86167 0.01338 -0.02467 0.16597 0.98573
1661398644.515146017 -0.10682 -0.06406 0.86257 0.01340 -0.02517 0.16635 0.98565
1661398644.525146008 -0.10711 -0.06393 0.86345 0.01337 -0.02575 0.16676 0.98557
1661398644.535145998 -0.10742 -0.06377 0.86432 0.01329 -0.02640 0.16720 0.98548
1661398644.545145988 -0.10772 -0.06356 0.86517 0.01315 -0.02712 0.16766 0.98538
1661398644.555145979 -0.10803 -0.06331 0.86598 0.01295 -0.02790 0.16814 0.98528
1661398644.565145969 -0.10833 -0.06301 0.86677 0.01270 -0.02872 0.16864 0.98518
1661398644.575146198 -0.10863 -0.06266 0.86755 0.01242 -0.02957 0.16914 0.98507
1661398644.585145950 -0.10894 -0.06226 0.86831 0.01210 -0.03043 0.16963 0.98496
1661398644.595146179 -0.10925 -0.06179 0.86906 0.01176 -0.03127 0.17011 0.98486
1661398644.605145931 -0.10958 -0.06125 0.86982 0.01141 -0.03210 0.17057 0.98476
1661398644.615146160 -0.10993 -0.06064 0.87059 0.01105 -0.03288 0.17101 0.98466
1661398644.625145912 -0.11029 -0.05994 0.87138 0.01070 -0.03360 0.17140 0.98457
1661398644.635146141 -0.11068 -0.05916 0.87219 0.01037 -0.03425 0.17175 0.98449
1661398644.645145893 -0.11110 -0.05828 0.87303 0.01005 -0.03480 0.17205 0.98442
1661398644.655146122 -0.11154 -0.05731 0.87390 0.00977 -0.03524 0.17229 0.98437
1661398644.665145874 -0.11201 -0.05626 0.87479 0.00953 -0.03559 0.17249 0.98432
1661398644.675146103 -0.11248 -0.05515 0.87569 0.00931 -0.03585 0.17265 0.98429
1661398644.685145855 -0.11296 -0.05401 0.87658 0.00912 -0.03604 0.17278 0.98426
1661398644.695146084 -0.11343 -0.05287 0.87745 0.00896 -0.03618 0.17291 0.98423
1661398644.705146074 -0.11387 -0.05173 0.87827 0.00882 -0.03628 0.17305 0.98421
1661398644.715146065 -0.11429 -0.05063 0.87904 0.00871 -0.03635 0.17320 0.98418
1661398644.725146055 -0.11466 -0.04959 0.87973 0.00861 -0.03641 0.17338 0.98414
1661398644.735146046 -0.11499 -0.04863 0.88034 0.00854 -0.03647 0.17361 0.98410
1661398644.745146036 -0.11525 -0.04776 0.88084 0.00849 -0.03654 0.17390 0.98405
1661398644.755146027 -0.11544 -0.04702 0.88123 0.00846 -0.03664 0.17425 0.98398
1661398644.765146017 -0.11558 -0.04637 0.88153 0.00844 -0.03677 0.17466 0.98391
1661398644.775146008 -0.11569 -0.04578 0.88177 0.00843 -0.03692 0.17511 0.98382
1661398644.785145998 -0.11578 -0.04523 0.88196 0.00844 -0.03708 0.17559 0.98373
1661398644.795145988 -0.11587 -0.04469 0.88215 0.00845 -0.03726 0.17608 0.98363
1661398644.805145979 -0.11598 -0.04413 0.88235 0.00847 -0.03745 0.17656 0.98354
1661398644.815145969 -0.11614 -0.04351 0.88259 0.00849 -0.03765 0.17703 0.98345
1661398644.825145960 -0.11635 -0.04282 0.88291 0.00852 -0.03785 0.17746 0.98336
1661398644.835146189 -0.11663 -0.04201 0.88332 0.00854 -0.03804 0.17785 0.98329
1661398644.845145941 -0.11701 -0.04107 0.88386 0.00856 -0.03824 0.17817 0.98322
1661398644.855146170 -0.11750 -0.03997 0.88454 0.00857 -0.03842 0.17842 0.98317
1661398644.865145922 -0.11809 -0.03871 0.88535 0.00858 -0.03861 0.17861 0.98312
1661398644.875146151 -0.11876 -0.03733 0.88625 0.00859 -0.03880 0.17876 0.98309
1661398644.885145903 -0.11949 -0.03584 0.88723 0.00859 -0.03900 0.17888 0.98306
1661398644.895146132 -0.12028 -0.03427 0.88826 0.00860 -0.03923 0.17899 0.98303
1661398644.905145884 -0.12110 -0.03263 0.88930 0.00861 -0.03949 0.17912 0.98300
1661398644.915146112 -0.12194 -0.03094 0.89034 0.00863 -0.03979 0.17928 0.98296
1661398644.925145864 -0.12278 -0.02922 0.89136 0.00865 -0.04013 0.17948 0.98291
1661398644.935146093 -0.12361 -0.02750 0.89231 0.00868 -0.04053 0.17974 0.98284
1661398644.945145845 -0.12441 -0.02579 0.89318 0.00872 -0.04100 0.18009 0.98276
1661398644.955146074 -0.12516 -0.02411 0.89395 0.00877 -0.04153 0.18053 0.98265
1661398644.965146065 -0.12589 -0.02245 0.89462 0.00883 -0.04212 0.18106 0.98253
1661398644.975146055 -0.12658 -0.02082 0.89523 0.00889 -0.04275 0.18167 0.98239
1661398644.985146046 -0.12726 -0.01921 0.89577 0.00896 -0.04341 0.18234 0.98224
1661398644.995146036 -0.12792 -0.01761 0.89628 0.00904 -0.04409 0.18306 0.98207
1661398645.005146027 -0.12859 -0.01602 0.89677 0.00911 -0.04477 0.18382 0.98190
1661398645.015146017 -0.12926 -0.01443 0.89725 0.00918 -0.04544 0.18462 0.98172
1661398645.025146008 -0.12994 -0.01283 0.89775 0.00925 -0.04609 0.18543 0.98153
1661398645.035145998 -0.13065 -0.01123 0.89828 0.00931 -0.04670 0.18625 0.98135
1661398645.045145988 -0.13140 -0.00961 0.89886 0.00936 -0.04726 0.18707 0.98117
1661398645.055145979 -0.13218 -0.00797 0.89950 0.00940 -0.04775 0.18787 0.98099
1661398645.065145969 -0.13300 -0.00634 0.90021 0.00944 -0.04820 0.18865 0.98082
1661398645.075146198 -0.13385 -0.00472 0.90098 0.00947 -0.04860 0.18941 0.98065
1661398645.085145950 -0.13471 -0.00315 0.90181 0.00951 -0.04898 0.19015 0.98049
1661398645.095146179 -0.13559 -0.00164 0.90269 0.00955 -0.04935 0.19086 0.98033
1661398645.105145931 -0.13647 -0.00022 0.90362 0.00961 -0.04971 0.19154 0.98018
1661398645.115146160 -0.13735 0.00109 0.90460 0.00969 -0.05008 0.19218 0.98003
1661398645.125145912 -0.13821 0.00228 0.90562 0.00978 -0.05048 0.19279 0.97989
1661398645.135146141 -0.13906 0.00332 0.90669 0.00991 -0.05091 0.19337 0.97975
1661398645.145145893 -0.13989 0.00420 0.90779 0.01007 -0.05140 0.19390 0.97962
1661398645.155146122 -0.14068 0.00489 0.90892 0.01026 -0.05194 0.19440 0.97949
1661398645.165145874 -0.14145 0.00542 0.91008 0.01050 -0.05253 0.19485 0.97937
1661398645.175146103 -0.14219 0.00583 0.91124 0.01078 -0.05316 0.19527 0.97925
1661398645.185145855 -0.14291 0.00615 0.91239 0.01110 -0.05382 0.19565 0.97913
1661398645.195146084 -0.14362 0.00642 0.91352 0.01147 -0.05450 0.19601 0.97902
1661398645.205146074 -0.14433 0.00665 0.91462 0.01189 -0.05519 0.19634 0.97891
1661398645.215146065 -0.14503 0.00690 0.91567 0.01237 -0.05587 0.19665 0.97880
1661398645.225146055 -0.14573 0.00718 0.91665 0.01290 -0.05655 0.19695 0.97870
1661398645.235146046 -0.14643 0.00754 0.91755 0.01349 -0.05719 0.19723 0.97859
1661398645.245146036 -0.14715 0.00800 0.91837 0.01414 -0.05781 0.19751 0.97849
1661398645.255146027 -0.14788 0.00860 0.91908 0.01485 -0.05838 0.19777 0.97840
1661398645.265146017 -0.14863 0.00931 0.91970 0.01561 -0.05891 0.19803 0.97830
1661398645.275146008 -0.14938 0.01013 0.92022 0.01641 -0.05939 0.19829 0.97821
1661398645.285145998 -0.15013 0.01104 0.92067 0.01721 -0.05983 0.19853 0.97812
1661398645.295145988 -0.15089 0.01202 0.92105 0.01802 -0.06023 0.19875 0.97803
1661398645.305145979 -0.15164 0.01305 0.92137 0.01881 -0.06059 0.19896 0.97795
1661398645.315145969 -0.15239 0.01411 0.92164 0.01958 -0.06091 0.19916 0.97788
1661398645.325145960 -0.15312 0.01520 0.92186 0.02029 -0.06119 0.19934 0.97781
1661398645.335146189 -0.15384 0.01628 0.92205 0.02094 -0.06144 0.19950 0.97775
1661398645.345145941 -0.15454 0.01735 0.92221 0.02151 -0.06165 0.19963 0.97769
1661398645.355146170 -0.15521 0.01838 0.92235 0.02199 -0.06182 0.19974 0.97765
1661398645.365145922 -0.15587 0.01937 0.92249 0.02238 -0.06196 0.19984 0.97761
1661398645.375146151 -0.15650 0.02029 0.92263 0.02268 -0.06209 0.19992 0.97758
1661398645.385145903 -0.15713 0.02115 0.92277 0.02291 -0.06219 0.20000 0.97755
1661398645.395146132 -0.15773 0.02192 0.92294 0.02306 -0.06229 0.20008 0.97753
1661398645.405145884 -0.15833 0.02259 0.92312 0.02314 -0.06239 0.20016 0.97750
1661398645.415146112 -0.15891 0.02315 0.92334 0.02317 -0.06248 0.20026 0.97747
1661398645.425145864 -0.15949 0.02359 0.92361 0.02313 -0.06259 0.20037 0.97744
1661398645.435146093 -0.16007 0.02390 0.92392 0.02305 -0.06271 0.20051 0.97741
1661398645.445145845 -0.16065 0.02405 0.92429 0.02292 -0.06286 0.20068 0.97737
1661398645.455146074 -0.16122 0.02405 0.92473 0.02275 -0.06303 0.20088 0.97732
1661398645.465146065 -0.16180 0.02391 0.92522 0.02255 -0.06323 0.20112 0.97726
1661398645.475146055 -0.16237 0.02365 0.92576 0.02232 -0.06346 0.20138 0.97720
1661398645.485146046 -0.16295 0.02330 0.92634 0.02207 -0.06372 0.20167 0.97713
1661398645.495146036 -0.16353 0.02287 0.92695 0.02180 -0.06401 0.20198 0.97705
1661398645.505146027 -0.16411 0.02238 0.92759 0.02151 -0.06432 0.20231 0.97697
1661398645.515146017 -0.16469 0.02185 0.92823 0.02122 -0.06467 0.20265 0.97688
1661398645.525146008 -0.16527 0.02131 0.92887 0.02093 -0.06505 0.20301 0.97679
1661398645.535145998 -0.16585 0.02078 0.92950 0.02065 -0.06546 0.20337 0.97669
1661398645.545145988 -0.16642 0.02028 0.93012 0.02037 -0.06590 0.20374 0.97659
1661398645.555145979 -0.16700 0.01982 0.93071 0.02011 -0.06637 0.20410 0.97649
1661398645.565145969 -0.16759 0.01940 0.93128 0.01987 -0.06687 0.20447 0.97638
1661398645.575146198 -0.16817 0.01904 0.93182 0.01965 -0.06739 0.20484 0.97628
1661398645.585145950 -0.16877 0.01871 0.93234 0.01945 -0.06793 0.20520 0.97617
1661398645.595146179 -0.16937 0.01843 0.93283 0.01927 -0.06849 0.20556 0.97605
1661398645.605145931 -0.16999 0.01819 0.93331 0.01912 -0.06906 0.20592 0.97594
1661398645.615146160 -0.17062 0.01800 0.93377 0.01900 -0.06963 0.20628 0.97583
1661398645.625145912 -0.17127 0.01784 0.93422 0.01890 -0.07022 0.20663 0.97571
1661398645.635146141 -0.17194 0.01771 0.93465 0.01884 -0.07080 0.20698 0.97560
1661398645.645145893 -0.17263 0.01763 0.93506 0.01881 -0.07138 0.20732 0.97548
1661398645.655146122 -0.17335 0.01757 0.93547 0.01882 -0.07195 0.20766 0.97537
1661398645.665145874 -0.17409 0.01755 0.93586 0.01885 -0.07251 0.20798 0.97526
1661398645.675146103 -0.17483 0.01756 0.93623 0.01890 -0.07305 0.20830 0.97515
1661398645.685145855 -0.17559 0.01759 0.93659 0.01896 -0.07356 0.20860 0.97505
1661398645.695146084 -0.17634 0.01764 0.93693 0.01901 -0.07404 0.20888 0.97495
1661398645.705146074 -0.17709 0.01771 0.93725 0.01905 -0.07448 0.20913 0.97486
1661398645.715146065 -0.17782 0.01780 0.93755 0.01907 -0.07487 0.20937 0.97478
1661398645.725146055 -0.17853 0.01789 0.93783 0.01906 -0.07521 0.20957 0.97471
1661398645.735146046 -0.17922 0.01800 0.93809 0.01900 -0.07549 0.20974 0.97465
1661398645.745146036 -0.17988 0.01811 0.93832 0.01890 -0.07571 0.20988 0.97461
1661398645.755146027 -0.18050 0.01822 0.93852 0.01873 -0.07585 0.20998 0.97458
1661398645.765146017 -0.18108 0.01833 0.93870 0.01851 -0.07592 0.21005 0.97456
1661398645.775146008 -0.18164 0.01842 0.93888 0.01825 -0.07593 0.21009 0.97456
1661398645.785145998 -0.18216 0.01851 0.93904 0.01794 -0.07589 0.21011 0.97456
1661398645.795145988 -0.18265 0.01857 0.93921 0.01761 -0.07579 0.21012 0.97457
1661398645.805145979 -0.18313 0.01860 0.93938 0.01725 -0.07565 0.21012 0.97459
1661398645.815145969 -0.18358 0.01860 0.93956 0.01688 -0.07548 0.21012 0.97461
1661398645.825145960 -0.18401 0.01857 0.93977 0.01649 -0.07527 0.21013 0.97463
1661398645.835146189 -0.18442 0.01849 0.94001 0.01611 -0.07503 0.21014 0.97465
1661398645.845145941 -0.18483 0.01836 0.94028 0.01573 -0.07478 0.21018 0.97467
1661398645.855146170 -0.18522 0.01817 0.94059 0.01536 -0.07451 0.21023 0.97469
1661398645.865145922 -0.18561 0.01794 0.94094 0.01502 -0.07423 0.21031 0.97470
1661398645.875146151 -0.18599 0.01766 0.94133 0.01471 -0.07396 0.21040 0.97470
1661398645.885145903 -0.18638 0.01735 0.94176 0.01443 -0.07370 0.21052 0.97470
1661398645.895146132 -0.18676 0.01701 0.94222 0.01421 -0.07347 0.21065 0.97469
1661398645.905145884 -0.18714 0.01665 0.94273 0.01404 -0.07326 0.21079 0.97468
1661398645.915146112 -0.18753 0.01627 0.94328 0.01393 -0.07309 0.21095 0.97466
1661398645.925145864 -0.18793 0.01588 0.94386 0.01389 -0.07297 0.21112 0.97463
1661398645.935146093 -0.18833 0.01548 0.94448 0.01394 -0.07290 0.21130 0.97460
1661398645.945145845 -0.18875 0.01509 0.94514 0.01408 -0.07290 0.21149 0.97456
1661398645.955146074 -0.18919 0.01470 0.94583 0.01431 -0.07298 0.21168 0.97451
1661398645.965146065 -0.18963 0.01431 0.94656 0.01462 -0.07312 0.21187 0.97445
1661398645.975146055 -0.19008 0.01392 0.94732 0.01499 -0.07333 0.21206 0.97439
1661398645.985146046 -0.19053 0.01352 0.94812 0.01542 -0.07359 0.21225 0.97432
1661398645.995146036 -0.19097 0.01310 0.94895 0.01588 -0.07391 0.21242 0.97425
1661398646.005146027 -0.19141 0.01266 0.94981 0.01637 -0.07427 0.21258 0.97418
1661398646.015146017 -0.19183 0.01218 0.95069 0.01685 -0.07467 0.21272 0.97411
1661398646.025146008 -0.19223 0.01167 0.95161 0.01732 -0.07511 0.21283 0.97404
1661398646.035145998 -0.19260 0.01111 0.95256 0.01776 -0.07558 0.21292 0.97398
1661398646.045145988 -0.19294 0.01049 0.95353 0.01816 -0.07608 0.21298 0.97392
1661398646.055145979 -0.19325 0.00983 0.95452 0.01850 -0.07659 0.21300 0.97387
1661398646.065145969 -0.19353 0.00912 0.95553 0.01877 -0.07711 0.21298 0.97383
1661398646.075146198 -0.19379 0.00838 0.95654 0.01898 -0.07762 0.21293 0.97380
1661398646.085145950 -0.19405 0.00763 0.95755 0.01911 -0.07809 0.21284 0.97377
1661398646.095146179 -0.19429 0.00689 0.95854 0.01916 -0.07853 0.21272 0.97376
1661398646.105145931 -0.19455 0.00617 0.95950 0.01914 -0.07891 0.21256 0.97377
1661398646.115146160 -0.19481 0.00548 0.96043 0.01903 -0.07922 0.21237 0.97379
1661398646.125145912 -0.19510 0.00485 0.96130 0.01882 -0.07943 0.21215 0.97382
1661398646.135146141 -0.19542 0.00428 0.96212 0.01853 -0.07955 0.21189 0.97388
1661398646.145145893 -0.19578 0.00380 0.96286 0.01814 -0.07954 0.21159 0.97395
1661398646.155146122 -0.19618 0.00341 0.96353 0.01764 -0.07941 0.21126 0.97404
1661398646.165145874 -0.19662 0.00310 0.96413 0.01707 -0.07918 0.21091 0.97414
1661398646.175146103 -0.19709 0.00285 0.96469 0.01643 -0.07887 0.21055 0.97426
1661398646.185145855 -0.19758 0.00263 0.96521 0.01574 -0.07852 0.21018 0.97438
1661398646.195146084 -0.19808 0.00242 0.96572 0.01502 -0.07816 0.20983 0.97449
1661398646.205146074 -0.19859 0.00220 0.96623 0.01429 -0.07781 0.20949 0.97461
1661398646.215146065 -0.19910 0.00196 0.96676 0.01356 -0.07752 0.20918 0.97470
1661398646.225146055 -0.19961 0.00166 0.96732 0.01286 -0.07731 0.20892 0.97479
1661398646.235146046 -0.20009 0.00128 0.96793 0.01219 -0.07720 0.20870 0.97485
1661398646.245146036 -0.20055 0.00082 0.96861 0.01159 -0.07724 0.20855 0.97489
1661398646.255146027 -0.20098 0.00024 0.96936 0.01106 -0.07744 0.20847 0.97489
1661398646.265146017 -0.20138 -0.00043 0.97018 0.01060 -0.07780 0.20846 0.97487
1661398646.275146008 -0.20176 -0.00118 0.97105 0.01021 -0.07829 0.20851 0.97483
1661398646.285145998 -0.20213 -0.00198 0.97196 0.00987 -0.07891 0.20860 0.97476
1661398646.295145988 -0.20249 -0.00280 0.97287 0.00958 -0.07962 0.20874 0.97468
1661398646.305145979 -0.20285 -0.00363 0.97378 0.00933 -0.08042 0.20892 0.97458
1661398646.315145969 -0.20321 -0.00445 0.97468 0.00912 -0.08128 0.20912 0.97446
1661398646.325145960 -0.20358 -0.00523 0.97553 0.00894 -0.08219 0.20933 0.97434
1661398646.335146189 -0.20397 -0.00595 0.97634 0.00878 -0.08313 0.20956 0.97422
1661398646.345145941 -0.20438 -0.00659 0.97707 0.00863 -0.08408 0.20979 0.97408
1661398646.355146170 -0.20481 -0.00714 0.97771 0.00849 -0.08503 0.21002 0.97395
1661398646.365145922 -0.20528 -0.00760 0.97829 0.00837 -0.08597 0.21024 0.97383
1661398646.375146151 -0.20577 -0.00798 0.97880 0.00825 -0.08690 0.21046 0.97370
1661398646.385145903 -0.20629 -0.00831 0.97927 0.00815 -0.08780 0.21066 0.97357
1661398646.395146132 -0.20682 -0.00860 0.97970 0.00806 -0.08868 0.21086 0.97345
1661398646.405145884 -0.20738 -0.00887 0.98012 0.00800 -0.08952 0.21104 0.97334
1661398646.415146112 -0.20796 -0.00914 0.98054 0.00795 -0.09033 0.21121 0.97322
1661398646.425145864 -0.20856 -0.00941 0.98096 0.00792 -0.09109 0.21137 0.97312
1661398646.435146093 -0.20917 -0.00971 0.98141 0.00791 -0.09181 0.21151 0.97302
1661398646.445145845 -0.20980 -0.01005 0.98190 0.00793 -0.09248 0.21163 0.97293
1661398646.455146074 -0.21044 -0.01044 0.98244 0.00798 -0.09308 0.21173 0.97285
1661398646.465146065 -0.21109 -0.01088 0.98303 0.00805 -0.09365 0.21182 0.97278
1661398646.475146055 -0.21175 -0.01135 0.98364 0.00813 -0.09417 0.21190 0.97271
1661398646.485146046 -0.21241 -0.01185 0.98427 0.00823 -0.09467 0.21196 0.97265
1661398646.495146036 -0.21308 -0.01235 0.98490 0.00834 -0.09516 0.21202 0.97259
1661398646.505146027 -0.21374 -0.01286 0.98553 0.00845 -0.09564 0.21207 0.97253
1661398646.515146017 -0.21441 -0.01335 0.98615 0.00856 -0.09613 0.21212 0.97247
1661398646.525146008 -0.21507 -0.01382 0.98673 0.00866 -0.09664 0.21218 0.97240
1661398646.535145998 -0.21572 -0.01425 0.98727 0.00875 -0.09717 0.21223 0.97234
1661398646.545145988 -0.21636 -0.01463 0.98775 0.00882 -0.09775 0.21229 0.97226
1661398646.555145979 -0.21699 -0.01496 0.98818 0.00887 -0.09837 0.21237 0.97219
1661398646.565145969 -0.21760 -0.01524 0.98855 0.00891 -0.09904 0.21245 0.97210
1661398646.575146198 -0.21820 -0.01548 0.98887 0.00892 -0.09973 0.21253 0.97201
1661398646.585145950 -0.21878 -0.01570 0.98917 0.00891 -0.10045 0.21262 0.97192
1661398646.595146179 -0.21933 -0.01590 0.98945 0.00889 -0.10117 0.21272 0.97182
1661398646.605145931 -0.21987 -0.01611 0.98972 0.00884 -0.10189 0.21281 0.97173
1661398646.615146160 -0.22037 -0.01631 0.98999 0.00878 -0.10259 0.21290 0.97163
1661398646.625145912 -0.22086 -0.01654 0.99028 0.00869 -0.10328 0.21299 0.97154
1661398646.635146141 -0.22131 -0.01680 0.99059 0.00859 -0.10393 0.21307 0.97146
1661398646.645145893 -0.22173 -0.01711 0.99095 0.00847 -0.10453 0.21315 0.97137
1661398646.655146122 -0.22212 -0.01746 0.99135 0.00834 -0.10508 0.21322 0.97130
1661398646.665145874 -0.22248 -0.01785 0.99178 0.00819 -0.10558 0.21328 0.97123
1661398646.675146103 -0.22282 -0.01827 0.99225 0.00804 -0.10604 0.21334 0.97117
1661398646.685145855 -0.22314 -0.01870 0.99273 0.00789 -0.10646 0.21340 0.97111
1661398646.695146084 -0.22344 -0.01912 0.99321 0.00775 -0.10685 0.21346 0.97106
1661398646.705146074 -0.22374 -0.01953 0.99368 0.00761 -0.10721 0.21353 0.97101
1661398646.715146065 -0.22403 -0.01990 0.99412 0.00750 -0.10754 0.21361 0.97095
1661398646.725146055 -0.22432 -0.02023 0.99454 0.00741 -0.10786 0.21370 0.97090
1661398646.735146046 -0.22461 -0.02050 0.99490 0.00734 -0.10817 0.21380 0.97084
1661398646.745146036 -0.22491 -0.02069 0.99521 0.00731 -0.10847 0.21392 0.97078
1661398646.755146027 -0.22523 -0.02080 0.99545 0.00732 -0.10877 0.21406 0.97072
1661398646.765146017 -0.22555 -0.02084 0.99564 0.00737 -0.10908 0.21422 0.97065
1661398646.775146008 -0.22588 -0.02083 0.99578 0.00744 -0.10940 0.21440 0.97057
1661398646.785145998 -0.22621 -0.02080 0.99589 0.00754 -0.10974 0.21459 0.97049
1661398646.795145988 -0.22653 -0.02076 0.99599 0.00764 -0.11010 0.21480 0.97040
1661398646.805145979 -0.22684 -0.02075 0.99609 0.00776 -0.11049 0.21501 0.97031
1661398646.815145969 -0.22714 -0.02077 0.99620 0.00788 -0.11092 0.21524 0.97021
1661398646.825145960 -0.22743 -0.02086 0.99635 0.00799 -0.11139 0.21548 0.97010
1661398646.835146189 -0.22768 -0.02103 0.99653 0.00809 -0.11191 0.21573 0.96999
1661398646.845145941 -0.22791 -0.02131 0.99677 0.00818 -0.11247 0.21598 0.96986
1661398646.855146170 -0.22812 -0.02170 0.99708 0.00824 -0.11310 0.21624 0.96973
1661398646.865145922 -0.22829 -0.02219 0.99745 0.00828 -0.11377 0.21650 0.96959
1661398646.875146151 -0.22846 -0.02274 0.99787 0.00830 -0.11449 0.21676 0.96945
1661398646.885145903 -0.22863 -0.02331 0.99833 0.00831 -0.11523 0.21703 0.96931
1661398646.895146132 -0.22880 -0.02387 0.99882 0.00831 -0.11599 0.21728 0.96916
1661398646.905145884 -0.22899 -0.02439 0.99933 0.00831 -0.11676 0.21753 0.96901
1661398646.915146112 -0.22921 -0.02483 0.99985 0.00830 -0.11752 0.21778 0.96886
1661398646.925145864 -0.22946 -0.02516 1.00037 0.00829 -0.11827 0.21801 0.96872
1661398646.935146093 -0.22977 -0.02534 1.00088 0.00829 -0.11900 0.21824 0.96858
1661398646.945145845 -0.23013 -0.02533 1.00136 0.00830 -0.11970 0.21845 0.96844
1661398646.955146074 -0.23055 -0.02513 1.00182 0.00833 -0.12035 0.21864 0.96832
1661398646.965146065 -0.23104 -0.02475 1.00225 0.00836 -0.12096 0.21882 0.96820
1661398646.975146055 -0.23156 -0.02424 1.00266 0.00840 -0.12154 0.21898 0.96809
1661398646.985146046 -0.23211 -0.02364 1.00306 0.00845 -0.12209 0.21913 0.96799
1661398646.995146036 -0.23267 -0.02300 1.00345 0.00849 -0.12262 0.21926 0.96789
1661398647.005146027 -0.23324 -0.02236 1.00383 0.00854 -0.12312 0.21938 0.96780
1661398647.015146017 -0.23379 -0.02176 1.00423 0.00859 -0.12361 0.21948 0.96772
1661398647.025146008 -0.23432 -0.02124 1.00463 0.00863 -0.12408 0.21957 0.96764
1661398647.035145998 -0.23481 -0.02086 1.00505 0.00866 -0.12455 0.21965 0.96756
1661398647.045145988 -0.23525 -0.02064 1.00549 0.00868 -0.12502 0.21971 0.96748
1661398647.055145979 -0.23563 -0.02062 1.00596 0.00869 -0.12548 0.21975 0.96741
1661398647.065145969 -0.23595 -0.02079 1.00645 0.00869 -0.12596 0.21979 0.96734
1661398647.075146198 -0.23622 -0.02112 1.00696 0.00868 -0.12644 0.21982 0.96727
1661398647.085145950 -0.23645 -0.02157 1.00748 0.00866 -0.12693 0.21984 0.96721
1661398647.095146179 -0.23665 -0.02212 1.00801 0.00864 -0.12743 0.21985 0.96714
1661398647.105145931 -0.23683 -0.02273 1.00855 0.00862 -0.12794 0.21986 0.96707
1661398647.115146160 -0.23699 -0.02339 1.00909 0.00861 -0.12847 0.21987 0.96699
1661398647.125145912 -0.23715 -0.02405 1.00963 0.00859 -0.12902 0.21989 0.96692
1661398647.135146141 -0.23731 -0.02470 1.01016 0.00859 -0.12959 0.21990 0.96684
1661398647.145145893 -0.23748 -0.02530 1.01067 0.00859 -0.13019 0.21993 0.96675
1661398647.155146122 -0.23767 -0.02583 1.01117 0.00861 -0.13081 0.21996 0.96666
1661398647.165145874 -0.23788 -0.02628 1.01165 0.00864 -0.13145 0.21999 0.96657
1661398647.175146103 -0.23810 -0.02666 1.01210 0.00869 -0.13211 0.22004 0.96647
1661398647.185145855 -0.23833 -0.02698 1.01253 0.00876 -0.13278 0.22008 0.96636
1661398647.195146084 -0.23858 -0.02724 1.01293 0.00885 -0.13346 0.22013 0.96626
1661398647.205146074 -0.23883 -0.02744 1.01329 0.00896 -0.13415 0.22018 0.96615
1661398647.215146065 -0.23908 -0.02758 1.01363 0.00910 -0.13483 0.22022 0.96604
1661398647.225146055 -0.23934 -0.02768 1.01392 0.00926 -0.13551 0.22027 0.96594
1661398647.235146046 -0.23960 -0.02773 1.01417 0.00946 -0.13618 0.22030 0.96583
1661398647.245146036 -0.23986 -0.02774 1.01438 0.00968 -0.13684 0.22034 0.96573
1661398647.255146027 -0.24012 -0.02772 1.01454 0.00994 -0.13748 0.22036 0.96563
1661398647.265146017 -0.24037 -0.02766 1.01466 0.01023 -0.13810 0.22038 0.96553
1661398647.275146008 -0.24063 -0.02757 1.01476 0.01054 -0.13870 0.22039 0.96544
1661398647.285145998 -0.24088 -0.02745 1.01483 0.01088 -0.13929 0.22039 0.96535
1661398647.295145988 -0.24115 -0.02732 1.01490 0.01123 -0.13987 0.22039 0.96527
1661398647.305145979 -0.24143 -0.02718 1.01497 0.01159 -0.14042 0.22038 0.96518
1661398647.315145969 -0.24172 -0.02702 1.01506 0.01196 -0.14097 0.22036 0.96510
1661398647.325145960 -0.24203 -0.02686 1.01516 0.01234 -0.14150 0.22033 0.96503
1661398647.335146189 -0.24235 -0.02669 1.01529 0.01272 -0.14201 0.22030 0.96496
1661398647.345145941 -0.24270 -0.02653 1.01547 0.01309 -0.14251 0.22026 0.96488
1661398647.355146170 -0.24307 -0.02638 1.01569 0.01345 -0.14300 0.22022 0.96482
1661398647.365145922 -0.24347 -0.02623 1.01595 0.01381 -0.14348 0.22016 0.96475
1661398647.375146151 -0.24387 -0.02610 1.01624 0.01415 -0.14395 0.22010 0.96469
1661398647.385145903 -0.24428 -0.02597 1.01655 0.01448 -0.14441 0.22003 0.96463
1661398647.395146132 -0.24469 -0.02585 1.01688 0.01478 -0.14487 0.21996 0.96458
1661398647.405145884 -0.24509 -0.02574 1.01721 0.01507 -0.14532 0.21987 0.96453
1661398647.415146112 -0.24547 -0.02565 1.01754 0.01534 -0.14577 0.21977 0.96448
1661398647.425145864 -0.24584 -0.02556 1.01785 0.01558 -0.14621 0.21967 0.96443
1661398647.435146093 -0.24617 -0.02549 1.01813 0.01579 -0.14665 0.21955 0.96439
1661398647.445145845 -0.24648 -0.02543 1.01838 0.01598 -0.14710 0.21942 0.96434
1661398647.455146074 -0.24674 -0.02538 1.01859 0.01613 -0.14755 0.21928 0.96430
1661398647.465146065 -0.24697 -0.02534 1.01876 0.01625 -0.14800 0.21914 0.96427
1661398647.475146055 -0.24718 -0.02532 1.01890 0.01635 -0.14846 0.21898 0.96423
1661398647.485146046 -0.24736 -0.02530 1.01900 0.01643 -0.14894 0.21882 0.96419
1661398647.495146036 -0.24753 -0.02530 1.01908 0.01648 -0.14942 0.21866 0.96415
1661398647.505146027 -0.24770 -0.02531 1.01913 0.01652 -0.14992 0.21850 0.96411
1661398647.515146017 -0.24787 -0.02532 1.01917 0.01655 -0.15045 0.21834 0.96406
1661398647.525146008 -0.24806 -0.02534 1.01919 0.01656 -0.15099 0.21819 0.96401
1661398647.535145998 -0.24826 -0.02537 1.01920 0.01657 -0.15156 0.21804 0.96396
1661398647.545145988 -0.24848 -0.02541 1.01920 0.01657 -0.15216 0.21790 0.96389
1661398647.555145979 -0.24874 -0.02545 1.01920 0.01657 -0.15278 0.21778 0.96382
1661398647.565145969 -0.24903 -0.02550 1.01920 0.01657 -0.15343 0.21767 0.96374
1661398647.575146198 -0.24933 -0.02556 1.01919 0.01657 -0.15410 0.21757 0.96366
1661398647.585145950 -0.24966 -0.02563 1.01918 0.01657 -0.15478 0.21748 0.96357
1661398647.595146179 -0.24999 -0.02571 1.01917 0.01656 -0.15547 0.21741 0.96348
1661398647.605145931 -0.25033 -0.02580 1.01915 0.01656 -0.15616 0.21735 0.96338
1661398647.615146160 -0.25068 -0.02590 1.01912 0.01655 -0.15685 0.21730 0.96328
1661398647.625145912 -0.25102 -0.02602 1.01910 0.01654 -0.15752 0.21726 0.96318
1661398647.635146141 -0.25135 -0.02615 1.01906 0.01652 -0.15818 0.21724 0.96308
1661398647.645145893 -0.25166 -0.02630 1.01903 0.01651 -0.15882 0.21722 0.96297
1661398647.655146122 -0.25196 -0.02647 1.01898 0.01649 -0.15943 0.21723 0.96287
1661398647.665145874 -0.25224 -0.02666 1.01894 0.01648 -0.16002 0.21724 0.96277
1661398647.675146103 -0.25251 -0.02686 1.01890 0.01646 -0.16058 0.21727 0.96267
1661398647.685145855 -0.25276 -0.02708 1.01886 0.01645 -0.16111 0.21731 0.96257
1661398647.695146084 -0.25301 -0.02731 1.01884 0.01645 -0.16163 0.21736 0.96248
1661398647.705146074 -0.25326 -0.02755 1.01883 0.01646 -0.16212 0.21743 0.96238
1661398647.715146065 -0.25350 -0.02781 1.01884 0.01648 -0.16260 0.21751 0.96228
1661398647.725146055 -0.25374 -0.02808 1.01888 0.01652 -0.16306 0.21760 0.96218
1661398647.735146046 -0.25398 -0.02836 1.01895 0.01657 -0.16351 0.21771 0.96208
1661398647.745146036 -0.25423 -0.02865 1.01904 0.01664 -0.16394 0.21783 0.96198
1661398647.755146027 -0.25449 -0.02895 1.01918 0.01674 -0.16435 0.21797 0.96187
1661398647.765146017 -0.25476 -0.02925 1.01934 0.01685 -0.16477 0.21811 0.96177
1661398647.775146008 -0.25504 -0.02956 1.01952 0.01697 -0.16517 0.21827 0.96166
1661398647.785145998 -0.25532 -0.02987 1.01971 0.01711 -0.16558 0.21844 0.96155
1661398647.795145988 -0.25561 -0.03018 1.01990 0.01725 -0.16599 0.21862 0.96143
1661398647.805145979 -0.25591 -0.03048 1.02008 0.01740 -0.16642 0.21881 0.96131
1661398647.815145969 -0.25622 -0.03078 1.02024 0.01754 -0.16685 0.21901 0.96119
1661398647.825145960 -0.25654 -0.03106 1.02037 0.01768 -0.16731 0.21921 0.96106
1661398647.835146189 -0.25686 -0.03134 1.02047 0.01781 -0.16778 0.21942 0.96093
1661398647.845145941 -0.25719 -0.03160 1.02053 0.01792 -0.16829 0.21964 0.96079
1661398647.855146170 -0.25752 -0.03184 1.02053 0.01802 -0.16882 0.21986 0.96064
1661398647.865145922 -0.25785 -0.03207 1.02050 0.01810 -0.16937 0.22008 0.96049
1661398647.875146151 -0.25819 -0.03230 1.02043 0.01816 -0.16994 0.22030 0.96034
1661398647.885145903 -0.25852 -0.03254 1.02035 0.01820 -0.17050 0.22051 0.96020
1661398647.895146132 -0.25884 -0.03278 1.02027 0.01821 -0.17105 0.22071 0.96005
1661398647.905145884 -0.25914 -0.03305 1.02021 0.01821 -0.17157 0.22089 0.95992
1661398647.915146112 -0.25943 -0.03334 1.02016 0.01817 -0.17206 0.22106 0.95979
1661398647.925145864 -0.25969 -0.03366 1.02016 0.01811 -0.17251 0.22120 0.95968
1661398647.935146093 -0.25993 -0.03403 1.02021 0.01803 -0.17290 0.22131 0.95958
1661398647.945145845 -0.26014 -0.03444 1.02033 0.01791 -0.17323 0.22140 0.95951
1661398647.955146074 -0.26032 -0.03490 1.02053 0.01777 -0.17348 0.22145 0.95945
1661398647.965146065 -0.26048 -0.03542 1.02079 0.01760 -0.17367 0.22147 0.95942
1661398647.975146055 -0.26062 -0.03596 1.02113 0.01741 -0.17382 0.22146 0.95939
1661398647.985146046 -0.26076 -0.03653 1.02153 0.01721 -0.17395 0.22143 0.95938
1661398647.995146036 -0.26091 -0.03712 1.02198 0.01700 -0.17407 0.22139 0.95937
1661398648.005146027 -0.26107 -0.03772 1.02248 0.01679 -0.17421 0.22134 0.95936
1661398648.015146017 -0.26127 -0.03832 1.02302 0.01659 -0.17437 0.22127 0.95935
1661398648.025146008 -0.26150 -0.03890 1.02360 0.01639 -0.17459 0.22121 0.95933
1661398648.035145998 -0.26179 -0.03947 1.02421 0.01621 -0.17487 0.22115 0.95930
1661398648.045145988 -0.26213 -0.04000 1.02484 0.01605 -0.17523 0.22109 0.95925
1661398648.055145979 -0.26255 -0.04050 1.02549 0.01592 -0.17569 0.22105 0.95917
1661398648.065145969 -0.26303 -0.04097 1.02616 0.01582 -0.17626 0.22102 0.95908
1661398648.075146198 -0.26356 -0.04142 1.02684 0.01576 -0.17693 0.22100 0.95896
1661398648.085145950 -0.26415 -0.04187 1.02752 0.01575 -0.17770 0.22100 0.95882
1661398648.095146179 -0.26479 -0.04233 1.02821 0.01578 -0.17857 0.22101 0.95866
1661398648.105145931 -0.26546 -0.04281 1.02889 0.01586 -0.17954 0.22104 0.95847
1661398648.115146160 -0.26617 -0.04331 1.02957 0.01601 -0.18061 0.22108 0.95825
1661398648.125145912 -0.26691 -0.04386 1.03024 0.01622 -0.18178 0.22115 0.95801
1661398648.135146141 -0.26767 -0.04447 1.03090 0.01650 -0.18305 0.22123 0.95775
1661398648.145145893 -0.26844 -0.04514 1.03154 0.01686 -0.18441 0.22133 0.95745
1661398648.155146122 -0.26923 -0.04589 1.03217 0.01729 -0.18588 0.22146 0.95714
1661398648.165145874 -0.27002 -0.04670 1.03277 0.01779 -0.18742 0.22159 0.95679
1661398648.175146103 -0.27083 -0.04757 1.03336 0.01836 -0.18902 0.22174 0.95643
1661398648.185145855 -0.27164 -0.04849 1.03394 0.01897 -0.19066 0.22188 0.95606
1661398648.195146084 -0.27247 -0.04944 1.03452 0.01962 -0.19233 0.22200 0.95569
1661398648.205146074 -0.27331 -0.05041 1.03509 0.02029 -0.19400 0.22212 0.95531
1661398648.215146065 -0.27417 -0.05140 1.03565 0.02098 -0.19565 0.22220 0.95494
1661398648.225146055 -0.27503 -0.05238 1.03622 0.02168 -0.19727 0.22225 0.95458
1661398648.235146046 -0.27591 -0.05336 1.03679 0.02237 -0.19883 0.22226 0.95423
1661398648.245146036 -0.27681 -0.05431 1.03736 0.02304 -0.20032 0.22223 0.95392
1661398648.255146027 -0.27772 -0.05523 1.03795 0.02369 -0.20173 0.22213 0.95363
1661398648.265146017 -0.27864 -0.05614 1.03855 0.02431 -0.20305 0.22199 0.95336
1661398648.275146008 -0.27956 -0.05704 1.03915 0.02491 -0.20429 0.22180 0.95313
1661398648.285145998 -0.28047 -0.05795 1.03977 0.02548 -0.20547 0.22157 0.95291
1661398648.295145988 -0.28138 -0.05889 1.04040 0.02603 -0.20659 0.22130 0.95272
1661398648.305145979 -0.28227 -0.05986 1.04104 0.02656 -0.20765 0.22099 0.95254
1661398648.315145969 -0.28314 -0.06088 1.04170 0.02706 -0.20868 0.22066 0.95238
1661398648.325145960 -0.28398 -0.06197 1.04236 0.02755 -0.20966 0.22031 0.95223
1661398648.335146189 -0.28478 -0.06313 1.04304 0.02803 -0.21062 0.21993 0.95209
1661398648.345145941 -0.28555 -0.06439 1.04373 0.02848 -0.21156 0.21955 0.95196
1661398648.355146170 -0.28627 -0.06575 1.04444 0.02892 -0.21249 0.21915 0.95183
1661398648.365145922 -0.28694 -0.06719 1.04515 0.02935 -0.21339 0.21874 0.95171
1661398648.375146151 -0.28758 -0.06869 1.04584 0.02974 -0.21428 0.21833 0.95159
1661398648.385145903 -0.28819 -0.07023 1.04652 0.03011 -0.21514 0.21792 0.95148
1661398648.395146132 -0.28878 -0.07177 1.04716 0.03044 -0.21598 0.21750 0.95138
1661398648.405145884 -0.28934 -0.07329 1.04776 0.03074 -0.21677 0.21709 0.95128
1661398648.415146112 -0.28989 -0.07478 1.04831 0.03098 -0.21753 0.21669 0.95119
1661398648.425145864 -0.29044 -0.07620 1.04878 0.03118 -0.21824 0.21629 0.95111
1661398648.435146093 -0.29098 -0.07753 1.04918 0.03133 -0.21891 0.21591 0.95104
1661398648.445145845 -0.29152 -0.07875 1.04949 0.03141 -0.21952 0.21553 0.95098
1661398648.455146074 -0.29206 -0.07983 1.04970 0.03144 -0.22008 0.21517 0.95094
1661398648.465146065 -0.29262 -0.08080 1.04981 0.03140 -0.22058 0.21483 0.95090
1661398648.475146055 -0.29318 -0.08169 1.04985 0.03132 -0.22104 0.21449 0.95087
1661398648.485146046 -0.29373 -0.08251 1.04983 0.03119 -0.22146 0.21417 0.95085
1661398648.495146036 -0.29429 -0.08329 1.04975 0.03102 -0.22185 0.21386 0.95083
1661398648.505146027 -0.29485 -0.08407 1.04963 0.03083 -0.22222 0.21356 0.95082
1661398648.515146017 -0.29540 -0.08486 1.04949 0.03062 -0.22256 0.21327 0.95081
1661398648.525146008 -0.29594 -0.08569 1.04933 0.03039 -0.22289 0.21299 0.95081
1661398648.535145998 -0.29648 -0.08659 1.04916 0.03015 -0.22322 0.21271 0.95080
1661398648.545145988 -0.29700 -0.08758 1.04901 0.02991 -0.22354 0.21243 0.95079
1661398648.555145979 -0.29751 -0.08868 1.04888 0.02968 -0.22387 0.21216 0.95078
1661398648.565145969 -0.29801 -0.08988 1.04877 0.02946 -0.22421 0.21190 0.95077
1661398648.575146198 -0.29851 -0.09118 1.04868 0.02924 -0.22455 0.21163 0.95076
1661398648.585145950 -0.29902 -0.09256 1.04863 0.02904 -0.22489 0.21137 0.95074
1661398648.595146179 -0.29953 -0.09401 1.04860 0.02885 -0.22523 0.21111 0.95072
1661398648.605145931 -0.30005 -0.09551 1.04860 0.02867 -0.22558 0.21086 0.95070
1661398648.615146160 -0.30059 -0.09706 1.04863 0.02851 -0.22593 0.21060 0.95068
1661398648.625145912 -0.30115 -0.09864 1.04870 0.02837 -0.22628 0.21035 0.95065
1661398648.635146141 -0.30175 -0.10024 1.04880 0.02824 -0.22663 0.21010 0.95063
1661398648.645145893 -0.30238 -0.10184 1.04894 0.02814 -0.22698 0.20986 0.95061
1661398648.655146122 -0.30304 -0.10344 1.04912 0.02806 -0.22732 0.20961 0.95058
1661398648.665145874 -0.30374 -0.10503 1.04931 0.02799 -0.22767 0.20937 0.95055
1661398648.675146103 -0.30446 -0.10662 1.04950 0.02794 -0.22801 0.20912 0.95052
1661398648.685145855 -0.30520 -0.10820 1.04967 0.02791 -0.22835 0.20888 0.95050
1661398648.695146084 -0.30596 -0.10977 1.04981 0.02788 -0.22869 0.20864 0.95047
1661398648.705146074 -0.30672 -0.11133 1.04988 0.02787 -0.22903 0.20841 0.95044
1661398648.715146065 -0.30749 -0.11289 1.04988 0.02786 -0.22937 0.20817 0.95041
1661398648.725146055 -0.30824 -0.11443 1.04978 0.02785 -0.22971 0.20794 0.95038
1661398648.735146046 -0.30898 -0.11597 1.04957 0.02784 -0.23004 0.20771 0.95035
1661398648.745146036 -0.30971 -0.11750 1.04922 0.02783 -0.23038 0.20748 0.95032
1661398648.755146027 -0.31040 -0.11903 1.04873 0.02782 -0.23071 0.20726 0.95028
1661398648.765146017 -0.31108 -0.12055 1.04810 0.02779 -0.23104 0.20703 0.95026
1661398648.775146008 -0.31174 -0.12206 1.04735 0.02774 -0.23134 0.20679 0.95024
1661398648.785145998 -0.31238 -0.12358 1.04652 0.02766 -0.23162 0.20654 0.95023
1661398648.795145988 -0.31302 -0.12511 1.04562 0.02755 -0.23187 0.20626 0.95023
1661398648.805145979 -0.31365 -0.12665 1.04467 0.02738 -0.23207 0.20596 0.95025
1661398648.815145969 -0.31427 -0.12820 1.04369 0.02716 -0.23222 0.20562 0.95029
1661398648.825145960 -0.31490 -0.12978 1.04270 0.02688 -0.23230 0.20524 0.95036
1661398648.835146189 -0.31554 -0.13137 1.04173 0.02653 -0.23232 0.20482 0.95046
1661398648.845145941 -0.31619 -0.13300 1.04080 0.02609 -0.23226 0.20435 0.95059
1661398648.855146170 -0.31686 -0.13465 1.03992 0.02558 -0.23211 0.20382 0.95075
1661398648.865145922 -0.31754 -0.13633 1.03910 0.02498 -0.23190 0.20323 0.95094
1661398648.875146151 -0.31825 -0.13804 1.03833 0.02433 -0.23165 0.20261 0.95115
1661398648.885145903 -0.31899 -0.13977 1.03761 0.02364 -0.23138 0.20194 0.95138
1661398648.895146132 -0.31977 -0.14153 1.03693 0.02292 -0.23111 0.20125 0.95161
1661398648.905145884 -0.32058 -0.14330 1.03630 0.02219 -0.23087 0.20053 0.95184
1661398648.915146112 -0.32144 -0.14509 1.03571 0.02145 -0.23068 0.19979 0.95206
1661398648.925145864 -0.32236 -0.14690 1.03516 0.02074 -0.23056 0.19904 0.95226
1661398648.935146093 -0.32332 -0.14872 1.03465 0.02005 -0.23053 0.19829 0.95244
1661398648.945145845 -0.32435 -0.15055 1.03417 0.01942 -0.23062 0.19754 0.95258
1661398648.955146074 -0.32543 -0.15240 1.03372 0.01884 -0.23084 0.19680 0.95270
1661398648.965146065 -0.32657 -0.15426 1.03330 0.01832 -0.23117 0.19607 0.95278
1661398648.975146055 -0.32774 -0.15614 1.03289 0.01785 -0.23159 0.19535 0.95283
1661398648.985146046 -0.32892 -0.15805 1.03248 0.01744 -0.23207 0.19464 0.95287
1661398648.995146036 -0.33012 -0.16000 1.03207 0.01709 -0.23257 0.19394 0.95289
1661398649.005146027 -0.33130 -0.16199 1.03166 0.01678 -0.23309 0.19325 0.95291
1661398649.015146017 -0.33245 -0.16403 1.03122 0.01652 -0.23358 0.19258 0.95293
1661398649.025146008 -0.33356 -0.16613 1.03076 0.01631 -0.23402 0.19192 0.95296
1661398649.035145998 -0.33461 -0.16830 1.03026 0.01614 -0.23439 0.19127 0.95300
1661398649.045145988 -0.33560 -0.17053 1.02972 0.01601 -0.23465 0.19064 0.95307
1661398649.055145979 -0.33649 -0.17284 1.02913 0.01592 -0.23479 0.19002 0.95316
1661398649.065145969 -0.33732 -0.17522 1.02850 0.01586 -0.23482 0.18941 0.95327
1661398649.075146198 -0.33809 -0.17766 1.02783 0.01584 -0.23476 0.18880 0.95341
1661398649.085145950 -0.33881 -0.18016 1.02714 0.01585 -0.23463 0.18819 0.95356
1661398649.095146179 -0.33950 -0.18269 1.02643 0.01589 -0.23445 0.18757 0.95373
1661398649.105145931 -0.34018 -0.18526 1.02572 0.01596 -0.23423 0.18694 0.95391
1661398649.115146160 -0.34086 -0.18786 1.02502 0.01606 -0.23401 0.18628 0.95409
1661398649.125145912 -0.34155 -0.19047 1.02432 0.01618 -0.23379 0.18559 0.95427
1661398649.135146141 -0.34227 -0.19309 1.02365 0.01633 -0.23360 0.18487 0.95446
1661398649.145145893 -0.34303 -0.19571 1.02301 0.01650 -0.23345 0.18411 0.95464
1661398649.155146122 -0.34385 -0.19833 1.02242 0.01669 -0.23337 0.18330 0.95481
1661398649.165145874 -0.34472 -0.20095 1.02186 0.01689 -0.23334 0.18245 0.95498
1661398649.175146103 -0.34563 -0.20359 1.02135 0.01711 -0.23335 0.18156 0.95514
1661398649.185145855 -0.34659 -0.20627 1.02088 0.01733 -0.23340 0.18062 0.95530
1661398649.195146084 -0.34758 -0.20899 1.02046 0.01756 -0.23347 0.17965 0.95546
1661398649.205146074 -0.34859 -0.21179 1.02010 0.01779 -0.23355 0.17864 0.95563
1661398649.215146065 -0.34963 -0.21466 1.01978 0.01801 -0.23363 0.17759 0.95580
1661398649.225146055 -0.35069 -0.21763 1.01952 0.01823 -0.23370 0.17650 0.95598
1661398649.235146046 -0.35175 -0.22071 1.01931 0.01843 -0.23375 0.17538 0.95617
1661398649.245146036 -0.35282 -0.22391 1.01916 0.01862 -0.23377 0.17423 0.95637
1661398649.255146027 -0.35389 -0.22723 1.01905 0.01879 -0.23374 0.17305 0.95659
1661398649.265146017 -0.35500 -0.23059 1.01895 0.01894 -0.23368 0.17185 0.95682
1661398649.275146008 -0.35620 -0.23386 1.01880 0.01910 -0.23357 0.17064 0.95706
1661398649.285145998 -0.35753 -0.23694 1.01855 0.01925 -0.23344 0.16942 0.95730
1661398649.295145988 -0.35904 -0.23972 1.01813 0.01941 -0.23327 0.16822 0.95755
1661398649.305145979 -0.36075 -0.24212 1.01752 0.01958 -0.23308 0.16702 0.95781
1661398649.315145969 -0.36262 -0.24424 1.01675 0.01976 -0.23283 0.16584 0.95807
1661398649.325145960 -0.36458 -0.24620 1.01586 0.01994 -0.23249 0.16465 0.95835
1661398649.335146189 -0.36658 -0.24814 1.01491 0.02010 -0.23203 0.16344 0.95867
1661398649.345145941 -0.36854 -0.25017 1.01393 0.02025 -0.23141 0.16221 0.95902
1661398649.355146170 -0.37043 -0.25239 1.01298 0.02036 -0.23063 0.16094 0.95942
1661398649.365145922 -0.37224 -0.25481 1.01206 0.02046 -0.22969 0.15963 0.95986
1661398649.375146151 -0.37398 -0.25739 1.01115 0.02053 -0.22863 0.15831 0.96034
1661398649.385145903 -0.37566 -0.26011 1.01025 0.02058 -0.22747 0.15696 0.96083
1661398649.395146132 -0.37729 -0.26292 1.00935 0.02063 -0.22625 0.15560 0.96134
1661398649.405145884 -0.37889 -0.26580 1.00845 0.02066 -0.22500 0.15423 0.96185
1661398649.415146112 -0.38046 -0.26872 1.00754 0.02070 -0.22374 0.15287 0.96236
1661398649.425145864 -0.38202 -0.27165 1.00661 0.02073 -0.22251 0.15151 0.96286
1661398649.435146093 -0.38358 -0.27456 1.00566 0.02077 -0.22133 0.15017 0.96334
1661398649.445145845 -0.38514 -0.27741 1.00467 0.02082 -0.22024 0.14885 0.96380
1661398649.455146074 -0.38672 -0.28019 1.00365 0.02089 -0.21925 0.14755 0.96422
1661398649.465146065 -0.38832 -0.28289 1.00261 0.02096 -0.21835 0.14630 0.96461
1661398649.475146055 -0.38994 -0.28553 1.00155 0.02103 -0.21752 0.14509 0.96498
1661398649.485146046 -0.39157 -0.28812 1.00050 0.02110 -0.21674 0.14395 0.96533
1661398649.495146036 -0.39322 -0.29066 0.99947 0.02116 -0.21597 0.14287 0.96566
1661398649.505146027 -0.39488 -0.29318 0.99848 0.02121 -0.21519 0.14188 0.96598
1661398649.515146017 -0.39656 -0.29568 0.99754 0.02124 -0.21439 0.14099 0.96629
1661398649.525146008 -0.39825 -0.29817 0.99666 0.02123 -0.21353 0.14020 0.96659
1661398649.535145998 -0.39994 -0.30066 0.99586 0.02120 -0.21259 0.13953 0.96690
1661398649.545145988 -0.40165 -0.30317 0.99516 0.02113 -0.21155 0.13898 0.96720
1661398649.555145979 -0.40336 -0.30569 0.99456 0.02101 -0.21039 0.13857 0.96752
1661398649.565145969 -0.40507 -0.30824 0.99406 0.02086 -0.20912 0.13827 0.96784
1661398649.575146198 -0.40678 -0.31080 0.99364 0.02067 -0.20776 0.13807 0.96816
1661398649.585145950 -0.40847 -0.31335 0.99329 0.02046 -0.20633 0.13794 0.96849
1661398649.595146179 -0.41015 -0.31591 0.99299 0.02022 -0.20485 0.13787 0.96882
1661398649.605145931 -0.41179 -0.31845 0.99272 0.01997 -0.20334 0.13782 0.96916
1661398649.615146160 -0.41340 -0.32096 0.99249 0.01971 -0.20180 0.13778 0.96949
1661398649.625145912 -0.41497 -0.32345 0.99226 0.01944 -0.20028 0.13772 0.96982
1661398649.635146141 -0.41648 -0.32590 0.99203 0.01917 -0.19877 0.13763 0.97014
1661398649.645145893 -0.41794 -0.32831 0.99178 0.01891 -0.19731 0.13748 0.97047
1661398649.655146122 -0.41934 -0.33067 0.99149 0.01866 -0.19590 0.13725 0.97079
1661398649.665145874 -0.42069 -0.33297 0.99118 0.01843 -0.19457 0.13697 0.97110
1661398649.675146103 -0.42200 -0.33523 0.99084 0.01823 -0.19333 0.13664 0.97140
1661398649.685145855 -0.42328 -0.33743 0.99047 0.01807 -0.19219 0.13628 0.97168
1661398649.695146084 -0.42454 -0.33958 0.99007 0.01795 -0.19116 0.13591 0.97194
1661398649.705146074 -0.42580 -0.34167 0.98965 0.01788 -0.19026 0.13554 0.97217
1661398649.715146065 -0.42706 -0.34372 0.98922 0.01787 -0.18951 0.13521 0.97236
1661398649.725146055 -0.42835 -0.34571 0.98876 0.01794 -0.18890 0.13491 0.97252
1661398649.735146046 -0.42967 -0.34765 0.98828 0.01808 -0.18847 0.13468 0.97263
1661398649.745146036 -0.43103 -0.34954 0.98779 0.01830 -0.18823 0.13452 0.97270
1661398649.755146027 -0.43244 -0.35138 0.98729 0.01862 -0.18817 0.13446 0.97271
1661398649.765146017 -0.43390 -0.35319 0.98678 0.01900 -0.18828 0.13446 0.97268
1661398649.775146008 -0.43539 -0.35498 0.98627 0.01945 -0.18852 0.13452 0.97262
1661398649.785145998 -0.43691 -0.35678 0.98575 0.01993 -0.18885 0.13460 0.97253
1661398649.795145988 -0.43845 -0.35860 0.98523 0.02044 -0.18925 0.13470 0.97243
1661398649.805145979 -0.43999 -0.36046 0.98471 0.02095 -0.18968 0.13478 0.97233
1661398649.815145969 -0.44153 -0.36239 0.98421 0.02144 -0.19010 0.13482 0.97223
1661398649.825145960 -0.44305 -0.36439 0.98371 0.02189 -0.19049 0.13480 0.97214
1661398649.835146189 -0.44456 -0.36649 0.98323 0.02230 -0.19081 0.13471 0.97208
1661398649.845145941 -0.44603 -0.36870 0.98276 0.02264 -0.19102 0.13451 0.97206
1661398649.855146170 -0.44745 -0.37105 0.98232 0.02289 -0.19110 0.13420 0.97208
1661398649.865145922 -0.44884 -0.37352 0.98191 0.02307 -0.19106 0.13377 0.97215
1661398649.875146151 -0.45019 -0.37611 0.98154 0.02318 -0.19090 0.13325 0.97225
1661398649.885145903 -0.45151 -0.37881 0.98121 0.02325 -0.19065 0.13265 0.97238
1661398649.895146132 -0.45279 -0.38161 0.98094 0.02328 -0.19030 0.13198 0.97254
1661398649.905145884 -0.45403 -0.38450 0.98074 0.02329 -0.18988 0.13126 0.97272
1661398649.915146112 -0.45525 -0.38748 0.98061 0.02329 -0.18939 0.13049 0.97291
1661398649.925145864 -0.45643 -0.39053 0.98057 0.02329 -0.18885 0.12969 0.97313
1661398649.935146093 -0.45759 -0.39365 0.98063 0.02331 -0.18827 0.12889 0.97334
1661398649.945145845 -0.45873 -0.39683 0.98078 0.02336 -0.18766 0.12808 0.97357
1661398649.955146074 -0.45984 -0.40006 0.98104 0.02344 -0.18704 0.12728 0.97379
1661398649.965146065 -0.46093 -0.40334 0.98140 0.02356 -0.18642 0.12650 0.97401
1661398649.975146055 -0.46200 -0.40665 0.98182 0.02370 -0.18582 0.12574 0.97422
1661398649.985146046 -0.46306 -0.41001 0.98231 0.02385 -0.18525 0.12500 0.97442
1661398649.995146036 -0.46412 -0.41341 0.98282 0.02400 -0.18474 0.12429 0.97460
1661398650.005146027 -0.46516 -0.41683 0.98335 0.02414 -0.18431 0.12359 0.97477
1661398650.015146017 -0.46621 -0.42028 0.98387 0.02425 -0.18396 0.12293 0.97491
1661398650.025146008 -0.46725 -0.42376 0.98437 0.02433 -0.18372 0.12230 0.97504
1661398650.035145998 -0.46830 -0.42726 0.98483 0.02437 -0.18361 0.12170 0.97513
1661398650.045145988 -0.46935 -0.43078 0.98522 0.02435 -0.18364 0.12113 0.97520
1661398650.055145979 -0.47041 -0.43431 0.98553 0.02427 -0.18383 0.12061 0.97523
1661398650.065145969 -0.47149 -0.43787 0.98576 0.02413 -0.18415 0.12011 0.97523
1661398650.075146198 -0.47257 -0.44144 0.98592 0.02393 -0.18459 0.11965 0.97521
1661398650.085145950 -0.47367 -0.44505 0.98601 0.02368 -0.18511 0.11922 0.97517
1661398650.095146179 -0.47477 -0.44869 0.98604 0.02339 -0.18569 0.11881 0.97512
1661398650.105145931 -0.47588 -0.45238 0.98600 0.02306 -0.18630 0.11842 0.97506
1661398650.115146160 -0.47700 -0.45611 0.98592 0.02270 -0.18693 0.11805 0.97499
1661398650.125145912 -0.47813 -0.45989 0.98578 0.02231 -0.18754 0.11770 0.97492
1661398650.135146141 -0.47926 -0.46373 0.98559 0.02190 -0.18812 0.11736 0.97486
1661398650.145145893 -0.48041 -0.46763 0.98537 0.02148 -0.18863 0.11703 0.97481
1661398650.155146122 -0.48156 -0.47160 0.98511 0.02104 -0.18906 0.11671 0.97478
1661398650.165145874 -0.48272 -0.47562 0.98482 0.02059 -0.18939 0.11640 0.97476
1661398650.175146103 -0.48388 -0.47971 0.98450 0.02012 -0.18963 0.11609 0.97476
1661398650.185145855 -0.48505 -0.48384 0.98415 0.01965 -0.18978 0.11580 0.97478
1661398650.195146084 -0.48622 -0.48801 0.98378 0.01916 -0.18982 0.11552 0.97481
1661398650.205146074 -0.48739 -0.49222 0.98340 0.01865 -0.18977 0.11526 0.97486
1661398650.215146065 -0.48856 -0.49646 0.98300 0.01813 -0.18962 0.11501 0.97493
1661398650.225146055 -0.48973 -0.50072 0.98259 0.01760 -0.18936 0.11477 0.97502
1661398650.235146046 -0.49089 -0.50499 0.98218 0.01704 -0.18899 0.11456 0.97513
1661398650.245146036 -0.49206 -0.50928 0.98176 0.01647 -0.18851 0.11436 0.97525
1661398650.255146027 -0.49322 -0.51356 0.98134 0.01588 -0.18793 0.11419 0.97539
1661398650.265146017 -0.49437 -0.51786 0.98092 0.01528 -0.18726 0.11404 0.97555
1661398650.275146008 -0.49551 -0.52216 0.98050 0.01467 -0.18652 0.11390 0.97572
1661398650.285145998 -0.49664 -0.52647 0.98008 0.01405 -0.18574 0.11378 0.97589
1661398650.295145988 -0.49775 -0.53080 0.97965 0.01344 -0.18494 0.11368 0.97606
1661398650.305145979 -0.49885 -0.53514 0.97921 0.01283 -0.18414 0.11359 0.97623
1661398650.315145969 -0.49992 -0.53950 0.97876 0.01224 -0.18337 0.11352 0.97639
1661398650.325145960 -0.50097 -0.54388 0.97831 0.01166 -0.18265 0.11346 0.97654
1661398650.335146189 -0.50199 -0.54829 0.97784 0.01109 -0.18200 0.11340 0.97667
1661398650.345145941 -0.50298 -0.55272 0.97736 0.01056 -0.18145 0.11336 0.97679
1661398650.355146170 -0.50395 -0.55718 0.97687 0.01005 -0.18100 0.11332 0.97688
1661398650.365145922 -0.50488 -0.56167 0.97636 0.00957 -0.18065 0.11329 0.97695
1661398650.375146151 -0.50579 -0.56619 0.97584 0.00908 -0.18036 0.11326 0.97702
1661398650.385145903 -0.50669 -0.57073 0.97532 0.00860 -0.18011 0.11322 0.97707
1661398650.395146132 -0.50757 -0.57529 0.97478 0.00809 -0.17986 0.11319 0.97713
1661398650.405145884 -0.50844 -0.57987 0.97424 0.00756 -0.17959 0.11314 0.97718
1661398650.415146112 -0.50932 -0.58448 0.97369 0.00698 -0.17928 0.11308 0.97725
1661398650.425145864 -0.51019 -0.58910 0.97315 0.00636 -0.17889 0.11301 0.97734
1661398650.435146093 -0.51108 -0.59374 0.97260 0.00566 -0.17839 0.11293 0.97744
1661398650.445145845 -0.51198 -0.59839 0.97205 0.00489 -0.17777 0.11282 0.97757
1661398650.455146074 -0.51290 -0.60306 0.97151 0.00404 -0.17700 0.11269 0.97773
1661398650.465146065 -0.51383 -0.60773 0.97096 0.00311 -0.17610 0.11254 0.97791
1661398650.475146055 -0.51479 -0.61239 0.97041 0.00214 -0.17513 0.11236 0.97811
1661398650.485146046 -0.51576 -0.61705 0.96986 0.00114 -0.17412 0.11215 0.97832
1661398650.495146036 -0.51674 -0.62169 0.96929 0.00013 -0.17312 0.11191 0.97852
1661398650.505146027 -0.51774 -0.62631 0.96870 -0.00088 -0.17215 0.11164 0.97872
1661398650.515146017 -0.51876 -0.63089 0.96810 -0.00185 -0.17127 0.11135 0.97891
1661398650.525146008 -0.51979 -0.63543 0.96747 -0.00277 -0.17050 0.11102 0.97908
1661398650.535145998 -0.52083 -0.63992 0.96682 -0.00362 -0.16991 0.11065 0.97922
1661398650.545145988 -0.52188 -0.64436 0.96614 -0.00438 -0.16951 0.11025 0.97933
1661398650.555145979 -0.52295 -0.64873 0.96543 -0.00504 -0.16935 0.10982 0.97941
1661398650.565145969 -0.52402 -0.65303 0.96469 -0.00559 -0.16938 0.10935 0.97945
1661398650.575146198 -0.52511 -0.65724 0.96394 -0.00607 -0.16955 0.10885 0.97947
1661398650.585145950 -0.52621 -0.66135 0.96319 -0.00646 -0.16983 0.10833 0.97948
1661398650.595146179 -0.52733 -0.66535 0.96245 -0.00680 -0.17015 0.10778 0.97948
1661398650.605145931 -0.52845 -0.66923 0.96173 -0.00708 -0.17047 0.10721 0.97949
1661398650.615146160 -0.52960 -0.67297 0.96103 -0.00733 -0.17074 0.10662 0.97950
1661398650.625145912 -0.53075 -0.67657 0.96037 -0.00755 -0.17091 0.10601 0.97954
1661398650.635146141 -0.53193 -0.68001 0.95977 -0.00775 -0.17094 0.10540 0.97960
1661398650.645145893 -0.53312 -0.68328 0.95922 -0.00795 -0.17077 0.10477 0.97969
1661398650.655146122 -0.53432 -0.68638 0.95874 -0.00815 -0.17036 0.10414 0.97983
1661398650.665145874 -0.53553 -0.68933 0.95831 -0.00836 -0.16975 0.10350 0.98000
1661398650.675146103 -0.53675 -0.69217 0.95794 -0.00856 -0.16898 0.10285 0.98020
1661398650.685145855 -0.53796 -0.69492 0.95762 -0.00874 -0.16807 0.10220 0.98042
1661398650.695146084 -0.53917 -0.69763 0.95732 -0.00891 -0.16708 0.10155 0.98066
1661398650.705146074 -0.54035 -0.70032 0.95705 -0.00905 -0.16604 0.10089 0.98090
1661398650.715146065 -0.54151 -0.70303 0.95679 -0.00916 -0.16500 0.10022 0.98115
1661398650.725146055 -0.54264 -0.70579 0.95653 -0.00923 -0.16399 0.09955 0.98138
1661398650.735146046 -0.54373 -0.70863 0.95627 -0.00925 -0.16304 0.09888 0.98161
1661398650.745146036 -0.54478 -0.71159 0.95600 -0.00921 -0.16221 0.09820 0.98181
1661398650.755146027 -0.54579 -0.71468 0.95570 -0.00912 -0.16153 0.09752 0.98200
1661398650.765146017 -0.54675 -0.71790 0.95539 -0.00897 -0.16098 0.09684 0.98215
1661398650.775146008 -0.54769 -0.72119 0.95506 -0.00875 -0.16056 0.09614 0.98229
1661398650.785145998 -0.54862 -0.72455 0.95472 -0.00848 -0.16027 0.09545 0.98241
1661398650.795145988 -0.54955 -0.72792 0.95437 -0.00815 -0.16008 0.09474 0.98251
1661398650.805145979 -0.55050 -0.73128 0.95402 -0.00776 -0.15999 0.09402 0.98260
1661398650.815145969 -0.55148 -0.73460 0.95368 -0.00732 -0.15998 0.09330 0.98267
1661398650.825145960 -0.55251 -0.73784 0.95334 -0.00682 -0.16005 0.09256 0.98274
1661398650.835146189 -0.55359 -0.74098 0.95302 -0.00626 -0.16018 0.09181 0.98279
1661398650.845145941 -0.55474 -0.74397 0.95272 -0.00565 -0.16037 0.09104 0.98283
1661398650.855146170 -0.55598 -0.74681 0.95243 -0.00499 -0.16060 0.09026 0.98287
1661398650.865145922 -0.55728 -0.74949 0.95216 -0.00428 -0.16086 0.08946 0.98291
1661398650.875146151 -0.55864 -0.75203 0.95191 -0.00355 -0.16112 0.08866 0.98294
1661398650.885145903 -0.56003 -0.75445 0.95167 -0.00280 -0.16136 0.08784 0.98297
1661398650.895146132 -0.56145 -0.75677 0.95143 -0.00203 -0.16158 0.08702 0.98301
1661398650.905145884 -0.56288 -0.75900 0.95120 -0.00127 -0.16175 0.08620 0.98306
1661398650.915146112 -0.56431 -0.76116 0.95097 -0.00053 -0.16184 0.08538 0.98312
1661398650.925145864 -0.56571 -0.76328 0.95073 0.00020 -0.16185 0.08457 0.98318
1661398650.935146093 -0.56708 -0.76536 0.95049 0.00088 -0.16176 0.08376 0.98327
1661398650.945145845 -0.56840 -0.76742 0.95024 0.00152 -0.16154 0.08296 0.98337
1661398650.955146074 -0.56966 -0.76948 0.94997 0.00210 -0.16119 0.08217 0.98349
1661398650.965146065 -0.57086 -0.77153 0.94969 0.00263 -0.16071 0.08140 0.98364
1661398650.975146055 -0.57200 -0.77358 0.94940 0.00311 -0.16012 0.08065 0.98379
1661398650.985146046 -0.57311 -0.77561 0.94910 0.00353 -0.15944 0.07992 0.98396
1661398650.995146036 -0.57418 -0.77761 0.94880 0.00391 -0.15869 0.07922 0.98414
1661398651.005146027 -0.57522 -0.77959 0.94850 0.00424 -0.15788 0.07854 0.98432
1661398651.015146017 -0.57623 -0.78154 0.94819 0.00453 -0.15703 0.07789 0.98451
1661398651.025146008 -0.57724 -0.78345 0.94788 0.00478 -0.15616 0.07728 0.98469
1661398651.035145998 -0.57824 -0.78532 0.94758 0.00499 -0.15528 0.07671 0.98487
1661398651.045145988 -0.57924 -0.78714 0.94729 0.00517 -0.15442 0.07618 0.98505
1661398651.055145979 -0.58025 -0.78890 0.94701 0.00532 -0.15359 0.07569 0.98522
1661398651.065145969 -0.58127 -0.79062 0.94673 0.00544 -0.15279 0.07524 0.98538
1661398651.075146198 -0.58231 -0.79228 0.94645 0.00555 -0.15203 0.07482 0.98552
1661398651.085145950 -0.58338 -0.79390 0.94617 0.00564 -0.15132 0.07443 0.98566
1661398651.095146179 -0.58448 -0.79548 0.94590 0.00572 -0.15067 0.07406 0.98579
1661398651.105145931 -0.58561 -0.79702 0.94562 0.00581 -0.15008 0.07370 0.98591
1661398651.115146160 -0.58678 -0.79852 0.94533 0.00590 -0.14956 0.07335 0.98601
1661398651.125145912 -0.58801 -0.79998 0.94503 0.00600 -0.14912 0.07300 0.98610
1661398651.135146141 -0.58928 -0.80141 0.94472 0.00612 -0.14875 0.07264 0.98618
1661398651.145145893 -0.59061 -0.80281 0.94439 0.00626 -0.14847 0.07228 0.98625
1661398651.155146122 -0.59200 -0.80418 0.94405 0.00643 -0.14828 0.07189 0.98631
1661398651.165145874 -0.59345 -0.80553 0.94368 0.00662 -0.14815 0.07150 0.98635
1661398651.175146103 -0.59493 -0.80685 0.94330 0.00684 -0.14806 0.07109 0.98640
1661398651.185145855 -0.59645 -0.80814 0.94291 0.00706 -0.14796 0.07069 0.98644
1661398651.195146084 -0.59799 -0.80940 0.94249 0.00728 -0.14783 0.07028 0.98649
1661398651.205146074 -0.59953 -0.81063 0.94206 0.00750 -0.14763 0.06988 0.98654
1661398651.215146065 -0.60107 -0.81182 0.94162 0.00772 -0.14733 0.06950 0.98661
1661398651.225146055 -0.60260 -0.81299 0.94116 0.00792 -0.14691 0.06913 0.98670
1661398651.235146046 -0.60410 -0.81412 0.94068 0.00809 -0.14632 0.06878 0.98681
1661398651.245146036 -0.60557 -0.81522 0.94018 0.00824 -0.14554 0.06846 0.98695
1661398651.255146027 -0.60700 -0.81629 0.93967 0.00835 -0.14455 0.06817 0.98711
1661398651.265146017 -0.60839 -0.81733 0.93915 0.00843 -0.14337 0.06791 0.98730
1661398651.275146008 -0.60975 -0.81834 0.93861 0.00846 -0.14204 0.06769 0.98751
1661398651.285145998 -0.61109 -0.81933 0.93805 0.00845 -0.14059 0.06751 0.98773
1661398651.295145988 -0.61242 -0.82031 0.93748 0.00838 -0.13907 0.06736 0.98795
1661398651.305145979 -0.61375 -0.82128 0.93690 0.00827 -0.13751 0.06726 0.98818
1661398651.315145969 -0.61508 -0.82224 0.93630 0.00810 -0.13595 0.06720 0.98840
1661398651.325145960 -0.61643 -0.82320 0.93568 0.00787 -0.13442 0.06719 0.98861
1661398651.335146189 -0.61781 -0.82416 0.93505 0.00758 -0.13297 0.06722 0.98881
1661398651.345145941 -0.61922 -0.82513 0.93441 0.00722 -0.13162 0.06731 0.98899
1661398651.355146170 -0.62067 -0.82611 0.93375 0.00680 -0.13042 0.06744 0.98914
1661398651.365145922 -0.62215 -0.82711 0.93308 0.00632 -0.12934 0.06762 0.98927
1661398651.375146151 -0.62368 -0.82812 0.93240 0.00579 -0.12839 0.06783 0.98938
1661398651.385145903 -0.62524 -0.82914 0.93171 0.00523 -0.12754 0.06807 0.98948
1661398651.395146132 -0.62684 -0.83017 0.93102 0.00465 -0.12679 0.06833 0.98956
1661398651.405145884 -0.62847 -0.83122 0.93032 0.00405 -0.12612 0.06859 0.98963
1661398651.415146112 -0.63013 -0.83228 0.92962 0.00346 -0.12551 0.06886 0.98969
1661398651.425145864 -0.63182 -0.83336 0.92893 0.00288 -0.12495 0.06911 0.98975
1661398651.435146093 -0.63354 -0.83445 0.92824 0.00232 -0.12443 0.06935 0.98980
1661398651.445145845 -0.63528 -0.83556 0.92755 0.00180 -0.12394 0.06956 0.98985
1661398651.455146074 -0.63704 -0.83668 0.92687 0.00132 -0.12346 0.06974 0.98990
1661398651.465146065 -0.63882 -0.83781 0.92621 0.00090 -0.12297 0.06988 0.98995
1661398651.475146055 -0.64062 -0.83894 0.92555 0.00054 -0.12247 0.07000 0.99000
1661398651.485146046 -0.64244 -0.84009 0.92490 0.00025 -0.12194 0.07010 0.99006
1661398651.495146036 -0.64426 -0.84123 0.92426 0.00005 -0.12136 0.07017 0.99013
1661398651.505146027 -0.64609 -0.84236 0.92363 -0.00006 -0.12073 0.07022 0.99020
1661398651.515146017 -0.64793 -0.84349 0.92301 -0.00008 -0.12002 0.07027 0.99028
1661398651.525146008 -0.64977 -0.84461 0.92240 0.00001 -0.11923 0.07030 0.99037
1661398651.535145998 -0.65160 -0.84571 0.92180 0.00022 -0.11834 0.07033 0.99048
1661398651.545145988 -0.65344 -0.84680 0.92122 0.00055 -0.11734 0.07035 0.99060
1661398651.555145979 -0.65526 -0.84786 0.92064 0.00101 -0.11622 0.07037 0.99073
1661398651.565145969 -0.65708 -0.84892 0.92008 0.00157 -0.11501 0.07039 0.99087
1661398651.575146198 -0.65889 -0.84997 0.91954 0.00223 -0.11374 0.07039 0.99101
1661398651.585145950 -0.66069 -0.85104 0.91902 0.00295 -0.11244 0.07038 0.99116
1661398651.595146179 -0.66249 -0.85214 0.91852 0.00370 -0.11115 0.07033 0.99131
1661398651.605145931 -0.66429 -0.85328 0.91805 0.00447 -0.10990 0.07026 0.99145
1661398651.615146160 -0.66608 -0.85447 0.91760 0.00524 -0.10872 0.07015 0.99158
1661398651.625145912 -0.66786 -0.85572 0.91719 0.00597 -0.10765 0.06999 0.99170
1661398651.635146141 -0.66965 -0.85705 0.91681 0.00666 -0.10672 0.06977 0.99182
1661398651.645145893 -0.67143 -0.85847 0.91647 0.00726 -0.10597 0.06950 0.99191
1661398651.655146122 -0.67321 -0.85998 0.91617 0.00777 -0.10541 0.06917 0.99199
1661398651.665145874 -0.67499 -0.86158 0.91590 0.00818 -0.10504 0.06877 0.99205
1661398651.675146103 -0.67677 -0.86325 0.91567 0.00849 -0.10482 0.06831 0.99211
1661398651.685145855 -0.67854 -0.86498 0.91548 0.00871 -0.10472 0.06779 0.99215
1661398651.695146084 -0.68031 -0.86674 0.91531 0.00884 -0.10472 0.06722 0.99219
1661398651.705146074 -0.68207 -0.86853 0.91517 0.00888 -0.10479 0.06660 0.99222
1661398651.715146065 -0.68383 -0.87034 0.91505 0.00884 -0.10489 0.06594 0.99226
1661398651.725146055 -0.68558 -0.87214 0.91496 0.00871 -0.10501 0.06523 0.99229
1661398651.735146046 -0.68732 -0.87392 0.91488 0.00850 -0.10512 0.06448 0.99233
1661398651.745146036 -0.68906 -0.87566 0.91482 0.00821 -0.10518 0.06369 0.99238
1661398651.755146027 -0.69078 -0.87736 0.91477 0.00784 -0.10518 0.06286 0.99243
1661398651.765146017 -0.69250 -0.87902 0.91474 0.00741 -0.10511 0.06200 0.99250
1661398651.775146008 -0.69421 -0.88064 0.91472 0.00694 -0.10501 0.06111 0.99257
1661398651.785145998 -0.69592 -0.88223 0.91472 0.00645 -0.10487 0.06018 0.99264
1661398651.795145988 -0.69763 -0.88380 0.91473 0.00594 -0.10471 0.05922 0.99272
1661398651.805145979 -0.69934 -0.88536 0.91476 0.00543 -0.10455 0.05822 0.99280
1661398651.815145969 -0.70106 -0.88691 0.91480 0.00495 -0.10440 0.05718 0.99288
1661398651.825145960 -0.70278 -0.88846 0.91486 0.00450 -0.10427 0.05611 0.99296
1661398651.835146189 -0.70450 -0.89002 0.91494 0.00411 -0.10418 0.05500 0.99303
1661398651.845145941 -0.70624 -0.89159 0.91504 0.00378 -0.10413 0.05386 0.99310
1661398651.855146170 -0.70799 -0.89319 0.91516 0.00354 -0.10415 0.05268 0.99316
1661398651.865145922 -0.70974 -0.89480 0.91530 0.00338 -0.10422 0.05146 0.99322
1661398651.875146151 -0.71150 -0.89645 0.91546 0.00328 -0.10433 0.05022 0.99327
1661398651.885145903 -0.71326 -0.89811 0.91564 0.00325 -0.10448 0.04895 0.99332
1661398651.895146132 -0.71502 -0.89981 0.91585 0.00326 -0.10465 0.04765 0.99336
1661398651.905145884 -0.71677 -0.90154 0.91608 0.00332 -0.10483 0.04633 0.99340
1661398651.915146112 -0.71850 -0.90330 0.91633 0.00342 -0.10502 0.04500 0.99345
1661398651.925145864 -0.72022 -0.90509 0.91661 0.00353 -0.10520 0.04364 0.99349
1661398651.935146093 -0.72192 -0.90692 0.91692 0.00367 -0.10537 0.04227 0.99353
1661398651.945145845 -0.72360 -0.90879 0.91725 0.00381 -0.10551 0.04089 0.99357
1661398651.955146074 -0.72525 -0.91070 0.91762 0.00395 -0.10562 0.03951 0.99361
1661398651.965146065 -0.72687 -0.91263 0.91800 0.00408 -0.10570 0.03811 0.99366
1661398651.975146055 -0.72846 -0.91458 0.91839 0.00419 -0.10573 0.03672 0.99371
1661398651.985146046 -0.73003 -0.91654 0.91879 0.00429 -0.10572 0.03532 0.99376
1661398651.995146036 -0.73157 -0.91849 0.91918 0.00436 -0.10567 0.03393 0.99381
1661398652.005146027 -0.73309 -0.92043 0.91955 0.00440 -0.10557 0.03254 0.99387
1661398652.015146017 -0.73459 -0.92234 0.91990 0.00440 -0.10543 0.03115 0.99393
1661398652.025146008 -0.73606 -0.92421 0.92021 0.00436 -0.10523 0.02978 0.99399
1661398652.035145998 -0.73751 -0.92603 0.92048 0.00426 -0.10499 0.02841 0.99406
1661398652.045145988 -0.73893 -0.92779 0.92070 0.00411 -0.10469 0.02706 0.99413
1661398652.055145979 -0.74034 -0.92948 0.92085 0.00390 -0.10433 0.02573 0.99420
1661398652.065145969 -0.74172 -0.93110 0.92096 0.00364 -0.10394 0.02441 0.99428
1661398652.075146198 -0.74308 -0.93266 0.92102 0.00332 -0.10353 0.02311 0.99435
1661398652.085145950 -0.74440 -0.93417 0.92104 0.00296 -0.10313 0.02183 0.99442
1661398652.095146179 -0.74570 -0.93563 0.92104 0.00257 -0.10274 0.02056 0.99449
1661398652.105145931 -0.74695 -0.93704 0.92102 0.00214 -0.10240 0.01932 0.99455
1661398652.115146160 -0.74818 -0.93841 0.92099 0.00169 -0.10212 0.01810 0.99461
1661398652.125145912 -0.74936 -0.93975 0.92096 0.00122 -0.10191 0.01689 0.99465
1661398652.135146141 -0.75050 -0.94107 0.92094 0.00074 -0.10181 0.01571 0.99468
1661398652.145145893 -0.75159 -0.94236 0.92094 0.00025 -0.10183 0.01455 0.99470
1661398652.155146122 -0.75264 -0.94363 0.92096 -0.00024 -0.10198 0.01341 0.99470
1661398652.165145874 -0.75364 -0.94489 0.92101 -0.00072 -0.10225 0.01230 0.99468
1661398652.175146103 -0.75461 -0.94613 0.92109 -0.00118 -0.10261 0.01121 0.99466
1661398652.185145855 -0.75554 -0.94735 0.92120 -0.00162 -0.10305 0.01016 0.99462
1661398652.195146084 -0.75644 -0.94856 0.92134 -0.00202 -0.10354 0.00914 0.99458
1661398652.205146074 -0.75732 -0.94976 0.92150 -0.00239 -0.10406 0.00816 0.99453
1661398652.215146065 -0.75817 -0.95094 0.92170 -0.00270 -0.10459 0.00722 0.99449
1661398652.225146055 -0.75901 -0.95211 0.92193 -0.00296 -0.10511 0.00632 0.99444
1661398652.235146046 -0.75983 -0.95326 0.92219 -0.00316 -0.10559 0.00546 0.99439
1661398652.245146036 -0.76065 -0.95440 0.92249 -0.00328 -0.10602 0.00466 0.99435
1661398652.255146027 -0.76147 -0.95553 0.92281 -0.00333 -0.10637 0.00390 0.99431
1661398652.265146017 -0.76228 -0.95666 0.92316 -0.00330 -0.10665 0.00320 0.99429
1661398652.275146008 -0.76308 -0.95778 0.92352 -0.00321 -0.10686 0.00254 0.99427
1661398652.285145998 -0.76387 -0.95892 0.92388 -0.00306 -0.10700 0.00192 0.99425
1661398652.295145988 -0.76464 -0.96007 0.92424 -0.00287 -0.10709 0.00134 0.99424
1661398652.305145979 -0.76540 -0.96124 0.92458 -0.00264 -0.10712 0.00080 0.99424
1661398652.315145969 -0.76614 -0.96245 0.92489 -0.00237 -0.10710 0.00029 0.99425
1661398652.325145960 -0.76686 -0.96369 0.92516 -0.00209 -0.10703 -0.00018 0.99425
1661398652.335146189 -0.76755 -0.96498 0.92539 -0.00178 -0.10693 -0.00063 0.99426
1661398652.345145941 -0.76822 -0.96632 0.92555 -0.00148 -0.10679 -0.00106 0.99428
1661398652.355146170 -0.76885 -0.96771 0.92566 -0.00117 -0.10661 -0.00146 0.99430
1661398652.365145922 -0.76946 -0.96915 0.92570 -0.00087 -0.10641 -0.00185 0.99432
1661398652.375146151 -0.77003 -0.97061 0.92570 -0.00058 -0.10619 -0.00222 0.99434
1661398652.385145903 -0.77056 -0.97207 0.92566 -0.00031 -0.10595 -0.00257 0.99437
1661398652.395146132 -0.77106 -0.97352 0.92559 -0.00007 -0.10571 -0.00291 0.99439
1661398652.405145884 -0.77152 -0.97494 0.92551 0.00015 -0.10547 -0.00324 0.99442
1661398652.415146112 -0.77194 -0.97632 0.92543 0.00033 -0.10522 -0.00357 0.99444
1661398652.425145864 -0.77232 -0.97762 0.92535 0.00048 -0.10499 -0.00389 0.99447
1661398652.435146093 -0.77265 -0.97884 0.92529 0.00058 -0.10477 -0.00421 0.99449
1661398652.445145845 -0.77293 -0.97995 0.92525 0.00062 -0.10458 -0.00453 0.99451
1661398652.455146074 -0.77317 -0.98095 0.92525 0.00062 -0.10441 -0.00485 0.99452
1661398652.465146065 -0.77338 -0.98184 0.92528 0.00057 -0.10425 -0.00518 0.99454
1661398652.475146055 -0.77355 -0.98266 0.92533 0.00049 -0.10410 -0.00551 0.99455
1661398652.485146046 -0.77369 -0.98342 0.92538 0.00040 -0.10394 -0.00583 0.99457
1661398652.495146036 -0.77383 -0.98413 0.92544 0.00030 -0.10377 -0.00616 0.99458
1661398652.505146027 -0.77396 -0.98483 0.92549 0.00021 -0.10358 -0.00648 0.99460
1661398652.515146017 -0.77409 -0.98554 0.92552 0.00014 -0.10334 -0.00680 0.99462
1661398652.525146008 -0.77423 -0.98627 0.92552 0.00010 -0.10306 -0.00712 0.99465
1661398652.535145998 -0.77440 -0.98704 0.92548 0.00011 -0.10271 -0.00744 0.99468
1661398652.545145988 -0.77459 -0.98788 0.92540 0.00018 -0.10230 -0.00775 0.99472
1661398652.555145979 -0.77482 -0.98880 0.92526 0.00032 -0.10181 -0.00805 0.99477
1661398652.565145969 -0.77507 -0.98979 0.92507 0.00052 -0.10126 -0.00835 0.99482
1661398652.575146198 -0.77534 -0.99085 0.92483 0.00076 -0.10066 -0.00865 0.99488
1661398652.585145950 -0.77562 -0.99197 0.92455 0.00102 -0.10002 -0.00895 0.99494
1661398652.595146179 -0.77589 -0.99314 0.92423 0.00130 -0.09936 -0.00926 0.99501
1661398652.605145931 -0.77616 -0.99435 0.92388 0.00158 -0.09870 -0.00958 0.99507
1661398652.615146160 -0.77640 -0.99558 0.92350 0.00183 -0.09805 -0.00992 0.99513
1661398652.625145912 -0.77660 -0.99683 0.92309 0.00206 -0.09743 -0.01027 0.99519
1661398652.635146141 -0.77677 -0.99808 0.92265 0.00223 -0.09685 -0.01063 0.99524
1661398652.645145893 -0.77688 -0.99934 0.92220 0.00234 -0.09633 -0.01102 0.99529
1661398652.655146122 -0.77694 -1.00058 0.92174 0.00238 -0.09587 -0.01144 0.99532
1661398652.665145874 -0.77693 -1.00183 0.92127 0.00234 -0.09548 -0.01187 0.99536
1661398652.675146103 -0.77689 -1.00308 0.92080 0.00224 -0.09514 -0.01231 0.99539
1661398652.685145855 -0.77680 -1.00435 0.92033 0.00208 -0.09484 -0.01275 0.99541
1661398652.695146084 -0.77668 -1.00566 0.91987 0.00187 -0.09457 -0.01318 0.99543
1661398652.705146074 -0.77654 -1.00700 0.91943 0.00161 -0.09432 -0.01360 0.99545
1661398652.715146065 -0.77638 -1.00840 0.91901 0.00132 -0.09407 -0.01400 0.99547
1661398652.725146055 -0.77621 -1.00986 0.91862 0.00100 -0.09382 -0.01436 0.99548
1661398652.735146046 -0.77604 -1.01139 0.91826 0.00065 -0.09356 -0.01468 0.99550
1661398652.745146036 -0.77588 -1.01301 0.91794 0.00029 -0.09328 -0.01496 0.99553
1661398652.755146027 -0.77572 -1.01472 0.91766 -0.00009 -0.09296 -0.01518 0.99555
1661398652.765146017 -0.77558 -1.01650 0.91742 -0.00047 -0.09261 -0.01535 0.99558
1661398652.775146008 -0.77544 -1.01833 0.91721 -0.00086 -0.09224 -0.01549 0.99562
1661398652.785145998 -0.77530 -1.02019 0.91702 -0.00125 -0.09185 -0.01559 0.99565
1661398652.795145988 -0.77515 -1.02206 0.91685 -0.00165 -0.09146 -0.01567 0.99568
1661398652.805145979 -0.77499 -1.02392 0.91669 -0.00205 -0.09106 -0.01574 0.99572
1661398652.815145969 -0.77481 -1.02574 0.91653 -0.00245 -0.09066 -0.01581 0.99575
1661398652.825145960 -0.77461 -1.02751 0.91636 -0.00285 -0.09028 -0.01587 0.99579
1661398652.835146189 -0.77437 -1.02919 0.91618 -0.00325 -0.08991 -0.01595 0.99582
1661398652.845145941 -0.77411 -1.03078 0.91599 -0.00365 -0.08957 -0.01605 0.99584
1661398652.855146170 -0.77380 -1.03225 0.91576 -0.00404 -0.08926 -0.01618 0.99587
1661398652.865145922 -0.77345 -1.03363 0.91552 -0.00442 -0.08898 -0.01633 0.99589
1661398652.875146151 -0.77308 -1.03493 0.91527 -0.00478 -0.08875 -0.01650 0.99591
1661398652.885145903 -0.77267 -1.03619 0.91500 -0.00511 -0.08857 -0.01668 0.99592
1661398652.895146132 -0.77224 -1.03741 0.91474 -0.00540 -0.08844 -0.01686 0.99592
1661398652.905145884 -0.77178 -1.03864 0.91448 -0.00565 -0.08838 -0.01704 0.99592
1661398652.915146112 -0.77131 -1.03989 0.91423 -0.00586 -0.08839 -0.01722 0.99592
1661398652.925145864 -0.77082 -1.04118 0.91400 -0.00600 -0.08847 -0.01739 0.99591
1661398652.935146093 -0.77032 -1.04255 0.91379 -0.00607 -0.08863 -0.01754 0.99589
1661398652.945145845 -0.76981 -1.04401 0.91361 -0.00608 -0.08888 -0.01766 0.99587
1661398652.955146074 -0.76930 -1.04558 0.91346 -0.00600 -0.08922 -0.01776 0.99584
1661398652.965146065 -0.76879 -1.04724 0.91335 -0.00585 -0.08964 -0.01783 0.99580
1661398652.975146055 -0.76828 -1.04898 0.91328 -0.00564 -0.09011 -0.01787 0.99576
1661398652.985146046 -0.76777 -1.05075 0.91325 -0.00537 -0.09062 -0.01789 0.99571
1661398652.995146036 -0.76727 -1.05255 0.91326 -0.00506 -0.09114 -0.01789 0.99566
1661398653.005146027 -0.76678 -1.05434 0.91330 -0.00472 -0.09165 -0.01787 0.99562
1661398653.015146017 -0.76631 -1.05610 0.91339 -0.00435 -0.09214 -0.01782 0.99558
1661398653.025146008 -0.76586 -1.05781 0.91352 -0.00397 -0.09259 -0.01776 0.99554
1661398653.035145998 -0.76543 -1.05944 0.91370 -0.00358 -0.09297 -0.01769 0.99551
1661398653.045145988 -0.76502 -1.06097 0.91392 -0.00320 -0.09327 -0.01760 0.99548
1661398653.055145979 -0.76464 -1.06237 0.91418 -0.00282 -0.09347 -0.01750 0.99546
1661398653.065145969 -0.76428 -1.06367 0.91448 -0.00247 -0.09357 -0.01739 0.99546
1661398653.075146198 -0.76395 -1.06487 0.91481 -0.00213 -0.09359 -0.01728 0.99546
1661398653.085145950 -0.76364 -1.06599 0.91514 -0.00182 -0.09355 -0.01716 0.99547
1661398653.095146179 -0.76334 -1.06706 0.91549 -0.00155 -0.09345 -0.01706 0.99548
1661398653.105145931 -0.76305 -1.06808 0.91582 -0.00130 -0.09330 -0.01696 0.99549
1661398653.115146160 -0.76278 -1.06908 0.91614 -0.00110 -0.09311 -0.01688 0.99551
1661398653.125145912 -0.76252 -1.07007 0.91643 -0.00093 -0.09291 -0.01682 0.99553
1661398653.135146141 -0.76226 -1.07107 0.91668 -0.00082 -0.09269 -0.01678 0.99555
1661398653.145145893 -0.76200 -1.07209 0.91689 -0.00076 -0.09248 -0.01676 0.99557
1661398653.155146122 -0.76174 -1.07316 0.91703 -0.00075 -0.09228 -0.01678 0.99559
1661398653.165145874 -0.76148 -1.07427 0.91713 -0.00079 -0.09209 -0.01682 0.99561
1661398653.175146103 -0.76123 -1.07541 0.91717 -0.00087 -0.09191 -0.01688 0.99562
1661398653.185145855 -0.76097 -1.07658 0.91717 -0.00100 -0.09174 -0.01696 0.99564
1661398653.195146084 -0.76072 -1.07777 0.91712 -0.00116 -0.09157 -0.01706 0.99565
1661398653.205146074 -0.76047 -1.07898 0.91704 -0.00135 -0.09141 -0.01715 0.99566
1661398653.215146065 -0.76023 -1.08021 0.91692 -0.00157 -0.09126 -0.01726 0.99568
1661398653.225146055 -0.75999 -1.08144 0.91677 -0.00180 -0.09110 -0.01735 0.99569
1661398653.235146046 -0.75975 -1.08268 0.91660 -0.00206 -0.09095 -0.01745 0.99570
1661398653.245146036 -0.75952 -1.08392 0.91641 -0.00232 -0.09080 -0.01753 0.99571
1661398653.255146027 -0.75930 -1.08515 0.91620 -0.00258 -0.09064 -0.01759 0.99573
1661398653.265146017 -0.75909 -1.08638 0.91598 -0.00285 -0.09048 -0.01764 0.99574
1661398653.275146008 -0.75889 -1.08762 0.91574 -0.00312 -0.09033 -0.01768 0.99575
1661398653.285145998 -0.75869 -1.08886 0.91548 -0.00339 -0.09018 -0.01772 0.99576
1661398653.295145988 -0.75851 -1.09012 0.91521 -0.00366 -0.09004 -0.01777 0.99577
1661398653.305145979 -0.75834 -1.09139 0.91492 -0.00392 -0.08991 -0.01781 0.99578
1661398653.315145969 -0.75819 -1.09269 0.91462 -0.00417 -0.08980 -0.01787 0.99579
1661398653.325145960 -0.75805 -1.09402 0.91430 -0.00440 -0.08969 -0.01795 0.99580
1661398653.335146189 -0.75792 -1.09537 0.91397 -0.00463 -0.08961 -0.01805 0.99580
1661398653.345145941 -0.75781 -1.09677 0.91362 -0.00484 -0.08955 -0.01817 0.99581
1661398653.355146170 -0.75772 -1.09820 0.91326 -0.00503 -0.08951 -0.01832 0.99581
1661398653.365145922 -0.75764 -1.09967 0.91289 -0.00520 -0.08948 -0.01850 0.99580
1661398653.375146151 -0.75757 -1.10115 0.91253 -0.00535 -0.08947 -0.01870 0.99580
1661398653.385145903 -0.75752 -1.10266 0.91217 -0.00547 -0.08947 -0.01893 0.99579
1661398653.395146132 -0.75747 -1.10417 0.91183 -0.00555 -0.08946 -0.01918 0.99579
1661398653.405145884 -0.75743 -1.10568 0.91152 -0.00561 -0.08945 -0.01945 0.99579
1661398653.415146112 -0.75738 -1.10717 0.91125 -0.00562 -0.08943 -0.01974 0.99578
1661398653.425145864 -0.75734 -1.10865 0.91102 -0.00559 -0.08939 -0.02005 0.99578
1661398653.435146093 -0.75730 -1.11010 0.91084 -0.00552 -0.08933 -0.02037 0.99578
1661398653.445145845 -0.75725 -1.11150 0.91072 -0.00540 -0.08924 -0.02070 0.99578
1661398653.455146074 -0.75720 -1.11287 0.91066 -0.00522 -0.08912 -0.02105 0.99579
1661398653.465146065 -0.75714 -1.11418 0.91066 -0.00501 -0.08897 -0.02140 0.99579
1661398653.475146055 -0.75707 -1.11544 0.91071 -0.00475 -0.08880 -0.02177 0.99580
1661398653.485146046 -0.75700 -1.11665 0.91078 -0.00446 -0.08863 -0.02214 0.99581
1661398653.495146036 -0.75693 -1.11782 0.91087 -0.00414 -0.08845 -0.02253 0.99582
1661398653.505146027 -0.75686 -1.11892 0.91097 -0.00380 -0.08828 -0.02293 0.99582
1661398653.515146017 -0.75679 -1.11998 0.91105 -0.00344 -0.08812 -0.02334 0.99583
1661398653.525146008 -0.75672 -1.12098 0.91112 -0.00308 -0.08799 -0.02376 0.99583
1661398653.535145998 -0.75665 -1.12192 0.91115 -0.00271 -0.08789 -0.02420 0.99583
1661398653.545145988 -0.75658 -1.12281 0.91114 -0.00235 -0.08782 -0.02465 0.99583
1661398653.555145979 -0.75652 -1.12364 0.91107 -0.00200 -0.08780 -0.02511 0.99582
1661398653.565145969 -0.75646 -1.12441 0.91096 -0.00166 -0.08782 -0.02559 0.99581
1661398653.575146198 -0.75641 -1.12513 0.91080 -0.00133 -0.08787 -0.02608 0.99579
1661398653.585145950 -0.75636 -1.12581 0.91062 -0.00102 -0.08795 -0.02661 0.99577
1661398653.595146179 -0.75632 -1.12644 0.91042 -0.00073 -0.08805 -0.02716 0.99575
1661398653.605145931 -0.75627 -1.12704 0.91022 -0.00046 -0.08816 -0.02774 0.99572
1661398653.615146160 -0.75622 -1.12759 0.91002 -0.00022 -0.08828 -0.02836 0.99569
1661398653.625145912 -0.75618 -1.12812 0.90984 -0.00000 -0.08839 -0.02903 0.99566
1661398653.635146141 -0.75613 -1.12861 0.90968 0.00019 -0.08850 -0.02973 0.99563
1661398653.645145893 -0.75609 -1.12908 0.90956 0.00034 -0.08860 -0.03049 0.99560
1661398653.655146122 -0.75604 -1.12953 0.90949 0.00046 -0.08867 -0.03129 0.99557
1661398653.665145874 -0.75599 -1.12996 0.90945 0.00056 -0.08872 -0.03214 0.99554
1661398653.675146103 -0.75594 -1.13040 0.90943 0.00062 -0.08875 -0.03302 0.99551
1661398653.685145855 -0.75589 -1.13084 0.90943 0.00065 -0.08877 -0.03391 0.99547
1661398653.695146084 -0.75583 -1.13129 0.90942 0.00066 -0.08876 -0.03482 0.99544
1661398653.705146074 -0.75578 -1.13177 0.90941 0.00065 -0.08874 -0.03572 0.99541
1661398653.715146065 -0.75573 -1.13228 0.90937 0.00062 -0.08869 -0.03662 0.99539
1661398653.725146055 -0.75568 -1.13283 0.90930 0.00057 -0.08863 -0.03749 0.99536
1661398653.735146046 -0.75563 -1.13344 0.90918 0.00050 -0.08856 -0.03832 0.99533
1661398653.745146036 -0.75559 -1.13411 0.90901 0.00043 -0.08847 -0.03911 0.99531
1661398653.755146027 -0.75554 -1.13484 0.90876 0.00034 -0.08836 -0.03985 0.99529
1661398653.765146017 -0.75549 -1.13563 0.90846 0.00024 -0.08823 -0.04054 0.99527
1661398653.775146008 -0.75544 -1.13647 0.90812 0.00013 -0.08809 -0.04119 0.99526
1661398653.785145998 -0.75539 -1.13735 0.90774 0.00002 -0.08792 -0.04180 0.99525
1661398653.795145988 -0.75532 -1.13825 0.90734 -0.00011 -0.08774 -0.04238 0.99524
1661398653.805145979 -0.75525 -1.13916 0.90693 -0.00025 -0.08753 -0.04294 0.99524
1661398653.815145969 -0.75515 -1.14007 0.90652 -0.00040 -0.08730 -0.04348 0.99523
1661398653.825145960 -0.75504 -1.14097 0.90612 -0.00055 -0.08705 -0.04402 0.99523
1661398653.835146189 -0.75491 -1.14185 0.90575 -0.00072 -0.08677 -0.04455 0.99523
1661398653.845145941 -0.75476 -1.14269 0.90542 -0.00090 -0.08646 -0.04509 0.99523
1661398653.855146170 -0.75458 -1.14349 0.90514 -0.00109 -0.08612 -0.04563 0.99524
1661398653.865145922 -0.75438 -1.14425 0.90490 -0.00128 -0.08577 -0.04619 0.99524
1661398653.875146151 -0.75415 -1.14496 0.90470 -0.00147 -0.08540 -0.04675 0.99525
1661398653.885145903 -0.75390 -1.14563 0.90455 -0.00167 -0.08503 -0.04733 0.99525
1661398653.895146132 -0.75364 -1.14626 0.90442 -0.00185 -0.08466 -0.04792 0.99526
1661398653.905145884 -0.75336 -1.14685 0.90433 -0.00202 -0.08431 -0.04851 0.99526
1661398653.915146112 -0.75306 -1.14741 0.90426 -0.00218 -0.08397 -0.04911 0.99525
1661398653.925145864 -0.75275 -1.14792 0.90422 -0.00232 -0.08367 -0.04973 0.99525
1661398653.935146093 -0.75243 -1.14841 0.90420 -0.00244 -0.08341 -0.05035 0.99524
1661398653.945145845 -0.75211 -1.14886 0.90419 -0.00253 -0.08319 -0.05097 0.99523
1661398653.955146074 -0.75178 -1.14928 0.90420 -0.00259 -0.08302 -0.05161 0.99521
1661398653.965146065 -0.75144 -1.14967 0.90421 -0.00262 -0.08290 -0.05225 0.99518
1661398653.975146055 -0.75110 -1.15005 0.90423 -0.00261 -0.08281 -0.05289 0.99516
1661398653.985146046 -0.75074 -1.15041 0.90425 -0.00258 -0.08276 -0.05353 0.99513
1661398653.995146036 -0.75039 -1.15076 0.90427 -0.00252 -0.08273 -0.05415 0.99510
1661398654.005146027 -0.75002 -1.15111 0.90428 -0.00242 -0.08271 -0.05477 0.99506
1661398654.015146017 -0.74966 -1.15146 0.90428 -0.00230 -0.08270 -0.05537 0.99503
1661398654.025146008 -0.74928 -1.15182 0.90427 -0.00215 -0.08269 -0.05595 0.99500
1661398654.035145998 -0.74890 -1.15220 0.90425 -0.00197 -0.08266 -0.05651 0.99497
1661398654.045145988 -0.74851 -1.15260 0.90420 -0.00176 -0.08262 -0.05704 0.99495
1661398654.055145979 -0.74811 -1.15302 0.90413 -0.00153 -0.08256 -0.05754 0.99492
1661398654.065145969 -0.74771 -1.15346 0.90405 -0.00126 -0.08247 -0.05801 0.99490
1661398654.075146198 -0.74731 -1.15391 0.90396 -0.00098 -0.08235 -0.05845 0.99489
1661398654.085145950 -0.74690 -1.15434 0.90386 -0.00068 -0.08222 -0.05888 0.99487
1661398654.095146179 -0.74650 -1.15476 0.90375 -0.00037 -0.08205 -0.05929 0.99486
1661398654.105145931 -0.74610 -1.15515 0.90366 -0.00004 -0.08187 -0.05969 0.99485
1661398654.115146160 -0.74571 -1.15549 0.90357 0.00030 -0.08166 -0.06008 0.99485
1661398654.125145912 -0.74532 -1.15579 0.90350 0.00064 -0.08143 -0.06047 0.99484
1661398654.135146141 -0.74494 -1.15602 0.90346 0.00099 -0.08118 -0.06085 0.99484
1661398654.145145893 -0.74458 -1.15617 0.90344 0.00133 -0.08091 -0.06124 0.99484
1661398654.155146122 -0.74422 -1.15625 0.90345 0.00167 -0.08062 -0.06163 0.99484
1661398654.165145874 -0.74388 -1.15626 0.90349 0.00201 -0.08032 -0.06203 0.99483
1661398654.175146103 -0.74356 -1.15622 0.90354 0.00234 -0.08002 -0.06244 0.99483
1661398654.185145855 -0.74325 -1.15618 0.90360 0.00265 -0.07972 -0.06286 0.99483
1661398654.195146084 -0.74297 -1.15613 0.90366 0.00296 -0.07944 -0.06328 0.99482
1661398654.205146074 -0.74270 -1.15612 0.90371 0.00325 -0.07918 -0.06372 0.99482
1661398654.215146065 -0.74245 -1.15615 0.90374 0.00352 -0.07895 -0.06416 0.99481
1661398654.225146055 -0.74223 -1.15626 0.90375 0.00377 -0.07877 -0.06461 0.99479
1661398654.235146046 -0.74203 -1.15647 0.90372 0.00400 -0.07863 -0.06508 0.99477
1661398654.245146036 -0.74185 -1.15679 0.90364 0.00420 -0.07855 -0.06555 0.99474
1661398654.255146027 -0.74170 -1.15725 0.90352 0.00438 -0.07853 -0.06604 0.99471
1661398654.265146017 -0.74157 -1.15783 0.90335 0.00452 -0.07857 -0.06653 0.99468
1661398654.275146008 -0.74146 -1.15850 0.90316 0.00464 -0.07865 -0.06703 0.99464
1661398654.285145998 -0.74135 -1.15924 0.90294 0.00473 -0.07876 -0.06753 0.99459
1661398654.295145988 -0.74124 -1.16001 0.90271 0.00478 -0.07889 -0.06803 0.99455
1661398654.305145979 -0.74113 -1.16081 0.90247 0.00480 -0.07903 -0.06853 0.99450
1661398654.315145969 -0.74100 -1.16159 0.90225 0.00478 -0.07917 -0.06902 0.99446
1661398654.325145960 -0.74086 -1.16233 0.90205 0.00472 -0.07929 -0.06950 0.99441
1661398654.335146189 -0.74069 -1.16302 0.90187 0.00462 -0.07939 -0.06997 0.99437
1661398654.345145941 -0.74049 -1.16361 0.90174 0.00448 -0.07945 -0.07042 0.99434
1661398654.355146170 -0.74026 -1.16410 0.90165 0.00431 -0.07947 -0.07085 0.99431
1661398654.365145922 -0.73999 -1.16449 0.90161 0.00409 -0.07944 -0.07128 0.99428
1661398654.375146151 -0.73970 -1.16478 0.90160 0.00385 -0.07938 -0.07169 0.99426
1661398654.385145903 -0.73938 -1.16498 0.90162 0.00360 -0.07929 -0.07209 0.99423
1661398654.395146132 -0.73905 -1.16510 0.90166 0.00333 -0.07918 -0.07250 0.99421
1661398654.405145884 -0.73870 -1.16515 0.90171 0.00307 -0.07904 -0.07291 0.99420
1661398654.415146112 -0.73834 -1.16514 0.90176 0.00282 -0.07890 -0.07333 0.99418
1661398654.425145864 -0.73798 -1.16507 0.90180 0.00258 -0.07875 -0.07376 0.99416
1661398654.435146093 -0.73763 -1.16495 0.90184 0.00237 -0.07860 -0.07421 0.99414
1661398654.445145845 -0.73727 -1.16480 0.90186 0.00220 -0.07846 -0.07469 0.99411
1661398654.455146074 -0.73693 -1.16461 0.90185 0.00206 -0.07834 -0.07518 0.99409
1661398654.465146065 -0.73661 -1.16441 0.90181 0.00197 -0.07822 -0.07570 0.99406
1661398654.475146055 -0.73629 -1.16422 0.90176 0.00192 -0.07812 -0.07624 0.99402
1661398654.485146046 -0.73600 -1.16404 0.90170 0.00190 -0.07803 -0.07678 0.99399
1661398654.495146036 -0.73573 -1.16391 0.90164 0.00192 -0.07796 -0.07733 0.99395
1661398654.505146027 -0.73548 -1.16383 0.90157 0.00196 -0.07791 -0.07788 0.99391
1661398654.515146017 -0.73526 -1.16383 0.90150 0.00204 -0.07787 -0.07843 0.99387
1661398654.525146008 -0.73507 -1.16392 0.90144 0.00213 -0.07784 -0.07896 0.99383
1661398654.535145998 -0.73491 -1.16413 0.90140 0.00225 -0.07784 -0.07948 0.99379
1661398654.545145988 -0.73479 -1.16446 0.90138 0.00239 -0.07784 -0.07997 0.99375
1661398654.555145979 -0.73470 -1.16492 0.90138 0.00255 -0.07787 -0.08044 0.99371
1661398654.565145969 -0.73464 -1.16550 0.90140 0.00271 -0.07791 -0.08088 0.99367
1661398654.575146198 -0.73460 -1.16616 0.90143 0.00289 -0.07796 -0.08131 0.99363
1661398654.585145950 -0.73459 -1.16686 0.90147 0.00307 -0.07801 -0.08173 0.99359
1661398654.595146179 -0.73460 -1.16758 0.90151 0.00325 -0.07805 -0.08214 0.99355
1661398654.605145931 -0.73461 -1.16827 0.90154 0.00344 -0.07809 -0.08256 0.99352
1661398654.615146160 -0.73463 -1.16890 0.90157 0.00361 -0.07812 -0.08299 0.99348
1661398654.625145912 -0.73465 -1.16944 0.90157 0.00378 -0.07813 -0.08343 0.99344
1661398654.635146141 -0.73467 -1.16986 0.90156 0.00394 -0.07812 -0.08389 0.99340
1661398654.645145893 -0.73467 -1.17013 0.90151 0.00408 -0.07808 -0.08437 0.99336
1661398654.655146122 -0.73467 -1.17021 0.90143 0.00420 -0.07802 -0.08489 0.99332
1661398654.665145874 -0.73465 -1.17014 0.90131 0.00430 -0.07792 -0.08543 0.99328
1661398654.675146103 -0.73464 -1.16995 0.90117 0.00437 -0.07780 -0.08600 0.99324
1661398654.685145855 -0.73463 -1.16970 0.90101 0.00442 -0.07765 -0.08658 0.99320
1661398654.695146084 -0.73463 -1.16941 0.90082 0.00443 -0.07748 -0.08717 0.99317
1661398654.705146074 -0.73465 -1.16913 0.90061 0.00442 -0.07729 -0.08777 0.99313
1661398654.715146065 -0.73470 -1.16890 0.90038 0.00436 -0.07709 -0.08837 0.99309
1661398654.725146055 -0.73479 -1.16875 0.90015 0.00427 -0.07687 -0.08897 0.99305
1661398654.735146046 -0.73492 -1.16874 0.89990 0.00413 -0.07664 -0.08956 0.99302
1661398654.745146036 -0.73509 -1.16888 0.89965 0.00395 -0.07641 -0.09014 0.99299
1661398654.755146027 -0.73532 -1.16922 0.89940 0.00373 -0.07616 -0.09070 0.99295
1661398654.765146017 -0.73559 -1.16973 0.89915 0.00347 -0.07591 -0.09124 0.99293
1661398654.775146008 -0.73590 -1.17036 0.89890 0.00318 -0.07567 -0.09176 0.99290
1661398654.785145998 -0.73624 -1.17108 0.89867 0.00288 -0.07542 -0.09227 0.99287
1661398654.795145988 -0.73659 -1.17184 0.89845 0.00257 -0.07517 -0.09276 0.99284
1661398654.805145979 -0.73695 -1.17261 0.89824 0.00226 -0.07493 -0.09324 0.99282
1661398654.815145969 -0.73730 -1.17335 0.89807 0.00197 -0.07470 -0.09370 0.99279
1661398654.825145960 -0.73764 -1.17400 0.89791 0.00171 -0.07448 -0.09414 0.99277
1661398654.835146189 -0.73796 -1.17455 0.89779 0.00148 -0.07427 -0.09458 0.99274
1661398654.845145941 -0.73825 -1.17494 0.89771 0.00131 -0.07407 -0.09500 0.99272
1661398654.855146170 -0.73849 -1.17514 0.89766 0.00118 -0.07390 -0.09541 0.99269
1661398654.865145922 -0.73870 -1.17518 0.89764 0.00111 -0.07373 -0.09581 0.99266
1661398654.875146151 -0.73887 -1.17508 0.89766 0.00108 -0.07359 -0.09620 0.99264
1661398654.885145903 -0.73902 -1.17488 0.89769 0.00109 -0.07346 -0.09658 0.99261
1661398654.895146132 -0.73914 -1.17460 0.89774 0.00113 -0.07334 -0.09695 0.99258
1661398654.905145884 -0.73925 -1.17428 0.89780 0.00121 -0.07324 -0.09731 0.99255
1661398654.915146112 -0.73934 -1.17394 0.89786 0.00130 -0.07316 -0.09767 0.99253
1661398654.925145864 -0.73942 -1.17362 0.89792 0.00141 -0.07309 -0.09802 0.99250
1661398654.935146093 -0.73950 -1.17335 0.89797 0.00152 -0.07303 -0.09837 0.99247
1661398654.945145845 -0.73957 -1.17315 0.89801 0.00164 -0.07298 -0.09871 0.99244
1661398654.955146074 -0.73965 -1.17304 0.89803 0.00176 -0.07295 -0.09905 0.99240
1661398654.965146065 -0.73973 -1.17303 0.89803 0.00187 -0.07293 -0.09938 0.99237
1661398654.975146055 -0.73980 -1.17309 0.89803 0.00197 -0.07292 -0.09970 0.99234
1661398654.985146046 -0.73987 -1.17320 0.89803 0.00205 -0.07293 -0.10001 0.99231
1661398654.995146036 -0.73991 -1.17335 0.89803 0.00212 -0.07295 -0.10032 0.99228
1661398655.005146027 -0.73993 -1.17353 0.89804 0.00216 -0.07300 -0.10060 0.99224
1661398655.015146017 -0.73993 -1.17371 0.89808 0.00217 -0.07306 -0.10087 0.99221
1661398655.025146008 -0.73988 -1.17389 0.89814 0.00215 -0.07314 -0.10112 0.99218
1661398655.035145998 -0.73980 -1.17403 0.89823 0.00209 -0.07324 -0.10134 0.99215
1661398655.045145988 -0.73968 -1.17413 0.89836 0.00199 -0.07337 -0.10155 0.99212
1661398655.055145979 -0.73950 -1.17418 0.89853 0.00185 -0.07351 -0.10172 0.99209
1661398655.065145969 -0.73929 -1.17418 0.89875 0.00167 -0.07369 -0.10188 0.99206
1661398655.075146198 -0.73905 -1.17415 0.89901 0.00144 -0.07390 -0.10202 0.99203
1661398655.085145950 -0.73879 -1.17410 0.89931 0.00117 -0.07414 -0.10215 0.99200
1661398655.095146179 -0.73853 -1.17405 0.89965 0.00086 -0.07443 -0.10228 0.99197
1661398655.105145931 -0.73827 -1.17401 0.90003 0.00052 -0.07476 -0.10242 0.99193
1661398655.115146160 -0.73803 -1.17399 0.90044 0.00014 -0.07514 -0.10256 0.99188
1661398655.125145912 -0.73783 -1.17402 0.90090 -0.00028 -0.07557 -0.10272 0.99183
1661398655.135146141 -0.73766 -1.17409 0.90138 -0.00072 -0.07607 -0.10291 0.99178
1661398655.145145893 -0.73754 -1.17424 0.90190 -0.00120 -0.07663 -0.10312 0.99171
1661398655.155146122 -0.73748 -1.17446 0.90245 -0.00171 -0.07726 -0.10336 0.99164
1661398655.165145874 -0.73749 -1.17475 0.90304 -0.00224 -0.07795 -0.10363 0.99155
1661398655.175146103 -0.73754 -1.17510 0.90365 -0.00278 -0.07869 -0.10393 0.99146
1661398655.185145855 -0.73765 -1.17550 0.90428 -0.00333 -0.07947 -0.10424 0.99137
1661398655.195146084 -0.73780 -1.17594 0.90494 -0.00387 -0.08030 -0.10457 0.99126
1661398655.205146074 -0.73799 -1.17640 0.90562 -0.00440 -0.08116 -0.10490 0.99116
1661398655.215146065 -0.73822 -1.17687 0.90633 -0.00492 -0.08204 -0.10524 0.99105
1661398655.225146055 -0.73847 -1.17735 0.90705 -0.00540 -0.08293 -0.10557 0.99093
1661398655.235146046 -0.73876 -1.17782 0.90778 -0.00586 -0.08383 -0.10589 0.99082
1661398655.245146036 -0.73906 -1.17827 0.90853 -0.00626 -0.08474 -0.10619 0.99071
1661398655.255146027 -0.73938 -1.17869 0.90929 -0.00662 -0.08563 -0.10647 0.99060
1661398655.265146017 -0.73971 -1.17907 0.91006 -0.00694 -0.08651 -0.10674 0.99049
1661398655.275146008 -0.74005 -1.17943 0.91084 -0.00721 -0.08736 -0.10699 0.99039
1661398655.285145998 -0.74039 -1.17975 0.91160 -0.00745 -0.08818 -0.10723 0.99029
1661398655.295145988 -0.74073 -1.18004 0.91237 -0.00766 -0.08895 -0.10746 0.99019
1661398655.305145979 -0.74107 -1.18029 0.91312 -0.00785 -0.08967 -0.10767 0.99010
1661398655.315145969 -0.74139 -1.18051 0.91385 -0.00802 -0.09032 -0.10788 0.99002
1661398655.325145960 -0.74171 -1.18069 0.91457 -0.00818 -0.09090 -0.10809 0.98994
1661398655.335146189 -0.74201 -1.18084 0.91525 -0.00833 -0.09139 -0.10830 0.98987
1661398655.345145941 -0.74228 -1.18096 0.91591 -0.00848 -0.09180 -0.10851 0.98981
1661398655.355146170 -0.74254 -1.18103 0.91653 -0.00864 -0.09210 -0.10872 0.98976
1661398655.365145922 -0.74277 -1.18108 0.91711 -0.00880 -0.09232 -0.10894 0.98971
1661398655.375146151 -0.74297 -1.18111 0.91766 -0.00897 -0.09247 -0.10915 0.98967
1661398655.385145903 -0.74315 -1.18114 0.91818 -0.00913 -0.09257 -0.10936 0.98964
1661398655.395146132 -0.74331 -1.18116 0.91866 -0.00929 -0.09265 -0.10957 0.98961
1661398655.405145884 -0.74344 -1.18119 0.91910 -0.00944 -0.09271 -0.10976 0.98958
1661398655.415146112 -0.74355 -1.18123 0.91951 -0.00958 -0.09278 -0.10995 0.98955
1661398655.425145864 -0.74363 -1.18130 0.91988 -0.00971 -0.09288 -0.11013 0.98952
1661398655.435146093 -0.74370 -1.18141 0.92022 -0.00983 -0.09302 -0.11029 0.98949
1661398655.445145845 -0.74374 -1.18156 0.92052 -0.00993 -0.09322 -0.11043 0.98945
1661398655.455146074 -0.74376 -1.18175 0.92079 -0.01002 -0.09349 -0.11056 0.98941
1661398655.465146065 -0.74377 -1.18199 0.92103 -0.01009 -0.09384 -0.11067 0.98937
1661398655.475146055 -0.74375 -1.18225 0.92125 -0.01014 -0.09424 -0.11078 0.98932
1661398655.485146046 -0.74373 -1.18253 0.92144 -0.01018 -0.09468 -0.11089 0.98926
1661398655.495146036 -0.74370 -1.18282 0.92162 -0.01021 -0.09515 -0.11100 0.98920
1661398655.505146027 -0.74366 -1.18309 0.92180 -0.01023 -0.09564 -0.11112 0.98914
1661398655.515146017 -0.74362 -1.18334 0.92196 -0.01023 -0.09614 -0.11126 0.98908
1661398655.525146008 -0.74358 -1.18356 0.92213 -0.01024 -0.09663 -0.11142 0.98901
1661398655.535145998 -0.74355 -1.18373 0.92230 -0.01023 -0.09711 -0.11162 0.98894
1661398655.545145988 -0.74352 -1.18384 0.92248 -0.01023 -0.09755 -0.11185 0.98887
1661398655.555145979 -0.74351 -1.18388 0.92268 -0.01022 -0.09795 -0.11212 0.98880
1661398655.565145969 -0.74351 -1.18385 0.92289 -0.01021 -0.09831 -0.11242 0.98873
1661398655.575146198 -0.74352 -1.18378 0.92311 -0.01021 -0.09863 -0.11276 0.98866
1661398655.585145950 -0.74354 -1.18365 0.92335 -0.01020 -0.09891 -0.11311 0.98859
1661398655.595146179 -0.74357 -1.18349 0.92361 -0.01021 -0.09916 -0.11348 0.98853
1661398655.605145931 -0.74362 -1.18329 0.92387 -0.01022 -0.09937 -0.11386 0.98846
1661398655.615146160 -0.74367 -1.18307 0.92416 -0.01025 -0.09956 -0.11424 0.98840
1661398655.625145912 -0.74374 -1.18283 0.92445 -0.01029 -0.09971 -0.11461 0.98834
1661398655.635146141 -0.74382 -1.18258 0.92476 -0.01034 -0.09984 -0.11497 0.98828
1661398655.645145893 -0.74392 -1.18233 0.92508 -0.01041 -0.09995 -0.11532 0.98823
1661398655.655146122 -0.74402 -1.18209 0.92542 -0.01050 -0.10003 -0.11564 0.98819
1661398655.665145874 -0.74414 -1.18187 0.92576 -0.01060 -0.10009 -0.11593 0.98814
1661398655.675146103 -0.74427 -1.18167 0.92609 -0.01072 -0.10013 -0.11621 0.98811
1661398655.685145855 -0.74442 -1.18150 0.92642 -0.01086 -0.10015 -0.11648 0.98807
1661398655.695146084 -0.74457 -1.18137 0.92672 -0.01100 -0.10016 -0.11674 0.98804
1661398655.705146074 -0.74474 -1.18130 0.92700 -0.01116 -0.10016 -0.11700 0.98801
1661398655.715146065 -0.74492 -1.18127 0.92724 -0.01132 -0.10015 -0.11725 0.98797
1661398655.725146055 -0.74511 -1.18132 0.92744 -0.01149 -0.10013 -0.11752 0.98794
1661398655.735146046 -0.74532 -1.18144 0.92758 -0.01166 -0.10010 -0.11779 0.98791
1661398655.745146036 -0.74554 -1.18164 0.92767 -0.01183 -0.10007 -0.11808 0.98788
1661398655.755146027 -0.74577 -1.18193 0.92768 -0.01200 -0.10003 -0.11838 0.98784
1661398655.765146017 -0.74601 -1.18229 0.92765 -0.01217 -0.09999 -0.11870 0.98781
1661398655.775146008 -0.74626 -1.18272 0.92757 -0.01233 -0.09995 -0.11903 0.98777
1661398655.785145998 -0.74650 -1.18318 0.92747 -0.01248 -0.09989 -0.11937 0.98773
1661398655.795145988 -0.74675 -1.18367 0.92736 -0.01262 -0.09983 -0.11971 0.98770
1661398655.805145979 -0.74698 -1.18417 0.92725 -0.01273 -0.09975 -0.12006 0.98766
1661398655.815145969 -0.74720 -1.18466 0.92716 -0.01281 -0.09966 -0.12040 0.98763
1661398655.825145960 -0.74740 -1.18513 0.92710 -0.01287 -0.09955 -0.12073 0.98760
1661398655.835146189 -0.74758 -1.18555 0.92710 -0.01290 -0.09942 -0.12105 0.98757
1661398655.845145941 -0.74774 -1.18592 0.92715 -0.01289 -0.09928 -0.12136 0.98755
1661398655.855146170 -0.74787 -1.18623 0.92728 -0.01284 -0.09911 -0.12165 0.98753
1661398655.865145922 -0.74797 -1.18647 0.92747 -0.01276 -0.09893 -0.12192 0.98751
1661398655.875146151 -0.74805 -1.18667 0.92771 -0.01266 -0.09875 -0.12217 0.98750
1661398655.885145903 -0.74811 -1.18684 0.92799 -0.01253 -0.09858 -0.12240 0.98749
1661398655.895146132 -0.74816 -1.18699 0.92827 -0.01240 -0.09843 -0.12261 0.98748
1661398655.905145884 -0.74820 -1.18713 0.92856 -0.01227 -0.09830 -0.12280 0.98747
1661398655.915146112 -0.74823 -1.18728 0.92884 -0.01214 -0.09821 -0.12297 0.98746
1661398655.925145864 -0.74826 -1.18745 0.92909 -0.01203 -0.09817 -0.12311 0.98745
1661398655.935146093 -0.74829 -1.18765 0.92929 -0.01194 -0.09819 -0.12323 0.98744
1661398655.945145845 -0.74834 -1.18790 0.92943 -0.01188 -0.09827 -0.12332 0.98742
1661398655.955146074 -0.74839 -1.18821 0.92951 -0.01186 -0.09843 -0.12339 0.98739
1661398655.965146065 -0.74844 -1.18857 0.92952 -0.01187 -0.09865 -0.12344 0.98736
1661398655.975146055 -0.74850 -1.18896 0.92949 -0.01191 -0.09893 -0.12348 0.98733
1661398655.985146046 -0.74856 -1.18938 0.92943 -0.01199 -0.09925 -0.12350 0.98730
1661398655.995146036 -0.74861 -1.18982 0.92936 -0.01209 -0.09961 -0.12352 0.98726
1661398656.005146027 -0.74866 -1.19026 0.92928 -0.01221 -0.09999 -0.12353 0.98722
1661398656.015146017 -0.74868 -1.19070 0.92922 -0.01235 -0.10037 -0.12355 0.98717
1661398656.025146008 -0.74869 -1.19112 0.92919 -0.01252 -0.10075 -0.12357 0.98713
1661398656.035145998 -0.74868 -1.19151 0.92921 -0.01269 -0.10113 -0.12361 0.98708
1661398656.045145988 -0.74864 -1.19186 0.92928 -0.01288 -0.10147 -0.12366 0.98704
1661398656.055145979 -0.74858 -1.19216 0.92943 -0.01308 -0.10178 -0.12373 0.98700
1661398656.065145969 -0.74848 -1.19241 0.92964 -0.01329 -0.10207 -0.12382 0.98695
1661398656.075146198 -0.74837 -1.19261 0.92991 -0.01350 -0.10234 -0.12392 0.98691
1661398656.085145950 -0.74825 -1.19276 0.93024 -0.01371 -0.10260 -0.12402 0.98687
1661398656.095146179 -0.74813 -1.19286 0.93060 -0.01392 -0.10287 -0.12413 0.98682
1661398656.105145931 -0.74800 -1.19291 0.93101 -0.01414 -0.10314 -0.12424 0.98678
1661398656.115146160 -0.74789 -1.19291 0.93145 -0.01434 -0.10343 -0.12434 0.98673
1661398656.125145912 -0.74778 -1.19286 0.93191 -0.01455 -0.10375 -0.12443 0.98668
1661398656.135146141 -0.74770 -1.19276 0.93238 -0.01474 -0.10411 -0.12450 0.98663
1661398656.145145893 -0.74764 -1.19261 0.93286 -0.01493 -0.10452 -0.12455 0.98658
1661398656.155146122 -0.74762 -1.19241 0.93335 -0.01510 -0.10498 -0.12457 0.98653
1661398656.165145874 -0.74762 -1.19217 0.93383 -0.01526 -0.10549 -0.12457 0.98647
1661398656.175146103 -0.74766 -1.19190 0.93432 -0.01541 -0.10605 -0.12455 0.98641
1661398656.185145855 -0.74772 -1.19161 0.93481 -0.01554 -0.10663 -0.12450 0.98635
1661398656.195146084 -0.74781 -1.19131 0.93531 -0.01566 -0.10725 -0.12444 0.98629
1661398656.205146074 -0.74793 -1.19101 0.93581 -0.01577 -0.10788 -0.12436 0.98623
1661398656.215146065 -0.74806 -1.19072 0.93632 -0.01586 -0.10853 -0.12426 0.98617
1661398656.225146055 -0.74822 -1.19045 0.93684 -0.01595 -0.10918 -0.12415 0.98611
1661398656.235146046 -0.74840 -1.19020 0.93737 -0.01602 -0.10983 -0.12402 0.98605
1661398656.245146036 -0.74859 -1.18999 0.93790 -0.01607 -0.11048 -0.12388 0.98600
1661398656.255146027 -0.74880 -1.18982 0.93845 -0.01611 -0.11110 -0.12373 0.98595
1661398656.265146017 -0.74901 -1.18970 0.93900 -0.01614 -0.11171 -0.12357 0.98590
1661398656.275146008 -0.74924 -1.18960 0.93955 -0.01616 -0.11230 -0.12340 0.98585
1661398656.285145998 -0.74948 -1.18953 0.94010 -0.01616 -0.11288 -0.12323 0.98581
1661398656.295145988 -0.74971 -1.18948 0.94065 -0.01616 -0.11343 -0.12305 0.98576
1661398656.305145979 -0.74995 -1.18943 0.94117 -0.01614 -0.11397 -0.12286 0.98573
1661398656.315145969 -0.75018 -1.18938 0.94168 -0.01611 -0.11449 -0.12266 0.98569
1661398656.325145960 -0.75040 -1.18932 0.94217 -0.01608 -0.11499 -0.12247 0.98566
1661398656.335146189 -0.75062 -1.18925 0.94263 -0.01603 -0.11547 -0.12226 0.98563
1661398656.345145941 -0.75082 -1.18915 0.94306 -0.01598 -0.11594 -0.12206 0.98560
1661398656.355146170 -0.75101 -1.18903 0.94345 -0.01592 -0.11638 -0.12185 0.98557
1661398656.365145922 -0.75118 -1.18887 0.94381 -0.01586 -0.11681 -0.12164 0.98555
1661398656.375146151 -0.75133 -1.18870 0.94414 -0.01579 -0.11722 -0.12144 0.98553
1661398656.385145903 -0.75148 -1.18850 0.94445 -0.01573 -0.11762 -0.12123 0.98551
1661398656.395146132 -0.75161 -1.18829 0.94475 -0.01568 -0.11801 -0.12103 0.98548
1661398656.405145884 -0.75173 -1.18807 0.94505 -0.01564 -0.11840 -0.12083 0.98546
1661398656.415146112 -0.75183 -1.18785 0.94534 -0.01561 -0.11878 -0.12064 0.98544
1661398656.425145864 -0.75193 -1.18762 0.94564 -0.01560 -0.11917 -0.12046 0.98542
1661398656.435146093 -0.75202 -1.18739 0.94595 -0.01561 -0.11956 -0.12029 0.98539
1661398656.445145845 -0.75211 -1.18717 0.94628 -0.01565 -0.11995 -0.12013 0.98536
1661398656.455146074 -0.75218 -1.18696 0.94663 -0.01572 -0.12035 -0.11997 0.98533
1661398656.465146065 -0.75225 -1.18676 0.94700 -0.01581 -0.12076 -0.11984 0.98529
1661398656.475146055 -0.75232 -1.18657 0.94738 -0.01593 -0.12117 -0.11971 0.98526
1661398656.485146046 -0.75239 -1.18639 0.94777 -0.01606 -0.12157 -0.11960 0.98522
1661398656.495146036 -0.75247 -1.18621 0.94817 -0.01621 -0.12196 -0.11950 0.98518
1661398656.505146027 -0.75254 -1.18605 0.94856 -0.01637 -0.12233 -0.11942 0.98514
1661398656.515146017 -0.75263 -1.18590 0.94895 -0.01654 -0.12269 -0.11935 0.98510
1661398656.525146008 -0.75273 -1.18576 0.94932 -0.01671 -0.12301 -0.11930 0.98507
1661398656.535145998 -0.75283 -1.18562 0.94968 -0.01689 -0.12331 -0.11926 0.98503
1661398656.545145988 -0.75296 -1.18549 0.95002 -0.01706 -0.12357 -0.11924 0.98500
1661398656.555145979 -0.75310 -1.18538 0.95033 -0.01722 -0.12379 -0.11924 0.98497
1661398656.565145969 -0.75325 -1.18527 0.95062 -0.01738 -0.12398 -0.11925 0.98494
1661398656.575146198 -0.75342 -1.18519 0.95088 -0.01752 -0.12413 -0.11928 0.98492
1661398656.585145950 -0.75361 -1.18512 0.95113 -0.01766 -0.12425 -0.11932 0.98489
1661398656.595146179 -0.75381 -1.18509 0.95136 -0.01777 -0.12434 -0.11937 0.98487
1661398656.605145931 -0.75402 -1.18509 0.95158 -0.01787 -0.12441 -0.11942 0.98486
1661398656.615146160 -0.75424 -1.18512 0.95179 -0.01795 -0.12446 -0.11948 0.98484
1661398656.625145912 -0.75447 -1.18520 0.95199 -0.01801 -0.12449 -0.11955 0.98483
1661398656.635146141 -0.75472 -1.18533 0.95219 -0.01804 -0.12451 -0.11961 0.98482
1661398656.645145893 -0.75497 -1.18551 0.95238 -0.01805 -0.12451 -0.11968 0.98481
1661398656.655146122 -0.75523 -1.18575 0.95258 -0.01803 -0.12452 -0.11974 0.98480
1661398656.665145874 -0.75550 -1.18602 0.95278 -0.01799 -0.12452 -0.11980 0.98479
1661398656.675146103 -0.75576 -1.18632 0.95298 -0.01793 -0.12452 -0.11986 0.98479
1661398656.685145855 -0.75601 -1.18662 0.95318 -0.01786 -0.12453 -0.11992 0.98478
1661398656.695146084 -0.75625 -1.18692 0.95337 -0.01778 -0.12455 -0.11999 0.98477
1661398656.705146074 -0.75648 -1.18718 0.95356 -0.01771 -0.12458 -0.12005 0.98476
1661398656.715146065 -0.75667 -1.18740 0.95375 -0.01764 -0.12463 -0.12011 0.98475
1661398656.725146055 -0.75684 -1.18755 0.95394 -0.01758 -0.12471 -0.12018 0.98473
1661398656.735146046 -0.75698 -1.18763 0.95412 -0.01754 -0.12482 -0.12025 0.98471
1661398656.745146036 -0.75707 -1.18760 0.95429 -0.01752 -0.12495 -0.12033 0.98468
1661398656.755146027 -0.75712 -1.18747 0.95445 -0.01753 -0.12512 -0.12041 0.98465
1661398656.765146017 -0.75714 -1.18724 0.95461 -0.01756 -0.12533 -0.12050 0.98461
1661398656.775146008 -0.75713 -1.18694 0.95477 -0.01760 -0.12557 -0.12059 0.98457
1661398656.785145998 -0.75711 -1.18660 0.95494 -0.01766 -0.12584 -0.12068 0.98452
1661398656.795145988 -0.75709 -1.18623 0.95511 -0.01772 -0.12614 -0.12078 0.98447
1661398656.805145979 -0.75708 -1.18587 0.95528 -0.01778 -0.12647 -0.12089 0.98442
1661398656.815145969 -0.75708 -1.18553 0.95547 -0.01783 -0.12683 -0.12099 0.98436
1661398656.825145960 -0.75712 -1.18523 0.95568 -0.01787 -0.12722 -0.12110 0.98429
1661398656.835146189 -0.75720 -1.18501 0.95591 -0.01789 -0.12762 -0.12121 0.98423
1661398656.845145941 -0.75732 -1.18487 0.95616 -0.01789 -0.12805 -0.12133 0.98416
1661398656.855146170 -0.75751 -1.18485 0.95643 -0.01785 -0.12850 -0.12145 0.98408
1661398656.865145922 -0.75775 -1.18493 0.95673 -0.01778 -0.12898 -0.12156 0.98401
1661398656.875146151 -0.75802 -1.18511 0.95703 -0.01768 -0.12947 -0.12168 0.98393
1661398656.885145903 -0.75832 -1.18536 0.95735 -0.01754 -0.12997 -0.12179 0.98385
1661398656.895146132 -0.75864 -1.18569 0.95766 -0.01737 -0.13049 -0.12190 0.98377
1661398656.905145884 -0.75896 -1.18607 0.95796 -0.01717 -0.13102 -0.12201 0.98369
1661398656.915146112 -0.75926 -1.18651 0.95825 -0.01693 -0.13157 -0.12210 0.98361
1661398656.925145864 -0.75955 -1.18697 0.95852 -0.01665 -0.13212 -0.12219 0.98353
1661398656.935146093 -0.75981 -1.18746 0.95876 -0.01634 -0.13268 -0.12227 0.98345
1661398656.945145845 -0.76002 -1.18797 0.95897 -0.01599 -0.13325 -0.12234 0.98337
1661398656.955146074 -0.76017 -1.18847 0.95914 -0.01560 -0.13382 -0.12239 0.98330
1661398656.965146065 -0.76028 -1.18897 0.95927 -0.01519 -0.13440 -0.12243 0.98322
1661398656.975146055 -0.76036 -1.18947 0.95937 -0.01475 -0.13498 -0.12246 0.98314
1661398656.985146046 -0.76041 -1.18994 0.95945 -0.01429 -0.13557 -0.12247 0.98306
1661398656.995146036 -0.76044 -1.19040 0.95952 -0.01383 -0.13617 -0.12248 0.98299
1661398657.005146027 -0.76047 -1.19083 0.95958 -0.01336 -0.13678 -0.12247 0.98291
1661398657.015146017 -0.76050 -1.19123 0.95963 -0.01290 -0.13740 -0.12245 0.98283
1661398657.025146008 -0.76056 -1.19159 0.95969 -0.01245 -0.13803 -0.12243 0.98275
1661398657.035145998 -0.76064 -1.19192 0.95977 -0.01202 -0.13867 -0.12239 0.98267
1661398657.045145988 -0.76075 -1.19219 0.95986 -0.01162 -0.13932 -0.12234 0.98259
1661398657.055145979 -0.76092 -1.19241 0.95997 -0.01125 -0.13998 -0.12229 0.98251
1661398657.065145969 -0.76112 -1.19258 0.96010 -0.01091 -0.14066 -0.12223 0.98242
1661398657.075146198 -0.76135 -1.19270 0.96026 -0.01061 -0.14135 -0.12216 0.98234
1661398657.085145950 -0.76160 -1.19275 0.96044 -0.01035 -0.14204 -0.12208 0.98225
1661398657.095146179 -0.76186 -1.19275 0.96063 -0.01013 -0.14275 -0.12199 0.98216
1661398657.105145931 -0.76212 -1.19269 0.96083 -0.00995 -0.14346 -0.12189 0.98207
1661398657.115146160 -0.76238 -1.19256 0.96105 -0.00981 -0.14418 -0.12179 0.98198
1661398657.125145912 -0.76262 -1.19237 0.96128 -0.00972 -0.14491 -0.12167 0.98189
1661398657.135146141 -0.76283 -1.19212 0.96152 -0.00967 -0.14564 -0.12155 0.98180
1661398657.145145893 -0.76300 -1.19179 0.96177 -0.00967 -0.14638 -0.12141 0.98170
1661398657.155146122 -0.76313 -1.19141 0.96202 -0.00971 -0.14711 -0.12126 0.98161
1661398657.165145874 -0.76322 -1.19097 0.96227 -0.00979 -0.14784 -0.12111 0.98152
1661398657.175146103 -0.76328 -1.19049 0.96253 -0.00991 -0.14857 -0.12095 0.98143
1661398657.185145855 -0.76332 -1.19000 0.96279 -0.01005 -0.14927 -0.12078 0.98134
1661398657.195146084 -0.76335 -1.18951 0.96305 -0.01021 -0.14995 -0.12060 0.98126
1661398657.205146074 -0.76337 -1.18904 0.96332 -0.01037 -0.15060 -0.12042 0.98118
1661398657.215146065 -0.76338 -1.18860 0.96358 -0.01054 -0.15121 -0.12024 0.98111
1661398657.225146055 -0.76341 -1.18822 0.96385 -0.01069 -0.15178 -0.12005 0.98104
1661398657.235146046 -0.76346 -1.18790 0.96412 -0.01083 -0.15229 -0.11987 0.98098
1661398657.245146036 -0.76352 -1.18767 0.96439 -0.01095 -0.15275 -0.11968 0.98093
1661398657.255146027 -0.76362 -1.18754 0.96466 -0.01104 -0.15314 -0.11949 0.98089
1661398657.265146017 -0.76375 -1.18750 0.96493 -0.01109 -0.15349 -0.11930 0.98086
1661398657.275146008 -0.76390 -1.18754 0.96521 -0.01112 -0.15379 -0.11911 0.98084
1661398657.285145998 -0.76408 -1.18766 0.96549 -0.01112 -0.15408 -0.11890 0.98082
1661398657.295145988 -0.76427 -1.18784 0.96578 -0.01110 -0.15435 -0.11869 0.98080
1661398657.305145979 -0.76448 -1.18807 0.96608 -0.01105 -0.15463 -0.11846 0.98078
1661398657.315145969 -0.76469 -1.18833 0.96640 -0.01098 -0.15493 -0.11822 0.98077
1661398657.325145960 -0.76492 -1.18863 0.96672 -0.01088 -0.15526 -0.11795 0.98075
1661398657.335146189 -0.76515 -1.18895 0.96707 -0.01077 -0.15563 -0.11766 0.98072
1661398657.345145941 -0.76539 -1.18927 0.96743 -0.01064 -0.15606 -0.11735 0.98069
1661398657.355146170 -0.76562 -1.18960 0.96781 -0.01049 -0.15657 -0.11701 0.98066
1661398657.365145922 -0.76584 -1.18992 0.96820 -0.01033 -0.15712 -0.11664 0.98061
1661398657.375146151 -0.76606 -1.19023 0.96859 -0.01016 -0.15770 -0.11627 0.98057
1661398657.385145903 -0.76627 -1.19054 0.96896 -0.00999 -0.15829 -0.11588 0.98052
1661398657.395146132 -0.76648 -1.19083 0.96931 -0.00981 -0.15887 -0.11549 0.98047
1661398657.405145884 -0.76666 -1.19111 0.96962 -0.00964 -0.15941 -0.11510 0.98043
1661398657.415146112 -0.76684 -1.19138 0.96988 -0.00948 -0.15989 -0.11473 0.98040
1661398657.425145864 -0.76699 -1.19163 0.97009 -0.00933 -0.16029 -0.11438 0.98038
1661398657.435146093 -0.76713 -1.19187 0.97021 -0.00920 -0.16059 -0.11405 0.98037
1661398657.445145845 -0.76725 -1.19208 0.97026 -0.00909 -0.16077 -0.11375 0.98037
1661398657.455146074 -0.76734 -1.19228 0.97021 -0.00900 -0.16080 -0.11349 0.98040
1661398657.465146065 -0.76742 -1.19246 0.97008 -0.00894 -0.16071 -0.11326 0.98044
1661398657.475146055 -0.76748 -1.19264 0.96988 -0.00890 -0.16052 -0.11307 0.98049
1661398657.485146046 -0.76752 -1.19283 0.96962 -0.00888 -0.16024 -0.11290 0.98056
1661398657.495146036 -0.76756 -1.19305 0.96931 -0.00888 -0.15989 -0.11276 0.98063
1661398657.505146027 -0.76760 -1.19329 0.96897 -0.00890 -0.15950 -0.11264 0.98071
1661398657.515146017 -0.76763 -1.19357 0.96861 -0.00894 -0.15908 -0.11254 0.98079
1661398657.525146008 -0.76767 -1.19390 0.96824 -0.00900 -0.15865 -0.11245 0.98087
1661398657.535145998 -0.76771 -1.19430 0.96787 -0.00907 -0.15823 -0.11236 0.98095
1661398657.545145988 -0.76777 -1.19477 0.96752 -0.00915 -0.15785 -0.11229 0.98102
1661398657.555145979 -0.76783 -1.19531 0.96719 -0.00925 -0.15751 -0.11222 0.98108
1661398657.565145969 -0.76792 -1.19593 0.96689 -0.00936 -0.15723 -0.11214 0.98113
1661398657.575146198 -0.76802 -1.19660 0.96661 -0.00946 -0.15703 -0.11207 0.98117
1661398657.585145950 -0.76814 -1.19731 0.96635 -0.00955 -0.15690 -0.11199 0.98120
1661398657.595146179 -0.76828 -1.19806 0.96612 -0.00963 -0.15686 -0.11190 0.98121
1661398657.605145931 -0.76844 -1.19881 0.96590 -0.00969 -0.15691 -0.11180 0.98122
1661398657.615146160 -0.76862 -1.19957 0.96570 -0.00971 -0.15706 -0.11170 0.98120
1661398657.625145912 -0.76883 -1.20031 0.96552 -0.00970 -0.15733 -0.11157 0.98117
1661398657.635146141 -0.76906 -1.20103 0.96536 -0.00965 -0.15772 -0.11144 0.98113
1661398657.645145893 -0.76933 -1.20170 0.96521 -0.00954 -0.15824 -0.11128 0.98106
1661398657.655146122 -0.76962 -1.20233 0.96507 -0.00938 -0.15889 -0.11110 0.98098
1661398657.665145874 -0.76993 -1.20291 0.96495 -0.00917 -0.15967 -0.11091 0.98088
1661398657.675146103 -0.77026 -1.20343 0.96485 -0.00892 -0.16055 -0.11070 0.98076
1661398657.685145855 -0.77060 -1.20391 0.96478 -0.00863 -0.16153 -0.11048 0.98063
1661398657.695146084 -0.77095 -1.20435 0.96475 -0.00831 -0.16258 -0.11026 0.98048
1661398657.705146074 -0.77130 -1.20475 0.96475 -0.00798 -0.16370 -0.11005 0.98032
1661398657.715146065 -0.77164 -1.20511 0.96479 -0.00763 -0.16487 -0.10983 0.98015
1661398657.725146055 -0.77198 -1.20544 0.96489 -0.00728 -0.16607 -0.10963 0.97997
1661398657.735146046 -0.77230 -1.20574 0.96503 -0.00694 -0.16729 -0.10945 0.97979
1661398657.745146036 -0.77260 -1.20600 0.96524 -0.00660 -0.16852 -0.10928 0.97960
1661398657.755146027 -0.77287 -1.20625 0.96551 -0.00629 -0.16973 -0.10913 0.97941
1661398657.765146017 -0.77313 -1.20647 0.96583 -0.00600 -0.17093 -0.10901 0.97922
1661398657.775146008 -0.77338 -1.20666 0.96621 -0.00572 -0.17211 -0.10890 0.97902
1661398657.785145998 -0.77362 -1.20684 0.96662 -0.00546 -0.17326 -0.10882 0.97883
1661398657.795145988 -0.77387 -1.20700 0.96707 -0.00522 -0.17438 -0.10876 0.97864
1661398657.805145979 -0.77413 -1.20715 0.96754 -0.00500 -0.17547 -0.10872 0.97845
1661398657.815145969 -0.77441 -1.20728 0.96803 -0.00480 -0.17652 -0.10870 0.97827
1661398657.825145960 -0.77472 -1.20740 0.96853 -0.00461 -0.17752 -0.10869 0.97809
1661398657.835146189 -0.77506 -1.20751 0.96903 -0.00444 -0.17848 -0.10870 0.97791
1661398657.845145941 -0.77545 -1.20761 0.96952 -0.00428 -0.17938 -0.10872 0.97774
1661398657.855146170 -0.77589 -1.20771 0.97000 -0.00414 -0.18022 -0.10876 0.97759
1661398657.865145922 -0.77637 -1.20782 0.97046 -0.00401 -0.18102 -0.10881 0.97743
1661398657.875146151 -0.77690 -1.20793 0.97092 -0.00390 -0.18176 -0.10887 0.97729
1661398657.885145903 -0.77745 -1.20807 0.97137 -0.00381 -0.18247 -0.10894 0.97715
1661398657.895146132 -0.77803 -1.20824 0.97181 -0.00373 -0.18314 -0.10901 0.97702
1661398657.905145884 -0.77863 -1.20845 0.97225 -0.00367 -0.18378 -0.10909 0.97689
1661398657.915146112 -0.77923 -1.20870 0.97269 -0.00363 -0.18439 -0.10916 0.97677
1661398657.925145864 -0.77984 -1.20902 0.97313 -0.00361 -0.18499 -0.10923 0.97664
1661398657.935146093 -0.78045 -1.20940 0.97357 -0.00361 -0.18558 -0.10929 0.97653
1661398657.945145845 -0.78105 -1.20985 0.97402 -0.00364 -0.18615 -0.10935 0.97641
1661398657.955146074 -0.78163 -1.21038 0.97448 -0.00368 -0.18673 -0.10939 0.97629
1661398657.965146065 -0.78220 -1.21098 0.97493 -0.00374 -0.18730 -0.10943 0.97618
1661398657.975146055 -0.78275 -1.21163 0.97537 -0.00382 -0.18785 -0.10946 0.97607
1661398657.985146046 -0.78328 -1.21232 0.97579 -0.00390 -0.18839 -0.10948 0.97596
1661398657.995146036 -0.78380 -1.21301 0.97619 -0.00398 -0.18890 -0.10951 0.97586
1661398658.005146027 -0.78430 -1.21370 0.97655 -0.00406 -0.18938 -0.10954 0.97577
1661398658.015146017 -0.78478 -1.21437 0.97686 -0.00413 -0.18982 -0.10957 0.97568
1661398658.025146008 -0.78524 -1.21501 0.97711 -0.00419 -0.19021 -0.10961 0.97560
1661398658.035145998 -0.78569 -1.21558 0.97730 -0.00424 -0.19056 -0.10966 0.97552
1661398658.045145988 -0.78612 -1.21608 0.97741 -0.00426 -0.19085 -0.10972 0.97546
1661398658.055145979 -0.78653 -1.21650 0.97745 -0.00425 -0.19108 -0.10979 0.97541
1661398658.065145969 -0.78692 -1.21683 0.97741 -0.00422 -0.19125 -0.10988 0.97536
1661398658.075146198 -0.78730 -1.21710 0.97732 -0.00417 -0.19139 -0.10997 0.97533
1661398658.085145950 -0.78766 -1.21731 0.97717 -0.00411 -0.19149 -0.11006 0.97530
1661398658.095146179 -0.78801 -1.21747 0.97700 -0.00402 -0.19157 -0.11014 0.97527
1661398658.105145931 -0.78835 -1.21760 0.97680 -0.00393 -0.19163 -0.11021 0.97525
1661398658.115146160 -0.78867 -1.21770 0.97660 -0.00383 -0.19169 -0.11026 0.97523
1661398658.125145912 -0.78897 -1.21779 0.97639 -0.00372 -0.19176 -0.11029 0.97522
1661398658.135146141 -0.78927 -1.21788 0.97621 -0.00362 -0.19185 -0.11029 0.97520
1661398658.145145893 -0.78955 -1.21797 0.97605 -0.00351 -0.19196 -0.11026 0.97518
1661398658.155146122 -0.78982 -1.21808 0.97592 -0.00341 -0.19211 -0.11019 0.97516
1661398658.165145874 -0.79009 -1.21821 0.97584 -0.00331 -0.19229 -0.11009 0.97514
1661398658.175146103 -0.79034 -1.21836 0.97579 -0.00322 -0.19250 -0.10996 0.97511
1661398658.185145855 -0.79059 -1.21852 0.97578 -0.00314 -0.19273 -0.10982 0.97508
1661398658.195146084 -0.79082 -1.21869 0.97580 -0.00306 -0.19297 -0.10967 0.97505
1661398658.205146074 -0.79105 -1.21886 0.97585 -0.00299 -0.19321 -0.10951 0.97502
1661398658.215146065 -0.79128 -1.21905 0.97593 -0.00292 -0.19346 -0.10937 0.97499
1661398658.225146055 -0.79149 -1.21924 0.97604 -0.00286 -0.19371 -0.10923 0.97496
1661398658.235146046 -0.79171 -1.21943 0.97618 -0.00281 -0.19394 -0.10911 0.97492
1661398658.245146036 -0.79192 -1.21962 0.97634 -0.00276 -0.19416 -0.10903 0.97489
1661398658.255146027 -0.79212 -1.21980 0.97652 -0.00272 -0.19436 -0.10897 0.97486
1661398658.265146017 -0.79232 -1.21999 0.97672 -0.00269 -0.19454 -0.10894 0.97482
1661398658.275146008 -0.79252 -1.22016 0.97694 -0.00267 -0.19473 -0.10895 0.97478
1661398658.285145998 -0.79271 -1.22034 0.97716 -0.00266 -0.19492 -0.10897 0.97474
1661398658.295145988 -0.79289 -1.22050 0.97738 -0.00266 -0.19513 -0.10900 0.97470
1661398658.305145979 -0.79305 -1.22066 0.97760 -0.00268 -0.19537 -0.10905 0.97464
1661398658.315145969 -0.79321 -1.22080 0.97782 -0.00271 -0.19564 -0.10911 0.97458
1661398658.325145960 -0.79336 -1.22094 0.97802 -0.00277 -0.19596 -0.10916 0.97451
1661398658.335146189 -0.79348 -1.22106 0.97821 -0.00285 -0.19634 -0.10921 0.97443
1661398658.345145941 -0.79360 -1.22117 0.97837 -0.00295 -0.19679 -0.10926 0.97434
1661398658.355146170 -0.79370 -1.22127 0.97851 -0.00307 -0.19731 -0.10929 0.97423
1661398658.365145922 -0.79378 -1.22137 0.97863 -0.00321 -0.19790 -0.10931 0.97410
1661398658.375146151 -0.79386 -1.22146 0.97874 -0.00336 -0.19856 -0.10931 0.97397
1661398658.385145903 -0.79395 -1.22157 0.97886 -0.00352 -0.19928 -0.10931 0.97382
1661398658.395146132 -0.79403 -1.22170 0.97899 -0.00369 -0.20005 -0.10930 0.97366
1661398658.405145884 -0.79413 -1.22185 0.97915 -0.00384 -0.20088 -0.10927 0.97350
1661398658.415146112 -0.79425 -1.22205 0.97934 -0.00399 -0.20175 -0.10924 0.97332
1661398658.425145864 -0.79439 -1.22229 0.97958 -0.00412 -0.20266 -0.10920 0.97313
1661398658.435146093 -0.79456 -1.22258 0.97987 -0.00423 -0.20360 -0.10915 0.97294
1661398658.445145845 -0.79477 -1.22293 0.98023 -0.00430 -0.20458 -0.10910 0.97274
1661398658.455146074 -0.79501 -1.22336 0.98066 -0.00435 -0.20558 -0.10904 0.97254
1661398658.465146065 -0.79529 -1.22383 0.98115 -0.00437 -0.20659 -0.10897 0.97233
1661398658.475146055 -0.79559 -1.22435 0.98168 -0.00435 -0.20762 -0.10890 0.97212
1661398658.485146046 -0.79591 -1.22488 0.98222 -0.00431 -0.20866 -0.10882 0.97191
1661398658.495146036 -0.79623 -1.22543 0.98277 -0.00424 -0.20969 -0.10873 0.97169
1661398658.505146027 -0.79656 -1.22596 0.98329 -0.00415 -0.21073 -0.10863 0.97148
1661398658.515146017 -0.79688 -1.22646 0.98377 -0.00405 -0.21175 -0.10853 0.97127
1661398658.525146008 -0.79718 -1.22692 0.98419 -0.00392 -0.21276 -0.10842 0.97106
1661398658.535145998 -0.79745 -1.22733 0.98453 -0.00378 -0.21375 -0.10831 0.97086
1661398658.545145988 -0.79769 -1.22765 0.98477 -0.00363 -0.21472 -0.10818 0.97066
1661398658.555145979 -0.79789 -1.22789 0.98489 -0.00347 -0.21566 -0.10804 0.97047
1661398658.565145969 -0.79806 -1.22805 0.98492 -0.00330 -0.21655 -0.10790 0.97028
1661398658.575146198 -0.79820 -1.22814 0.98488 -0.00312 -0.21740 -0.10775 0.97011
1661398658.585145950 -0.79833 -1.22818 0.98480 -0.00293 -0.21819 -0.10759 0.96995
1661398658.595146179 -0.79844 -1.22818 0.98469 -0.00274 -0.21892 -0.10743 0.96981
1661398658.605145931 -0.79855 -1.22816 0.98458 -0.00254 -0.21958 -0.10726 0.96968
1661398658.615146160 -0.79867 -1.22811 0.98449 -0.00233 -0.22016 -0.10709 0.96957
1661398658.625145912 -0.79880 -1.22807 0.98445 -0.00212 -0.22064 -0.10691 0.96948
1661398658.635146141 -0.79896 -1.22804 0.98449 -0.00190 -0.22103 -0.10673 0.96941
1661398658.645145893 -0.79914 -1.22803 0.98462 -0.00168 -0.22132 -0.10654 0.96936
1661398658.655146122 -0.79936 -1.22805 0.98487 -0.00145 -0.22149 -0.10635 0.96934
1661398658.665145874 -0.79961 -1.22811 0.98522 -0.00123 -0.22157 -0.10616 0.96935
1661398658.675146103 -0.79989 -1.22820 0.98564 -0.00100 -0.22159 -0.10597 0.96937
1661398658.685145855 -0.80019 -1.22832 0.98613 -0.00077 -0.22156 -0.10577 0.96939
1661398658.695146084 -0.80051 -1.22847 0.98664 -0.00053 -0.22150 -0.10556 0.96943
1661398658.705146074 -0.80084 -1.22864 0.98717 -0.00030 -0.22145 -0.10535 0.96946
1661398658.715146065 -0.80117 -1.22883 0.98769 -0.00007 -0.22142 -0.10513 0.96949
1661398658.725146055 -0.80151 -1.22904 0.98818 0.00016 -0.22144 -0.10490 0.96951
1661398658.735146046 -0.80183 -1.22927 0.98862 0.00040 -0.22153 -0.10467 0.96952
1661398658.745146036 -0.80215 -1.22950 0.98898 0.00062 -0.22171 -0.10442 0.96950
1661398658.755146027 -0.80245 -1.22975 0.98925 0.00085 -0.22200 -0.10416 0.96947
1661398658.765146017 -0.80274 -1.23001 0.98944 0.00108 -0.22239 -0.10390 0.96940
1661398658.775146008 -0.80302 -1.23027 0.98956 0.00130 -0.22286 -0.10364 0.96932
1661398658.785145998 -0.80329 -1.23054 0.98961 0.00152 -0.22339 -0.10337 0.96923
1661398658.795145988 -0.80356 -1.23081 0.98962 0.00174 -0.22397 -0.10311 0.96912
1661398658.805145979 -0.80382 -1.23108 0.98960 0.00196 -0.22458 -0.10285 0.96901
1661398658.815145969 -0.80409 -1.23135 0.98955 0.00217 -0.22519 -0.10261 0.96889
1661398658.825145960 -0.80436 -1.23162 0.98950 0.00238 -0.22580 -0.10238 0.96878
1661398658.835146189 -0.80464 -1.23188 0.98944 0.00260 -0.22639 -0.10216 0.96866
1661398658.845145941 -0.80492 -1.23214 0.98940 0.00281 -0.22693 -0.10197 0.96855
1661398658.855146170 -0.80522 -1.23239 0.98938 0.00302 -0.22741 -0.10180 0.96846
1661398658.865145922 -0.80553 -1.23264 0.98939 0.00323 -0.22785 -0.10165 0.96837
1661398658.875146151 -0.80585 -1.23289 0.98941 0.00344 -0.22825 -0.10151 0.96829
1661398658.885145903 -0.80619 -1.23313 0.98945 0.00365 -0.22863 -0.10138 0.96821
1661398658.895146132 -0.80653 -1.23338 0.98950 0.00387 -0.22900 -0.10123 0.96814
1661398658.905145884 -0.80689 -1.23364 0.98956 0.00409 -0.22938 -0.10108 0.96806
1661398658.915146112 -0.80727 -1.23391 0.98963 0.00431 -0.22978 -0.10091 0.96799
1661398658.925145864 -0.80765 -1.23419 0.98970 0.00454 -0.23021 -0.10071 0.96791
1661398658.935146093 -0.80805 -1.23449 0.98977 0.00477 -0.23068 -0.10047 0.96782
1661398658.945145845 -0.80846 -1.23480 0.98984 0.00501 -0.23121 -0.10020 0.96772
1661398658.955146074 -0.80888 -1.23513 0.98989 0.00526 -0.23181 -0.09987 0.96761
1661398658.965146065 -0.80931 -1.23548 0.98995 0.00552 -0.23246 -0.09952 0.96749
1661398658.975146055 -0.80974 -1.23584 0.99001 0.00579 -0.23317 -0.09913 0.96735
1661398658.985146046 -0.81019 -1.23620 0.99007 0.00608 -0.23392 -0.09873 0.96721
1661398658.995146036 -0.81063 -1.23656 0.99014 0.00637 -0.23470 -0.09832 0.96706
1661398659.005146027 -0.81107 -1.23691 0.99022 0.00668 -0.23550 -0.09791 0.96691
1661398659.015146017 -0.81152 -1.23724 0.99032 0.00701 -0.23632 -0.09753 0.96674
1661398659.025146008 -0.81195 -1.23755 0.99044 0.00735 -0.23713 -0.09717 0.96658
1661398659.035145998 -0.81238 -1.23783 0.99059 0.00771 -0.23794 -0.09685 0.96641
1661398659.045145988 -0.81279 -1.23808 0.99077 0.00808 -0.23873 -0.09657 0.96624
1661398659.055145979 -0.81320 -1.23828 0.99098 0.00848 -0.23950 -0.09636 0.96607
1661398659.065145969 -0.81359 -1.23846 0.99122 0.00890 -0.24023 -0.09619 0.96590
1661398659.075146198 -0.81398 -1.23862 0.99147 0.00932 -0.24093 -0.09607 0.96573
1661398659.085145950 -0.81437 -1.23877 0.99174 0.00976 -0.24159 -0.09598 0.96557
1661398659.095146179 -0.81476 -1.23892 0.99201 0.01019 -0.24221 -0.09591 0.96542
1661398659.105145931 -0.81516 -1.23909 0.99227 0.01063 -0.24279 -0.09586 0.96527
1661398659.115146160 -0.81557 -1.23929 0.99252 0.01106 -0.24331 -0.09581 0.96514
1661398659.125145912 -0.81600 -1.23952 0.99275 0.01149 -0.24378 -0.09577 0.96502
1661398659.135146141 -0.81645 -1.23979 0.99295 0.01190 -0.24420 -0.09571 0.96492
1661398659.145145893 -0.81692 -1.24013 0.99312 0.01229 -0.24455 -0.09563 0.96483
1661398659.155146122 -0.81742 -1.24053 0.99324 0.01266 -0.24484 -0.09552 0.96476
1661398659.165145874 -0.81793 -1.24098 0.99333 0.01301 -0.24507 -0.09538 0.96471
1661398659.175146103 -0.81846 -1.24148 0.99337 0.01333 -0.24526 -0.09523 0.96468
1661398659.185145855 -0.81898 -1.24199 0.99338 0.01363 -0.24540 -0.09506 0.96466
1661398659.195146084 -0.81949 -1.24251 0.99336 0.01390 -0.24550 -0.09487 0.96464
1661398659.205146074 -0.81998 -1.24303 0.99332 0.01414 -0.24557 -0.09468 0.96464
1661398659.215146065 -0.82044 -1.24352 0.99325 0.01436 -0.24561 -0.09448 0.96465
1661398659.225146055 -0.82086 -1.24398 0.99316 0.01454 -0.24564 -0.09429 0.96466
1661398659.235146046 -0.82123 -1.24438 0.99306 0.01469 -0.24566 -0.09410 0.96467
1661398659.245146036 -0.82154 -1.24471 0.99294 0.01480 -0.24567 -0.09392 0.96468
1661398659.255146027 -0.82178 -1.24496 0.99282 0.01488 -0.24569 -0.09375 0.96469
1661398659.265146017 -0.82196 -1.24513 0.99269 0.01493 -0.24571 -0.09360 0.96470
1661398659.275146008 -0.82210 -1.24523 0.99258 0.01495 -0.24574 -0.09346 0.96470
1661398659.285145998 -0.82220 -1.24527 0.99247 0.01495 -0.24580 -0.09333 0.96470
1661398659.295145988 -0.82228 -1.24526 0.99239 0.01492 -0.24587 -0.09322 0.96469
1661398659.305145979 -0.82235 -1.24521 0.99234 0.01488 -0.24597 -0.09313 0.96468
1661398659.315145969 -0.82242 -1.24511 0.99233 0.01483 -0.24611 -0.09305 0.96465
1661398659.325145960 -0.82250 -1.24499 0.99237 0.01476 -0.24628 -0.09299 0.96462
1661398659.335146189 -0.82261 -1.24485 0.99247 0.01470 -0.24649 -0.09294 0.96457
1661398659.345145941 -0.82276 -1.24470 0.99262 0.01463 -0.24675 -0.09290 0.96451
1661398659.355146170 -0.82295 -1.24453 0.99285 0.01456 -0.24705 -0.09289 0.96443
1661398659.365145922 -0.82319 -1.24437 0.99313 0.01450 -0.24741 -0.09288 0.96434
1661398659.375146151 -0.82347 -1.24419 0.99347 0.01443 -0.24781 -0.09289 0.96424
1661398659.385145903 -0.82378 -1.24401 0.99383 0.01437 -0.24825 -0.09291 0.96412
1661398659.395146132 -0.82411 -1.24382 0.99423 0.01431 -0.24874 -0.09293 0.96400
1661398659.405145884 -0.82446 -1.24361 0.99463 0.01426 -0.24925 -0.09296 0.96386
1661398659.415146112 -0.82483 -1.24339 0.99503 0.01420 -0.24981 -0.09299 0.96372
1661398659.425145864 -0.82520 -1.24316 0.99542 0.01415 -0.25039 -0.09302 0.96356
1661398659.435146093 -0.82558 -1.24291 0.99579 0.01410 -0.25100 -0.09305 0.96340
1661398659.445145845 -0.82595 -1.24264 0.99612 0.01405 -0.25163 -0.09307 0.96324
1661398659.455146074 -0.82631 -1.24236 0.99640 0.01400 -0.25228 -0.09308 0.96307
1661398659.465146065 -0.82666 -1.24206 0.99665 0.01396 -0.25295 -0.09309 0.96289
1661398659.475146055 -0.82700 -1.24176 0.99687 0.01391 -0.25363 -0.09309 0.96271
1661398659.485146046 -0.82735 -1.24147 0.99707 0.01388 -0.25432 -0.09308 0.96253
1661398659.495146036 -0.82769 -1.24118 0.99726 0.01385 -0.25502 -0.09306 0.96235
1661398659.505146027 -0.82804 -1.24092 0.99745 0.01382 -0.25572 -0.09304 0.96216
1661398659.515146017 -0.82839 -1.24069 0.99766 0.01381 -0.25642 -0.09301 0.96198
1661398659.525146008 -0.82874 -1.24049 0.99789 0.01380 -0.25711 -0.09297 0.96180
1661398659.535145998 -0.82911 -1.24033 0.99816 0.01381 -0.25779 -0.09292 0.96162
1661398659.545145988 -0.82949 -1.24023 0.99846 0.01383 -0.25846 -0.09287 0.96145
1661398659.555145979 -0.82988 -1.24018 0.99882 0.01386 -0.25911 -0.09280 0.96128
1661398659.565145969 -0.83029 -1.24018 0.99923 0.01390 -0.25975 -0.09274 0.96111
1661398659.575146198 -0.83072 -1.24023 0.99967 0.01394 -0.26037 -0.09267 0.96095
1661398659.585145950 -0.83116 -1.24030 1.00015 0.01399 -0.26098 -0.09260 0.96079
1661398659.595146179 -0.83162 -1.24040 1.00065 0.01404 -0.26159 -0.09253 0.96063
1661398659.605145931 -0.83209 -1.24052 1.00117 0.01409 -0.26218 -0.09247 0.96047
1661398659.615146160 -0.83258 -1.24063 1.00170 0.01412 -0.26277 -0.09242 0.96032
1661398659.625145912 -0.83310 -1.24075 1.00224 0.01415 -0.26336 -0.09238 0.96016
1661398659.635146141 -0.83362 -1.24085 1.00277 0.01417 -0.26395 -0.09235 0.96000
1661398659.645145893 -0.83417 -1.24093 1.00330 0.01417 -0.26453 -0.09234 0.95984
1661398659.655146122 -0.83474 -1.24098 1.00381 0.01414 -0.26512 -0.09235 0.95968
1661398659.665145874 -0.83532 -1.24100 1.00429 0.01410 -0.26571 -0.09238 0.95951
1661398659.675146103 -0.83590 -1.24100 1.00476 0.01405 -0.26628 -0.09241 0.95935
1661398659.685145855 -0.83649 -1.24096 1.00521 0.01397 -0.26685 -0.09246 0.95919
1661398659.695146084 -0.83706 -1.24091 1.00563 0.01389 -0.26739 -0.09252 0.95904
1661398659.705146074 -0.83762 -1.24084 1.00603 0.01379 -0.26792 -0.09257 0.95889
1661398659.715146065 -0.83816 -1.24074 1.00641 0.01367 -0.26841 -0.09263 0.95874
1661398659.725146055 -0.83867 -1.24063 1.00675 0.01355 -0.26886 -0.09268 0.95861
1661398659.735146046 -0.83915 -1.24050 1.00707 0.01342 -0.26928 -0.09273 0.95849
1661398659.745146036 -0.83958 -1.24036 1.00736 0.01329 -0.26965 -0.09276 0.95839
1661398659.755146027 -0.83996 -1.24021 1.00761 0.01315 -0.26997 -0.09279 0.95830
1661398659.765146017 -0.84030 -1.24004 1.00784 0.01301 -0.27025 -0.09280 0.95822
1661398659.775146008 -0.84060 -1.23987 1.00805 0.01288 -0.27050 -0.09281 0.95815
1661398659.785145998 -0.84086 -1.23968 1.00825 0.01276 -0.27072 -0.09281 0.95809
1661398659.795145988 -0.84108 -1.23949 1.00844 0.01266 -0.27094 -0.09281 0.95803
1661398659.805145979 -0.84128 -1.23928 1.00863 0.01258 -0.27115 -0.09282 0.95797
1661398659.815145969 -0.84144 -1.23907 1.00882 0.01254 -0.27137 -0.09282 0.95791
1661398659.825145960 -0.84159 -1.23885 1.00902 0.01253 -0.27161 -0.09284 0.95784
1661398659.835146189 -0.84171 -1.23862 1.00925 0.01256 -0.27188 -0.09287 0.95776
1661398659.845145941 -0.84181 -1.23838 1.00949 0.01264 -0.27219 -0.09292 0.95766
1661398659.855146170 -0.84191 -1.23813 1.00977 0.01277 -0.27254 -0.09298 0.95756
1661398659.865145922 -0.84199 -1.23787 1.01007 0.01295 -0.27293 -0.09305 0.95744
1661398659.875146151 -0.84206 -1.23759 1.01041 0.01317 -0.27335 -0.09313 0.95730
1661398659.885145903 -0.84212 -1.23730 1.01076 0.01342 -0.27380 -0.09321 0.95717
1661398659.895146132 -0.84218 -1.23698 1.01114 0.01370 -0.27425 -0.09329 0.95702
1661398659.905145884 -0.84223 -1.23663 1.01153 0.01399 -0.27471 -0.09336 0.95688
1661398659.915146112 -0.84228 -1.23625 1.01195 0.01429 -0.27517 -0.09342 0.95674
1661398659.925145864 -0.84232 -1.23583 1.01238 0.01459 -0.27561 -0.09345 0.95661
1661398659.935146093 -0.84237 -1.23537 1.01283 0.01488 -0.27603 -0.09346 0.95648
1661398659.945145845 -0.84242 -1.23487 1.01328 0.01516 -0.27641 -0.09344 0.95636
1661398659.955146074 -0.84247 -1.23432 1.01375 0.01542 -0.27677 -0.09339 0.95626
1661398659.965146065 -0.84253 -1.23374 1.01422 0.01566 -0.27709 -0.09329 0.95618
1661398659.975146055 -0.84258 -1.23313 1.01469 0.01587 -0.27740 -0.09316 0.95610
1661398659.985146046 -0.84265 -1.23252 1.01514 0.01606 -0.27771 -0.09300 0.95602
1661398659.995146036 -0.84272 -1.23190 1.01559 0.01622 -0.27803 -0.09280 0.95594
1661398660.005146027 -0.84280 -1.23131 1.01601 0.01635 -0.27837 -0.09256 0.95586
1661398660.015146017 -0.84288 -1.23074 1.01640 0.01645 -0.27875 -0.09228 0.95578
1661398660.025146008 -0.84297 -1.23021 1.01676 0.01652 -0.27918 -0.09197 0.95568
1661398660.035145998 -0.84307 -1.22974 1.01708 0.01656 -0.27967 -0.09162 0.95557
1661398660.045145988 -0.84318 -1.22934 1.01735 0.01657 -0.28024 -0.09123 0.95544
1661398660.055145979 -0.84329 -1.22901 1.01757 0.01654 -0.28089 -0.09080 0.95529
1661398660.065145969 -0.84342 -1.22875 1.01774 0.01650 -0.28161 -0.09034 0.95512
1661398660.075146198 -0.84355 -1.22855 1.01788 0.01647 -0.28238 -0.08986 0.95494
1661398660.085145950 -0.84368 -1.22839 1.01799 0.01645 -0.28318 -0.08935 0.95475
1661398660.095146179 -0.84382 -1.22827 1.01809 0.01647 -0.28399 -0.08883 0.95456
1661398660.105145931 -0.84396 -1.22816 1.01818 0.01655 -0.28478 -0.08829 0.95437
1661398660.115146160 -0.84409 -1.22806 1.01827 0.01670 -0.28555 -0.08775 0.95419
1661398660.125145912 -0.84423 -1.22795 1.01837 0.01695 -0.28627 -0.08721 0.95402
1661398660.135146141 -0.84436 -1.22783 1.01848 0.01730 -0.28692 -0.08668 0.95387
1661398660.145145893 -0.84448 -1.22767 1.01863 0.01779 -0.28748 -0.08616 0.95374
1661398660.155146122 -0.84460 -1.22748 1.01881 0.01841 -0.28794 -0.08565 0.95363
1661398660.165145874 -0.84471 -1.22724 1.01903 0.01916 -0.28830 -0.08516 0.95355
1661398660.175146103 -0.84482 -1.22698 1.01928 0.02000 -0.28860 -0.08468 0.95349
1661398660.185145855 -0.84493 -1.22669 1.01957 0.02091 -0.28884 -0.08422 0.95344
1661398660.195146084 -0.84504 -1.22639 1.01990 0.02187 -0.28905 -0.08378 0.95339
1661398660.205146074 -0.84516 -1.22607 1.02026 0.02285 -0.28925 -0.08336 0.95335
1661398660.215146065 -0.84529 -1.22575 1.02065 0.02382 -0.28944 -0.08295 0.95330
1661398660.225146055 -0.84543 -1.22543 1.02108 0.02477 -0.28966 -0.08255 0.95324
1661398660.235146046 -0.84558 -1.22512 1.02155 0.02565 -0.28992 -0.08218 0.95317
1661398660.245146036 -0.84575 -1.22483 1.02204 0.02646 -0.29023 -0.08182 0.95308
1661398660.255146027 -0.84593 -1.22455 1.02257 0.02716 -0.29062 -0.08148 0.95298
1661398660.265146017 -0.84614 -1.22429 1.02313 0.02776 -0.29108 -0.08116 0.95285
1661398660.275146008 -0.84636 -1.22404 1.02369 0.02826 -0.29159 -0.08085 0.95270
1661398660.285145998 -0.84659 -1.22379 1.02426 0.02866 -0.29216 -0.08056 0.95254
1661398660.295145988 -0.84683 -1.22355 1.02482 0.02897 -0.29278 -0.08027 0.95236
1661398660.305145979 -0.84708 -1.22330 1.02536 0.02919 -0.29343 -0.08000 0.95218
1661398660.315145969 -0.84734 -1.22304 1.02588 0.02931 -0.29412 -0.07974 0.95199
1661398660.325145960 -0.84761 -1.22277 1.02635 0.02936 -0.29482 -0.07949 0.95179
1661398660.335146189 -0.84788 -1.22248 1.02678 0.02932 -0.29554 -0.07925 0.95158
1661398660.345145941 -0.84815 -1.22217 1.02714 0.02920 -0.29627 -0.07902 0.95138
1661398660.355146170 -0.84842 -1.22182 1.02745 0.02900 -0.29699 -0.07879 0.95118
1661398660.365145922 -0.84870 -1.22146 1.02769 0.02875 -0.29771 -0.07856 0.95098
1661398660.375146151 -0.84897 -1.22108 1.02788 0.02845 -0.29842 -0.07835 0.95079
1661398660.385145903 -0.84925 -1.22070 1.02804 0.02812 -0.29911 -0.07814 0.95060
1661398660.395146132 -0.84954 -1.22032 1.02818 0.02778 -0.29978 -0.07794 0.95041
1661398660.405145884 -0.84983 -1.21994 1.02830 0.02744 -0.30042 -0.07774 0.95024
1661398660.415146112 -0.85013 -1.21958 1.02842 0.02711 -0.30103 -0.07756 0.95007
1661398660.425145864 -0.85044 -1.21924 1.02854 0.02681 -0.30161 -0.07738 0.94991
1661398660.435146093 -0.85077 -1.21893 1.02869 0.02656 -0.30214 -0.07721 0.94976
1661398660.445145845 -0.85110 -1.21866 1.02887 0.02637 -0.30263 -0.07704 0.94962
1661398660.455146074 -0.85145 -1.21844 1.02909 0.02626 -0.30307 -0.07689 0.94950
1661398660.465146065 -0.85181 -1.21825 1.02935 0.02621 -0.30348 -0.07675 0.94938
1661398660.475146055 -0.85217 -1.21810 1.02963 0.02622 -0.30385 -0.07660 0.94927
1661398660.485146046 -0.85254 -1.21797 1.02995 0.02628 -0.30421 -0.07646 0.94917
1661398660.495146036 -0.85291 -1.21787 1.03028 0.02639 -0.30455 -0.07632 0.94907
1661398660.505146027 -0.85327 -1.21780 1.03062 0.02652 -0.30490 -0.07618 0.94896
1661398660.515146017 -0.85363 -1.21773 1.03097 0.02668 -0.30526 -0.07604 0.94885
1661398660.525146008 -0.85398 -1.21768 1.03132 0.02686 -0.30565 -0.07588 0.94874
1661398660.535145998 -0.85431 -1.21763 1.03166 0.02704 -0.30607 -0.07572 0.94861
1661398660.545145988 -0.85463 -1.21758 1.03200 0.02722 -0.30653 -0.07555 0.94847
1661398660.555145979 -0.85492 -1.21753 1.03232 0.02739 -0.30705 -0.07537 0.94831
1661398660.565145969 -0.85519 -1.21747 1.03262 0.02755 -0.30761 -0.07517 0.94814
1661398660.575146198 -0.85544 -1.21740 1.03290 0.02770 -0.30821 -0.07497 0.94796
1661398660.585145950 -0.85567 -1.21732 1.03316 0.02784 -0.30884 -0.07477 0.94776
1661398660.595146179 -0.85588 -1.21723 1.03341 0.02798 -0.30950 -0.07458 0.94756
1661398660.605145931 -0.85606 -1.21712 1.03364 0.02813 -0.31017 -0.07439 0.94735
1661398660.615146160 -0.85621 -1.21699 1.03386 0.02827 -0.31084 -0.07421 0.94714
1661398660.625145912 -0.85634 -1.21684 1.03405 0.02841 -0.31152 -0.07404 0.94692
1661398660.635146141 -0.85645 -1.21667 1.03423 0.02856 -0.31219 -0.07390 0.94671
1661398660.645145893 -0.85653 -1.21647 1.03440 0.02871 -0.31284 -0.07378 0.94650
1661398660.655146122 -0.85658 -1.21624 1.03454 0.02887 -0.31348 -0.07368 0.94629
1661398660.665145874 -0.85661 -1.21600 1.03467 0.02904 -0.31409 -0.07361 0.94609
1661398660.675146103 -0.85663 -1.21574 1.03479 0.02921 -0.31469 -0.07354 0.94589
1661398660.685145855 -0.85664 -1.21547 1.03490 0.02938 -0.31527 -0.07348 0.94570
1661398660.695146084 -0.85665 -1.21520 1.03500 0.02954 -0.31585 -0.07341 0.94550
1661398660.705146074 -0.85666 -1.21494 1.03509 0.02969 -0.31644 -0.07333 0.94531
1661398660.715146065 -0.85668 -1.21469 1.03518 0.02984 -0.31702 -0.07322 0.94512
1661398660.725146055 -0.85672 -1.21447 1.03526 0.02997 -0.31761 -0.07309 0.94493
1661398660.735146046 -0.85678 -1.21427 1.03534 0.03008 -0.31821 -0.07291 0.94473
1661398660.745146036 -0.85686 -1.21410 1.03543 0.03017 -0.31884 -0.07269 0.94454
1661398660.755146027 -0.85698 -1.21398 1.03551 0.03023 -0.31948 -0.07241 0.94434
1661398660.765146017 -0.85713 -1.21389 1.03560 0.03027 -0.32013 -0.07209 0.94414
1661398660.775146008 -0.85730 -1.21385 1.03568 0.03030 -0.32078 -0.07173 0.94395
1661398660.785145998 -0.85749 -1.21383 1.03576 0.03031 -0.32143 -0.07133 0.94376
1661398660.795145988 -0.85768 -1.21386 1.03583 0.03031 -0.32205 -0.07091 0.94358
1661398660.805145979 -0.85788 -1.21391 1.03588 0.03031 -0.32265 -0.07047 0.94340
1661398660.815145969 -0.85808 -1.21400 1.03592 0.03029 -0.32321 -0.07003 0.94325
1661398660.825145960 -0.85827 -1.21412 1.03594 0.03028 -0.32372 -0.06958 0.94310
1661398660.835146189 -0.85845 -1.21426 1.03594 0.03027 -0.32417 -0.06915 0.94298
1661398660.845145941 -0.85861 -1.21443 1.03591 0.03027 -0.32456 -0.06873 0.94288
1661398660.855146170 -0.85874 -1.21462 1.03586 0.03027 -0.32487 -0.06833 0.94280
1661398660.865145922 -0.85885 -1.21483 1.03578 0.03029 -0.32511 -0.06795 0.94274
1661398660.875146151 -0.85894 -1.21504 1.03569 0.03032 -0.32531 -0.06758 0.94270
1661398660.885145903 -0.85901 -1.21524 1.03558 0.03037 -0.32546 -0.06722 0.94267
1661398660.895146132 -0.85905 -1.21543 1.03547 0.03044 -0.32559 -0.06686 0.94265
1661398660.905145884 -0.85908 -1.21559 1.03536 0.03053 -0.32571 -0.06650 0.94263
1661398660.915146112 -0.85910 -1.21572 1.03525 0.03064 -0.32583 -0.06612 0.94261
1661398660.925145864 -0.85909 -1.21580 1.03516 0.03079 -0.32597 -0.06573 0.94259
1661398660.935146093 -0.85908 -1.21582 1.03508 0.03096 -0.32613 -0.06532 0.94256
1661398660.945145845 -0.85905 -1.21578 1.03502 0.03116 -0.32633 -0.06489 0.94251
1661398660.955146074 -0.85902 -1.21567 1.03500 0.03140 -0.32658 -0.06442 0.94245
1661398660.965146065 -0.85897 -1.21549 1.03499 0.03167 -0.32687 -0.06392 0.94237
1661398660.975146055 -0.85892 -1.21525 1.03501 0.03197 -0.32720 -0.06339 0.94228
1661398660.985146046 -0.85886 -1.21497 1.03506 0.03228 -0.32755 -0.06284 0.94219
1661398660.995146036 -0.85879 -1.21465 1.03511 0.03262 -0.32792 -0.06227 0.94209
1661398661.005146027 -0.85872 -1.21431 1.03519 0.03297 -0.32829 -0.06168 0.94198
1661398661.015146017 -0.85865 -1.21395 1.03528 0.03334 -0.32866 -0.06108 0.94188
1661398661.025146008 -0.85858 -1.21358 1.03538 0.03371 -0.32901 -0.06046 0.94178
1661398661.035145998 -0.85850 -1.21322 1.03548 0.03408 -0.32934 -0.05983 0.94170
1661398661.045145988 -0.85843 -1.21288 1.03560 0.03445 -0.32964 -0.05919 0.94162
1661398661.055145979 -0.85836 -1.21256 1.03571 0.03482 -0.32990 -0.05854 0.94156
1661398661.065145969 -0.85829 -1.21226 1.03583 0.03518 -0.33012 -0.05790 0.94150
1661398661.075146198 -0.85822 -1.21198 1.03595 0.03553 -0.33032 -0.05725 0.94146
1661398661.085145950 -0.85815 -1.21170 1.03607 0.03588 -0.33049 -0.05660 0.94143
1661398661.095146179 -0.85809 -1.21143 1.03619 0.03622 -0.33066 -0.05595 0.94139
1661398661.105145931 -0.85803 -1.21117 1.03630 0.03656 -0.33082 -0.05530 0.94136
1661398661.115146160 -0.85798 -1.21090 1.03641 0.03688 -0.33098 -0.05466 0.94133
1661398661.125145912 -0.85793 -1.21062 1.03652 0.03721 -0.33115 -0.05402 0.94129
1661398661.135146141 -0.85788 -1.21032 1.03662 0.03752 -0.33134 -0.05340 0.94125
1661398661.145145893 -0.85784 -1.21001 1.03671 0.03783 -0.33156 -0.05278 0.94120
1661398661.155146122 -0.85780 -1.20968 1.03679 0.03812 -0.33181 -0.05217 0.94113
1661398661.165145874 -0.85778 -1.20932 1.03687 0.03841 -0.33208 -0.05157 0.94106
1661398661.175146103 -0.85775 -1.20895 1.03694 0.03868 -0.33237 -0.05099 0.94097
1661398661.185145855 -0.85774 -1.20856 1.03702 0.03894 -0.33268 -0.05042 0.94089
1661398661.195146084 -0.85773 -1.20815 1.03710 0.03918 -0.33298 -0.04985 0.94080
1661398661.205146074 -0.85773 -1.20773 1.03719 0.03940 -0.33329 -0.04930 0.94071
1661398661.215146065 -0.85775 -1.20729 1.03729 0.03959 -0.33358 -0.04877 0.94063
1661398661.225146055 -0.85777 -1.20684 1.03741 0.03975 -0.33385 -0.04824 0.94055
1661398661.235146046 -0.85780 -1.20639 1.03754 0.03989 -0.33410 -0.04773 0.94048
1661398661.245146036 -0.85784 -1.20593 1.03770 0.03999 -0.33431 -0.04723 0.94043
1661398661.255146027 -0.85790 -1.20546 1.03788 0.04006 -0.33449 -0.04674 0.94039
1661398661.265146017 -0.85796 -1.20499 1.03808 0.04010 -0.33463 -0.04627 0.94036
1661398661.275146008 -0.85804 -1.20452 1.03830 0.04010 -0.33475 -0.04580 0.94034
1661398661.285145998 -0.85812 -1.20405 1.03855 0.04007 -0.33485 -0.04535 0.94033
1661398661.295145988 -0.85820 -1.20359 1.03882 0.04000 -0.33494 -0.04491 0.94032
1661398661.305145979 -0.85829 -1.20314 1.03910 0.03991 -0.33503 -0.04448 0.94031
1661398661.315145969 -0.85838 -1.20270 1.03941 0.03979 -0.33512 -0.04406 0.94030
1661398661.325145960 -0.85847 -1.20227 1.03973 0.03965 -0.33523 -0.04364 0.94029
1661398661.335146189 -0.85855 -1.20186 1.04007 0.03948 -0.33536 -0.04324 0.94027
1661398661.345145941 -0.85863 -1.20147 1.04042 0.03928 -0.33552 -0.04284 0.94024
1661398661.355146170 -0.85870 -1.20110 1.04078 0.03906 -0.33571 -0.04244 0.94020
1661398661.365145922 -0.85877 -1.20074 1.04116 0.03882 -0.33594 -0.04205 0.94014
1661398661.375146151 -0.85882 -1.20041 1.04154 0.03859 -0.33618 -0.04165 0.94008
1661398661.385145903 -0.85886 -1.20008 1.04191 0.03835 -0.33644 -0.04122 0.94002
1661398661.395146132 -0.85888 -1.19977 1.04228 0.03813 -0.33670 -0.04077 0.93995
1661398661.405145884 -0.85887 -1.19946 1.04264 0.03793 -0.33697 -0.04029 0.93989
1661398661.415146112 -0.85884 -1.19916 1.04299 0.03776 -0.33722 -0.03976 0.93983
1661398661.425145864 -0.85878 -1.19885 1.04331 0.03763 -0.33745 -0.03918 0.93977
1661398661.435146093 -0.85869 -1.19855 1.04361 0.03755 -0.33766 -0.03854 0.93973
1661398661.445145845 -0.85857 -1.19824 1.04388 0.03753 -0.33784 -0.03783 0.93969
1661398661.455146074 -0.85841 -1.19791 1.04412 0.03758 -0.33798 -0.03705 0.93967
1661398661.465146065 -0.85822 -1.19758 1.04433 0.03768 -0.33809 -0.03620 0.93966
1661398661.475146055 -0.85800 -1.19723 1.04452 0.03784 -0.33819 -0.03530 0.93965
1661398661.485146046 -0.85777 -1.19685 1.04468 0.03803 -0.33830 -0.03434 0.93964
1661398661.495146036 -0.85753 -1.19645 1.04484 0.03825 -0.33842 -0.03335 0.93963
1661398661.505146027 -0.85728 -1.19601 1.04499 0.03849 -0.33857 -0.03233 0.93960
1661398661.515146017 -0.85704 -1.19553 1.04514 0.03874 -0.33877 -0.03130 0.93955
1661398661.525146008 -0.85680 -1.19502 1.04530 0.03898 -0.33902 -0.03025 0.93948
1661398661.535145998 -0.85659 -1.19446 1.04547 0.03922 -0.33936 -0.02921 0.93939
1661398661.545145988 -0.85639 -1.19384 1.04566 0.03944 -0.33978 -0.02818 0.93926
1661398661.555145979 -0.85622 -1.19317 1.04587 0.03963 -0.34030 -0.02717 0.93909
1661398661.565145969 -0.85608 -1.19246 1.04609 0.03979 -0.34091 -0.02618 0.93889
1661398661.575146198 -0.85597 -1.19170 1.04633 0.03993 -0.34158 -0.02520 0.93867
1661398661.585145950 -0.85587 -1.19092 1.04658 0.04003 -0.34230 -0.02423 0.93842
1661398661.595146179 -0.85578 -1.19011 1.04682 0.04011 -0.34305 -0.02326 0.93817
1661398661.605145931 -0.85570 -1.18930 1.04705 0.04016 -0.34381 -0.02229 0.93791
1661398661.615146160 -0.85563 -1.18848 1.04727 0.04019 -0.34457 -0.02132 0.93766
1661398661.625145912 -0.85556 -1.18766 1.04748 0.04019 -0.34529 -0.02035 0.93741
1661398661.635146141 -0.85549 -1.18686 1.04765 0.04017 -0.34597 -0.01936 0.93718
1661398661.645145893 -0.85541 -1.18608 1.04780 0.04013 -0.34659 -0.01835 0.93698
1661398661.655146122 -0.85532 -1.18533 1.04791 0.04006 -0.34713 -0.01733 0.93680
1661398661.665145874 -0.85522 -1.18462 1.04798 0.03997 -0.34758 -0.01628 0.93666
1661398661.675146103 -0.85511 -1.18393 1.04804 0.03987 -0.34796 -0.01523 0.93654
1661398661.685145855 -0.85501 -1.18328 1.04808 0.03974 -0.34826 -0.01418 0.93645
1661398661.695146084 -0.85490 -1.18265 1.04812 0.03960 -0.34849 -0.01312 0.93638
1661398661.705146074 -0.85479 -1.18206 1.04816 0.03945 -0.34865 -0.01206 0.93635
1661398661.715146065 -0.85469 -1.18149 1.04822 0.03929 -0.34874 -0.01102 0.93633
1661398661.725146055 -0.85460 -1.18096 1.04829 0.03912 -0.34876 -0.00999 0.93634
1661398661.735146046 -0.85452 -1.18045 1.04839 0.03894 -0.34872 -0.00898 0.93637
1661398661.745146036 -0.85444 -1.17997 1.04852 0.03876 -0.34862 -0.00800 0.93643
1661398661.755146027 -0.85439 -1.17952 1.04870 0.03857 -0.34846 -0.00704 0.93650
1661398661.765146017 -0.85434 -1.17908 1.04891 0.03838 -0.34825 -0.00611 0.93660
1661398661.775146008 -0.85430 -1.17864 1.04916 0.03818 -0.34799 -0.00521 0.93671
1661398661.785145998 -0.85426 -1.17818 1.04943 0.03798 -0.34769 -0.00432 0.93683
1661398661.795145988 -0.85421 -1.17771 1.04973 0.03777 -0.34736 -0.00345 0.93697
1661398661.805145979 -0.85416 -1.17719 1.05004 0.03756 -0.34699 -0.00260 0.93711
1661398661.815145969 -0.85409 -1.17663 1.05035 0.03735 -0.34660 -0.00176 0.93727
1661398661.825145960 -0.85400 -1.17599 1.05067 0.03713 -0.34619 -0.00094 0.93743
1661398661.835146189 -0.85389 -1.17528 1.05099 0.03691 -0.34576 -0.00011 0.93760
1661398661.845145941 -0.85375 -1.17448 1.05130 0.03668 -0.34533 0.00071 0.93777
1661398661.855146170 -0.85358 -1.17358 1.05159 0.03644 -0.34489 0.00153 0.93793
1661398661.865145922 -0.85338 -1.17260 1.05187 0.03620 -0.34447 0.00234 0.93810
1661398661.875146151 -0.85316 -1.17154 1.05214 0.03595 -0.34406 0.00316 0.93825
1661398661.885145903 -0.85293 -1.17044 1.05240 0.03570 -0.34368 0.00397 0.93840
1661398661.895146132 -0.85270 -1.16930 1.05266 0.03543 -0.34335 0.00478 0.93853
1661398661.905145884 -0.85247 -1.16816 1.05292 0.03515 -0.34306 0.00558 0.93864
1661398661.915146112 -0.85225 -1.16701 1.05317 0.03486 -0.34284 0.00639 0.93872
1661398661.925145864 -0.85205 -1.16589 1.05343 0.03456 -0.34270 0.00718 0.93878
1661398661.935146093 -0.85187 -1.16482 1.05369 0.03425 -0.34264 0.00797 0.93881
1661398661.945145845 -0.85173 -1.16380 1.05395 0.03392 -0.34268 0.00876 0.93880
1661398661.955146074 -0.85163 -1.16286 1.05423 0.03357 -0.34282 0.00954 0.93875
1661398661.965146065 -0.85157 -1.16198 1.05451 0.03322 -0.34306 0.01032 0.93867
1661398661.975146055 -0.85155 -1.16116 1.05481 0.03286 -0.34340 0.01110 0.93855
1661398661.985146046 -0.85155 -1.16037 1.05511 0.03252 -0.34381 0.01190 0.93840
1661398661.995146036 -0.85159 -1.15961 1.05541 0.03218 -0.34431 0.01270 0.93822
1661398662.005146027 -0.85166 -1.15886 1.05573 0.03187 -0.34486 0.01353 0.93801
1661398662.015146017 -0.85175 -1.15811 1.05605 0.03159 -0.34548 0.01439 0.93778
1661398662.025146008 -0.85186 -1.15734 1.05638 0.03134 -0.34615 0.01528 0.93753
1661398662.035145998 -0.85200 -1.15655 1.05671 0.03114 -0.34685 0.01620 0.93726
1661398662.045145988 -0.85215 -1.15572 1.05705 0.03099 -0.34759 0.01717 0.93698
1661398662.055145979 -0.85232 -1.15483 1.05740 0.03089 -0.34836 0.01818 0.93668
1661398662.065145969 -0.85250 -1.15391 1.05775 0.03085 -0.34914 0.01923 0.93636
1661398662.075146198 -0.85270 -1.15296 1.05811 0.03085 -0.34994 0.02032 0.93604
1661398662.085145950 -0.85291 -1.15201 1.05848 0.03089 -0.35074 0.02142 0.93572
1661398662.095146179 -0.85314 -1.15106 1.05886 0.03095 -0.35154 0.02254 0.93539
1661398662.105145931 -0.85337 -1.15014 1.05924 0.03104 -0.35233 0.02367 0.93506
1661398662.115146160 -0.85362 -1.14926 1.05964 0.03115 -0.35310 0.02479 0.93474
1661398662.125145912 -0.85388 -1.14844 1.06004 0.03126 -0.35386 0.02590 0.93442
1661398662.135146141 -0.85416 -1.14769 1.06046 0.03136 -0.35458 0.02698 0.93411
1661398662.145145893 -0.85444 -1.14703 1.06090 0.03147 -0.35528 0.02804 0.93381
1661398662.155146122 -0.85473 -1.14647 1.06134 0.03155 -0.35593 0.02907 0.93353
1661398662.165145874 -0.85503 -1.14599 1.06180 0.03163 -0.35653 0.03006 0.93326
1661398662.175146103 -0.85533 -1.14558 1.06225 0.03169 -0.35709 0.03101 0.93302
1661398662.185145855 -0.85563 -1.14521 1.06271 0.03174 -0.35761 0.03195 0.93279
1661398662.195146084 -0.85591 -1.14488 1.06316 0.03178 -0.35807 0.03286 0.93257
1661398662.205146074 -0.85619 -1.14455 1.06359 0.03181 -0.35848 0.03375 0.93238
1661398662.215146065 -0.85644 -1.14421 1.06401 0.03183 -0.35884 0.03462 0.93221
1661398662.225146055 -0.85668 -1.14385 1.06441 0.03185 -0.35914 0.03548 0.93207
1661398662.235146046 -0.85688 -1.14344 1.06477 0.03187 -0.35938 0.03633 0.93194
1661398662.245146036 -0.85705 -1.14296 1.06510 0.03188 -0.35956 0.03718 0.93184
1661398662.255146027 -0.85719 -1.14240 1.06540 0.03189 -0.35967 0.03802 0.93176
1661398662.265146017 -0.85729 -1.14177 1.06566 0.03191 -0.35974 0.03886 0.93170
1661398662.275146008 -0.85736 -1.14109 1.06588 0.03192 -0.35975 0.03970 0.93166
1661398662.285145998 -0.85739 -1.14038 1.06607 0.03195 -0.35974 0.04053 0.93162
1661398662.295145988 -0.85740 -1.13966 1.06623 0.03199 -0.35970 0.04135 0.93160
1661398662.305145979 -0.85738 -1.13895 1.06636 0.03204 -0.35965 0.04216 0.93158
1661398662.315145969 -0.85734 -1.13826 1.06646 0.03212 -0.35959 0.04297 0.93157
1661398662.325145960 -0.85728 -1.13762 1.06654 0.03221 -0.35954 0.04375 0.93155
1661398662.335146189 -0.85720 -1.13703 1.06659 0.03233 -0.35950 0.04453 0.93152
1661398662.345145941 -0.85710 -1.13653 1.06662 0.03248 -0.35949 0.04529 0.93148
1661398662.355146170 -0.85699 -1.13612 1.06663 0.03265 -0.35951 0.04603 0.93143
1661398662.365145922 -0.85686 -1.13580 1.06663 0.03286 -0.35956 0.04676 0.93137
1661398662.375146151 -0.85672 -1.13554 1.06662 0.03307 -0.35963 0.04747 0.93130
1661398662.385145903 -0.85657 -1.13535 1.06659 0.03329 -0.35971 0.04816 0.93122
1661398662.395146132 -0.85642 -1.13519 1.06657 0.03352 -0.35980 0.04885 0.93115
1661398662.405145884 -0.85626 -1.13507 1.06654 0.03373 -0.35988 0.04953 0.93107
1661398662.415146112 -0.85609 -1.13496 1.06651 0.03393 -0.35995 0.05020 0.93100
1661398662.425145864 -0.85593 -1.13485 1.06649 0.03410 -0.36000 0.05086 0.93094
1661398662.435146093 -0.85576 -1.13473 1.06647 0.03424 -0.36003 0.05152 0.93089
1661398662.445145845 -0.85559 -1.13459 1.06648 0.03433 -0.36002 0.05218 0.93085
1661398662.455146074 -0.85543 -1.13440 1.06649 0.03438 -0.35997 0.05283 0.93083
1661398662.465146065 -0.85526 -1.13419 1.06652 0.03439 -0.35988 0.05348 0.93083
1661398662.475146055 -0.85510 -1.13395 1.06656 0.03437 -0.35977 0.05413 0.93084
1661398662.485146046 -0.85493 -1.13369 1.06661 0.03433 -0.35964 0.05478 0.93085
1661398662.495146036 -0.85475 -1.13343 1.06667 0.03428 -0.35949 0.05543 0.93087
1661398662.505146027 -0.85457 -1.13317 1.06672 0.03422 -0.35933 0.05609 0.93089
1661398662.515146017 -0.85438 -1.13291 1.06678 0.03417 -0.35918 0.05674 0.93092
1661398662.525146008 -0.85418 -1.13268 1.06683 0.03413 -0.35903 0.05739 0.93093
1661398662.535145998 -0.85396 -1.13247 1.06688 0.03412 -0.35890 0.05805 0.93094
1661398662.545145988 -0.85373 -1.13229 1.06692 0.03414 -0.35879 0.05871 0.93095
1661398662.555145979 -0.85348 -1.13215 1.06695 0.03420 -0.35870 0.05938 0.93093
1661398662.565145969 -0.85321 -1.13204 1.06697 0.03430 -0.35866 0.06005 0.93091
1661398662.575146198 -0.85295 -1.13195 1.06700 0.03444 -0.35864 0.06072 0.93086
1661398662.585145950 -0.85268 -1.13187 1.06702 0.03461 -0.35866 0.06139 0.93080
1661398662.595146179 -0.85242 -1.13177 1.06705 0.03482 -0.35873 0.06206 0.93073
1661398662.605145931 -0.85217 -1.13166 1.06709 0.03505 -0.35884 0.06273 0.93063
1661398662.615146160 -0.85195 -1.13151 1.06715 0.03531 -0.35899 0.06340 0.93052
1661398662.625145912 -0.85174 -1.13133 1.06723 0.03559 -0.35920 0.06406 0.93038
1661398662.635146141 -0.85158 -1.13108 1.06733 0.03589 -0.35945 0.06473 0.93022
1661398662.645145893 -0.85144 -1.13076 1.06747 0.03621 -0.35977 0.06539 0.93004
1661398662.655146122 -0.85136 -1.13037 1.06763 0.03655 -0.36013 0.06604 0.92984
1661398662.665145874 -0.85131 -1.12992 1.06783 0.03690 -0.36055 0.06669 0.92962
1661398662.675146103 -0.85131 -1.12942 1.06805 0.03726 -0.36101 0.06734 0.92938
1661398662.685145855 -0.85135 -1.12888 1.06830 0.03764 -0.36149 0.06797 0.92913
1661398662.695146084 -0.85142 -1.12834 1.06856 0.03802 -0.36199 0.06861 0.92888
1661398662.705146074 -0.85153 -1.12779 1.06883 0.03841 -0.36249 0.06923 0.92862
1661398662.715146065 -0.85167 -1.12727 1.06911 0.03882 -0.36299 0.06985 0.92836
1661398662.725146055 -0.85184 -1.12678 1.06940 0.03922 -0.36348 0.07047 0.92811
1661398662.735146046 -0.85204 -1.12634 1.06968 0.03964 -0.36394 0.07107 0.92786
1661398662.745146036 -0.85227 -1.12598 1.06996 0.04005 -0.36437 0.07167 0.92763
1661398662.755146027 -0.85252 -1.12570 1.07024 0.04047 -0.36475 0.07227 0.92741
1661398662.765146017 -0.85279 -1.12548 1.07050 0.04089 -0.36509 0.07286 0.92722
1661398662.775146008 -0.85306 -1.12532 1.07076 0.04131 -0.36538 0.07345 0.92704
1661398662.785145998 -0.85334 -1.12520 1.07101 0.04172 -0.36562 0.07406 0.92687
1661398662.795145988 -0.85362 -1.12510 1.07125 0.04213 -0.36581 0.07468 0.92673
1661398662.805145979 -0.85388 -1.12500 1.07149 0.04253 -0.36595 0.07533 0.92661
1661398662.815145969 -0.85413 -1.12488 1.07173 0.04291 -0.36604 0.07600 0.92650
1661398662.825145960 -0.85434 -1.12474 1.07196 0.04328 -0.36607 0.07671 0.92641
1661398662.835146189 -0.85452 -1.12455 1.07219 0.04363 -0.36605 0.07746 0.92634
1661398662.845145941 -0.85466 -1.12430 1.07242 0.04396 -0.36597 0.07825 0.92629
1661398662.855146170 -0.85476 -1.12397 1.07265 0.04427 -0.36583 0.07910 0.92626
1661398662.865145922 -0.85480 -1.12357 1.07288 0.04456 -0.36565 0.07999 0.92624
1661398662.875146151 -0.85482 -1.12311 1.07310 0.04483 -0.36544 0.08091 0.92623
1661398662.885145903 -0.85481 -1.12260 1.07332 0.04507 -0.36520 0.08186 0.92623
1661398662.895146132 -0.85477 -1.12205 1.07353 0.04529 -0.36495 0.08283 0.92623
1661398662.905145884 -0.85473 -1.12148 1.07373 0.04549 -0.36470 0.08381 0.92623
1661398662.915146112 -0.85467 -1.12088 1.07391 0.04567 -0.36446 0.08479 0.92623
1661398662.925145864 -0.85462 -1.12028 1.07408 0.04584 -0.36424 0.08577 0.92621
1661398662.935146093 -0.85458 -1.11968 1.07424 0.04598 -0.36406 0.08673 0.92619
1661398662.945145845 -0.85455 -1.11910 1.07438 0.04610 -0.36392 0.08766 0.92615
1661398662.955146074 -0.85454 -1.11853 1.07450 0.04620 -0.36383 0.08857 0.92609
1661398662.965146065 -0.85455 -1.11798 1.07460 0.04629 -0.36380 0.08944 0.92602
1661398662.975146055 -0.85458 -1.11745 1.07468 0.04635 -0.36381 0.09029 0.92593
1661398662.985146046 -0.85462 -1.11692 1.07475 0.04638 -0.36386 0.09111 0.92583
1661398662.995146036 -0.85467 -1.11638 1.07480 0.04640 -0.36393 0.09191 0.92572
1661398663.005146027 -0.85472 -1.11585 1.07484 0.04638 -0.36403 0.09270 0.92560
1661398663.015146017 -0.85478 -1.11529 1.07488 0.04633 -0.36414 0.09346 0.92549
1661398663.025146008 -0.85483 -1.11473 1.07490 0.04625 -0.36425 0.09421 0.92537
1661398663.035145998 -0.85488 -1.11413 1.07491 0.04614 -0.36437 0.09495 0.92525
1661398663.045145988 -0.85492 -1.11351 1.07493 0.04600 -0.36448 0.09568 0.92514
1661398663.055145979 -0.85495 -1.11286 1.07493 0.04582 -0.36458 0.09640 0.92503
1661398663.065145969 -0.85498 -1.11217 1.07494 0.04560 -0.36467 0.09712 0.92493
1661398663.075146198 -0.85501 -1.11146 1.07494 0.04536 -0.36475 0.09784 0.92484
1661398663.085145950 -0.85505 -1.11074 1.07495 0.04510 -0.36483 0.09856 0.92474
1661398663.095146179 -0.85511 -1.11000 1.07497 0.04483 -0.36492 0.09929 0.92464
1661398663.105145931 -0.85519 -1.10926 1.07499 0.04454 -0.36501 0.10003 0.92454
1661398663.115146160 -0.85531 -1.10853 1.07503 0.04425 -0.36511 0.10078 0.92443
1661398663.125145912 -0.85547 -1.10780 1.07508 0.04396 -0.36523 0.10155 0.92432
1661398663.135146141 -0.85569 -1.10708 1.07514 0.04368 -0.36536 0.10233 0.92419
1661398663.145145893 -0.85596 -1.10639 1.07523 0.04341 -0.36552 0.10314 0.92405
1661398663.155146122 -0.85629 -1.10573 1.07533 0.04315 -0.36571 0.10397 0.92390
1661398663.165145874 -0.85667 -1.10509 1.07545 0.04290 -0.36591 0.10483 0.92373
1661398663.175146103 -0.85709 -1.10448 1.07558 0.04266 -0.36612 0.10570 0.92356
1661398663.185145855 -0.85752 -1.10390 1.07573 0.04244 -0.36633 0.10658 0.92339
1661398663.195146084 -0.85797 -1.10334 1.07589 0.04221 -0.36652 0.10748 0.92322
1661398663.205146074 -0.85841 -1.10281 1.07605 0.04199 -0.36669 0.10838 0.92305
1661398663.215146065 -0.85882 -1.10230 1.07622 0.04177 -0.36683 0.10928 0.92290
1661398663.225146055 -0.85920 -1.10182 1.07639 0.04155 -0.36693 0.11018 0.92277
1661398663.235146046 -0.85952 -1.10136 1.07655 0.04132 -0.36698 0.11107 0.92265
1661398663.245146036 -0.85977 -1.10092 1.07672 0.04108 -0.36696 0.11196 0.92256
1661398663.255146027 -0.85995 -1.10051 1.07687 0.04083 -0.36688 0.11283 0.92250
1661398663.265146017 -0.86006 -1.10010 1.07702 0.04057 -0.36673 0.11369 0.92246
1661398663.275146008 -0.86012 -1.09970 1.07716 0.04030 -0.36653 0.11453 0.92245
1661398663.285145998 -0.86014 -1.09927 1.07729 0.04003 -0.36629 0.11537 0.92245
1661398663.295145988 -0.86014 -1.09881 1.07742 0.03976 -0.36602 0.11620 0.92247
1661398663.305145979 -0.86013 -1.09830 1.07754 0.03948 -0.36573 0.11701 0.92249
1661398663.315145969 -0.86012 -1.09773 1.07765 0.03921 -0.36543 0.11782 0.92252
1661398663.325145960 -0.86014 -1.09708 1.07776 0.03894 -0.36513 0.11862 0.92255
1661398663.335146189 -0.86019 -1.09634 1.07786 0.03867 -0.36483 0.11942 0.92257
1661398663.345145941 -0.86029 -1.09550 1.07796 0.03841 -0.36456 0.12021 0.92259
1661398663.355146170 -0.86045 -1.09455 1.07805 0.03816 -0.36432 0.12100 0.92259
1661398663.365145922 -0.86067 -1.09350 1.07814 0.03793 -0.36410 0.12179 0.92258
1661398663.375146151 -0.86093 -1.09237 1.07822 0.03770 -0.36391 0.12258 0.92256
1661398663.385145903 -0.86124 -1.09117 1.07831 0.03750 -0.36374 0.12336 0.92254
1661398663.395146132 -0.86158 -1.08994 1.07839 0.03730 -0.36359 0.12415 0.92250
1661398663.405145884 -0.86194 -1.08867 1.07847 0.03713 -0.36346 0.12494 0.92245
1661398663.415146112 -0.86232 -1.08740 1.07854 0.03698 -0.36334 0.12573 0.92239
1661398663.425145864 -0.86270 -1.08614 1.07862 0.03685 -0.36324 0.12652 0.92233
1661398663.435146093 -0.86309 -1.08492 1.07871 0.03674 -0.36315 0.12732 0.92226
1661398663.445145845 -0.86346 -1.08374 1.07879 0.03666 -0.36307 0.12813 0.92218
1661398663.455146074 -0.86383 -1.08262 1.07888 0.03660 -0.36299 0.12895 0.92210
1661398663.465146065 -0.86417 -1.08157 1.07896 0.03656 -0.36291 0.12977 0.92202
1661398663.475146055 -0.86450 -1.08055 1.07905 0.03655 -0.36284 0.13059 0.92193
1661398663.485146046 -0.86481 -1.07957 1.07912 0.03654 -0.36278 0.13142 0.92184
1661398663.495146036 -0.86510 -1.07861 1.07919 0.03654 -0.36271 0.13225 0.92175
1661398663.505146027 -0.86537 -1.07765 1.07925 0.03655 -0.36264 0.13308 0.92165
1661398663.515146017 -0.86563 -1.07670 1.07929 0.03655 -0.36257 0.13390 0.92156
1661398663.525146008 -0.86587 -1.07572 1.07932 0.03654 -0.36250 0.13472 0.92147
1661398663.535145998 -0.86609 -1.07472 1.07932 0.03652 -0.36242 0.13554 0.92138
1661398663.545145988 -0.86629 -1.07369 1.07930 0.03648 -0.36234 0.13635 0.92130
1661398663.555145979 -0.86648 -1.07260 1.07925 0.03642 -0.36226 0.13715 0.92121
1661398663.565145969 -0.86664 -1.07148 1.07918 0.03634 -0.36216 0.13794 0.92114
1661398663.575146198 -0.86679 -1.07035 1.07908 0.03624 -0.36206 0.13872 0.92106
1661398663.585145950 -0.86691 -1.06921 1.07897 0.03613 -0.36196 0.13950 0.92099
1661398663.595146179 -0.86701 -1.06808 1.07884 0.03600 -0.36185 0.14028 0.92092
1661398663.605145931 -0.86709 -1.06699 1.07869 0.03587 -0.36174 0.14106 0.92085
1661398663.615146160 -0.86715 -1.06594 1.07853 0.03573 -0.36162 0.14184 0.92078
1661398663.625145912 -0.86719 -1.06496 1.07836 0.03558 -0.36150 0.14262 0.92071
1661398663.635146141 -0.86720 -1.06406 1.07819 0.03544 -0.36138 0.14340 0.92064
1661398663.645145893 -0.86718 -1.06325 1.07800 0.03530 -0.36126 0.14419 0.92057
1661398663.655146122 -0.86714 -1.06255 1.07782 0.03516 -0.36113 0.14499 0.92050
1661398663.665145874 -0.86708 -1.06194 1.07763 0.03503 -0.36101 0.14579 0.92043
1661398663.675146103 -0.86701 -1.06140 1.07745 0.03492 -0.36087 0.14660 0.92036
1661398663.685145855 -0.86692 -1.06092 1.07728 0.03482 -0.36074 0.14741 0.92029
1661398663.695146084 -0.86683 -1.06046 1.07713 0.03474 -0.36059 0.14823 0.92021
1661398663.705146074 -0.86673 -1.06002 1.07699 0.03469 -0.36044 0.14905 0.92014
1661398663.715146065 -0.86663 -1.05957 1.07687 0.03467 -0.36028 0.14988 0.92007
1661398663.725146055 -0.86654 -1.05908 1.07678 0.03468 -0.36011 0.15070 0.92000
1661398663.735146046 -0.86646 -1.05855 1.07673 0.03473 -0.35993 0.15153 0.91994
1661398663.745146036 -0.86640 -1.05794 1.07670 0.03482 -0.35974 0.15236 0.91987
1661398663.755146027 -0.86635 -1.05725 1.07672 0.03496 -0.35953 0.15318 0.91981
1661398663.765146017 -0.86632 -1.05648 1.07677 0.03513 -0.35932 0.15401 0.91975
1661398663.775146008 -0.86631 -1.05563 1.07685 0.03533 -0.35911 0.15484 0.91968
1661398663.785145998 -0.86631 -1.05472 1.07695 0.03556 -0.35891 0.15567 0.91961
1661398663.795145988 -0.86632 -1.05375 1.07706 0.03580 -0.35873 0.15650 0.91953
1661398663.805145979 -0.86634 -1.05273 1.07719 0.03605 -0.35857 0.15733 0.91944
1661398663.815145969 -0.86636 -1.05166 1.07732 0.03631 -0.35846 0.15816 0.91934
1661398663.825145960 -0.86639 -1.05057 1.07745 0.03655 -0.35838 0.15899 0.91921
1661398663.835146189 -0.86642 -1.04945 1.07757 0.03679 -0.35836 0.15982 0.91907
1661398663.845145941 -0.86645 -1.04831 1.07768 0.03700 -0.35839 0.16066 0.91890
1661398663.855146170 -0.86648 -1.04716 1.07777 0.03719 -0.35849 0.16149 0.91871
1661398663.865145922 -0.86651 -1.04600 1.07785 0.03736 -0.35865 0.16233 0.91849
1661398663.875146151 -0.86656 -1.04484 1.07792 0.03750 -0.35886 0.16316 0.91825
1661398663.885145903 -0.86661 -1.04367 1.07799 0.03762 -0.35912 0.16399 0.91800
1661398663.895146132 -0.86668 -1.04249 1.07806 0.03772 -0.35941 0.16482 0.91774
1661398663.905145884 -0.86678 -1.04131 1.07814 0.03781 -0.35972 0.16564 0.91746
1661398663.915146112 -0.86691 -1.04012 1.07824 0.03789 -0.36006 0.16646 0.91718
1661398663.925145864 -0.86707 -1.03893 1.07836 0.03795 -0.36040 0.16726 0.91689
1661398663.935146093 -0.86728 -1.03773 1.07850 0.03801 -0.36075 0.16806 0.91661
1661398663.945145845 -0.86753 -1.03653 1.07867 0.03806 -0.36109 0.16885 0.91633
1661398663.955146074 -0.86783 -1.03533 1.07888 0.03811 -0.36142 0.16963 0.91605
1661398663.965146065 -0.86817 -1.03412 1.07913 0.03816 -0.36173 0.17040 0.91578
1661398663.975146055 -0.86856 -1.03290 1.07939 0.03822 -0.36203 0.17117 0.91552
1661398663.985146046 -0.86897 -1.03165 1.07968 0.03828 -0.36232 0.17193 0.91526
1661398663.995146036 -0.86940 -1.03039 1.07999 0.03834 -0.36260 0.17269 0.91500
1661398664.005146027 -0.86985 -1.02910 1.08030 0.03842 -0.36287 0.17345 0.91475
1661398664.015146017 -0.87030 -1.02777 1.08061 0.03851 -0.36313 0.17422 0.91450
1661398664.025146008 -0.87076 -1.02640 1.08093 0.03861 -0.36338 0.17499 0.91424
1661398664.035145998 -0.87120 -1.02500 1.08123 0.03873 -0.36362 0.17578 0.91399
1661398664.045145988 -0.87163 -1.02354 1.08152 0.03887 -0.36386 0.17658 0.91374
1661398664.055145979 -0.87204 -1.02203 1.08179 0.03904 -0.36408 0.17739 0.91348
1661398664.065145969 -0.87243 -1.02047 1.08205 0.03923 -0.36431 0.17822 0.91323
1661398664.075146198 -0.87280 -1.01888 1.08228 0.03944 -0.36453 0.17905 0.91296
1661398664.085145950 -0.87317 -1.01725 1.08250 0.03968 -0.36474 0.17990 0.91270
1661398664.095146179 -0.87353 -1.01559 1.08271 0.03995 -0.36496 0.18075 0.91243
1661398664.105145931 -0.87389 -1.01391 1.08289 0.04025 -0.36517 0.18161 0.91217
1661398664.115146160 -0.87426 -1.01222 1.08307 0.04058 -0.36539 0.18247 0.91189
1661398664.125145912 -0.87465 -1.01052 1.08323 0.04094 -0.36561 0.18333 0.91162
1661398664.135146141 -0.87504 -1.00881 1.08338 0.04134 -0.36583 0.18419 0.91134
1661398664.145145893 -0.87547 -1.00712 1.08352 0.04177 -0.36606 0.18505 0.91105
1661398664.155146122 -0.87591 -1.00543 1.08364 0.04223 -0.36629 0.18589 0.91076
1661398664.165145874 -0.87638 -1.00376 1.08376 0.04273 -0.36652 0.18673 0.91047
1661398664.175146103 -0.87686 -1.00211 1.08387 0.04325 -0.36676 0.18757 0.91019
1661398664.185145855 -0.87736 -1.00047 1.08398 0.04379 -0.36698 0.18840 0.90990
1661398664.195146084 -0.87787 -0.99885 1.08407 0.04434 -0.36719 0.18922 0.90962
1661398664.205146074 -0.87838 -0.99724 1.08416 0.04490 -0.36738 0.19003 0.90934
1661398664.215146065 -0.87889 -0.99566 1.08424 0.04546 -0.36755 0.19084 0.90908
1661398664.225146055 -0.87939 -0.99410 1.08432 0.04601 -0.36769 0.19164 0.90883
1661398664.235146046 -0.87989 -0.99256 1.08440 0.04655 -0.36780 0.19243 0.90859
1661398664.245146036 -0.88037 -0.99104 1.08448 0.04708 -0.36787 0.19322 0.90836
1661398664.255146027 -0.88083 -0.98954 1.08455 0.04758 -0.36790 0.19399 0.90816
1661398664.265146017 -0.88128 -0.98807 1.08462 0.04806 -0.36789 0.19477 0.90797
1661398664.275146008 -0.88169 -0.98660 1.08468 0.04852 -0.36786 0.19554 0.90780
1661398664.285145998 -0.88209 -0.98514 1.08474 0.04896 -0.36779 0.19630 0.90764
1661398664.295145988 -0.88245 -0.98368 1.08478 0.04939 -0.36770 0.19705 0.90748
1661398664.305145979 -0.88279 -0.98222 1.08482 0.04981 -0.36759 0.19781 0.90734
1661398664.315145969 -0.88309 -0.98073 1.08484 0.05021 -0.36746 0.19855 0.90721
1661398664.325145960 -0.88335 -0.97923 1.08484 0.05061 -0.36733 0.19930 0.90708
1661398664.335146189 -0.88358 -0.97770 1.08483 0.05101 -0.36719 0.20004 0.90695
1661398664.345145941 -0.88377 -0.97614 1.08479 0.05140 -0.36705 0.20077 0.90682
1661398664.355146170 -0.88392 -0.97454 1.08474 0.05178 -0.36692 0.20151 0.90669
1661398664.365145922 -0.88403 -0.97291 1.08466 0.05217 -0.36678 0.20224 0.90656
1661398664.375146151 -0.88410 -0.97125 1.08456 0.05256 -0.36665 0.20297 0.90643
1661398664.385145903 -0.88415 -0.96957 1.08444 0.05295 -0.36652 0.20369 0.90629
1661398664.395146132 -0.88416 -0.96788 1.08429 0.05334 -0.36638 0.20441 0.90616
1661398664.405145884 -0.88415 -0.96618 1.08413 0.05374 -0.36625 0.20513 0.90603
1661398664.415146112 -0.88412 -0.96447 1.08395 0.05414 -0.36610 0.20584 0.90591
1661398664.425145864 -0.88408 -0.96278 1.08376 0.05455 -0.36595 0.20655 0.90578
1661398664.435146093 -0.88402 -0.96109 1.08354 0.05497 -0.36579 0.20725 0.90566
1661398664.445145845 -0.88395 -0.95942 1.08331 0.05539 -0.36562 0.20795 0.90555
1661398664.455146074 -0.88388 -0.95777 1.08306 0.05582 -0.36543 0.20865 0.90543
1661398664.465146065 -0.88380 -0.95613 1.08280 0.05626 -0.36524 0.20934 0.90532
1661398664.475146055 -0.88372 -0.95450 1.08253 0.05671 -0.36504 0.21002 0.90522
1661398664.485146046 -0.88364 -0.95286 1.08225 0.05718 -0.36482 0.21071 0.90512
1661398664.495146036 -0.88356 -0.95121 1.08198 0.05765 -0.36460 0.21139 0.90501
1661398664.505146027 -0.88349 -0.94953 1.08170 0.05814 -0.36438 0.21208 0.90491
1661398664.515146017 -0.88343 -0.94781 1.08143 0.05865 -0.36415 0.21276 0.90481
1661398664.525146008 -0.88337 -0.94604 1.08117 0.05917 -0.36392 0.21344 0.90471
1661398664.535145998 -0.88333 -0.94422 1.08093 0.05971 -0.36369 0.21413 0.90461
1661398664.545145988 -0.88330 -0.94233 1.08070 0.06026 -0.36346 0.21481 0.90450
1661398664.555145979 -0.88328 -0.94037 1.08049 0.06083 -0.36322 0.21550 0.90439
1661398664.565145969 -0.88328 -0.93834 1.08031 0.06142 -0.36299 0.21619 0.90428
1661398664.575146198 -0.88329 -0.93624 1.08015 0.06201 -0.36275 0.21689 0.90417
1661398664.585145950 -0.88332 -0.93410 1.08001 0.06262 -0.36251 0.21758 0.90406
1661398664.595146179 -0.88337 -0.93190 1.07991 0.06322 -0.36225 0.21828 0.90395
1661398664.605145931 -0.88343 -0.92967 1.07983 0.06381 -0.36199 0.21898 0.90385
1661398664.615146160 -0.88350 -0.92742 1.07979 0.06440 -0.36170 0.21969 0.90375
1661398664.625145912 -0.88359 -0.92514 1.07977 0.06498 -0.36140 0.22039 0.90366
1661398664.635146141 -0.88370 -0.92284 1.07980 0.06554 -0.36108 0.22110 0.90357
1661398664.645145893 -0.88382 -0.92054 1.07986 0.06607 -0.36074 0.22181 0.90350
1661398664.655146122 -0.88395 -0.91825 1.07995 0.06658 -0.36037 0.22253 0.90343
1661398664.665145874 -0.88410 -0.91594 1.08008 0.06706 -0.35997 0.22324 0.90337
1661398664.675146103 -0.88427 -0.91362 1.08022 0.06752 -0.35957 0.22396 0.90333
1661398664.685145855 -0.88444 -0.91128 1.08037 0.06795 -0.35915 0.22467 0.90328
1661398664.695146084 -0.88463 -0.90890 1.08051 0.06836 -0.35872 0.22538 0.90324
1661398664.705146074 -0.88482 -0.90649 1.08063 0.06874 -0.35830 0.22609 0.90321
1661398664.715146065 -0.88503 -0.90402 1.08073 0.06910 -0.35787 0.22680 0.90317
1661398664.725146055 -0.88524 -0.90149 1.08079 0.06943 -0.35746 0.22750 0.90313
1661398664.735146046 -0.88547 -0.89890 1.08081 0.06974 -0.35706 0.22820 0.90309
1661398664.745146036 -0.88569 -0.89623 1.08076 0.07003 -0.35668 0.22889 0.90304
1661398664.755146027 -0.88593 -0.89348 1.08065 0.07030 -0.35632 0.22957 0.90299
1661398664.765146017 -0.88616 -0.89067 1.08048 0.07055 -0.35598 0.23025 0.90293
1661398664.775146008 -0.88639 -0.88781 1.08025 0.07081 -0.35566 0.23092 0.90287
1661398664.785145998 -0.88662 -0.88492 1.07998 0.07107 -0.35535 0.23160 0.90279
1661398664.795145988 -0.88683 -0.88203 1.07967 0.07137 -0.35504 0.23229 0.90272
1661398664.805145979 -0.88703 -0.87915 1.07933 0.07169 -0.35474 0.23298 0.90263
1661398664.815145969 -0.88722 -0.87630 1.07897 0.07206 -0.35443 0.23369 0.90254
1661398664.825145960 -0.88738 -0.87350 1.07861 0.07249 -0.35412 0.23441 0.90244
1661398664.835146189 -0.88751 -0.87077 1.07823 0.07299 -0.35379 0.23515 0.90234
1661398664.845145941 -0.88761 -0.86813 1.07787 0.07358 -0.35345 0.23591 0.90222
1661398664.855146170 -0.88768 -0.86559 1.07752 0.07425 -0.35309 0.23670 0.90210
1661398664.865145922 -0.88773 -0.86314 1.07718 0.07500 -0.35272 0.23750 0.90197
1661398664.875146151 -0.88776 -0.86076 1.07686 0.07581 -0.35233 0.23833 0.90184
1661398664.885145903 -0.88777 -0.85843 1.07657 0.07668 -0.35195 0.23917 0.90169
1661398664.895146132 -0.88779 -0.85613 1.07630 0.07759 -0.35157 0.24002 0.90154
1661398664.905145884 -0.88780 -0.85384 1.07606 0.07853 -0.35120 0.24088 0.90137
1661398664.915146112 -0.88783 -0.85155 1.07584 0.07948 -0.35084 0.24175 0.90119
1661398664.925145864 -0.88788 -0.84922 1.07566 0.08044 -0.35051 0.24261 0.90101
1661398664.935146093 -0.88796 -0.84686 1.07552 0.08139 -0.35021 0.24347 0.90081
1661398664.945145845 -0.88807 -0.84442 1.07541 0.08231 -0.34994 0.24432 0.90060
1661398664.955146074 -0.88822 -0.84191 1.07534 0.08319 -0.34971 0.24516 0.90038
1661398664.965146065 -0.88840 -0.83932 1.07531 0.08403 -0.34951 0.24600 0.90015
1661398664.975146055 -0.88861 -0.83667 1.07531 0.08481 -0.34934 0.24683 0.89992
1661398664.985146046 -0.88885 -0.83397 1.07534 0.08553 -0.34918 0.24765 0.89968
1661398664.995146036 -0.88909 -0.83123 1.07541 0.08617 -0.34903 0.24848 0.89945
1661398665.005146027 -0.88934 -0.82846 1.07550 0.08672 -0.34889 0.24930 0.89922
1661398665.015146017 -0.88958 -0.82568 1.07562 0.08717 -0.34874 0.25013 0.89901
1661398665.025146008 -0.88981 -0.82290 1.07576 0.08752 -0.34857 0.25097 0.89881
1661398665.035145998 -0.89002 -0.82012 1.07591 0.08775 -0.34838 0.25181 0.89862
1661398665.045145988 -0.89020 -0.81736 1.07609 0.08785 -0.34816 0.25267 0.89846
1661398665.055145979 -0.89035 -0.81464 1.07628 0.08782 -0.34791 0.25354 0.89831
1661398665.065145969 -0.89047 -0.81194 1.07648 0.08769 -0.34763 0.25442 0.89818
1661398665.075146198 -0.89056 -0.80927 1.07670 0.08747 -0.34735 0.25532 0.89806
1661398665.085145950 -0.89064 -0.80662 1.07695 0.08719 -0.34707 0.25623 0.89793
1661398665.095146179 -0.89069 -0.80400 1.07722 0.08690 -0.34682 0.25715 0.89780
1661398665.105145931 -0.89074 -0.80141 1.07752 0.08660 -0.34660 0.25809 0.89764
1661398665.115146160 -0.89079 -0.79883 1.07785 0.08634 -0.34644 0.25905 0.89745
1661398665.125145912 -0.89083 -0.79627 1.07822 0.08613 -0.34634 0.26002 0.89723
1661398665.135146141 -0.89088 -0.79372 1.07862 0.08601 -0.34633 0.26101 0.89696
1661398665.145145893 -0.89094 -0.79120 1.07906 0.08601 -0.34641 0.26201 0.89663
1661398665.155146122 -0.89101 -0.78868 1.07954 0.08614 -0.34660 0.26303 0.89625
1661398665.165145874 -0.89110 -0.78617 1.08006 0.08640 -0.34689 0.26407 0.89581
1661398665.175146103 -0.89120 -0.78365 1.08061 0.08679 -0.34726 0.26513 0.89531
1661398665.185145855 -0.89132 -0.78112 1.08121 0.08729 -0.34770 0.26620 0.89478
1661398665.195146084 -0.89144 -0.77858 1.08183 0.08790 -0.34818 0.26730 0.89420
1661398665.205146074 -0.89158 -0.77601 1.08248 0.08859 -0.34871 0.26841 0.89359
1661398665.215146065 -0.89172 -0.77340 1.08316 0.08937 -0.34925 0.26954 0.89296
1661398665.225146055 -0.89187 -0.77076 1.08386 0.09022 -0.34980 0.27070 0.89231
1661398665.235146046 -0.89203 -0.76806 1.08458 0.09114 -0.35033 0.27187 0.89165
1661398665.245146036 -0.89220 -0.76531 1.08533 0.09210 -0.35084 0.27307 0.89099
1661398665.255146027 -0.89237 -0.76250 1.08608 0.09311 -0.35131 0.27428 0.89032
1661398665.265146017 -0.89254 -0.75963 1.08686 0.09416 -0.35174 0.27552 0.88966
1661398665.275146008 -0.89270 -0.75673 1.08764 0.09523 -0.35214 0.27676 0.88901
1661398665.285145998 -0.89285 -0.75380 1.08845 0.09633 -0.35250 0.27801 0.88835
1661398665.295145988 -0.89299 -0.75087 1.08926 0.09744 -0.35283 0.27927 0.88771
1661398665.305145979 -0.89310 -0.74794 1.09009 0.09856 -0.35312 0.28051 0.88707
1661398665.315145969 -0.89318 -0.74503 1.09092 0.09968 -0.35340 0.28175 0.88645
1661398665.325145960 -0.89323 -0.74215 1.09177 0.10079 -0.35365 0.28297 0.88583
1661398665.335146189 -0.89324 -0.73932 1.09263 0.10189 -0.35388 0.28417 0.88523
1661398665.345145941 -0.89321 -0.73655 1.09350 0.10296 -0.35409 0.28535 0.88464
1661398665.355146170 -0.89313 -0.73386 1.09438 0.10402 -0.35429 0.28649 0.88407
1661398665.365145922 -0.89301 -0.73122 1.09526 0.10504 -0.35447 0.28761 0.88351
1661398665.375146151 -0.89286 -0.72862 1.09615 0.10604 -0.35465 0.28870 0.88297
1661398665.385145903 -0.89269 -0.72605 1.09703 0.10702 -0.35482 0.28976 0.88244
1661398665.395146132 -0.89251 -0.72349 1.09792 0.10797 -0.35499 0.29079 0.88191
1661398665.405145884 -0.89233 -0.72093 1.09880 0.10890 -0.35515 0.29180 0.88140
1661398665.415146112 -0.89216 -0.71834 1.09967 0.10980 -0.35533 0.29278 0.88089
1661398665.425145864 -0.89202 -0.71573 1.10053 0.11069 -0.35551 0.29374 0.88039
1661398665.435146093 -0.89191 -0.71305 1.10138 0.11156 -0.35570 0.29467 0.87989
1661398665.445145845 -0.89184 -0.71031 1.10222 0.11241 -0.35590 0.29558 0.87939
1661398665.455146074 -0.89182 -0.70749 1.10303 0.11324 -0.35612 0.29648 0.87890
1661398665.465146065 -0.89184 -0.70459 1.10383 0.11406 -0.35635 0.29736 0.87840
1661398665.475146055 -0.89189 -0.70161 1.10459 0.11484 -0.35658 0.29823 0.87791
1661398665.485146046 -0.89196 -0.69856 1.10533 0.11560 -0.35682 0.29910 0.87742
1661398665.495146036 -0.89205 -0.69543 1.10604 0.11632 -0.35705 0.29997 0.87693
1661398665.505146027 -0.89213 -0.69223 1.10671 0.11700 -0.35727 0.30086 0.87644
1661398665.515146017 -0.89221 -0.68897 1.10734 0.11764 -0.35747 0.30177 0.87596
1661398665.525146008 -0.89227 -0.68564 1.10793 0.11824 -0.35766 0.30270 0.87548
1661398665.535145998 -0.89229 -0.68224 1.10848 0.11878 -0.35782 0.30367 0.87501
1661398665.545145988 -0.89228 -0.67879 1.10897 0.11927 -0.35795 0.30467 0.87454
1661398665.555145979 -0.89222 -0.67528 1.10941 0.11969 -0.35804 0.30572 0.87408
1661398665.565145969 -0.89211 -0.67172 1.10980 0.12006 -0.35810 0.30681 0.87362
1661398665.575146198 -0.89194 -0.66810 1.11014 0.12037 -0.35813 0.30792 0.87318
1661398665.585145950 -0.89173 -0.66443 1.11044 0.12063 -0.35813 0.30905 0.87274
1661398665.595146179 -0.89148 -0.66072 1.11070 0.12083 -0.35810 0.31019 0.87232
1661398665.605145931 -0.89117 -0.65696 1.11091 0.12098 -0.35805 0.31133 0.87192
1661398665.615146160 -0.89082 -0.65316 1.11109 0.12108 -0.35797 0.31245 0.87153
1661398665.625145912 -0.89042 -0.64932 1.11124 0.12113 -0.35788 0.31356 0.87117
1661398665.635146141 -0.88998 -0.64544 1.11135 0.12114 -0.35776 0.31463 0.87083
1661398665.645145893 -0.88949 -0.64153 1.11144 0.12109 -0.35763 0.31566 0.87052
1661398665.655146122 -0.88896 -0.63759 1.11150 0.12101 -0.35748 0.31664 0.87023
1661398665.665145874 -0.88839 -0.63363 1.11154 0.12089 -0.35732 0.31759 0.86997
1661398665.675146103 -0.88778 -0.62967 1.11155 0.12074 -0.35714 0.31850 0.86973
1661398665.685145855 -0.88713 -0.62572 1.11154 0.12056 -0.35693 0.31938 0.86952
1661398665.695146084 -0.88644 -0.62182 1.11151 0.12037 -0.35669 0.32025 0.86932
1661398665.705146074 -0.88572 -0.61796 1.11146 0.12017 -0.35642 0.32112 0.86914
1661398665.715146065 -0.88497 -0.61417 1.11139 0.11996 -0.35611 0.32198 0.86898
1661398665.725146055 -0.88418 -0.61047 1.11130 0.11976 -0.35576 0.32286 0.86882
1661398665.735146046 -0.88336 -0.60687 1.11120 0.11957 -0.35537 0.32375 0.86868
1661398665.745146036 -0.88252 -0.60338 1.11108 0.11940 -0.35492 0.32467 0.86854
1661398665.755146027 -0.88164 -0.60003 1.11094 0.11925 -0.35443 0.32563 0.86840
1661398665.765146017 -0.88077 -0.59679 1.11080 0.11912 -0.35391 0.32661 0.86827
1661398665.775146008 -0.87990 -0.59363 1.11066 0.11903 -0.35337 0.32761 0.86812
1661398665.785145998 -0.87906 -0.59055 1.11053 0.11896 -0.35284 0.32860 0.86797
1661398665.795145988 -0.87828 -0.58752 1.11042 0.11893 -0.35233 0.32959 0.86780
1661398665.805145979 -0.87756 -0.58450 1.11035 0.11894 -0.35188 0.33057 0.86762
1661398665.815145969 -0.87694 -0.58149 1.11031 0.11898 -0.35149 0.33151 0.86741
1661398665.825145960 -0.87642 -0.57846 1.11032 0.11906 -0.35118 0.33241 0.86718
1661398665.835146189 -0.87603 -0.57539 1.11039 0.11918 -0.35099 0.33327 0.86691
1661398665.845145941 -0.87579 -0.57226 1.11053 0.11935 -0.35092 0.33406 0.86661
1661398665.855146170 -0.87571 -0.56904 1.11073 0.11956 -0.35099 0.33478 0.86628
1661398665.865145922 -0.87577 -0.56577 1.11100 0.11981 -0.35119 0.33544 0.86590
1661398665.875146151 -0.87595 -0.56245 1.11130 0.12009 -0.35150 0.33605 0.86550
1661398665.885145903 -0.87622 -0.55913 1.11163 0.12039 -0.35190 0.33662 0.86508
1661398665.895146132 -0.87657 -0.55582 1.11197 0.12071 -0.35237 0.33717 0.86463
1661398665.905145884 -0.87697 -0.55255 1.11229 0.12104 -0.35289 0.33770 0.86417
1661398665.915146112 -0.87739 -0.54934 1.11258 0.12137 -0.35344 0.33822 0.86369
1661398665.925145864 -0.87781 -0.54623 1.11283 0.12169 -0.35400 0.33875 0.86321
1661398665.935146093 -0.87821 -0.54322 1.11302 0.12200 -0.35456 0.33929 0.86272
1661398665.945145845 -0.87856 -0.54036 1.11312 0.12229 -0.35509 0.33986 0.86223
1661398665.955146074 -0.87885 -0.53766 1.11313 0.12255 -0.35558 0.34047 0.86175
1661398665.965146065 -0.87909 -0.53510 1.11306 0.12277 -0.35603 0.34111 0.86128
1661398665.975146055 -0.87930 -0.53266 1.11292 0.12296 -0.35644 0.34178 0.86082
1661398665.985146046 -0.87949 -0.53032 1.11273 0.12312 -0.35682 0.34246 0.86038
1661398665.995146036 -0.87969 -0.52806 1.11250 0.12323 -0.35716 0.34314 0.85994
1661398666.005146027 -0.87992 -0.52586 1.11226 0.12329 -0.35748 0.34383 0.85953
1661398666.015146017 -0.88018 -0.52370 1.11202 0.12331 -0.35777 0.34451 0.85913
1661398666.025146008 -0.88051 -0.52156 1.11179 0.12328 -0.35804 0.34518 0.85876
1661398666.035145998 -0.88092 -0.51941 1.11159 0.12319 -0.35829 0.34582 0.85841
1661398666.045145988 -0.88143 -0.51724 1.11144 0.12304 -0.35853 0.34643 0.85808
1661398666.055145979 -0.88206 -0.51502 1.11135 0.12283 -0.35876 0.34700 0.85779
1661398666.065145969 -0.88278 -0.51277 1.11131 0.12257 -0.35897 0.34753 0.85752
1661398666.075146198 -0.88359 -0.51048 1.11130 0.12226 -0.35917 0.34803 0.85728
1661398666.085145950 -0.88446 -0.50817 1.11133 0.12190 -0.35936 0.34850 0.85706
1661398666.095146179 -0.88538 -0.50586 1.11138 0.12150 -0.35953 0.34893 0.85687
1661398666.105145931 -0.88633 -0.50353 1.11144 0.12106 -0.35969 0.34934 0.85670
1661398666.115146160 -0.88730 -0.50121 1.11150 0.12059 -0.35983 0.34971 0.85655
1661398666.125145912 -0.88826 -0.49891 1.11154 0.12010 -0.35995 0.35006 0.85643
1661398666.135146141 -0.88919 -0.49663 1.11156 0.11959 -0.36006 0.35039 0.85632
1661398666.145145893 -0.89008 -0.49437 1.11155 0.11906 -0.36014 0.35069 0.85623
1661398666.155146122 -0.89092 -0.49216 1.11149 0.11853 -0.36021 0.35097 0.85617
1661398666.165145874 -0.89171 -0.48997 1.11139 0.11799 -0.36025 0.35123 0.85611
1661398666.175146103 -0.89245 -0.48782 1.11125 0.11744 -0.36029 0.35147 0.85608
1661398666.185145855 -0.89315 -0.48569 1.11108 0.11691 -0.36031 0.35168 0.85606
1661398666.195146084 -0.89382 -0.48358 1.11087 0.11638 -0.36031 0.35186 0.85605
1661398666.205146074 -0.89446 -0.48149 1.11063 0.11587 -0.36031 0.35201 0.85606
1661398666.215146065 -0.89508 -0.47940 1.11036 0.11538 -0.36030 0.35214 0.85608
1661398666.225146055 -0.89568 -0.47731 1.11006 0.11491 -0.36029 0.35223 0.85611
1661398666.235146046 -0.89628 -0.47523 1.10975 0.11447 -0.36027 0.35229 0.85615
1661398666.245146036 -0.89687 -0.47314 1.10941 0.11406 -0.36025 0.35231 0.85620
1661398666.255146027 -0.89747 -0.47103 1.10906 0.11369 -0.36023 0.35230 0.85627
1661398666.265146017 -0.89809 -0.46892 1.10869 0.11336 -0.36021 0.35225 0.85634
1661398666.275146008 -0.89873 -0.46679 1.10834 0.11306 -0.36018 0.35217 0.85642
1661398666.285145998 -0.89940 -0.46464 1.10799 0.11280 -0.36014 0.35205 0.85653
1661398666.295145988 -0.90012 -0.46247 1.10767 0.11256 -0.36008 0.35189 0.85665
1661398666.305145979 -0.90089 -0.46028 1.10738 0.11235 -0.36000 0.35171 0.85678
1661398666.315145969 -0.90173 -0.45806 1.10714 0.11217 -0.35989 0.35148 0.85695
1661398666.325145960 -0.90264 -0.45583 1.10695 0.11201 -0.35975 0.35122 0.85713
1661398666.335146189 -0.90363 -0.45356 1.10682 0.11187 -0.35957 0.35093 0.85734
1661398666.345145941 -0.90471 -0.45126 1.10677 0.11174 -0.35935 0.35061 0.85759
1661398666.355146170 -0.90590 -0.44893 1.10680 0.11164 -0.35909 0.35025 0.85786
1661398666.365145922 -0.90718 -0.44657 1.10689 0.11154 -0.35878 0.34987 0.85815
1661398666.375146151 -0.90853 -0.44416 1.10704 0.11146 -0.35846 0.34947 0.85846
1661398666.385145903 -0.90995 -0.44171 1.10723 0.11139 -0.35811 0.34905 0.85879
1661398666.395146132 -0.91142 -0.43922 1.10744 0.11132 -0.35776 0.34862 0.85911
1661398666.405145884 -0.91292 -0.43667 1.10765 0.11125 -0.35741 0.34820 0.85944
1661398666.415146112 -0.91446 -0.43406 1.10785 0.11119 -0.35708 0.34778 0.85976
1661398666.425145864 -0.91600 -0.43140 1.10802 0.11112 -0.35676 0.34737 0.86006
1661398666.435146093 -0.91754 -0.42867 1.10815 0.11105 -0.35649 0.34697 0.86035
1661398666.445145845 -0.91907 -0.42587 1.10822 0.11098 -0.35625 0.34660 0.86060
1661398666.455146074 -0.92058 -0.42300 1.10823 0.11089 -0.35607 0.34626 0.86083
1661398666.465146065 -0.92208 -0.42007 1.10817 0.11081 -0.35594 0.34594 0.86102
1661398666.475146055 -0.92358 -0.41710 1.10808 0.11074 -0.35585 0.34565 0.86118
1661398666.485146046 -0.92511 -0.41409 1.10797 0.11069 -0.35582 0.34536 0.86132
1661398666.495146036 -0.92669 -0.41107 1.10785 0.11067 -0.35582 0.34507 0.86143
1661398666.505146027 -0.92832 -0.40804 1.10775 0.11070 -0.35587 0.34479 0.86152
1661398666.515146017 -0.93003 -0.40501 1.10768 0.11077 -0.35596 0.34449 0.86160
1661398666.525146008 -0.93183 -0.40201 1.10766 0.11090 -0.35608 0.34418 0.86165
1661398666.535145998 -0.93375 -0.39904 1.10771 0.11110 -0.35624 0.34385 0.86169
1661398666.545145988 -0.93579 -0.39611 1.10784 0.11138 -0.35643 0.34349 0.86172
1661398666.555145979 -0.93798 -0.39325 1.10808 0.11175 -0.35664 0.34310 0.86174
1661398666.565145969 -0.94029 -0.39043 1.10839 0.11220 -0.35688 0.34269 0.86175
1661398666.575146198 -0.94272 -0.38767 1.10877 0.11273 -0.35711 0.34227 0.86175
1661398666.585145950 -0.94523 -0.38495 1.10918 0.11333 -0.35735 0.34186 0.86174
1661398666.595146179 -0.94781 -0.38227 1.10960 0.11399 -0.35756 0.34145 0.86172
1661398666.605145931 -0.95045 -0.37962 1.11001 0.11471 -0.35775 0.34108 0.86170
1661398666.615146160 -0.95312 -0.37700 1.11039 0.11549 -0.35790 0.34075 0.86166
1661398666.625145912 -0.95581 -0.37440 1.11072 0.11630 -0.35799 0.34047 0.86163
1661398666.635146141 -0.95850 -0.37181 1.11097 0.11716 -0.35802 0.34025 0.86158
1661398666.645145893 -0.96116 -0.36924 1.11112 0.11805 -0.35798 0.34011 0.86153
1661398666.655146122 -0.96378 -0.36667 1.11116 0.11897 -0.35786 0.34006 0.86148
1661398666.665145874 -0.96637 -0.36410 1.11108 0.11990 -0.35765 0.34009 0.86142
1661398666.675146103 -0.96892 -0.36154 1.11091 0.12085 -0.35737 0.34019 0.86137
1661398666.685145855 -0.97145 -0.35899 1.11066 0.12180 -0.35701 0.34034 0.86132
1661398666.695146084 -0.97395 -0.35643 1.11034 0.12274 -0.35658 0.34053 0.86129
1661398666.705146074 -0.97642 -0.35388 1.10997 0.12367 -0.35609 0.34076 0.86127
1661398666.715146065 -0.97888 -0.35133 1.10956 0.12458 -0.35553 0.34100 0.86128
1661398666.725146055 -0.98132 -0.34878 1.10913 0.12546 -0.35491 0.34125 0.86130
1661398666.735146046 -0.98374 -0.34623 1.10868 0.12630 -0.35424 0.34149 0.86136
1661398666.745146036 -0.98616 -0.34368 1.10824 0.12710 -0.35352 0.34172 0.86145
1661398666.755146027 -0.98858 -0.34113 1.10781 0.12785 -0.35275 0.34192 0.86157
1661398666.765146017 -0.99101 -0.33858 1.10741 0.12854 -0.35195 0.34209 0.86173
1661398666.775146008 -0.99347 -0.33601 1.10702 0.12917 -0.35111 0.34224 0.86192
1661398666.785145998 -0.99598 -0.33342 1.10667 0.12974 -0.35027 0.34235 0.86214
1661398666.795145988 -0.99856 -0.33081 1.10634 0.13023 -0.34941 0.34243 0.86238
1661398666.805145979 -1.00123 -0.32816 1.10605 0.13065 -0.34856 0.34248 0.86264
1661398666.815145969 -1.00400 -0.32548 1.10580 0.13099 -0.34772 0.34250 0.86291
1661398666.825145960 -1.00689 -0.32275 1.10559 0.13125 -0.34691 0.34249 0.86321
1661398666.835146189 -1.00992 -0.31998 1.10542 0.13143 -0.34613 0.34244 0.86351
1661398666.845145941 -1.01310 -0.31715 1.10530 0.13151 -0.34540 0.34236 0.86382
1661398666.855146170 -1.01646 -0.31425 1.10523 0.13150 -0.34472 0.34225 0.86414
1661398666.865145922 -1.01997 -0.31131 1.10520 0.13141 -0.34409 0.34211 0.86446
1661398666.875146151 -1.02360 -0.30832 1.10519 0.13123 -0.34350 0.34196 0.86479
1661398666.885145903 -1.02732 -0.30529 1.10519 0.13098 -0.34293 0.34180 0.86511
1661398666.895146132 -1.03112 -0.30224 1.10518 0.13067 -0.34240 0.34165 0.86543
1661398666.905145884 -1.03495 -0.29918 1.10514 0.13031 -0.34187 0.34151 0.86575
1661398666.915146112 -1.03881 -0.29611 1.10507 0.12990 -0.34136 0.34139 0.86606
1661398666.925145864 -1.04265 -0.29304 1.10495 0.12945 -0.34084 0.34130 0.86636
1661398666.935146093 -1.04645 -0.28998 1.10475 0.12897 -0.34032 0.34125 0.86666
1661398666.945145845 -1.05020 -0.28694 1.10448 0.12847 -0.33978 0.34126 0.86694
1661398666.955146074 -1.05385 -0.28394 1.10411 0.12795 -0.33922 0.34131 0.86722
1661398666.965146065 -1.05742 -0.28096 1.10366 0.12743 -0.33863 0.34142 0.86748
1661398666.975146055 -1.06092 -0.27802 1.10314 0.12689 -0.33802 0.34157 0.86774
1661398666.985146046 -1.06434 -0.27511 1.10257 0.12636 -0.33737 0.34174 0.86800
1661398666.995146036 -1.06769 -0.27224 1.10197 0.12582 -0.33670 0.34192 0.86827
1661398667.005146027 -1.07098 -0.26940 1.10134 0.12529 -0.33600 0.34211 0.86854
1661398667.015146017 -1.07421 -0.26659 1.10071 0.12477 -0.33526 0.34230 0.86883
1661398667.025146008 -1.07739 -0.26382 1.10010 0.12426 -0.33448 0.34246 0.86914
1661398667.035145998 -1.08053 -0.26109 1.09951 0.12377 -0.33368 0.34260 0.86946
1661398667.045145988 -1.08363 -0.25840 1.09896 0.12330 -0.33283 0.34269 0.86982
1661398667.055145979 -1.08669 -0.25574 1.09847 0.12286 -0.33194 0.34274 0.87020
1661398667.065145969 -1.08973 -0.25314 1.09804 0.12244 -0.33103 0.34275 0.87060
1661398667.075146198 -1.09272 -0.25060 1.09767 0.12206 -0.33010 0.34274 0.87101
1661398667.085145950 -1.09569 -0.24814 1.09737 0.12172 -0.32915 0.34272 0.87143
1661398667.095146179 -1.09863 -0.24578 1.09714 0.12143 -0.32820 0.34270 0.87183
1661398667.105145931 -1.10154 -0.24352 1.09697 0.12119 -0.32726 0.34271 0.87222
1661398667.115146160 -1.10442 -0.24139 1.09688 0.12100 -0.32634 0.34274 0.87258
1661398667.125145912 -1.10727 -0.23939 1.09686 0.12088 -0.32544 0.34282 0.87290
1661398667.135146141 -1.11009 -0.23753 1.09692 0.12084 -0.32457 0.34296 0.87317
1661398667.145145893 -1.11288 -0.23584 1.09705 0.12086 -0.32375 0.34317 0.87339
1661398667.155146122 -1.11565 -0.23432 1.09727 0.12097 -0.32299 0.34347 0.87354
1661398667.165145874 -1.11841 -0.23295 1.09755 0.12113 -0.32228 0.34384 0.87363
1661398667.175146103 -1.12116 -0.23170 1.09788 0.12134 -0.32163 0.34426 0.87368
1661398667.185145855 -1.12391 -0.23055 1.09824 0.12158 -0.32104 0.34473 0.87368
1661398667.195146084 -1.12667 -0.22947 1.09863 0.12182 -0.32052 0.34521 0.87364
1661398667.205146074 -1.12946 -0.22842 1.09902 0.12205 -0.32007 0.34570 0.87358
1661398667.215146065 -1.13228 -0.22739 1.09941 0.12226 -0.31969 0.34618 0.87351
1661398667.225146055 -1.13514 -0.22635 1.09977 0.12241 -0.31939 0.34663 0.87342
1661398667.235146046 -1.13805 -0.22527 1.10009 0.12249 -0.31916 0.34704 0.87332
1661398667.245146036 -1.14103 -0.22412 1.10036 0.12249 -0.31902 0.34738 0.87324
1661398667.255146027 -1.14407 -0.22289 1.10056 0.12239 -0.31896 0.34766 0.87317
1661398667.265146017 -1.14717 -0.22160 1.10070 0.12220 -0.31898 0.34786 0.87310
1661398667.275146008 -1.15030 -0.22026 1.10078 0.12192 -0.31907 0.34800 0.87305
1661398667.285145998 -1.15346 -0.21892 1.10081 0.12156 -0.31923 0.34809 0.87301
1661398667.295145988 -1.15662 -0.21761 1.10078 0.12114 -0.31944 0.34813 0.87298
1661398667.305145979 -1.15978 -0.21634 1.10072 0.12066 -0.31970 0.34813 0.87295
1661398667.315145969 -1.16290 -0.21515 1.10061 0.12012 -0.32000 0.34810 0.87292
1661398667.325145960 -1.16598 -0.21407 1.10047 0.11955 -0.32034 0.34805 0.87290
1661398667.335146189 -1.16899 -0.21313 1.10030 0.11895 -0.32071 0.34798 0.87287
1661398667.345145941 -1.17193 -0.21235 1.10010 0.11832 -0.32110 0.34790 0.87285
1661398667.355146170 -1.17477 -0.21176 1.09989 0.11768 -0.32150 0.34782 0.87282
1661398667.365145922 -1.17753 -0.21133 1.09965 0.11703 -0.32191 0.34774 0.87279
1661398667.375146151 -1.18021 -0.21105 1.09939 0.11637 -0.32232 0.34765 0.87276
1661398667.385145903 -1.18282 -0.21089 1.09910 0.11571 -0.32273 0.34754 0.87274
1661398667.395146132 -1.18536 -0.21082 1.09878 0.11505 -0.32313 0.34743 0.87272
1661398667.405145884 -1.18785 -0.21082 1.09843 0.11439 -0.32351 0.34729 0.87272
1661398667.415146112 -1.19029 -0.21087 1.09805 0.11374 -0.32386 0.34714 0.87274
1661398667.425145864 -1.19269 -0.21093 1.09764 0.11310 -0.32419 0.34696 0.87277
1661398667.435146093 -1.19506 -0.21098 1.09719 0.11247 -0.32448 0.34675 0.87283
1661398667.445145845 -1.19740 -0.21100 1.09670 0.11186 -0.32474 0.34651 0.87290
1661398667.455146074 -1.19973 -0.21097 1.09618 0.11127 -0.32494 0.34624 0.87301
1661398667.465146065 -1.20203 -0.21090 1.09562 0.11071 -0.32510 0.34592 0.87315
1661398667.475146055 -1.20431 -0.21082 1.09502 0.11017 -0.32523 0.34556 0.87331
1661398667.485146046 -1.20656 -0.21074 1.09441 0.10966 -0.32533 0.34513 0.87351
1661398667.495146036 -1.20877 -0.21070 1.09378 0.10918 -0.32540 0.34464 0.87373
1661398667.505146027 -1.21094 -0.21071 1.09314 0.10875 -0.32546 0.34408 0.87399
1661398667.515146017 -1.21307 -0.21079 1.09249 0.10835 -0.32550 0.34344 0.87428
1661398667.525146008 -1.21515 -0.21096 1.09184 0.10800 -0.32553 0.34271 0.87459
1661398667.535145998 -1.21717 -0.21126 1.09119 0.10769 -0.32557 0.34188 0.87494
1661398667.545145988 -1.21913 -0.21169 1.09056 0.10743 -0.32561 0.34095 0.87532
1661398667.555145979 -1.22104 -0.21228 1.08994 0.10723 -0.32565 0.33991 0.87573
1661398667.565145969 -1.22287 -0.21302 1.08934 0.10708 -0.32571 0.33877 0.87618
1661398667.575146198 -1.22465 -0.21390 1.08874 0.10696 -0.32577 0.33753 0.87665
1661398667.585145950 -1.22636 -0.21491 1.08816 0.10686 -0.32584 0.33619 0.87714
1661398667.595146179 -1.22801 -0.21604 1.08758 0.10679 -0.32591 0.33477 0.87767
1661398667.605145931 -1.22960 -0.21728 1.08700 0.10673 -0.32598 0.33328 0.87822
1661398667.615146160 -1.23113 -0.21862 1.08641 0.10667 -0.32605 0.33172 0.87879
1661398667.625145912 -1.23261 -0.22004 1.08582 0.10661 -0.32611 0.33009 0.87939
1661398667.635146141 -1.23402 -0.22154 1.08523 0.10653 -0.32616 0.32840 0.88001
1661398667.645145893 -1.23537 -0.22310 1.08462 0.10643 -0.32621 0.32667 0.88065
1661398667.655146122 -1.23667 -0.22472 1.08400 0.10629 -0.32625 0.32489 0.88131
1661398667.665145874 -1.23792 -0.22640 1.08337 0.10611 -0.32626 0.32308 0.88200
1661398667.675146103 -1.23911 -0.22813 1.08275 0.10586 -0.32623 0.32123 0.88271
1661398667.685145855 -1.24027 -0.22993 1.08215 0.10554 -0.32615 0.31935 0.88346
1661398667.695146084 -1.24139 -0.23180 1.08157 0.10512 -0.32600 0.31744 0.88425
1661398667.705146074 -1.24247 -0.23373 1.08103 0.10459 -0.32576 0.31552 0.88509
1661398667.715146065 -1.24352 -0.23573 1.08053 0.10394 -0.32542 0.31358 0.88598
1661398667.725146055 -1.24455 -0.23781 1.08009 0.10315 -0.32497 0.31162 0.88693
1661398667.735146046 -1.24556 -0.23996 1.07971 0.10220 -0.32438 0.30966 0.88794
1661398667.745146036 -1.24656 -0.24219 1.07941 0.10109 -0.32365 0.30769 0.88902
1661398667.755146027 -1.24755 -0.24449 1.07918 0.09979 -0.32278 0.30571 0.89017
1661398667.765146017 -1.24853 -0.24683 1.07899 0.09838 -0.32180 0.30371 0.89136
1661398667.775146008 -1.24950 -0.24916 1.07879 0.09689 -0.32079 0.30168 0.89258
1661398667.785145998 -1.25046 -0.25145 1.07853 0.09539 -0.31982 0.29958 0.89380
1661398667.795145988 -1.25142 -0.25365 1.07815 0.09394 -0.31894 0.29739 0.89499
1661398667.805145979 -1.25238 -0.25572 1.07761 0.09258 -0.31820 0.29511 0.89615
1661398667.815145969 -1.25332 -0.25765 1.07692 0.09130 -0.31756 0.29273 0.89729
1661398667.825145960 -1.25426 -0.25946 1.07605 0.09007 -0.31696 0.29024 0.89843
1661398667.835146189 -1.25519 -0.26115 1.07502 0.08887 -0.31633 0.28766 0.89961
1661398667.845145941 -1.25610 -0.26271 1.07381 0.08767 -0.31562 0.28497 0.90083
1661398667.855146170 -1.25699 -0.26417 1.07244 0.08645 -0.31477 0.28218 0.90212
1661398667.865145922 -1.25787 -0.26556 1.07094 0.08523 -0.31383 0.27930 0.90346
1661398667.875146151 -1.25875 -0.26696 1.06936 0.08404 -0.31285 0.27633 0.90483
1661398667.885145903 -1.25964 -0.26840 1.06774 0.08289 -0.31187 0.27327 0.90619
1661398667.895146132 -1.26055 -0.26996 1.06615 0.08181 -0.31095 0.27015 0.90754
1661398667.905145884 -1.26149 -0.27167 1.06462 0.08083 -0.31013 0.26695 0.90886
1661398667.915146112 -1.26253 -0.27346 1.06316 0.07990 -0.30940 0.26370 0.91014
1661398667.925145864 -1.26373 -0.27528 1.06181 0.07896 -0.30871 0.26043 0.91139
1661398667.935146093 -1.26517 -0.27703 1.06058 0.07797 -0.30805 0.25714 0.91264
1661398667.945145845 -1.26692 -0.27864 1.05949 0.07687 -0.30737 0.25386 0.91388
1661398667.955146074 -1.26900 -0.28007 1.05854 0.07562 -0.30666 0.25060 0.91512
1661398667.965146065 -1.27132 -0.28135 1.05768 0.07424 -0.30589 0.24738 0.91636
1661398667.975146055 -1.27374 -0.28257 1.05685 0.07275 -0.30505 0.24419 0.91762
1661398667.985146046 -1.27613 -0.28380 1.05600 0.07117 -0.30413 0.24105 0.91888
1661398667.995146036 -1.27834 -0.28512 1.05504 0.06953 -0.30311 0.23796 0.92014
1661398668.005146027 -1.28028 -0.28659 1.05395 0.06785 -0.30198 0.23492 0.92142
1661398668.015146017 -1.28194 -0.28824 1.05270 0.06615 -0.30075 0.23194 0.92270
1661398668.025146008 -1.28337 -0.29007 1.05132 0.06445 -0.29944 0.22902 0.92398
1661398668.035145998 -1.28461 -0.29209 1.04981 0.06276 -0.29806 0.22615 0.92524
1661398668.045145988 -1.28569 -0.29433 1.04817 0.06111 -0.29663 0.22335 0.92650
1661398668.055145979 -1.28665 -0.29677 1.04643 0.05949 -0.29516 0.22060 0.92773
1661398668.065145969 -1.28756 -0.29934 1.04463 0.05796 -0.29370 0.21791 0.92892
1661398668.075146198 -1.28846 -0.30197 1.04282 0.05653 -0.29230 0.21527 0.93007
1661398668.085145950 -1.28942 -0.30458 1.04105 0.05523 -0.29102 0.21268 0.93114
1661398668.095146179 -1.29049 -0.30708 1.03939 0.05409 -0.28990 0.21013 0.93214
1661398668.105145931 -1.29173 -0.30941 1.03786 0.05313 -0.28897 0.20762 0.93304
1661398668.115146160 -1.29316 -0.31153 1.03649 0.05233 -0.28821 0.20514 0.93387
1661398668.125145912 -1.29477 -0.31345 1.03527 0.05168 -0.28756 0.20269 0.93464
1661398668.135146141 -1.29658 -0.31514 1.03421 0.05114 -0.28696 0.20027 0.93538
1661398668.145145893 -1.29859 -0.31658 1.03331 0.05069 -0.28637 0.19786 0.93609
1661398668.155146122 -1.30081 -0.31779 1.03256 0.05031 -0.28573 0.19548 0.93681
1661398668.165145874 -1.30317 -0.31882 1.03195 0.04999 -0.28504 0.19310 0.93753
1661398668.175146103 -1.30561 -0.31974 1.03144 0.04969 -0.28428 0.19075 0.93826
1661398668.185145855 -1.30807 -0.32062 1.03101 0.04941 -0.28344 0.18840 0.93900
1661398668.195146084 -1.31048 -0.32154 1.03063 0.04912 -0.28252 0.18608 0.93976
1661398668.205146074 -1.31278 -0.32254 1.03028 0.04883 -0.28150 0.18377 0.94053
1661398668.215146065 -1.31501 -0.32364 1.02993 0.04852 -0.28044 0.18149 0.94131
1661398668.225146055 -1.31719 -0.32481 1.02960 0.04822 -0.27935 0.17925 0.94207
1661398668.235146046 -1.31936 -0.32605 1.02927 0.04793 -0.27829 0.17708 0.94281
1661398668.245146036 -1.32156 -0.32734 1.02893 0.04767 -0.27729 0.17498 0.94351
1661398668.255146027 -1.32380 -0.32868 1.02858 0.04745 -0.27638 0.17297 0.94416
1661398668.265146017 -1.32610 -0.33005 1.02823 0.04727 -0.27556 0.17104 0.94476
1661398668.275146008 -1.32845 -0.33146 1.02787 0.04712 -0.27481 0.16917 0.94532
1661398668.285145998 -1.33085 -0.33291 1.02752 0.04700 -0.27412 0.16734 0.94586
1661398668.295145988 -1.33329 -0.33438 1.02717 0.04691 -0.27348 0.16555 0.94636
1661398668.305145979 -1.33578 -0.33587 1.02682 0.04685 -0.27286 0.16377 0.94685
1661398668.315145969 -1.33830 -0.33739 1.02649 0.04680 -0.27226 0.16198 0.94734
1661398668.325145960 -1.34085 -0.33893 1.02617 0.04677 -0.27166 0.16018 0.94782
1661398668.335146189 -1.34343 -0.34048 1.02588 0.04676 -0.27104 0.15835 0.94830
1661398668.345145941 -1.34604 -0.34204 1.02560 0.04675 -0.27040 0.15648 0.94880
1661398668.355146170 -1.34867 -0.34361 1.02535 0.04676 -0.26971 0.15454 0.94931
1661398668.365145922 -1.35133 -0.34519 1.02513 0.04677 -0.26900 0.15254 0.94983
1661398668.375146151 -1.35401 -0.34678 1.02493 0.04680 -0.26828 0.15049 0.95036
1661398668.385145903 -1.35672 -0.34838 1.02476 0.04685 -0.26757 0.14839 0.95089
1661398668.395146132 -1.35947 -0.34999 1.02462 0.04692 -0.26687 0.14625 0.95141
1661398668.405145884 -1.36224 -0.35160 1.02450 0.04701 -0.26621 0.14407 0.95193
1661398668.415146112 -1.36506 -0.35322 1.02441 0.04713 -0.26560 0.14185 0.95242
1661398668.425145864 -1.36791 -0.35485 1.02435 0.04728 -0.26506 0.13961 0.95290
1661398668.435146093 -1.37080 -0.35648 1.02431 0.04747 -0.26460 0.13733 0.95335
1661398668.445145845 -1.37374 -0.35812 1.02431 0.04769 -0.26424 0.13504 0.95376
1661398668.455146074 -1.37672 -0.35976 1.02432 0.04795 -0.26399 0.13273 0.95414
1661398668.465146065 -1.37974 -0.36142 1.02436 0.04824 -0.26385 0.13041 0.95449
1661398668.475146055 -1.38281 -0.36309 1.02442 0.04854 -0.26378 0.12807 0.95481
1661398668.485146046 -1.38593 -0.36478 1.02450 0.04886 -0.26377 0.12571 0.95511
1661398668.495146036 -1.38909 -0.36650 1.02458 0.04917 -0.26381 0.12333 0.95539
1661398668.505146027 -1.39230 -0.36824 1.02468 0.04947 -0.26387 0.12094 0.95567
1661398668.515146017 -1.39555 -0.37001 1.02477 0.04975 -0.26395 0.11852 0.95593
1661398668.525146008 -1.39884 -0.37183 1.02487 0.04999 -0.26401 0.11609 0.95620
1661398668.535145998 -1.40218 -0.37368 1.02496 0.05019 -0.26405 0.11363 0.95647
1661398668.545145988 -1.40556 -0.37559 1.02504 0.05033 -0.26405 0.11115 0.95676
1661398668.555145979 -1.40899 -0.37753 1.02511 0.05041 -0.26398 0.10865 0.95706
1661398668.565145969 -1.41247 -0.37951 1.02515 0.05044 -0.26382 0.10613 0.95739
1661398668.575146198 -1.41601 -0.38147 1.02516 0.05043 -0.26352 0.10359 0.95775
1661398668.585145950 -1.41961 -0.38341 1.02511 0.05039 -0.26307 0.10103 0.95815
1661398668.595146179 -1.42328 -0.38528 1.02500 0.05035 -0.26241 0.09846 0.95860
1661398668.605145931 -1.42703 -0.38708 1.02481 0.05030 -0.26154 0.09587 0.95910
1661398668.615146160 -1.43084 -0.38879 1.02454 0.05024 -0.26050 0.09325 0.95964
1661398668.625145912 -1.43468 -0.39045 1.02417 0.05015 -0.25936 0.09059 0.96021
1661398668.635146141 -1.43856 -0.39205 1.02371 0.05001 -0.25817 0.08787 0.96080
1661398668.645145893 -1.44243 -0.39361 1.02314 0.04980 -0.25699 0.08509 0.96137
1661398668.655146122 -1.44630 -0.39514 1.02247 0.04953 -0.25588 0.08224 0.96193
1661398668.665145874 -1.45016 -0.39665 1.02170 0.04918 -0.25484 0.07933 0.96247
1661398668.675146103 -1.45402 -0.39815 1.02088 0.04878 -0.25386 0.07640 0.96299
1661398668.685145855 -1.45787 -0.39965 1.02003 0.04835 -0.25293 0.07346 0.96348
1661398668.695146084 -1.46173 -0.40114 1.01916 0.04790 -0.25205 0.07055 0.96395
1661398668.705146074 -1.46559 -0.40264 1.01831 0.04744 -0.25120 0.06769 0.96440
1661398668.715146065 -1.46947 -0.40413 1.01748 0.04698 -0.25039 0.06489 0.96483
1661398668.725146055 -1.47337 -0.40558 1.01665 0.04652 -0.24960 0.06214 0.96523
1661398668.735146046 -1.47731 -0.40698 1.01584 0.04605 -0.24883 0.05945 0.96562
1661398668.745146036 -1.48129 -0.40830 1.01503 0.04558 -0.24808 0.05683 0.96600
1661398668.755146027 -1.48533 -0.40953 1.01423 0.04511 -0.24733 0.05427 0.96636
1661398668.765146017 -1.48939 -0.41072 1.01345 0.04465 -0.24654 0.05179 0.96672
1661398668.775146008 -1.49344 -0.41192 1.01269 0.04420 -0.24566 0.04939 0.96709
1661398668.785145998 -1.49746 -0.41317 1.01197 0.04377 -0.24465 0.04709 0.96748
1661398668.795145988 -1.50140 -0.41454 1.01131 0.04336 -0.24345 0.04490 0.96790
1661398668.805145979 -1.50525 -0.41606 1.01070 0.04298 -0.24203 0.04281 0.96837
1661398668.815145969 -1.50900 -0.41770 1.01015 0.04263 -0.24044 0.04083 0.96887
1661398668.825145960 -1.51265 -0.41941 1.00964 0.04231 -0.23872 0.03892 0.96938
1661398668.835146189 -1.51621 -0.42115 1.00917 0.04202 -0.23695 0.03708 0.96990
1661398668.845145941 -1.51967 -0.42286 1.00873 0.04176 -0.23518 0.03529 0.97041
1661398668.855146170 -1.52303 -0.42451 1.00831 0.04153 -0.23345 0.03353 0.97090
1661398668.865145922 -1.52631 -0.42611 1.00791 0.04133 -0.23179 0.03181 0.97137
1661398668.875146151 -1.52950 -0.42768 1.00751 0.04115 -0.23019 0.03011 0.97181
1661398668.885145903 -1.53261 -0.42922 1.00712 0.04100 -0.22865 0.02845 0.97223
1661398668.895146132 -1.53564 -0.43078 1.00673 0.04088 -0.22718 0.02681 0.97263
1661398668.905145884 -1.53859 -0.43236 1.00633 0.04077 -0.22577 0.02519 0.97300
1661398668.915146112 -1.54148 -0.43397 1.00591 0.04069 -0.22444 0.02361 0.97335
1661398668.925145864 -1.54429 -0.43565 1.00548 0.04062 -0.22318 0.02205 0.97368
1661398668.935146093 -1.54705 -0.43741 1.00502 0.04056 -0.22200 0.02051 0.97399
1661398668.945145845 -1.54974 -0.43927 1.00453 0.04052 -0.22089 0.01900 0.97427
1661398668.955146074 -1.55238 -0.44125 1.00401 0.04050 -0.21986 0.01750 0.97453
1661398668.965146065 -1.55496 -0.44333 1.00346 0.04048 -0.21890 0.01604 0.97478
1661398668.975146055 -1.55751 -0.44551 1.00289 0.04049 -0.21801 0.01460 0.97500
1661398668.985146046 -1.56002 -0.44777 1.00230 0.04051 -0.21718 0.01321 0.97520
1661398668.995146036 -1.56250 -0.45011 1.00170 0.04056 -0.21640 0.01185 0.97539
1661398669.005146027 -1.56495 -0.45252 1.00110 0.04064 -0.21568 0.01054 0.97556
1661398669.015146017 -1.56740 -0.45498 1.00051 0.04074 -0.21499 0.00928 0.97572
1661398669.025146008 -1.56983 -0.45749 0.99993 0.04088 -0.21435 0.00807 0.97587
1661398669.035145998 -1.57226 -0.46003 0.99936 0.04105 -0.21373 0.00693 0.97601
1661398669.045145988 -1.57470 -0.46259 0.99882 0.04126 -0.21314 0.00585 0.97613
1661398669.055145979 -1.57714 -0.46518 0.99832 0.04151 -0.21257 0.00484 0.97625
1661398669.065145969 -1.57960 -0.46778 0.99784 0.04179 -0.21203 0.00389 0.97636
1661398669.075146198 -1.58206 -0.47040 0.99739 0.04209 -0.21151 0.00301 0.97646
1661398669.085145950 -1.58451 -0.47307 0.99697 0.04241 -0.21102 0.00220 0.97656
1661398669.095146179 -1.58696 -0.47577 0.99657 0.04272 -0.21056 0.00145 0.97664
1661398669.105145931 -1.58940 -0.47852 0.99619 0.04304 -0.21015 0.00075 0.97672
1661398669.115146160 -1.59183 -0.48133 0.99584 0.04333 -0.20977 0.00012 0.97679
1661398669.125145912 -1.59424 -0.48421 0.99550 0.04361 -0.20944 -0.00047 0.97685
1661398669.135146141 -1.59662 -0.48715 0.99519 0.04385 -0.20916 -0.00099 0.97690
1661398669.145145893 -1.59898 -0.49017 0.99489 0.04404 -0.20893 -0.00147 0.97694
1661398669.155146122 -1.60130 -0.49327 0.99460 0.04419 -0.20876 -0.00190 0.97697
1661398669.165145874 -1.60359 -0.49646 0.99432 0.04428 -0.20863 -0.00227 0.97699
1661398669.175146103 -1.60585 -0.49973 0.99406 0.04433 -0.20853 -0.00259 0.97701
1661398669.185145855 -1.60806 -0.50308 0.99382 0.04432 -0.20844 -0.00285 0.97703
1661398669.195146084 -1.61024 -0.50651 0.99358 0.04427 -0.20836 -0.00306 0.97704
1661398669.205146074 -1.61237 -0.51002 0.99336 0.04418 -0.20827 -0.00320 0.97707
1661398669.215146065 -1.61446 -0.51361 0.99315 0.04403 -0.20815 -0.00327 0.97710
1661398669.225146055 -1.61650 -0.51727 0.99295 0.04385 -0.20800 -0.00328 0.97714
1661398669.235146046 -1.61850 -0.52101 0.99277 0.04362 -0.20779 -0.00322 0.97719
1661398669.245146036 -1.62045 -0.52482 0.99259 0.04335 -0.20752 -0.00308 0.97726
1661398669.255146027 -1.62234 -0.52871 0.99243 0.04304 -0.20718 -0.00287 0.97735
1661398669.265146017 -1.62418 -0.53266 0.99227 0.04268 -0.20678 -0.00258 0.97745
1661398669.275146008 -1.62598 -0.53668 0.99213 0.04229 -0.20634 -0.00223 0.97756
1661398669.285145998 -1.62773 -0.54076 0.99199 0.04187 -0.20589 -0.00182 0.97768
1661398669.295145988 -1.62943 -0.54490 0.99187 0.04140 -0.20545 -0.00136 0.97779
1661398669.305145979 -1.63109 -0.54909 0.99176 0.04090 -0.20503 -0.00084 0.97790
1661398669.315145969 -1.63271 -0.55334 0.99166 0.04036 -0.20467 -0.00028 0.97800
1661398669.325145960 -1.63429 -0.55764 0.99157 0.03979 -0.20437 0.00032 0.97808
1661398669.335146189 -1.63583 -0.56198 0.99148 0.03918 -0.20417 0.00096 0.97815
1661398669.345145941 -1.63734 -0.56636 0.99141 0.03854 -0.20408 0.00163 0.97819
1661398669.355146170 -1.63881 -0.57078 0.99135 0.03787 -0.20411 0.00233 0.97821
1661398669.365145922 -1.64024 -0.57523 0.99131 0.03717 -0.20426 0.00305 0.97821
1661398669.375146151 -1.64164 -0.57970 0.99128 0.03646 -0.20450 0.00381 0.97818
1661398669.385145903 -1.64300 -0.58420 0.99128 0.03574 -0.20480 0.00460 0.97814
1661398669.395146132 -1.64432 -0.58870 0.99130 0.03502 -0.20514 0.00542 0.97809
1661398669.405145884 -1.64559 -0.59322 0.99135 0.03430 -0.20550 0.00629 0.97804
1661398669.415146112 -1.64683 -0.59773 0.99144 0.03361 -0.20586 0.00719 0.97798
1661398669.425145864 -1.64802 -0.60224 0.99156 0.03293 -0.20618 0.00814 0.97793
1661398669.435146093 -1.64916 -0.60673 0.99173 0.03229 -0.20646 0.00913 0.97788
1661398669.445145845 -1.65026 -0.61120 0.99195 0.03169 -0.20666 0.01018 0.97785
1661398669.455146074 -1.65132 -0.61565 0.99222 0.03113 -0.20677 0.01127 0.97783
1661398669.465146065 -1.65233 -0.62007 0.99254 0.03061 -0.20681 0.01240 0.97782
1661398669.475146055 -1.65331 -0.62446 0.99290 0.03013 -0.20679 0.01356 0.97783
1661398669.485146046 -1.65426 -0.62882 0.99332 0.02968 -0.20676 0.01475 0.97783
1661398669.495146036 -1.65519 -0.63314 0.99379 0.02926 -0.20672 0.01594 0.97783
1661398669.505146027 -1.65611 -0.63743 0.99432 0.02885 -0.20671 0.01713 0.97783
1661398669.515146017 -1.65702 -0.64169 0.99489 0.02845 -0.20674 0.01831 0.97781
1661398669.525146008 -1.65794 -0.64591 0.99551 0.02807 -0.20685 0.01947 0.97778
1661398669.535145998 -1.65886 -0.65008 0.99618 0.02768 -0.20706 0.02059 0.97772
1661398669.545145988 -1.65980 -0.65422 0.99690 0.02728 -0.20739 0.02167 0.97764
1661398669.555145979 -1.66075 -0.65831 0.99767 0.02688 -0.20786 0.02270 0.97753
1661398669.565145969 -1.66173 -0.66235 0.99847 0.02645 -0.20845 0.02368 0.97739
1661398669.575146198 -1.66272 -0.66634 0.99931 0.02599 -0.20914 0.02461 0.97723
1661398669.585145950 -1.66373 -0.67027 1.00015 0.02550 -0.20991 0.02549 0.97706
1661398669.595146179 -1.66473 -0.67413 1.00100 0.02495 -0.21073 0.02633 0.97687
1661398669.605145931 -1.66575 -0.67791 1.00184 0.02434 -0.21158 0.02712 0.97668
1661398669.615146160 -1.66676 -0.68162 1.00265 0.02366 -0.21243 0.02788 0.97649
1661398669.625145912 -1.66777 -0.68524 1.00344 0.02291 -0.21327 0.02859 0.97631
1661398669.635146141 -1.66877 -0.68877 1.00417 0.02206 -0.21408 0.02927 0.97613
1661398669.645145893 -1.66976 -0.69220 1.00485 0.02111 -0.21481 0.02991 0.97597
1661398669.655146122 -1.67073 -0.69553 1.00547 0.02007 -0.21546 0.03052 0.97583
1661398669.665145874 -1.67168 -0.69876 1.00600 0.01894 -0.21601 0.03110 0.97571
1661398669.675146103 -1.67261 -0.70188 1.00646 0.01777 -0.21644 0.03165 0.97562
1661398669.685145855 -1.67351 -0.70491 1.00682 0.01658 -0.21673 0.03217 0.97556
1661398669.695146084 -1.67437 -0.70785 1.00709 0.01541 -0.21687 0.03267 0.97553
1661398669.705146074 -1.67520 -0.71068 1.00725 0.01428 -0.21684 0.03313 0.97554
1661398669.715146065 -1.67599 -0.71342 1.00730 0.01323 -0.21663 0.03357 0.97559
1661398669.725146055 -1.67672 -0.71607 1.00723 0.01228 -0.21621 0.03398 0.97568
1661398669.735146046 -1.67741 -0.71863 1.00704 0.01147 -0.21557 0.03437 0.97582
1661398669.745146036 -1.67805 -0.72110 1.00672 0.01083 -0.21470 0.03473 0.97600
1661398669.755146027 -1.67862 -0.72349 1.00627 0.01038 -0.21359 0.03507 0.97624
1661398669.765146017 -1.67918 -0.72580 1.00575 0.01009 -0.21236 0.03539 0.97650
1661398669.775146008 -1.67976 -0.72807 1.00522 0.00993 -0.21111 0.03570 0.97676
1661398669.785145998 -1.68039 -0.73030 1.00476 0.00986 -0.20996 0.03600 0.97700
1661398669.795145988 -1.68111 -0.73251 1.00443 0.00985 -0.20905 0.03631 0.97718
1661398669.805145979 -1.68196 -0.73472 1.00428 0.00988 -0.20845 0.03662 0.97730
1661398669.815145969 -1.68291 -0.73692 1.00427 0.00995 -0.20814 0.03694 0.97735
1661398669.825145960 -1.68393 -0.73912 1.00433 0.01008 -0.20808 0.03727 0.97735
1661398669.835146189 -1.68499 -0.74131 1.00441 0.01029 -0.20820 0.03761 0.97731
1661398669.845145941 -1.68606 -0.74349 1.00444 0.01060 -0.20846 0.03795 0.97724
1661398669.855146170 -1.68712 -0.74565 1.00437 0.01101 -0.20881 0.03830 0.97714
1661398669.865145922 -1.68817 -0.74779 1.00420 0.01153 -0.20922 0.03867 0.97704
1661398669.875146151 -1.68919 -0.74990 1.00393 0.01213 -0.20966 0.03906 0.97692
1661398669.885145903 -1.69020 -0.75199 1.00358 0.01279 -0.21011 0.03947 0.97680
1661398669.895146132 -1.69119 -0.75404 1.00315 0.01352 -0.21053 0.03991 0.97668
1661398669.905145884 -1.69216 -0.75607 1.00265 0.01428 -0.21092 0.04040 0.97656
1661398669.915146112 -1.69311 -0.75806 1.00208 0.01507 -0.21123 0.04092 0.97646
1661398669.925145864 -1.69405 -0.76001 1.00145 0.01586 -0.21145 0.04150 0.97638
1661398669.935146093 -1.69496 -0.76191 1.00078 0.01665 -0.21155 0.04213 0.97632
1661398669.945145845 -1.69586 -0.76378 1.00006 0.01742 -0.21150 0.04283 0.97628
1661398669.955146074 -1.69674 -0.76559 0.99931 0.01816 -0.21129 0.04358 0.97628
1661398669.965146065 -1.69760 -0.76735 0.99852 0.01885 -0.21093 0.04439 0.97631
1661398669.975146055 -1.69847 -0.76906 0.99770 0.01948 -0.21045 0.04522 0.97636
1661398669.985146046 -1.69933 -0.77071 0.99685 0.02004 -0.20986 0.04605 0.97644
1661398669.995146036 -1.70020 -0.77230 0.99598 0.02052 -0.20920 0.04687 0.97653
1661398670.005146027 -1.70109 -0.77383 0.99508 0.02090 -0.20848 0.04766 0.97664
1661398670.015146017 -1.70199 -0.77530 0.99415 0.02119 -0.20773 0.04838 0.97676
1661398670.025146008 -1.70293 -0.77670 0.99321 0.02136 -0.20698 0.04903 0.97688
1661398670.035145998 -1.70390 -0.77802 0.99224 0.02141 -0.20624 0.04957 0.97701
1661398670.045145988 -1.70491 -0.77928 0.99126 0.02132 -0.20554 0.05000 0.97714
1661398670.055145979 -1.70596 -0.78046 0.99026 0.02108 -0.20489 0.05029 0.97726
1661398670.065145969 -1.70706 -0.78157 0.98925 0.02073 -0.20430 0.05045 0.97739
1661398670.075146198 -1.70820 -0.78262 0.98823 0.02030 -0.20375 0.05050 0.97751
1661398670.085145950 -1.70937 -0.78361 0.98722 0.01980 -0.20322 0.05046 0.97763
1661398670.095146179 -1.71058 -0.78455 0.98622 0.01928 -0.20272 0.05032 0.97775
1661398670.105145931 -1.71181 -0.78545 0.98524 0.01877 -0.20222 0.05012 0.97788
1661398670.115146160 -1.71306 -0.78631 0.98428 0.01829 -0.20172 0.04985 0.97800
1661398670.125145912 -1.71433 -0.78714 0.98336 0.01788 -0.20120 0.04955 0.97813
1661398670.135146141 -1.71562 -0.78794 0.98247 0.01757 -0.20065 0.04921 0.97827
1661398670.145145893 -1.71692 -0.78873 0.98162 0.01738 -0.20007 0.04886 0.97841
1661398670.155146122 -1.71822 -0.78951 0.98083 0.01735 -0.19943 0.04850 0.97856
1661398670.165145874 -1.71952 -0.79027 0.98008 0.01744 -0.19876 0.04813 0.97871
1661398670.175146103 -1.72083 -0.79101 0.97938 0.01764 -0.19804 0.04776 0.97887
1661398670.185145855 -1.72215 -0.79173 0.97873 0.01792 -0.19730 0.04736 0.97903
1661398670.195146084 -1.72346 -0.79243 0.97812 0.01824 -0.19653 0.04695 0.97920
1661398670.205146074 -1.72477 -0.79311 0.97755 0.01859 -0.19574 0.04650 0.97938
1661398670.215146065 -1.72608 -0.79375 0.97701 0.01893 -0.19493 0.04603 0.97955
1661398670.225146055 -1.72739 -0.79437 0.97652 0.01924 -0.19412 0.04552 0.97973
1661398670.235146046 -1.72870 -0.79495 0.97605 0.01948 -0.19331 0.04497 0.97991
1661398670.245146036 -1.73000 -0.79550 0.97562 0.01964 -0.19250 0.04438 0.98010
1661398670.255146027 -1.73130 -0.79600 0.97522 0.01969 -0.19170 0.04373 0.98028
1661398670.265146017 -1.73260 -0.79647 0.97484 0.01964 -0.19093 0.04304 0.98046
1661398670.275146008 -1.73391 -0.79690 0.97448 0.01950 -0.19017 0.04231 0.98064
1661398670.285145998 -1.73523 -0.79729 0.97414 0.01927 -0.18946 0.04154 0.98082
1661398670.295145988 -1.73659 -0.79764 0.97381 0.01898 -0.18879 0.04075 0.98099
1661398670.305145979 -1.73798 -0.79794 0.97348 0.01864 -0.18817 0.03992 0.98115
1661398670.315145969 -1.73941 -0.79821 0.97315 0.01826 -0.18761 0.03908 0.98130
1661398670.325145960 -1.74090 -0.79844 0.97282 0.01785 -0.18712 0.03821 0.98143
1661398670.335146189 -1.74244 -0.79862 0.97249 0.01742 -0.18671 0.03734 0.98155
1661398670.345145941 -1.74405 -0.79877 0.97214 0.01699 -0.18638 0.03646 0.98165
1661398670.355146170 -1.74574 -0.79887 0.97177 0.01656 -0.18614 0.03558 0.98174
1661398670.365145922 -1.74749 -0.79893 0.97138 0.01614 -0.18597 0.03471 0.98181
1661398670.375146151 -1.74930 -0.79895 0.97097 0.01573 -0.18584 0.03385 0.98187
1661398670.385145903 -1.75117 -0.79892 0.97055 0.01533 -0.18574 0.03300 0.98192
1661398670.395146132 -1.75308 -0.79883 0.97010 0.01494 -0.18565 0.03219 0.98198
1661398670.405145884 -1.75503 -0.79870 0.96964 0.01457 -0.18553 0.03141 0.98203
1661398670.415146112 -1.75701 -0.79851 0.96915 0.01420 -0.18536 0.03067 0.98209
1661398670.425145864 -1.75902 -0.79826 0.96864 0.01385 -0.18513 0.02998 0.98216
1661398670.435146093 -1.76104 -0.79795 0.96811 0.01350 -0.18481 0.02934 0.98224
1661398670.445145845 -1.76307 -0.79759 0.96756 0.01318 -0.18438 0.02877 0.98235
1661398670.455146074 -1.76511 -0.79716 0.96698 0.01286 -0.18381 0.02826 0.98247
1661398670.465146065 -1.76715 -0.79667 0.96640 0.01255 -0.18313 0.02782 0.98261
1661398670.475146055 -1.76920 -0.79612 0.96580 0.01225 -0.18236 0.02744 0.98277
1661398670.485146046 -1.77127 -0.79552 0.96521 0.01193 -0.18150 0.02711 0.98294
1661398670.495146036 -1.77335 -0.79487 0.96464 0.01161 -0.18060 0.02682 0.98312
1661398670.505146027 -1.77545 -0.79418 0.96408 0.01126 -0.17966 0.02658 0.98331
1661398670.515146017 -1.77758 -0.79345 0.96356 0.01089 -0.17870 0.02638 0.98349
1661398670.525146008 -1.77974 -0.79268 0.96308 0.01048 -0.17775 0.02620 0.98367
1661398670.535145998 -1.78192 -0.79188 0.96264 0.01003 -0.17682 0.02605 0.98385
1661398670.545145988 -1.78415 -0.79104 0.96226 0.00954 -0.17594 0.02592 0.98401
1661398670.555145979 -1.78641 -0.79018 0.96195 0.00900 -0.17512 0.02581 0.98417
1661398670.565145969 -1.78871 -0.78930 0.96169 0.00841 -0.17436 0.02572 0.98431
1661398670.575146198 -1.79105 -0.78840 0.96147 0.00781 -0.17362 0.02565 0.98445
1661398670.585145950 -1.79342 -0.78748 0.96128 0.00719 -0.17291 0.02561 0.98458
1661398670.595146179 -1.79581 -0.78654 0.96109 0.00659 -0.17220 0.02562 0.98471
1661398670.605145931 -1.79824 -0.78560 0.96091 0.00600 -0.17147 0.02566 0.98484
1661398670.615146160 -1.80068 -0.78465 0.96072 0.00545 -0.17072 0.02576 0.98497
1661398670.625145912 -1.80315 -0.78370 0.96049 0.00495 -0.16992 0.02590 0.98510
1661398670.635146141 -1.80564 -0.78274 0.96023 0.00451 -0.16907 0.02611 0.98525
1661398670.645145893 -1.80815 -0.78179 0.95991 0.00415 -0.16813 0.02639 0.98540
1661398670.655146122 -1.81067 -0.78084 0.95953 0.00389 -0.16711 0.02673 0.98557
1661398670.665145874 -1.81321 -0.77989 0.95909 0.00371 -0.16602 0.02713 0.98574
1661398670.675146103 -1.81577 -0.77895 0.95861 0.00362 -0.16487 0.02758 0.98592
1661398670.685145855 -1.81834 -0.77800 0.95808 0.00359 -0.16369 0.02806 0.98611
1661398670.695146084 -1.82094 -0.77706 0.95754 0.00362 -0.16249 0.02856 0.98629
1661398670.705146074 -1.82356 -0.77610 0.95697 0.00371 -0.16130 0.02906 0.98647
1661398670.715146065 -1.82621 -0.77514 0.95641 0.00384 -0.16013 0.02956 0.98665
1661398670.725146055 -1.82888 -0.77417 0.95584 0.00401 -0.15900 0.03004 0.98681
1661398670.735146046 -1.83158 -0.77319 0.95530 0.00421 -0.15793 0.03048 0.98697
1661398670.745146036 -1.83431 -0.77220 0.95478 0.00442 -0.15693 0.03088 0.98712
1661398670.755146027 -1.83708 -0.77119 0.95429 0.00465 -0.15604 0.03122 0.98725
1661398670.765146017 -1.83988 -0.77017 0.95384 0.00489 -0.15523 0.03151 0.98736
1661398670.775146008 -1.84270 -0.76914 0.95342 0.00515 -0.15450 0.03175 0.98747
1661398670.785145998 -1.84554 -0.76812 0.95303 0.00541 -0.15383 0.03197 0.98756
1661398670.795145988 -1.84841 -0.76710 0.95266 0.00568 -0.15322 0.03216 0.98765
1661398670.805145979 -1.85129 -0.76610 0.95231 0.00596 -0.15266 0.03233 0.98773
1661398670.815145969 -1.85419 -0.76511 0.95197 0.00624 -0.15213 0.03250 0.98781
1661398670.825145960 -1.85709 -0.76415 0.95165 0.00654 -0.15162 0.03267 0.98788
1661398670.835146189 -1.86001 -0.76321 0.95134 0.00684 -0.15112 0.03285 0.98795
1661398670.845145941 -1.86293 -0.76231 0.95104 0.00714 -0.15063 0.03306 0.98801
1661398670.855146170 -1.86585 -0.76145 0.95074 0.00745 -0.15013 0.03329 0.98808
1661398670.865145922 -1.86877 -0.76062 0.95045 0.00776 -0.14962 0.03354 0.98814
1661398670.875146151 -1.87169 -0.75983 0.95016 0.00807 -0.14911 0.03381 0.98821
1661398670.885145903 -1.87461 -0.75907 0.94988 0.00837 -0.14860 0.03408 0.98827
1661398670.895146132 -1.87753 -0.75834 0.94961 0.00866 -0.14810 0.03435 0.98834
1661398670.905145884 -1.88044 -0.75762 0.94936 0.00893 -0.14762 0.03460 0.98840
1661398670.915146112 -1.88335 -0.75693 0.94912 0.00917 -0.14714 0.03484 0.98846
1661398670.925145864 -1.88625 -0.75626 0.94889 0.00939 -0.14669 0.03504 0.98852
1661398670.935146093 -1.88914 -0.75560 0.94868 0.00958 -0.14626 0.03521 0.98857
1661398670.945145845 -1.89202 -0.75495 0.94849 0.00974 -0.14585 0.03532 0.98863
1661398670.955146074 -1.89489 -0.75430 0.94832 0.00985 -0.14548 0.03539 0.98868
1661398670.965146065 -1.89775 -0.75367 0.94817 0.00993 -0.14513 0.03541 0.98873
1661398670.975146055 -1.90060 -0.75303 0.94805 0.00998 -0.14481 0.03538 0.98878
1661398670.985146046 -1.90344 -0.75240 0.94795 0.01000 -0.14452 0.03531 0.98882
1661398670.995146036 -1.90626 -0.75177 0.94788 0.01000 -0.14424 0.03521 0.98887
1661398671.005146027 -1.90908 -0.75114 0.94784 0.00997 -0.14398 0.03508 0.98891
1661398671.015146017 -1.91188 -0.75051 0.94783 0.00993 -0.14374 0.03493 0.98895
1661398671.025146008 -1.91466 -0.74987 0.94785 0.00987 -0.14350 0.03476 0.98899
1661398671.035145998 -1.91744 -0.74923 0.94790 0.00981 -0.14328 0.03458 0.98903
1661398671.045145988 -1.92020 -0.74859 0.94799 0.00974 -0.14306 0.03440 0.98907
1661398671.055145979 -1.92294 -0.74794 0.94812 0.00966 -0.14285 0.03421 0.98911
1661398671.065145969 -1.92567 -0.74729 0.94828 0.00959 -0.14266 0.03403 0.98914
1661398671.075146198 -1.92840 -0.74663 0.94847 0.00950 -0.14250 0.03384 0.98917
1661398671.085145950 -1.93113 -0.74598 0.94868 0.00942 -0.14240 0.03365 0.98919
1661398671.095146179 -1.93387 -0.74534 0.94892 0.00932 -0.14238 0.03346 0.98920
1661398671.105145931 -1.93661 -0.74472 0.94918 0.00921 -0.14244 0.03326 0.98920
1661398671.115146160 -1.93936 -0.74410 0.94945 0.00909 -0.14261 0.03306 0.98919
1661398671.125145912 -1.94214 -0.74351 0.94974 0.00896 -0.14290 0.03286 0.98915
1661398671.135146141 -1.94493 -0.74295 0.95003 0.00882 -0.14333 0.03265 0.98910
1661398671.145145893 -1.94776 -0.74241 0.95034 0.00866 -0.14392 0.03244 0.98902
1661398671.155146122 -1.95061 -0.74190 0.95064 0.00848 -0.14468 0.03222 0.98892
1661398671.165145874 -1.95349 -0.74142 0.95095 0.00828 -0.14556 0.03200 0.98880
1661398671.175146103 -1.95638 -0.74097 0.95125 0.00808 -0.14654 0.03175 0.98866
1661398671.185145855 -1.95927 -0.74055 0.95155 0.00786 -0.14756 0.03149 0.98852
1661398671.195146084 -1.96217 -0.74016 0.95183 0.00764 -0.14858 0.03120 0.98838
1661398671.205146074 -1.96505 -0.73979 0.95211 0.00741 -0.14956 0.03088 0.98824
1661398671.215146065 -1.96791 -0.73946 0.95237 0.00718 -0.15045 0.03053 0.98812
1661398671.225146055 -1.97073 -0.73914 0.95261 0.00695 -0.15122 0.03014 0.98802
1661398671.235146046 -1.97352 -0.73886 0.95283 0.00673 -0.15182 0.02971 0.98794
1661398671.245146036 -1.97626 -0.73859 0.95302 0.00651 -0.15220 0.02922 0.98790
1661398671.255146027 -1.97895 -0.73835 0.95320 0.00631 -0.15233 0.02869 0.98789
1661398671.265146017 -1.98158 -0.73813 0.95334 0.00611 -0.15224 0.02811 0.98792
1661398671.275146008 -1.98416 -0.73793 0.95346 0.00590 -0.15194 0.02749 0.98799
1661398671.285145998 -1.98669 -0.73775 0.95355 0.00569 -0.15147 0.02684 0.98808
1661398671.295145988 -1.98918 -0.73758 0.95362 0.00546 -0.15085 0.02617 0.98819
1661398671.305145979 -1.99163 -0.73743 0.95366 0.00521 -0.15011 0.02549 0.98833
1661398671.315145969 -1.99405 -0.73729 0.95368 0.00493 -0.14928 0.02480 0.98847
1661398671.325145960 -1.99643 -0.73716 0.95367 0.00461 -0.14839 0.02411 0.98862
1661398671.335146189 -1.99877 -0.73704 0.95365 0.00426 -0.14745 0.02344 0.98878
1661398671.345145941 -2.00109 -0.73693 0.95359 0.00386 -0.14650 0.02279 0.98894
1661398671.355146170 -2.00339 -0.73682 0.95352 0.00340 -0.14557 0.02216 0.98909
1661398671.365145922 -2.00567 -0.73673 0.95342 0.00291 -0.14466 0.02156 0.98924
1661398671.375146151 -2.00793 -0.73663 0.95330 0.00239 -0.14376 0.02099 0.98939
1661398671.385145903 -2.01016 -0.73655 0.95315 0.00186 -0.14289 0.02045 0.98953
1661398671.395146132 -2.01239 -0.73648 0.95299 0.00133 -0.14204 0.01994 0.98966
1661398671.405145884 -2.01460 -0.73641 0.95280 0.00082 -0.14122 0.01945 0.98979
1661398671.415146112 -2.01680 -0.73636 0.95258 0.00034 -0.14043 0.01900 0.98991
1661398671.425145864 -2.01899 -0.73632 0.95235 -0.00011 -0.13966 0.01857 0.99003
1661398671.435146093 -2.02117 -0.73629 0.95209 -0.00049 -0.13893 0.01818 0.99014
1661398671.445145845 -2.02335 -0.73627 0.95180 -0.00081 -0.13823 0.01781 0.99024
1661398671.455146074 -2.02553 -0.73626 0.95150 -0.00104 -0.13756 0.01748 0.99034
1661398671.465146065 -2.02769 -0.73628 0.95117 -0.00120 -0.13693 0.01717 0.99043
1661398671.475146055 -2.02983 -0.73631 0.95082 -0.00130 -0.13633 0.01689 0.99052
1661398671.485146046 -2.03195 -0.73635 0.95046 -0.00134 -0.13577 0.01663 0.99060
1661398671.495146036 -2.03402 -0.73643 0.95008 -0.00133 -0.13525 0.01640 0.99068
1661398671.505146027 -2.03605 -0.73652 0.94969 -0.00129 -0.13476 0.01618 0.99075
1661398671.515146017 -2.03803 -0.73665 0.94930 -0.00123 -0.13431 0.01597 0.99081
1661398671.525146008 -2.03995 -0.73680 0.94889 -0.00115 -0.13389 0.01578 0.99087
1661398671.535145998 -2.04179 -0.73698 0.94849 -0.00106 -0.13352 0.01560 0.99092
1661398671.545145988 -2.04355 -0.73720 0.94808 -0.00098 -0.13318 0.01543 0.99097
1661398671.555145979 -2.04523 -0.73745 0.94767 -0.00091 -0.13287 0.01526 0.99102
1661398671.565145969 -2.04683 -0.73774 0.94726 -0.00085 -0.13260 0.01510 0.99105
1661398671.575146198 -2.04835 -0.73806 0.94685 -0.00080 -0.13234 0.01494 0.99109
1661398671.585145950 -2.04982 -0.73841 0.94643 -0.00077 -0.13210 0.01477 0.99113
1661398671.595146179 -2.05123 -0.73880 0.94601 -0.00075 -0.13185 0.01460 0.99116
1661398671.605145931 -2.05260 -0.73921 0.94559 -0.00074 -0.13159 0.01442 0.99120
1661398671.615146160 -2.05394 -0.73966 0.94516 -0.00074 -0.13131 0.01422 0.99124
1661398671.625145912 -2.05525 -0.74013 0.94472 -0.00076 -0.13101 0.01402 0.99128
1661398671.635146141 -2.05654 -0.74063 0.94428 -0.00079 -0.13066 0.01380 0.99133
1661398671.645145893 -2.05783 -0.74116 0.94382 -0.00082 -0.13027 0.01356 0.99139
1661398671.655146122 -2.05912 -0.74172 0.94335 -0.00087 -0.12982 0.01330 0.99145
1661398671.665145874 -2.06041 -0.74230 0.94288 -0.00092 -0.12933 0.01302 0.99152
1661398671.675146103 -2.06171 -0.74292 0.94240 -0.00097 -0.12884 0.01273 0.99158
1661398671.685145855 -2.06302 -0.74357 0.94192 -0.00101 -0.12836 0.01244 0.99165
1661398671.695146084 -2.06435 -0.74425 0.94144 -0.00104 -0.12791 0.01214 0.99171
1661398671.705146074 -2.06570 -0.74497 0.94096 -0.00105 -0.12753 0.01184 0.99176
1661398671.715146065 -2.06708 -0.74574 0.94050 -0.00104 -0.12722 0.01156 0.99181
1661398671.725146055 -2.06848 -0.74654 0.94004 -0.00099 -0.12703 0.01128 0.99183
1661398671.735146046 -2.06992 -0.74739 0.93961 -0.00091 -0.12697 0.01102 0.99185
1661398671.745146036 -2.07139 -0.74829 0.93919 -0.00078 -0.12706 0.01078 0.99184
1661398671.755146027 -2.07290 -0.74924 0.93879 -0.00061 -0.12732 0.01057 0.99180
1661398671.765146017 -2.07445 -0.75023 0.93842 -0.00040 -0.12773 0.01038 0.99175
1661398671.775146008 -2.07604 -0.75126 0.93806 -0.00017 -0.12825 0.01022 0.99169
1661398671.785145998 -2.07766 -0.75231 0.93773 0.00007 -0.12885 0.01007 0.99161
1661398671.795145988 -2.07931 -0.75340 0.93741 0.00030 -0.12949 0.00994 0.99153
1661398671.805145979 -2.08100 -0.75449 0.93710 0.00052 -0.13013 0.00982 0.99145
1661398671.815145969 -2.08272 -0.75560 0.93681 0.00069 -0.13076 0.00970 0.99137
1661398671.825145960 -2.08447 -0.75671 0.93654 0.00083 -0.13132 0.00960 0.99129
1661398671.835146189 -2.08625 -0.75782 0.93628 0.00090 -0.13179 0.00949 0.99123
1661398671.845145941 -2.08805 -0.75892 0.93602 0.00089 -0.13213 0.00939 0.99119
1661398671.855146170 -2.08988 -0.76000 0.93578 0.00080 -0.13232 0.00929 0.99116
1661398671.865145922 -2.09173 -0.76107 0.93554 0.00063 -0.13237 0.00918 0.99116
1661398671.875146151 -2.09361 -0.76214 0.93530 0.00039 -0.13230 0.00907 0.99117
1661398671.885145903 -2.09551 -0.76320 0.93504 0.00010 -0.13214 0.00896 0.99119
1661398671.895146132 -2.09744 -0.76427 0.93477 -0.00024 -0.13190 0.00884 0.99122
1661398671.905145884 -2.09938 -0.76534 0.93448 -0.00061 -0.13160 0.00873 0.99126
1661398671.915146112 -2.10135 -0.76643 0.93417 -0.00100 -0.13128 0.00861 0.99131
1661398671.925145864 -2.10334 -0.76753 0.93381 -0.00140 -0.13094 0.00848 0.99135
1661398671.935146093 -2.10536 -0.76866 0.93342 -0.00181 -0.13062 0.00836 0.99140
1661398671.945145845 -2.10739 -0.76981 0.93298 -0.00220 -0.13033 0.00823 0.99143
1661398671.955146074 -2.10944 -0.77099 0.93249 -0.00257 -0.13009 0.00810 0.99147
1661398671.965146065 -2.11152 -0.77220 0.93196 -0.00291 -0.12988 0.00798 0.99149
1661398671.975146055 -2.11363 -0.77345 0.93138 -0.00324 -0.12969 0.00787 0.99152
1661398671.985146046 -2.11576 -0.77474 0.93077 -0.00354 -0.12951 0.00778 0.99154
1661398671.995146036 -2.11792 -0.77606 0.93014 -0.00381 -0.12931 0.00772 0.99157
1661398672.005146027 -2.12012 -0.77741 0.92949 -0.00406 -0.12907 0.00770 0.99160
1661398672.015146017 -2.12236 -0.77880 0.92883 -0.00428 -0.12878 0.00773 0.99163
1661398672.025146008 -2.12463 -0.78024 0.92816 -0.00448 -0.12842 0.00780 0.99168
1661398672.035145998 -2.12695 -0.78171 0.92750 -0.00465 -0.12798 0.00794 0.99173
1661398672.045145988 -2.12931 -0.78322 0.92684 -0.00479 -0.12742 0.00814 0.99180
1661398672.055145979 -2.13172 -0.78477 0.92620 -0.00491 -0.12675 0.00842 0.99189
1661398672.065145969 -2.13418 -0.78636 0.92558 -0.00501 -0.12598 0.00877 0.99198
1661398672.075146198 -2.13668 -0.78797 0.92497 -0.00509 -0.12512 0.00919 0.99209
1661398672.085145950 -2.13923 -0.78961 0.92438 -0.00516 -0.12421 0.00967 0.99220
1661398672.095146179 -2.14182 -0.79127 0.92380 -0.00524 -0.12326 0.01021 0.99231
1661398672.105145931 -2.14444 -0.79295 0.92323 -0.00531 -0.12230 0.01080 0.99242
1661398672.115146160 -2.14710 -0.79463 0.92268 -0.00540 -0.12135 0.01143 0.99253
1661398672.125145912 -2.14980 -0.79631 0.92214 -0.00550 -0.12044 0.01211 0.99263
1661398672.135146141 -2.15253 -0.79798 0.92161 -0.00562 -0.11957 0.01283 0.99273
1661398672.145145893 -2.15530 -0.79965 0.92109 -0.00577 -0.11878 0.01357 0.99281
1661398672.155146122 -2.15809 -0.80130 0.92058 -0.00595 -0.11808 0.01435 0.99288
1661398672.165145874 -2.16092 -0.80293 0.92007 -0.00617 -0.11746 0.01516 0.99294
1661398672.175146103 -2.16377 -0.80454 0.91956 -0.00642 -0.11690 0.01599 0.99299
1661398672.185145855 -2.16664 -0.80614 0.91904 -0.00671 -0.11637 0.01684 0.99304
1661398672.195146084 -2.16954 -0.80770 0.91849 -0.00702 -0.11585 0.01772 0.99308
1661398672.205146074 -2.17246 -0.80924 0.91792 -0.00737 -0.11533 0.01863 0.99313
1661398672.215146065 -2.17540 -0.81076 0.91731 -0.00774 -0.11477 0.01956 0.99317
1661398672.225146055 -2.17835 -0.81224 0.91665 -0.00815 -0.11417 0.02051 0.99322
1661398672.235146046 -2.18133 -0.81369 0.91594 -0.00858 -0.11350 0.02149 0.99327
1661398672.245146036 -2.18431 -0.81511 0.91517 -0.00904 -0.11273 0.02248 0.99333
1661398672.255146027 -2.18731 -0.81649 0.91433 -0.00953 -0.11185 0.02350 0.99340
1661398672.265146017 -2.19032 -0.81784 0.91343 -0.01004 -0.11088 0.02454 0.99348
1661398672.275146008 -2.19334 -0.81916 0.91248 -0.01056 -0.10982 0.02560 0.99357
1661398672.285145998 -2.19637 -0.82046 0.91148 -0.01109 -0.10870 0.02668 0.99365
1661398672.295145988 -2.19941 -0.82174 0.91044 -0.01162 -0.10752 0.02778 0.99375
1661398672.305145979 -2.20246 -0.82301 0.90938 -0.01215 -0.10631 0.02889 0.99384
1661398672.315145969 -2.20552 -0.82426 0.90829 -0.01266 -0.10508 0.03003 0.99393
1661398672.325145960 -2.20860 -0.82551 0.90720 -0.01315 -0.10384 0.03118 0.99402
1661398672.335146189 -2.21168 -0.82676 0.90609 -0.01361 -0.10261 0.03236 0.99410
1661398672.345145941 -2.21477 -0.82801 0.90499 -0.01405 -0.10140 0.03355 0.99418
1661398672.355146170 -2.21787 -0.82926 0.90390 -0.01444 -0.10024 0.03475 0.99425
1661398672.365145922 -2.22098 -0.83052 0.90283 -0.01479 -0.09913 0.03598 0.99431
1661398672.375146151 -2.22409 -0.83178 0.90180 -0.01509 -0.09808 0.03723 0.99437
1661398672.385145903 -2.22721 -0.83304 0.90081 -0.01535 -0.09711 0.03850 0.99441
1661398672.395146132 -2.23034 -0.83430 0.89988 -0.01555 -0.09623 0.03979 0.99444
1661398672.405145884 -2.23347 -0.83556 0.89902 -0.01569 -0.09545 0.04111 0.99446
1661398672.415146112 -2.23660 -0.83682 0.89823 -0.01577 -0.09478 0.04246 0.99447
1661398672.425145864 -2.23973 -0.83807 0.89754 -0.01579 -0.09423 0.04384 0.99446
1661398672.435146093 -2.24287 -0.83931 0.89695 -0.01574 -0.09381 0.04525 0.99444
1661398672.445145845 -2.24600 -0.84054 0.89648 -0.01562 -0.09354 0.04669 0.99440
1661398672.455146074 -2.24913 -0.84176 0.89612 -0.01542 -0.09342 0.04817 0.99434
1661398672.465146065 -2.25226 -0.84296 0.89588 -0.01516 -0.09343 0.04967 0.99427
1661398672.475146055 -2.25539 -0.84413 0.89573 -0.01485 -0.09353 0.05120 0.99419
1661398672.485146046 -2.25852 -0.84527 0.89566 -0.01449 -0.09370 0.05274 0.99410
1661398672.495146036 -2.26165 -0.84636 0.89565 -0.01410 -0.09390 0.05428 0.99400
1661398672.505146027 -2.26478 -0.84741 0.89569 -0.01370 -0.09410 0.05583 0.99390
1661398672.515146017 -2.26790 -0.84839 0.89576 -0.01328 -0.09427 0.05736 0.99380
1661398672.525146008 -2.27103 -0.84931 0.89585 -0.01287 -0.09439 0.05888 0.99371
1661398672.535145998 -2.27416 -0.85015 0.89593 -0.01247 -0.09441 0.06038 0.99362
1661398672.545145988 -2.27729 -0.85091 0.89600 -0.01210 -0.09431 0.06185 0.99355
1661398672.555145979 -2.28042 -0.85158 0.89604 -0.01176 -0.09407 0.06328 0.99348
1661398672.565145969 -2.28355 -0.85216 0.89606 -0.01146 -0.09371 0.06467 0.99343
1661398672.575146198 -2.28669 -0.85267 0.89606 -0.01120 -0.09327 0.06602 0.99339
1661398672.585145950 -2.28984 -0.85311 0.89606 -0.01097 -0.09277 0.06733 0.99335
1661398672.595146179 -2.29299 -0.85349 0.89606 -0.01077 -0.09225 0.06860 0.99331
1661398672.605145931 -2.29617 -0.85382 0.89606 -0.01061 -0.09175 0.06983 0.99327
1661398672.615146160 -2.29936 -0.85410 0.89609 -0.01047 -0.09130 0.07101 0.99323
1661398672.625145912 -2.30257 -0.85434 0.89613 -0.01037 -0.09092 0.07216 0.99319
1661398672.635146141 -2.30580 -0.85455 0.89622 -0.01030 -0.09067 0.07325 0.99313
1661398672.645145893 -2.30905 -0.85475 0.89634 -0.01027 -0.09055 0.07430 0.99306
1661398672.655146122 -2.31233 -0.85492 0.89652 -0.01026 -0.09062 0.07530 0.99298
1661398672.665145874 -2.31563 -0.85508 0.89674 -0.01027 -0.09083 0.07626 0.99289
1661398672.675146103 -2.31895 -0.85520 0.89702 -0.01029 -0.09118 0.07717 0.99279
1661398672.685145855 -2.32228 -0.85529 0.89735 -0.01033 -0.09163 0.07804 0.99268
1661398672.695146084 -2.32560 -0.85533 0.89773 -0.01036 -0.09216 0.07886 0.99256
1661398672.705146074 -2.32893 -0.85533 0.89816 -0.01038 -0.09274 0.07964 0.99245
1661398672.715146065 -2.33224 -0.85527 0.89865 -0.01039 -0.09335 0.08038 0.99233
1661398672.725146055 -2.33554 -0.85514 0.89918 -0.01037 -0.09396 0.08107 0.99222
1661398672.735146046 -2.33882 -0.85494 0.89977 -0.01032 -0.09454 0.08173 0.99211
1661398672.745146036 -2.34207 -0.85466 0.90042 -0.01023 -0.09507 0.08234 0.99201
1661398672.755146027 -2.34528 -0.85430 0.90111 -0.01010 -0.09553 0.08291 0.99192
1661398672.765146017 -2.34847 -0.85386 0.90185 -0.00993 -0.09592 0.08345 0.99183
1661398672.775146008 -2.35162 -0.85336 0.90262 -0.00973 -0.09626 0.08396 0.99176
1661398672.785145998 -2.35475 -0.85279 0.90340 -0.00950 -0.09654 0.08444 0.99170
1661398672.795145988 -2.35787 -0.85217 0.90419 -0.00927 -0.09679 0.08490 0.99163
1661398672.805145979 -2.36096 -0.85151 0.90497 -0.00904 -0.09700 0.08534 0.99158
1661398672.815145969 -2.36405 -0.85082 0.90574 -0.00881 -0.09719 0.08577 0.99152
1661398672.825145960 -2.36712 -0.85010 0.90647 -0.00860 -0.09737 0.08620 0.99147
1661398672.835146189 -2.37019 -0.84937 0.90716 -0.00842 -0.09754 0.08662 0.99142
1661398672.845145941 -2.37325 -0.84863 0.90779 -0.00827 -0.09772 0.08705 0.99136
1661398672.855146170 -2.37632 -0.84788 0.90836 -0.00816 -0.09792 0.08748 0.99131
1661398672.865145922 -2.37939 -0.84713 0.90886 -0.00809 -0.09812 0.08791 0.99125
1661398672.875146151 -2.38246 -0.84637 0.90930 -0.00806 -0.09834 0.08833 0.99119
1661398672.885145903 -2.38553 -0.84557 0.90967 -0.00805 -0.09856 0.08872 0.99114
1661398672.895146132 -2.38861 -0.84474 0.90998 -0.00806 -0.09880 0.08908 0.99108
1661398672.905145884 -2.39170 -0.84386 0.91023 -0.00809 -0.09903 0.08939 0.99103
1661398672.915146112 -2.39478 -0.84293 0.91042 -0.00812 -0.09927 0.08965 0.99098
1661398672.925145864 -2.39788 -0.84193 0.91056 -0.00816 -0.09952 0.08985 0.99094
1661398672.935146093 -2.40098 -0.84086 0.91064 -0.00820 -0.09976 0.08997 0.99090
1661398672.945145845 -2.40409 -0.83970 0.91066 -0.00824 -0.09999 0.09001 0.99087
1661398672.955146074 -2.40721 -0.83844 0.91063 -0.00826 -0.10023 0.08996 0.99086
1661398672.965146065 -2.41033 -0.83710 0.91055 -0.00827 -0.10046 0.08982 0.99084
1661398672.975146055 -2.41347 -0.83568 0.91043 -0.00828 -0.10069 0.08960 0.99084
1661398672.985146046 -2.41663 -0.83418 0.91028 -0.00829 -0.10092 0.08932 0.99084
1661398672.995146036 -2.41980 -0.83262 0.91008 -0.00830 -0.10115 0.08899 0.99085
1661398673.005146027 -2.42299 -0.83099 0.90986 -0.00832 -0.10138 0.08860 0.99086
1661398673.015146017 -2.42620 -0.82930 0.90962 -0.00836 -0.10163 0.08818 0.99087
1661398673.025146008 -2.42944 -0.82756 0.90936 -0.00842 -0.10188 0.08773 0.99089
1661398673.035145998 -2.43270 -0.82578 0.90908 -0.00850 -0.10213 0.08726 0.99090
1661398673.045145988 -2.43599 -0.82396 0.90880 -0.00861 -0.10240 0.08678 0.99091
1661398673.055145979 -2.43931 -0.82210 0.90851 -0.00875 -0.10268 0.08630 0.99092
1661398673.065145969 -2.44266 -0.82021 0.90822 -0.00892 -0.10296 0.08582 0.99094
1661398673.075146198 -2.44605 -0.81827 0.90790 -0.00912 -0.10324 0.08534 0.99095
1661398673.085145950 -2.44946 -0.81627 0.90757 -0.00935 -0.10349 0.08486 0.99096
1661398673.095146179 -2.45292 -0.81421 0.90722 -0.00961 -0.10371 0.08437 0.99098
1661398673.105145931 -2.45641 -0.81208 0.90683 -0.00989 -0.10389 0.08387 0.99100
1661398673.115146160 -2.45993 -0.80987 0.90641 -0.01019 -0.10402 0.08337 0.99102
1661398673.125145912 -2.46350 -0.80758 0.90595 -0.01051 -0.10408 0.08286 0.99106
1661398673.135146141 -2.46711 -0.80519 0.90545 -0.01086 -0.10407 0.08234 0.99110
1661398673.145145893 -2.47076 -0.80270 0.90489 -0.01122 -0.10397 0.08182 0.99115
1661398673.155146122 -2.47445 -0.80011 0.90428 -0.01159 -0.10378 0.08127 0.99121
1661398673.165145874 -2.47818 -0.79741 0.90361 -0.01197 -0.10352 0.08072 0.99127
1661398673.175146103 -2.48197 -0.79463 0.90290 -0.01234 -0.10320 0.08016 0.99135
1661398673.185145855 -2.48581 -0.79177 0.90216 -0.01268 -0.10284 0.07959 0.99143
1661398673.195146084 -2.48969 -0.78885 0.90137 -0.01299 -0.10247 0.07900 0.99151
1661398673.205146074 -2.49364 -0.78587 0.90056 -0.01326 -0.10210 0.07841 0.99159
1661398673.215146065 -2.49764 -0.78285 0.89973 -0.01346 -0.10176 0.07780 0.99167
1661398673.225146055 -2.50171 -0.77979 0.89888 -0.01360 -0.10146 0.07718 0.99175
1661398673.235146046 -2.50583 -0.77671 0.89802 -0.01365 -0.10123 0.07655 0.99182
1661398673.245146036 -2.51002 -0.77361 0.89715 -0.01360 -0.10108 0.07592 0.99188
1661398673.255146027 -2.51428 -0.77052 0.89628 -0.01344 -0.10102 0.07527 0.99194
1661398673.265146017 -2.51860 -0.76741 0.89540 -0.01319 -0.10104 0.07461 0.99199
1661398673.275146008 -2.52298 -0.76430 0.89451 -0.01284 -0.10110 0.07394 0.99204
1661398673.285145998 -2.52739 -0.76116 0.89360 -0.01241 -0.10116 0.07325 0.99209
1661398673.295145988 -2.53185 -0.75799 0.89267 -0.01191 -0.10119 0.07254 0.99215
1661398673.305145979 -2.53633 -0.75479 0.89171 -0.01134 -0.10116 0.07182 0.99221
1661398673.315145969 -2.54084 -0.75156 0.89071 -0.01072 -0.10103 0.07108 0.99228
1661398673.325145960 -2.54536 -0.74827 0.88967 -0.01005 -0.10078 0.07031 0.99237
1661398673.335146189 -2.54989 -0.74494 0.88858 -0.00935 -0.10036 0.06953 0.99247
1661398673.345145941 -2.55442 -0.74154 0.88744 -0.00861 -0.09975 0.06872 0.99260
1661398673.355146170 -2.55894 -0.73809 0.88624 -0.00786 -0.09892 0.06788 0.99275
1661398673.365145922 -2.56345 -0.73457 0.88499 -0.00708 -0.09789 0.06703 0.99291
1661398673.375146151 -2.56795 -0.73102 0.88371 -0.00628 -0.09667 0.06617 0.99310
1661398673.385145903 -2.57244 -0.72742 0.88241 -0.00545 -0.09528 0.06531 0.99329
1661398673.395146132 -2.57691 -0.72380 0.88110 -0.00459 -0.09375 0.06445 0.99350
1661398673.405145884 -2.58137 -0.72015 0.87980 -0.00370 -0.09209 0.06361 0.99371
1661398673.415146112 -2.58581 -0.71650 0.87852 -0.00277 -0.09034 0.06279 0.99393
1661398673.425145864 -2.59024 -0.71285 0.87727 -0.00181 -0.08850 0.06201 0.99414
1661398673.435146093 -2.59465 -0.70921 0.87607 -0.00080 -0.08661 0.06126 0.99436
1661398673.445145845 -2.59904 -0.70558 0.87493 0.00024 -0.08468 0.06056 0.99457
1661398673.455146074 -2.60341 -0.70199 0.87386 0.00134 -0.08273 0.05991 0.99477
1661398673.465146065 -2.60776 -0.69841 0.87286 0.00245 -0.08079 0.05932 0.99496
1661398673.475146055 -2.61209 -0.69487 0.87193 0.00357 -0.07887 0.05878 0.99514
1661398673.485146046 -2.61640 -0.69136 0.87108 0.00467 -0.07701 0.05829 0.99531
1661398673.495146036 -2.62069 -0.68787 0.87028 0.00572 -0.07523 0.05784 0.99547
1661398673.505146027 -2.62497 -0.68441 0.86956 0.00671 -0.07354 0.05744 0.99561
1661398673.515146017 -2.62923 -0.68098 0.86889 0.00761 -0.07198 0.05709 0.99574
1661398673.525146008 -2.63347 -0.67758 0.86830 0.00840 -0.07056 0.05677 0.99586
1661398673.535145998 -2.63770 -0.67421 0.86776 0.00906 -0.06930 0.05650 0.99595
1661398673.545145988 -2.64191 -0.67086 0.86728 0.00956 -0.06824 0.05626 0.99604
1661398673.555145979 -2.64611 -0.66755 0.86687 0.00989 -0.06738 0.05605 0.99610
1661398673.565145969 -2.65029 -0.66427 0.86651 0.01007 -0.06671 0.05589 0.99616
1661398673.575146198 -2.65444 -0.66103 0.86620 0.01013 -0.06619 0.05575 0.99620
1661398673.585145950 -2.65858 -0.65784 0.86595 0.01009 -0.06579 0.05565 0.99623
1661398673.595146179 -2.66268 -0.65471 0.86574 0.00998 -0.06549 0.05558 0.99625
1661398673.605145931 -2.66675 -0.65163 0.86558 0.00983 -0.06525 0.05555 0.99627
1661398673.615146160 -2.67079 -0.64862 0.86546 0.00966 -0.06505 0.05554 0.99629
1661398673.625145912 -2.67479 -0.64569 0.86539 0.00950 -0.06485 0.05557 0.99630
1661398673.635146141 -2.67874 -0.64283 0.86535 0.00938 -0.06462 0.05563 0.99631
1661398673.645145893 -2.68265 -0.64005 0.86535 0.00932 -0.06434 0.05572 0.99633
1661398673.655146122 -2.68651 -0.63737 0.86539 0.00935 -0.06398 0.05584 0.99634
1661398673.665145874 -2.69033 -0.63477 0.86545 0.00945 -0.06357 0.05598 0.99636
1661398673.675146103 -2.69410 -0.63226 0.86556 0.00960 -0.06313 0.05615 0.99638
1661398673.685145855 -2.69785 -0.62983 0.86570 0.00977 -0.06270 0.05634 0.99639
1661398673.695146084 -2.70157 -0.62749 0.86588 0.00995 -0.06231 0.05655 0.99640
1661398673.705146074 -2.70528 -0.62523 0.86610 0.01011 -0.06199 0.05677 0.99641
1661398673.715146065 -2.70897 -0.62305 0.86636 0.01023 -0.06177 0.05700 0.99641
1661398673.725146055 -2.71265 -0.62094 0.86667 0.01029 -0.06168 0.05724 0.99640
1661398673.735146046 -2.71634 -0.61891 0.86702 0.01027 -0.06175 0.05749 0.99638
1661398673.745146036 -2.72003 -0.61695 0.86741 0.01014 -0.06202 0.05774 0.99635
1661398673.755146027 -2.72374 -0.61506 0.86785 0.00989 -0.06250 0.05799 0.99631
1661398673.765146017 -2.72745 -0.61324 0.86833 0.00953 -0.06319 0.05824 0.99626
1661398673.775146008 -2.73116 -0.61149 0.86885 0.00908 -0.06405 0.05850 0.99619
1661398673.785145998 -2.73488 -0.60981 0.86941 0.00854 -0.06506 0.05878 0.99611
1661398673.795145988 -2.73859 -0.60819 0.86999 0.00795 -0.06621 0.05909 0.99602
1661398673.805145979 -2.74229 -0.60664 0.87060 0.00730 -0.06745 0.05941 0.99593
1661398673.815145969 -2.74597 -0.60515 0.87123 0.00662 -0.06878 0.05977 0.99582
1661398673.825145960 -2.74964 -0.60372 0.87188 0.00592 -0.07016 0.06017 0.99570
1661398673.835146189 -2.75328 -0.60236 0.87254 0.00522 -0.07158 0.06062 0.99558
1661398673.845145941 -2.75689 -0.60105 0.87321 0.00453 -0.07300 0.06111 0.99545
1661398673.855146170 -2.76047 -0.59980 0.87388 0.00387 -0.07440 0.06165 0.99531
1661398673.865145922 -2.76402 -0.59860 0.87455 0.00324 -0.07578 0.06224 0.99517
1661398673.875146151 -2.76754 -0.59746 0.87522 0.00263 -0.07712 0.06286 0.99503
1661398673.885145903 -2.77104 -0.59637 0.87587 0.00204 -0.07842 0.06350 0.99489
1661398673.895146132 -2.77450 -0.59532 0.87651 0.00148 -0.07965 0.06415 0.99476
1661398673.905145884 -2.77794 -0.59432 0.87713 0.00093 -0.08082 0.06479 0.99462
1661398673.915146112 -2.78136 -0.59336 0.87772 0.00039 -0.08191 0.06542 0.99449
1661398673.925145864 -2.78476 -0.59243 0.87828 -0.00013 -0.08291 0.06602 0.99437
1661398673.935146093 -2.78813 -0.59154 0.87880 -0.00063 -0.08381 0.06658 0.99425
1661398673.945145845 -2.79149 -0.59069 0.87927 -0.00114 -0.08460 0.06709 0.99415
1661398673.955146074 -2.79483 -0.58986 0.87971 -0.00163 -0.08528 0.06754 0.99406
1661398673.965146065 -2.79816 -0.58906 0.88009 -0.00211 -0.08584 0.06794 0.99399
1661398673.975146055 -2.80148 -0.58829 0.88043 -0.00258 -0.08632 0.06829 0.99392
1661398673.985146046 -2.80479 -0.58755 0.88073 -0.00303 -0.08671 0.06860 0.99386
1661398673.995146036 -2.80809 -0.58683 0.88099 -0.00345 -0.08702 0.06889 0.99382
1661398674.005146027 -2.81139 -0.58614 0.88120 -0.00385 -0.08728 0.06914 0.99377
1661398674.015146017 -2.81469 -0.58548 0.88138 -0.00422 -0.08749 0.06939 0.99374
1661398674.025146008 -2.81799 -0.58485 0.88152 -0.00456 -0.08767 0.06962 0.99370
1661398674.035145998 -2.82130 -0.58424 0.88162 -0.00486 -0.08783 0.06986 0.99367
1661398674.045145988 -2.82461 -0.58366 0.88169 -0.00511 -0.08797 0.07010 0.99364
1661398674.055145979 -2.82793 -0.58311 0.88172 -0.00532 -0.08811 0.07036 0.99361
1661398674.065145969 -2.83127 -0.58258 0.88172 -0.00549 -0.08826 0.07063 0.99358
1661398674.075146198 -2.83462 -0.58208 0.88169 -0.00562 -0.08840 0.07092 0.99354
1661398674.085145950 -2.83800 -0.58159 0.88162 -0.00573 -0.08854 0.07122 0.99351
1661398674.095146179 -2.84140 -0.58113 0.88152 -0.00583 -0.08868 0.07153 0.99347
1661398674.105145931 -2.84483 -0.58069 0.88139 -0.00591 -0.08881 0.07185 0.99344
1661398674.115146160 -2.84829 -0.58027 0.88122 -0.00600 -0.08894 0.07219 0.99340
1661398674.125145912 -2.85180 -0.57987 0.88102 -0.00609 -0.08907 0.07252 0.99336
1661398674.135146141 -2.85534 -0.57948 0.88078 -0.00619 -0.08918 0.07287 0.99333
1661398674.145145893 -2.85893 -0.57911 0.88051 -0.00631 -0.08929 0.07322 0.99329
1661398674.155146122 -2.86257 -0.57875 0.88020 -0.00645 -0.08939 0.07358 0.99325
1661398674.165145874 -2.86626 -0.57841 0.87986 -0.00662 -0.08947 0.07394 0.99322
1661398674.175146103 -2.86999 -0.57808 0.87949 -0.00681 -0.08953 0.07428 0.99319
1661398674.185145855 -2.87375 -0.57777 0.87909 -0.00701 -0.08956 0.07461 0.99316
1661398674.195146084 -2.87756 -0.57748 0.87867 -0.00721 -0.08954 0.07492 0.99313
1661398674.205146074 -2.88139 -0.57721 0.87821 -0.00742 -0.08948 0.07520 0.99312
1661398674.215146065 -2.88524 -0.57696 0.87774 -0.00763 -0.08936 0.07545 0.99311
1661398674.225146055 -2.88912 -0.57673 0.87724 -0.00783 -0.08917 0.07565 0.99311
1661398674.235146046 -2.89301 -0.57651 0.87672 -0.00802 -0.08892 0.07581 0.99312
1661398674.245146036 -2.89692 -0.57633 0.87619 -0.00819 -0.08858 0.07590 0.99314
1661398674.255146027 -2.90084 -0.57616 0.87564 -0.00834 -0.08816 0.07594 0.99317
1661398674.265146017 -2.90477 -0.57601 0.87507 -0.00848 -0.08766 0.07593 0.99322
1661398674.275146008 -2.90871 -0.57587 0.87448 -0.00861 -0.08709 0.07586 0.99327
1661398674.285145998 -2.91266 -0.57574 0.87387 -0.00873 -0.08645 0.07576 0.99333
1661398674.295145988 -2.91663 -0.57562 0.87323 -0.00886 -0.08577 0.07562 0.99340
1661398674.305145979 -2.92060 -0.57549 0.87258 -0.00899 -0.08503 0.07546 0.99348
1661398674.315145969 -2.92458 -0.57535 0.87190 -0.00914 -0.08427 0.07528 0.99355
1661398674.325145960 -2.92858 -0.57520 0.87119 -0.00931 -0.08347 0.07509 0.99363
1661398674.335146189 -2.93259 -0.57503 0.87045 -0.00951 -0.08265 0.07490 0.99371
1661398674.345145941 -2.93661 -0.57483 0.86968 -0.00973 -0.08183 0.07471 0.99379
1661398674.355146170 -2.94064 -0.57461 0.86888 -0.01000 -0.08100 0.07453 0.99387
1661398674.365145922 -2.94469 -0.57436 0.86806 -0.01030 -0.08019 0.07437 0.99395
1661398674.375146151 -2.94874 -0.57408 0.86722 -0.01062 -0.07941 0.07422 0.99402
1661398674.385145903 -2.95279 -0.57377 0.86638 -0.01096 -0.07867 0.07410 0.99408
1661398674.395146132 -2.95683 -0.57344 0.86553 -0.01133 -0.07800 0.07401 0.99414
1661398674.405145884 -2.96088 -0.57308 0.86468 -0.01170 -0.07740 0.07394 0.99419
1661398674.415146112 -2.96491 -0.57270 0.86385 -0.01207 -0.07690 0.07391 0.99422
1661398674.425145864 -2.96893 -0.57230 0.86304 -0.01244 -0.07650 0.07391 0.99425
1661398674.435146093 -2.97293 -0.57187 0.86225 -0.01280 -0.07623 0.07396 0.99426
1661398674.445145845 -2.97691 -0.57142 0.86150 -0.01315 -0.07610 0.07405 0.99426
1661398674.455146074 -2.98087 -0.57095 0.86079 -0.01348 -0.07612 0.07419 0.99424
1661398674.465146065 -2.98480 -0.57045 0.86013 -0.01378 -0.07628 0.07437 0.99421
1661398674.475146055 -2.98872 -0.56991 0.85951 -0.01404 -0.07653 0.07458 0.99417
1661398674.485146046 -2.99263 -0.56933 0.85894 -0.01424 -0.07686 0.07483 0.99413
1661398674.495146036 -2.99653 -0.56871 0.85843 -0.01438 -0.07725 0.07511 0.99407
1661398674.505146027 -3.00042 -0.56803 0.85797 -0.01444 -0.07765 0.07541 0.99402
1661398674.515146017 -3.00431 -0.56728 0.85756 -0.01441 -0.07805 0.07573 0.99396
1661398674.525146008 -3.00820 -0.56647 0.85722 -0.01427 -0.07843 0.07605 0.99391
1661398674.535145998 -3.01210 -0.56558 0.85694 -0.01403 -0.07875 0.07638 0.99387
1661398674.545145988 -3.01601 -0.56461 0.85672 -0.01366 -0.07898 0.07672 0.99383
1661398674.555145979 -3.01993 -0.56355 0.85657 -0.01317 -0.07912 0.07704 0.99380
1661398674.565145969 -3.02387 -0.56242 0.85650 -0.01258 -0.07918 0.07735 0.99378
1661398674.575146198 -3.02782 -0.56122 0.85653 -0.01193 -0.07920 0.07761 0.99376
1661398674.585145950 -3.03177 -0.55996 0.85666 -0.01127 -0.07923 0.07781 0.99375
1661398674.595146179 -3.03574 -0.55866 0.85692 -0.01063 -0.07930 0.07794 0.99374
1661398674.605145931 -3.03971 -0.55733 0.85729 -0.01004 -0.07943 0.07799 0.99373
1661398674.615146160 -3.04369 -0.55600 0.85777 -0.00951 -0.07967 0.07796 0.99372
1661398674.625145912 -3.04767 -0.55468 0.85831 -0.00902 -0.08004 0.07791 0.99370
1661398674.635146141 -3.05165 -0.55342 0.85889 -0.00857 -0.08056 0.07784 0.99367
1661398674.645145893 -3.05562 -0.55222 0.85946 -0.00815 -0.08126 0.07779 0.99362
1661398674.655146122 -3.05959 -0.55112 0.86000 -0.00775 -0.08216 0.07778 0.99355
1661398674.665145874 -3.06353 -0.55011 0.86052 -0.00738 -0.08324 0.07782 0.99346
1661398674.675146103 -3.06746 -0.54917 0.86103 -0.00704 -0.08445 0.07790 0.99335
1661398674.685145855 -3.07136 -0.54828 0.86154 -0.00675 -0.08575 0.07802 0.99323
1661398674.695146084 -3.07522 -0.54744 0.86206 -0.00652 -0.08713 0.07817 0.99310
1661398674.705146074 -3.07904 -0.54662 0.86260 -0.00635 -0.08853 0.07836 0.99297
1661398674.715146065 -3.08282 -0.54582 0.86318 -0.00625 -0.08992 0.07858 0.99282
1661398674.725146055 -3.08654 -0.54502 0.86381 -0.00624 -0.09126 0.07883 0.99268
1661398674.735146046 -3.09020 -0.54421 0.86451 -0.00632 -0.09252 0.07910 0.99254
1661398674.745146036 -3.09379 -0.54337 0.86527 -0.00649 -0.09367 0.07940 0.99241
1661398674.755146027 -3.09732 -0.54249 0.86611 -0.00677 -0.09466 0.07972 0.99229
1661398674.765146017 -3.10078 -0.54157 0.86703 -0.00715 -0.09552 0.08004 0.99218
1661398674.775146008 -3.10418 -0.54060 0.86801 -0.00760 -0.09626 0.08038 0.99208
1661398674.785145998 -3.10754 -0.53959 0.86904 -0.00810 -0.09689 0.08070 0.99198
1661398674.795145988 -3.11086 -0.53854 0.87010 -0.00866 -0.09743 0.08102 0.99190
1661398674.805145979 -3.11415 -0.53745 0.87118 -0.00924 -0.09789 0.08132 0.99183
1661398674.815145969 -3.11743 -0.53631 0.87228 -0.00982 -0.09829 0.08159 0.99176
1661398674.825145960 -3.12069 -0.53513 0.87337 -0.01041 -0.09866 0.08183 0.99170
1661398674.835146189 -3.12396 -0.53391 0.87446 -0.01097 -0.09899 0.08203 0.99164
1661398674.845145941 -3.12723 -0.53264 0.87551 -0.01149 -0.09931 0.08218 0.99159
1661398674.855146170 -3.13052 -0.53132 0.87654 -0.01196 -0.09964 0.08227 0.99154
1661398674.865145922 -3.13384 -0.52996 0.87751 -0.01237 -0.09999 0.08231 0.99150
1661398674.875146151 -3.13718 -0.52854 0.87842 -0.01271 -0.10035 0.08232 0.99146
1661398674.885145903 -3.14055 -0.52706 0.87927 -0.01300 -0.10075 0.08230 0.99142
1661398674.895146132 -3.14396 -0.52552 0.88004 -0.01321 -0.10120 0.08226 0.99137
1661398674.905145884 -3.14741 -0.52391 0.88073 -0.01334 -0.10170 0.08222 0.99132
1661398674.915146112 -3.15091 -0.52223 0.88132 -0.01340 -0.10226 0.08218 0.99127
1661398674.925145864 -3.15446 -0.52047 0.88180 -0.01339 -0.10289 0.08215 0.99120
1661398674.935146093 -3.15806 -0.51862 0.88217 -0.01328 -0.10360 0.08215 0.99113
1661398674.945145845 -3.16172 -0.51669 0.88240 -0.01309 -0.10440 0.08218 0.99105
1661398674.955146074 -3.16545 -0.51466 0.88252 -0.01281 -0.10531 0.08225 0.99095
1661398674.965146065 -3.16924 -0.51255 0.88253 -0.01246 -0.10631 0.08236 0.99084
1661398674.975146055 -3.17310 -0.51038 0.88248 -0.01206 -0.10742 0.08251 0.99071
1661398674.985146046 -3.17703 -0.50815 0.88240 -0.01163 -0.10864 0.08269 0.99057
1661398674.995146036 -3.18104 -0.50588 0.88233 -0.01119 -0.10997 0.08289 0.99041
1661398675.005146027 -3.18511 -0.50358 0.88230 -0.01076 -0.11139 0.08312 0.99024
1661398675.015146017 -3.18925 -0.50129 0.88235 -0.01035 -0.11288 0.08337 0.99005
1661398675.025146008 -3.19344 -0.49902 0.88250 -0.00995 -0.11437 0.08366 0.98986
1661398675.035145998 -3.19766 -0.49681 0.88278 -0.00957 -0.11583 0.08398 0.98967
1661398675.045145988 -3.20192 -0.49469 0.88321 -0.00921 -0.11719 0.08434 0.98948
1661398675.055145979 -3.20619 -0.49266 0.88381 -0.00889 -0.11841 0.08475 0.98930
1661398675.065145969 -3.21051 -0.49067 0.88451 -0.00860 -0.11946 0.08519 0.98914
1661398675.075146198 -3.21491 -0.48864 0.88523 -0.00837 -0.12030 0.08565 0.98900
1661398675.085145950 -3.21940 -0.48648 0.88587 -0.00820 -0.12090 0.08610 0.98889
1661398675.095146179 -3.22402 -0.48411 0.88636 -0.00812 -0.12121 0.08654 0.98881
1661398675.105145931 -3.22878 -0.48149 0.88662 -0.00814 -0.12124 0.08695 0.98877
1661398675.115146160 -3.23366 -0.47861 0.88668 -0.00820 -0.12100 0.08734 0.98877
1661398675.125145912 -3.23862 -0.47553 0.88657 -0.00828 -0.12054 0.08773 0.98879
1661398675.135146141 -3.24362 -0.47228 0.88632 -0.00833 -0.11993 0.08813 0.98883
1661398675.145145893 -3.24862 -0.46891 0.88597 -0.00830 -0.11921 0.08855 0.98888
1661398675.155146122 -3.25359 -0.46544 0.88556 -0.00816 -0.11841 0.08901 0.98893
1661398675.165145874 -3.25854 -0.46189 0.88509 -0.00791 -0.11756 0.08950 0.98899
1661398675.175146103 -3.26347 -0.45826 0.88459 -0.00754 -0.11667 0.09003 0.98905
1661398675.185145855 -3.26840 -0.45457 0.88406 -0.00706 -0.11574 0.09057 0.98912
1661398675.195146084 -3.27334 -0.45081 0.88351 -0.00647 -0.11479 0.09115 0.98918
1661398675.205146074 -3.27829 -0.44701 0.88297 -0.00577 -0.11381 0.09174 0.98924
1661398675.215146065 -3.28328 -0.44316 0.88244 -0.00497 -0.11282 0.09234 0.98930
1661398675.225146055 -3.28830 -0.43928 0.88193 -0.00406 -0.11183 0.09296 0.98936
1661398675.235146046 -3.29338 -0.43537 0.88146 -0.00305 -0.11085 0.09358 0.98942
1661398675.245146036 -3.29852 -0.43144 0.88104 -0.00195 -0.10987 0.09421 0.98947
1661398675.255146027 -3.30373 -0.42749 0.88068 -0.00075 -0.10892 0.09484 0.98952
1661398675.265146017 -3.30901 -0.42354 0.88037 0.00054 -0.10798 0.09546 0.98956
1661398675.275146008 -3.31435 -0.41958 0.88010 0.00189 -0.10703 0.09609 0.98960
1661398675.285145998 -3.31973 -0.41561 0.87985 0.00331 -0.10608 0.09671 0.98964
1661398675.295145988 -3.32517 -0.41165 0.87963 0.00478 -0.10509 0.09733 0.98968
1661398675.305145979 -3.33063 -0.40769 0.87941 0.00628 -0.10408 0.09795 0.98971
1661398675.315145969 -3.33613 -0.40373 0.87918 0.00781 -0.10301 0.09857 0.98975
1661398675.325145960 -3.34164 -0.39979 0.87894 0.00936 -0.10189 0.09919 0.98979
1661398675.335146189 -3.34717 -0.39585 0.87867 0.01090 -0.10069 0.09980 0.98984
1661398675.345145941 -3.35271 -0.39194 0.87835 0.01244 -0.09942 0.10041 0.98989
1661398675.355146170 -3.35824 -0.38804 0.87799 0.01396 -0.09805 0.10102 0.98994
1661398675.365145922 -3.36377 -0.38416 0.87758 0.01545 -0.09662 0.10164 0.99000
1661398675.375146151 -3.36930 -0.38030 0.87714 0.01690 -0.09514 0.10225 0.99005
1661398675.385145903 -3.37483 -0.37644 0.87669 0.01832 -0.09366 0.10287 0.99011
1661398675.395146132 -3.38036 -0.37260 0.87623 0.01969 -0.09218 0.10351 0.99015
1661398675.405145884 -3.38589 -0.36876 0.87577 0.02101 -0.09074 0.10415 0.99019
1661398675.415146112 -3.39142 -0.36493 0.87533 0.02227 -0.08937 0.10482 0.99022
1661398675.425145864 -3.39696 -0.36110 0.87491 0.02348 -0.08808 0.10550 0.99023
1661398675.435146093 -3.40251 -0.35727 0.87454 0.02461 -0.08692 0.10620 0.99023
1661398675.445145845 -3.40806 -0.35344 0.87421 0.02567 -0.08590 0.10694 0.99022
1661398675.455146074 -3.41361 -0.34960 0.87394 0.02665 -0.08504 0.10770 0.99018
1661398675.465146065 -3.41916 -0.34577 0.87373 0.02757 -0.08434 0.10848 0.99013
1661398675.475146055 -3.42469 -0.34197 0.87356 0.02844 -0.08377 0.10929 0.99007
1661398675.485146046 -3.43019 -0.33821 0.87344 0.02926 -0.08332 0.11011 0.98999
1661398675.495146036 -3.43566 -0.33450 0.87335 0.03006 -0.08296 0.11095 0.98990
1661398675.505146027 -3.44107 -0.33086 0.87329 0.03084 -0.08268 0.11180 0.98980
1661398675.515146017 -3.44642 -0.32729 0.87325 0.03162 -0.08246 0.11265 0.98970
1661398675.525146008 -3.45170 -0.32383 0.87323 0.03242 -0.08228 0.11351 0.98959
1661398675.535145998 -3.45689 -0.32048 0.87323 0.03324 -0.08213 0.11436 0.98948
1661398675.545145988 -3.46198 -0.31726 0.87322 0.03410 -0.08197 0.11520 0.98937
1661398675.555145979 -3.46697 -0.31417 0.87321 0.03501 -0.08181 0.11603 0.98925
1661398675.565145969 -3.47186 -0.31120 0.87321 0.03595 -0.08163 0.11685 0.98914
1661398675.575146198 -3.47667 -0.30835 0.87322 0.03690 -0.08143 0.11767 0.98902
1661398675.585145950 -3.48141 -0.30559 0.87324 0.03783 -0.08121 0.11848 0.98891
1661398675.595146179 -3.48608 -0.30290 0.87328 0.03873 -0.08097 0.11929 0.98879
1661398675.605145931 -3.49071 -0.30028 0.87334 0.03958 -0.08070 0.12010 0.98868
1661398675.615146160 -3.49531 -0.29770 0.87343 0.04035 -0.08041 0.12092 0.98858
1661398675.625145912 -3.49988 -0.29515 0.87356 0.04102 -0.08009 0.12174 0.98847
1661398675.635146141 -3.50444 -0.29262 0.87373 0.04157 -0.07975 0.12257 0.98838
1661398675.645145893 -3.50900 -0.29009 0.87394 0.04199 -0.07937 0.12340 0.98829
1661398675.655146122 -3.51358 -0.28754 0.87421 0.04224 -0.07896 0.12426 0.98820
1661398675.665145874 -3.51816 -0.28499 0.87453 0.04234 -0.07854 0.12513 0.98812
1661398675.675146103 -3.52275 -0.28246 0.87489 0.04229 -0.07811 0.12603 0.98804
1661398675.685145855 -3.52733 -0.27996 0.87531 0.04210 -0.07769 0.12697 0.98796
1661398675.695146084 -3.53190 -0.27752 0.87578 0.04177 -0.07730 0.12795 0.98788
1661398675.705146074 -3.53645 -0.27514 0.87629 0.04132 -0.07695 0.12897 0.98779
1661398675.715146065 -3.54097 -0.27286 0.87686 0.04076 -0.07666 0.13005 0.98770
1661398675.725146055 -3.54547 -0.27068 0.87747 0.04008 -0.07643 0.13119 0.98759
1661398675.735146046 -3.54992 -0.26862 0.87813 0.03930 -0.07629 0.13240 0.98747
1661398675.745146036 -3.55433 -0.26671 0.87883 0.03842 -0.07626 0.13369 0.98734
1661398675.755146027 -3.55869 -0.26494 0.87958 0.03746 -0.07633 0.13506 0.98718
1661398675.765146017 -3.56301 -0.26333 0.88038 0.03642 -0.07651 0.13650 0.98701
1661398675.775146008 -3.56729 -0.26184 0.88121 0.03534 -0.07680 0.13801 0.98682
1661398675.785145998 -3.57154 -0.26047 0.88207 0.03422 -0.07719 0.13957 0.98661
1661398675.795145988 -3.57578 -0.25920 0.88296 0.03309 -0.07769 0.14118 0.98638
1661398675.805145979 -3.58000 -0.25802 0.88388 0.03196 -0.07827 0.14282 0.98613
1661398675.815145969 -3.58422 -0.25692 0.88482 0.03085 -0.07895 0.14450 0.98587
1661398675.825145960 -3.58844 -0.25588 0.88577 0.02978 -0.07971 0.14620 0.98559
1661398675.835146189 -3.59267 -0.25489 0.88673 0.02877 -0.08056 0.14790 0.98530
1661398675.845145941 -3.59692 -0.25393 0.88771 0.02783 -0.08148 0.14961 0.98499
1661398675.855146170 -3.60120 -0.25299 0.88868 0.02699 -0.08248 0.15132 0.98467
1661398675.865145922 -3.60550 -0.25208 0.88965 0.02624 -0.08354 0.15301 0.98434
1661398675.875146151 -3.60983 -0.25119 0.89060 0.02557 -0.08465 0.15470 0.98400
1661398675.885145903 -3.61420 -0.25032 0.89153 0.02497 -0.08579 0.15637 0.98365
1661398675.895146132 -3.61859 -0.24947 0.89243 0.02444 -0.08696 0.15802 0.98330
1661398675.905145884 -3.62302 -0.24866 0.89329 0.02397 -0.08813 0.15966 0.98294
1661398675.915146112 -3.62748 -0.24787 0.89409 0.02355 -0.08929 0.16127 0.98258
1661398675.925145864 -3.63198 -0.24711 0.89484 0.02318 -0.09044 0.16286 0.98222
1661398675.935146093 -3.63651 -0.24637 0.89552 0.02285 -0.09156 0.16443 0.98186
1661398675.945145845 -3.64108 -0.24567 0.89613 0.02255 -0.09263 0.16596 0.98151
1661398675.955146074 -3.64569 -0.24500 0.89665 0.02228 -0.09365 0.16746 0.98117
1661398675.965146065 -3.65034 -0.24437 0.89709 0.02203 -0.09460 0.16894 0.98083
1661398675.975146055 -3.65503 -0.24377 0.89747 0.02180 -0.09550 0.17038 0.98050
1661398675.985146046 -3.65975 -0.24322 0.89777 0.02158 -0.09634 0.17180 0.98017
1661398675.995146036 -3.66451 -0.24270 0.89803 0.02137 -0.09712 0.17319 0.97985
1661398676.005146027 -3.66931 -0.24223 0.89823 0.02116 -0.09785 0.17456 0.97954
1661398676.015146017 -3.67414 -0.24180 0.89838 0.02095 -0.09852 0.17590 0.97924
1661398676.025146008 -3.67902 -0.24142 0.89850 0.02074 -0.09912 0.17723 0.97895
1661398676.035145998 -3.68393 -0.24110 0.89860 0.02051 -0.09968 0.17853 0.97866
1661398676.045145988 -3.68887 -0.24082 0.89867 0.02027 -0.10017 0.17982 0.97838
1661398676.055145979 -3.69385 -0.24060 0.89872 0.02002 -0.10061 0.18109 0.97810
1661398676.065145969 -3.69885 -0.24045 0.89876 0.01975 -0.10098 0.18233 0.97784
1661398676.075146198 -3.70385 -0.24036 0.89879 0.01948 -0.10129 0.18354 0.97759
1661398676.085145950 -3.70884 -0.24035 0.89881 0.01922 -0.10153 0.18469 0.97735
1661398676.095146179 -3.71380 -0.24041 0.89883 0.01896 -0.10170 0.18579 0.97713
1661398676.105145931 -3.71871 -0.24056 0.89885 0.01872 -0.10179 0.18682 0.97693
1661398676.115146160 -3.72356 -0.24081 0.89886 0.01851 -0.10179 0.18778 0.97675
1661398676.125145912 -3.72833 -0.24116 0.89889 0.01832 -0.10171 0.18864 0.97659
1661398676.135146141 -3.73300 -0.24161 0.89892 0.01818 -0.10154 0.18941 0.97646
1661398676.145145893 -3.73756 -0.24217 0.89896 0.01808 -0.10127 0.19007 0.97637
1661398676.155146122 -3.74199 -0.24285 0.89901 0.01803 -0.10090 0.19061 0.97630
1661398676.165145874 -3.74629 -0.24363 0.89907 0.01803 -0.10044 0.19106 0.97626
1661398676.175146103 -3.75049 -0.24450 0.89914 0.01807 -0.09991 0.19143 0.97624
1661398676.185145855 -3.75457 -0.24543 0.89920 0.01814 -0.09931 0.19173 0.97624
1661398676.195146084 -3.75857 -0.24642 0.89927 0.01824 -0.09864 0.19200 0.97625
1661398676.205146074 -3.76247 -0.24745 0.89933 0.01835 -0.09793 0.19225 0.97628
1661398676.215146065 -3.76629 -0.24850 0.89938 0.01848 -0.09719 0.19250 0.97630
1661398676.225146055 -3.77004 -0.24955 0.89942 0.01861 -0.09641 0.19276 0.97632
1661398676.235146046 -3.77372 -0.25059 0.89944 0.01874 -0.09563 0.19307 0.97633
1661398676.245146036 -3.77736 -0.25160 0.89944 0.01886 -0.09483 0.19344 0.97634
1661398676.255146027 -3.78094 -0.25257 0.89942 0.01896 -0.09404 0.19388 0.97632
1661398676.265146017 -3.78447 -0.25350 0.89938 0.01905 -0.09325 0.19439 0.97630
1661398676.275146008 -3.78795 -0.25439 0.89932 0.01911 -0.09247 0.19495 0.97626
1661398676.285145998 -3.79138 -0.25525 0.89925 0.01915 -0.09170 0.19555 0.97621
1661398676.295145988 -3.79475 -0.25607 0.89917 0.01917 -0.09094 0.19617 0.97615
1661398676.305145979 -3.79807 -0.25685 0.89909 0.01916 -0.09020 0.19681 0.97610
1661398676.315145969 -3.80132 -0.25761 0.89901 0.01911 -0.08946 0.19743 0.97604
1661398676.325145960 -3.80451 -0.25834 0.89894 0.01903 -0.08875 0.19804 0.97598
1661398676.335146189 -3.80764 -0.25905 0.89887 0.01891 -0.08805 0.19862 0.97593
1661398676.345145941 -3.81071 -0.25973 0.89882 0.01876 -0.08737 0.19915 0.97589
1661398676.355146170 -3.81370 -0.26039 0.89878 0.01856 -0.08671 0.19963 0.97585
1661398676.365145922 -3.81664 -0.26103 0.89876 0.01834 -0.08608 0.20005 0.97582
1661398676.375146151 -3.81951 -0.26166 0.89876 0.01812 -0.08550 0.20043 0.97580
1661398676.385145903 -3.82233 -0.26227 0.89876 0.01790 -0.08498 0.20078 0.97578
1661398676.395146132 -3.82511 -0.26288 0.89878 0.01770 -0.08454 0.20109 0.97576
1661398676.405145884 -3.82783 -0.26347 0.89881 0.01755 -0.08418 0.20139 0.97573
1661398676.415146112 -3.83052 -0.26406 0.89885 0.01745 -0.08392 0.20167 0.97570
1661398676.425145864 -3.83317 -0.26465 0.89889 0.01743 -0.08377 0.20195 0.97565
1661398676.435146093 -3.83579 -0.26524 0.89894 0.01749 -0.08375 0.20224 0.97559
1661398676.445145845 -3.83839 -0.26584 0.89899 0.01767 -0.08387 0.20253 0.97552
1661398676.455146074 -3.84096 -0.26644 0.89904 0.01796 -0.08414 0.20284 0.97543
1661398676.465146065 -3.84351 -0.26704 0.89909 0.01835 -0.08453 0.20317 0.97532
1661398676.475146055 -3.84603 -0.26765 0.89915 0.01882 -0.08504 0.20351 0.97519
1661398676.485146046 -3.84852 -0.26827 0.89920 0.01934 -0.08563 0.20386 0.97506
1661398676.495146036 -3.85097 -0.26890 0.89925 0.01990 -0.08629 0.20421 0.97491
1661398676.505146027 -3.85337 -0.26955 0.89931 0.02047 -0.08700 0.20457 0.97476
1661398676.515146017 -3.85574 -0.27020 0.89936 0.02102 -0.08773 0.20492 0.97461
1661398676.525146008 -3.85805 -0.27086 0.89941 0.02153 -0.08846 0.20528 0.97446
1661398676.535145998 -3.86031 -0.27154 0.89947 0.02199 -0.08917 0.20562 0.97431
1661398676.545145988 -3.86251 -0.27223 0.89952 0.02236 -0.08985 0.20595 0.97417
1661398676.555145979 -3.86466 -0.27294 0.89956 0.02264 -0.09046 0.20627 0.97404
1661398676.565145969 -3.86674 -0.27365 0.89961 0.02281 -0.09101 0.20657 0.97392
1661398676.575146198 -3.86877 -0.27435 0.89965 0.02290 -0.09151 0.20687 0.97381
1661398676.585145950 -3.87076 -0.27504 0.89969 0.02291 -0.09194 0.20715 0.97371
1661398676.595146179 -3.87269 -0.27571 0.89973 0.02286 -0.09233 0.20743 0.97361
1661398676.605145931 -3.87459 -0.27634 0.89977 0.02274 -0.09266 0.20770 0.97353
1661398676.615146160 -3.87644 -0.27692 0.89981 0.02256 -0.09295 0.20797 0.97345
1661398676.625145912 -3.87826 -0.27745 0.89985 0.02235 -0.09319 0.20824 0.97337
1661398676.635146141 -3.88005 -0.27792 0.89988 0.02210 -0.09338 0.20851 0.97330
1661398676.645145893 -3.88182 -0.27831 0.89992 0.02182 -0.09353 0.20878 0.97324
1661398676.655146122 -3.88355 -0.27862 0.89995 0.02153 -0.09365 0.20905 0.97317
1661398676.665145874 -3.88527 -0.27884 0.89998 0.02122 -0.09372 0.20933 0.97311
1661398676.675146103 -3.88697 -0.27899 0.90000 0.02091 -0.09377 0.20960 0.97306
1661398676.685145855 -3.88865 -0.27905 0.90002 0.02059 -0.09380 0.20988 0.97300
1661398676.695146084 -3.89031 -0.27904 0.90003 0.02026 -0.09381 0.21016 0.97295
1661398676.705146074 -3.89196 -0.27896 0.90003 0.01994 -0.09381 0.21044 0.97289
1661398676.715146065 -3.89359 -0.27880 0.90002 0.01963 -0.09380 0.21071 0.97284
1661398676.725146055 -3.89522 -0.27857 0.90000 0.01933 -0.09379 0.21098 0.97279
1661398676.735146046 -3.89683 -0.27827 0.89995 0.01904 -0.09379 0.21125 0.97274
1661398676.745146036 -3.89844 -0.27790 0.89990 0.01877 -0.09381 0.21151 0.97268
1661398676.755146027 -3.90004 -0.27747 0.89982 0.01851 -0.09384 0.21177 0.97263
1661398676.765146017 -3.90163 -0.27699 0.89973 0.01828 -0.09387 0.21202 0.97257
1661398676.775146008 -3.90320 -0.27645 0.89964 0.01805 -0.09391 0.21227 0.97252
1661398676.785145998 -3.90476 -0.27588 0.89954 0.01783 -0.09394 0.21253 0.97246
1661398676.795145988 -3.90629 -0.27529 0.89946 0.01761 -0.09396 0.21279 0.97241
1661398676.805145979 -3.90779 -0.27467 0.89939 0.01738 -0.09395 0.21307 0.97235
1661398676.815145969 -3.90926 -0.27404 0.89933 0.01714 -0.09391 0.21335 0.97230
1661398676.825145960 -3.91069 -0.27342 0.89931 0.01688 -0.09383 0.21366 0.97225
1661398676.835146189 -3.91207 -0.27280 0.89932 0.01660 -0.09369 0.21398 0.97219
1661398676.845145941 -3.91341 -0.27220 0.89937 0.01628 -0.09350 0.21433 0.97214
1661398676.855146170 -3.91470 -0.27163 0.89947 0.01594 -0.09325 0.21470 0.97209
1661398676.865145922 -3.91594 -0.27107 0.89961 0.01556 -0.09294 0.21509 0.97204
1661398676.875146151 -3.91715 -0.27052 0.89978 0.01518 -0.09259 0.21550 0.97199
1661398676.885145903 -3.91834 -0.26996 0.89997 0.01478 -0.09221 0.21592 0.97194
1661398676.895146132 -3.91952 -0.26939 0.90019 0.01440 -0.09180 0.21633 0.97189
1661398676.905145884 -3.92070 -0.26878 0.90041 0.01403 -0.09139 0.21674 0.97184
1661398676.915146112 -3.92188 -0.26814 0.90065 0.01370 -0.09099 0.21715 0.97179
1661398676.925145864 -3.92308 -0.26744 0.90088 0.01340 -0.09059 0.21753 0.97175
1661398676.935146093 -3.92431 -0.26668 0.90110 0.01315 -0.09023 0.21789 0.97170
1661398676.945145845 -3.92558 -0.26584 0.90131 0.01296 -0.08990 0.21823 0.97166
1661398676.955146074 -3.92690 -0.26492 0.90149 0.01284 -0.08963 0.21853 0.97162
1661398676.965146065 -3.92826 -0.26393 0.90166 0.01279 -0.08942 0.21880 0.97158
1661398676.975146055 -3.92968 -0.26289 0.90183 0.01280 -0.08929 0.21905 0.97154
1661398676.985146046 -3.93116 -0.26180 0.90199 0.01286 -0.08925 0.21928 0.97149
1661398676.995146036 -3.93269 -0.26069 0.90217 0.01296 -0.08933 0.21949 0.97143
1661398677.005146027 -3.93428 -0.25958 0.90236 0.01311 -0.08954 0.21969 0.97136
1661398677.015146017 -3.93593 -0.25846 0.90257 0.01329 -0.08988 0.21989 0.97128
1661398677.025146008 -3.93765 -0.25737 0.90282 0.01349 -0.09038 0.22009 0.97119
1661398677.035145998 -3.93943 -0.25632 0.90311 0.01372 -0.09106 0.22030 0.97108
1661398677.045145988 -3.94128 -0.25532 0.90345 0.01396 -0.09192 0.22052 0.97094
1661398677.055145979 -3.94320 -0.25438 0.90384 0.01422 -0.09297 0.22075 0.97078
1661398677.065145969 -3.94519 -0.25350 0.90429 0.01448 -0.09420 0.22100 0.97061
1661398677.075146198 -3.94725 -0.25265 0.90479 0.01475 -0.09559 0.22125 0.97041
1661398677.085145950 -3.94938 -0.25183 0.90534 0.01504 -0.09712 0.22152 0.97019
1661398677.095146179 -3.95157 -0.25102 0.90595 0.01534 -0.09875 0.22178 0.96996
1661398677.105145931 -3.95382 -0.25020 0.90660 0.01566 -0.10046 0.22206 0.96972
1661398677.115146160 -3.95615 -0.24936 0.90730 0.01600 -0.10225 0.22233 0.96946
1661398677.125145912 -3.95853 -0.24849 0.90805 0.01635 -0.10407 0.22260 0.96920
1661398677.135146141 -3.96097 -0.24756 0.90884 0.01673 -0.10591 0.22286 0.96894
1661398677.145145893 -3.96348 -0.24657 0.90967 0.01712 -0.10774 0.22312 0.96867
1661398677.155146122 -3.96605 -0.24551 0.91055 0.01754 -0.10955 0.22337 0.96840
1661398677.165145874 -3.96866 -0.24437 0.91146 0.01798 -0.11132 0.22360 0.96814
1661398677.175146103 -3.97130 -0.24316 0.91238 0.01844 -0.11303 0.22381 0.96788
1661398677.185145855 -3.97396 -0.24189 0.91333 0.01892 -0.11469 0.22399 0.96763
1661398677.195146084 -3.97663 -0.24056 0.91427 0.01941 -0.11628 0.22414 0.96740
1661398677.205146074 -3.97929 -0.23918 0.91521 0.01991 -0.11778 0.22425 0.96718
1661398677.215146065 -3.98193 -0.23775 0.91613 0.02043 -0.11919 0.22431 0.96699
1661398677.225146055 -3.98454 -0.23629 0.91702 0.02095 -0.12050 0.22432 0.96681
1661398677.235146046 -3.98710 -0.23479 0.91788 0.02148 -0.12169 0.22427 0.96666
1661398677.245146036 -3.98960 -0.23327 0.91869 0.02202 -0.12275 0.22416 0.96654
1661398677.255146027 -3.99203 -0.23172 0.91945 0.02255 -0.12368 0.22399 0.96645
1661398677.265146017 -3.99438 -0.23015 0.92016 0.02308 -0.12448 0.22375 0.96639
1661398677.275146008 -3.99667 -0.22858 0.92082 0.02360 -0.12514 0.22345 0.96636
1661398677.285145998 -3.99889 -0.22699 0.92144 0.02409 -0.12568 0.22310 0.96636
1661398677.295145988 -4.00106 -0.22539 0.92202 0.02456 -0.12609 0.22270 0.96639
1661398677.305145979 -4.00316 -0.22380 0.92257 0.02498 -0.12637 0.22226 0.96644
1661398677.315145969 -4.00522 -0.22221 0.92308 0.02536 -0.12652 0.22179 0.96652
1661398677.325145960 -4.00722 -0.22063 0.92357 0.02569 -0.12656 0.22128 0.96662
1661398677.335146189 -4.00918 -0.21906 0.92404 0.02595 -0.12647 0.22075 0.96675
1661398677.345145941 -4.01109 -0.21750 0.92449 0.02614 -0.12627 0.22021 0.96689
1661398677.355146170 -4.01296 -0.21596 0.92493 0.02625 -0.12596 0.21965 0.96706
1661398677.365145922 -4.01480 -0.21445 0.92536 0.02630 -0.12559 0.21907 0.96723
1661398677.375146151 -4.01661 -0.21294 0.92579 0.02631 -0.12521 0.21849 0.96742
1661398677.385145903 -4.01840 -0.21146 0.92623 0.02628 -0.12488 0.21789 0.96759
1661398677.395146132 -4.02017 -0.20998 0.92668 0.02623 -0.12465 0.21728 0.96776
1661398677.405145884 -4.02193 -0.20852 0.92715 0.02619 -0.12457 0.21665 0.96791
1661398677.415146112 -4.02369 -0.20707 0.92765 0.02616 -0.12470 0.21602 0.96804
1661398677.425145864 -4.02545 -0.20563 0.92818 0.02615 -0.12509 0.21537 0.96814
1661398677.435146093 -4.02722 -0.20420 0.92875 0.02620 -0.12579 0.21471 0.96819
1661398677.445145845 -4.02900 -0.20277 0.92937 0.02630 -0.12687 0.21403 0.96820
1661398677.455146074 -4.03080 -0.20134 0.93003 0.02648 -0.12835 0.21335 0.96815
1661398677.465146065 -4.03261 -0.19992 0.93075 0.02673 -0.13020 0.21266 0.96805
1661398677.475146055 -4.03442 -0.19851 0.93152 0.02707 -0.13234 0.21197 0.96790
1661398677.485146046 -4.03623 -0.19709 0.93235 0.02748 -0.13473 0.21129 0.96770
1661398677.495146036 -4.03803 -0.19568 0.93322 0.02798 -0.13730 0.21062 0.96747
1661398677.505146027 -4.03981 -0.19428 0.93415 0.02857 -0.13999 0.20998 0.96721
1661398677.515146017 -4.04156 -0.19287 0.93512 0.02924 -0.14275 0.20937 0.96692
1661398677.525146008 -4.04328 -0.19148 0.93615 0.03000 -0.14550 0.20880 0.96661
1661398677.535145998 -4.04495 -0.19008 0.93723 0.03085 -0.14820 0.20828 0.96628
1661398677.545145988 -4.04657 -0.18869 0.93836 0.03179 -0.15078 0.20782 0.96595
1661398677.555145979 -4.04814 -0.18730 0.93954 0.03282 -0.15320 0.20742 0.96562
1661398677.565145969 -4.04964 -0.18591 0.94077 0.03393 -0.15548 0.20706 0.96530
1661398677.575146198 -4.05107 -0.18454 0.94205 0.03509 -0.15769 0.20672 0.96497
1661398677.585145950 -4.05243 -0.18317 0.94340 0.03628 -0.15985 0.20639 0.96464
1661398677.595146179 -4.05371 -0.18181 0.94481 0.03749 -0.16201 0.20604 0.96431
1661398677.605145931 -4.05491 -0.18047 0.94628 0.03869 -0.16421 0.20565 0.96397
1661398677.615146160 -4.05604 -0.17915 0.94779 0.03987 -0.16640 0.20521 0.96364
1661398677.625145912 -4.05710 -0.17785 0.94934 0.04101 -0.16851 0.20471 0.96334
1661398677.635146141 -4.05809 -0.17658 0.95091 0.04211 -0.17046 0.20412 0.96307
1661398677.645145893 -4.05903 -0.17534 0.95248 0.04313 -0.17221 0.20343 0.96286
1661398677.655146122 -4.05992 -0.17413 0.95405 0.04408 -0.17369 0.20264 0.96272
1661398677.665145874 -4.06077 -0.17297 0.95559 0.04495 -0.17494 0.20175 0.96264
1661398677.675146103 -4.06158 -0.17184 0.95712 0.04575 -0.17600 0.20076 0.96262
1661398677.685145855 -4.06236 -0.17076 0.95863 0.04648 -0.17692 0.19968 0.96264
1661398677.695146084 -4.06312 -0.16971 0.96011 0.04716 -0.17776 0.19851 0.96269
1661398677.705146074 -4.06387 -0.16871 0.96157 0.04777 -0.17856 0.19728 0.96277
1661398677.715146065 -4.06461 -0.16776 0.96300 0.04833 -0.17936 0.19597 0.96285
1661398677.725146055 -4.06534 -0.16684 0.96439 0.04883 -0.18022 0.19460 0.96295
1661398677.735146046 -4.06609 -0.16598 0.96575 0.04929 -0.18118 0.19318 0.96303
1661398677.745146036 -4.06685 -0.16516 0.96708 0.04971 -0.18230 0.19172 0.96309
1661398677.755146027 -4.06763 -0.16439 0.96836 0.05009 -0.18360 0.19021 0.96312
1661398677.765146017 -4.06843 -0.16366 0.96961 0.05043 -0.18507 0.18868 0.96312
1661398677.775146008 -4.06924 -0.16298 0.97082 0.05074 -0.18669 0.18714 0.96310
1661398677.785145998 -4.07008 -0.16233 0.97201 0.05103 -0.18842 0.18560 0.96304
1661398677.795145988 -4.07093 -0.16171 0.97318 0.05128 -0.19024 0.18408 0.96296
1661398677.805145979 -4.07179 -0.16112 0.97432 0.05152 -0.19212 0.18261 0.96286
1661398677.815145969 -4.07267 -0.16056 0.97546 0.05173 -0.19404 0.18118 0.96273
1661398677.825145960 -4.07356 -0.16002 0.97658 0.05192 -0.19596 0.17982 0.96258
1661398677.835146189 -4.07446 -0.15949 0.97771 0.05210 -0.19786 0.17854 0.96242
1661398677.845145941 -4.07537 -0.15898 0.97883 0.05227 -0.19972 0.17736 0.96225
1661398677.855146170 -4.07629 -0.15848 0.97995 0.05242 -0.20150 0.17629 0.96207
1661398677.865145922 -4.07722 -0.15799 0.98108 0.05256 -0.20320 0.17532 0.96188
1661398677.875146151 -4.07816 -0.15750 0.98220 0.05267 -0.20481 0.17444 0.96169
1661398677.885145903 -4.07911 -0.15702 0.98331 0.05274 -0.20632 0.17364 0.96151
1661398677.895146132 -4.08006 -0.15654 0.98440 0.05277 -0.20773 0.17291 0.96133
1661398677.905145884 -4.08103 -0.15606 0.98548 0.05275 -0.20902 0.17223 0.96118
1661398677.915146112 -4.08201 -0.15558 0.98653 0.05267 -0.21020 0.17160 0.96104
1661398677.925145864 -4.08300 -0.15510 0.98755 0.05252 -0.21124 0.17100 0.96093
1661398677.935146093 -4.08400 -0.15461 0.98853 0.05229 -0.21215 0.17042 0.96084
1661398677.945145845 -4.08501 -0.15412 0.98947 0.05197 -0.21292 0.16985 0.96079
1661398677.955146074 -4.08603 -0.15361 0.99036 0.05156 -0.21354 0.16927 0.96078
1661398677.965146065 -4.08706 -0.15311 0.99122 0.05108 -0.21403 0.16870 0.96079
1661398677.975146055 -4.08811 -0.15261 0.99204 0.05052 -0.21444 0.16811 0.96083
1661398677.985146046 -4.08917 -0.15212 0.99283 0.04992 -0.21478 0.16753 0.96089
1661398677.995146036 -4.09024 -0.15164 0.99359 0.04928 -0.21508 0.16693 0.96096
1661398678.005146027 -4.09132 -0.15119 0.99434 0.04862 -0.21538 0.16633 0.96103
1661398678.015146017 -4.09242 -0.15076 0.99506 0.04796 -0.21570 0.16572 0.96110
1661398678.025146008 -4.09352 -0.15037 0.99578 0.04730 -0.21607 0.16510 0.96116
1661398678.035145998 -4.09464 -0.15002 0.99649 0.04666 -0.21652 0.16446 0.96119
1661398678.045145988 -4.09577 -0.14971 0.99720 0.04606 -0.21707 0.16382 0.96121
1661398678.055145979 -4.09691 -0.14945 0.99792 0.04552 -0.21776 0.16317 0.96119
1661398678.065145969 -4.09806 -0.14924 0.99864 0.04502 -0.21857 0.16251 0.96114
1661398678.075146198 -4.09922 -0.14907 0.99937 0.04457 -0.21947 0.16185 0.96107
1661398678.085145950 -4.10039 -0.14896 1.00010 0.04416 -0.22045 0.16121 0.96097
1661398678.095146179 -4.10157 -0.14888 1.00085 0.04380 -0.22149 0.16058 0.96085
1661398678.105145931 -4.10276 -0.14884 1.00161 0.04348 -0.22257 0.15998 0.96072
1661398678.115146160 -4.10395 -0.14885 1.00238 0.04320 -0.22367 0.15941 0.96057
1661398678.125145912 -4.10514 -0.14888 1.00316 0.04295 -0.22476 0.15888 0.96042
1661398678.135146141 -4.10635 -0.14896 1.00396 0.04274 -0.22583 0.15839 0.96025
1661398678.145145893 -4.10755 -0.14906 1.00478 0.04256 -0.22686 0.15797 0.96009
1661398678.155146122 -4.10876 -0.14920 1.00561 0.04241 -0.22783 0.15760 0.95992
1661398678.165145874 -4.10997 -0.14936 1.00647 0.04228 -0.22877 0.15728 0.95976
1661398678.175146103 -4.11119 -0.14955 1.00734 0.04218 -0.22967 0.15700 0.95959
1661398678.185145855 -4.11242 -0.14976 1.00823 0.04211 -0.23057 0.15674 0.95943
1661398678.195146084 -4.11365 -0.15000 1.00914 0.04206 -0.23148 0.15648 0.95925
1661398678.205146074 -4.11490 -0.15027 1.01007 0.04203 -0.23242 0.15622 0.95907
1661398678.215146065 -4.11616 -0.15055 1.01102 0.04201 -0.23341 0.15594 0.95887
1661398678.225146055 -4.11743 -0.15086 1.01199 0.04202 -0.23446 0.15562 0.95867
1661398678.235146046 -4.11873 -0.15118 1.01299 0.04204 -0.23559 0.15525 0.95845
1661398678.245146036 -4.12004 -0.15152 1.01401 0.04208 -0.23682 0.15482 0.95821
1661398678.255146027 -4.12136 -0.15188 1.01506 0.04213 -0.23817 0.15432 0.95796
1661398678.265146017 -4.12271 -0.15225 1.01612 0.04219 -0.23961 0.15375 0.95769
1661398678.275146008 -4.12407 -0.15264 1.01720 0.04225 -0.24112 0.15313 0.95741
1661398678.285145998 -4.12544 -0.15305 1.01829 0.04231 -0.24269 0.15247 0.95711
1661398678.295145988 -4.12682 -0.15347 1.01939 0.04237 -0.24429 0.15178 0.95681
1661398678.305145979 -4.12821 -0.15390 1.02050 0.04241 -0.24589 0.15108 0.95651
1661398678.315145969 -4.12959 -0.15434 1.02160 0.04244 -0.24749 0.15038 0.95621
1661398678.325145960 -4.13098 -0.15479 1.02270 0.04245 -0.24904 0.14970 0.95591
1661398678.335146189 -4.13237 -0.15526 1.02380 0.04243 -0.25054 0.14904 0.95562
1661398678.345145941 -4.13375 -0.15574 1.02488 0.04238 -0.25195 0.14841 0.95535
1661398678.355146170 -4.13512 -0.15622 1.02596 0.04230 -0.25327 0.14784 0.95509
1661398678.365145922 -4.13648 -0.15672 1.02701 0.04219 -0.25450 0.14732 0.95485
1661398678.375146151 -4.13784 -0.15723 1.02805 0.04205 -0.25564 0.14683 0.95463
1661398678.385145903 -4.13918 -0.15775 1.02908 0.04188 -0.25671 0.14639 0.95442
1661398678.395146132 -4.14052 -0.15827 1.03009 0.04170 -0.25770 0.14598 0.95422
1661398678.405145884 -4.14184 -0.15882 1.03108 0.04151 -0.25863 0.14560 0.95404
1661398678.415146112 -4.14315 -0.15937 1.03206 0.04130 -0.25952 0.14524 0.95386
1661398678.425145864 -4.14445 -0.15994 1.03302 0.04109 -0.26035 0.14491 0.95369
1661398678.435146093 -4.14574 -0.16051 1.03396 0.04088 -0.26115 0.14458 0.95353
1661398678.445145845 -4.14702 -0.16111 1.03488 0.04067 -0.26192 0.14427 0.95338
1661398678.455146074 -4.14828 -0.16171 1.03578 0.04047 -0.26267 0.14397 0.95322
1661398678.465146065 -4.14953 -0.16233 1.03667 0.04027 -0.26340 0.14367 0.95308
1661398678.475146055 -4.15077 -0.16296 1.03753 0.04007 -0.26410 0.14338 0.95294
1661398678.485146046 -4.15199 -0.16360 1.03836 0.03988 -0.26476 0.14309 0.95280
1661398678.495146036 -4.15319 -0.16424 1.03917 0.03970 -0.26539 0.14280 0.95268
1661398678.505146027 -4.15438 -0.16489 1.03994 0.03952 -0.26598 0.14252 0.95256
1661398678.515146017 -4.15555 -0.16555 1.04068 0.03935 -0.26653 0.14224 0.95246
1661398678.525146008 -4.15670 -0.16621 1.04139 0.03917 -0.26703 0.14196 0.95237
1661398678.535145998 -4.15783 -0.16687 1.04205 0.03900 -0.26748 0.14168 0.95229
1661398678.545145988 -4.15895 -0.16753 1.04267 0.03883 -0.26787 0.14140 0.95223
1661398678.555145979 -4.16004 -0.16819 1.04325 0.03867 -0.26822 0.14112 0.95218
1661398678.565145969 -4.16111 -0.16885 1.04379 0.03850 -0.26851 0.14084 0.95215
1661398678.575146198 -4.16216 -0.16951 1.04430 0.03833 -0.26877 0.14056 0.95212
1661398678.585145950 -4.16319 -0.17015 1.04477 0.03816 -0.26900 0.14027 0.95211
1661398678.595146179 -4.16420 -0.17080 1.04521 0.03799 -0.26922 0.13998 0.95209
1661398678.605145931 -4.16519 -0.17144 1.04563 0.03781 -0.26944 0.13969 0.95208
1661398678.615146160 -4.16616 -0.17206 1.04603 0.03763 -0.26967 0.13940 0.95207
1661398678.625145912 -4.16711 -0.17268 1.04642 0.03744 -0.26992 0.13909 0.95205
1661398678.635146141 -4.16803 -0.17329 1.04679 0.03724 -0.27020 0.13879 0.95202
1661398678.645145893 -4.16894 -0.17389 1.04716 0.03703 -0.27052 0.13847 0.95198
1661398678.655146122 -4.16983 -0.17447 1.04752 0.03681 -0.27090 0.13815 0.95193
1661398678.665145874 -4.17069 -0.17504 1.04789 0.03659 -0.27133 0.13782 0.95186
1661398678.675146103 -4.17154 -0.17560 1.04825 0.03635 -0.27180 0.13749 0.95179
1661398678.685145855 -4.17236 -0.17615 1.04862 0.03610 -0.27232 0.13715 0.95170
1661398678.695146084 -4.17317 -0.17669 1.04900 0.03585 -0.27287 0.13680 0.95160
1661398678.705146074 -4.17394 -0.17722 1.04938 0.03558 -0.27346 0.13644 0.95149
1661398678.715146065 -4.17470 -0.17775 1.04977 0.03530 -0.27408 0.13608 0.95138
1661398678.725146055 -4.17544 -0.17827 1.05018 0.03502 -0.27472 0.13571 0.95125
1661398678.735146046 -4.17615 -0.17878 1.05059 0.03473 -0.27539 0.13533 0.95113
1661398678.745146036 -4.17683 -0.17929 1.05103 0.03443 -0.27607 0.13495 0.95099
1661398678.755146027 -4.17750 -0.17980 1.05148 0.03412 -0.27676 0.13456 0.95086
1661398678.765146017 -4.17814 -0.18031 1.05194 0.03380 -0.27746 0.13416 0.95072
1661398678.775146008 -4.17875 -0.18081 1.05242 0.03348 -0.27816 0.13376 0.95059
1661398678.785145998 -4.17935 -0.18131 1.05290 0.03314 -0.27886 0.13335 0.95045
1661398678.795145988 -4.17992 -0.18181 1.05339 0.03279 -0.27954 0.13293 0.95032
1661398678.805145979 -4.18047 -0.18231 1.05388 0.03244 -0.28020 0.13251 0.95020
1661398678.815145969 -4.18100 -0.18281 1.05436 0.03207 -0.28084 0.13209 0.95008
1661398678.825145960 -4.18151 -0.18331 1.05484 0.03169 -0.28145 0.13167 0.94997
1661398678.835146189 -4.18201 -0.18380 1.05530 0.03131 -0.28201 0.13124 0.94988
1661398678.845145941 -4.18248 -0.18430 1.05576 0.03090 -0.28253 0.13081 0.94979
1661398678.855146170 -4.18294 -0.18480 1.05619 0.03049 -0.28301 0.13037 0.94973
1661398678.865145922 -4.18338 -0.18530 1.05662 0.03007 -0.28343 0.12994 0.94967
1661398678.875146151 -4.18380 -0.18579 1.05703 0.02965 -0.28382 0.12950 0.94963
1661398678.885145903 -4.18421 -0.18629 1.05743 0.02924 -0.28418 0.12907 0.94959
1661398678.895146132 -4.18460 -0.18678 1.05782 0.02884 -0.28452 0.12865 0.94956
1661398678.905145884 -4.18497 -0.18726 1.05822 0.02846 -0.28483 0.12823 0.94954
1661398678.915146112 -4.18532 -0.18773 1.05861 0.02810 -0.28513 0.12781 0.94951
1661398678.925145864 -4.18566 -0.18820 1.05900 0.02777 -0.28543 0.12741 0.94949
1661398678.935146093 -4.18599 -0.18865 1.05940 0.02748 -0.28573 0.12701 0.94946
1661398678.945145845 -4.18630 -0.18909 1.05981 0.02723 -0.28604 0.12662 0.94942
1661398678.955146074 -4.18659 -0.18952 1.06024 0.02703 -0.28636 0.12625 0.94938
1661398678.965146065 -4.18688 -0.18994 1.06067 0.02687 -0.28670 0.12589 0.94933
1661398678.975146055 -4.18715 -0.19034 1.06111 0.02674 -0.28706 0.12553 0.94928
1661398678.985146046 -4.18741 -0.19074 1.06156 0.02665 -0.28743 0.12518 0.94921
1661398678.995146036 -4.18766 -0.19113 1.06201 0.02657 -0.28783 0.12483 0.94914
1661398679.005146027 -4.18791 -0.19151 1.06248 0.02651 -0.28825 0.12448 0.94906
1661398679.015146017 -4.18816 -0.19189 1.06295 0.02646 -0.28869 0.12413 0.94897
1661398679.025146008 -4.18840 -0.19226 1.06342 0.02641 -0.28916 0.12377 0.94888
1661398679.035145998 -4.18865 -0.19262 1.06390 0.02635 -0.28966 0.12340 0.94878
1661398679.045145988 -4.18890 -0.19299 1.06438 0.02628 -0.29018 0.12303 0.94867
1661398679.055145979 -4.18915 -0.19335 1.06487 0.02619 -0.29073 0.12263 0.94855
1661398679.065145969 -4.18941 -0.19371 1.06535 0.02607 -0.29131 0.12223 0.94843
1661398679.075146198 -4.18967 -0.19407 1.06584 0.02593 -0.29191 0.12182 0.94830
1661398679.085145950 -4.18993 -0.19442 1.06632 0.02577 -0.29254 0.12140 0.94817
1661398679.095146179 -4.19020 -0.19476 1.06680 0.02557 -0.29318 0.12097 0.94803
1661398679.105145931 -4.19047 -0.19509 1.06728 0.02534 -0.29384 0.12054 0.94789
1661398679.115146160 -4.19073 -0.19541 1.06776 0.02508 -0.29451 0.12011 0.94774
1661398679.125145912 -4.19100 -0.19572 1.06823 0.02478 -0.29519 0.11968 0.94759
1661398679.135146141 -4.19127 -0.19601 1.06869 0.02444 -0.29587 0.11925 0.94744
1661398679.145145893 -4.19154 -0.19629 1.06915 0.02406 -0.29656 0.11883 0.94729
1661398679.155146122 -4.19181 -0.19654 1.06960 0.02363 -0.29726 0.11842 0.94713
1661398679.165145874 -4.19208 -0.19678 1.07005 0.02317 -0.29795 0.11801 0.94697
1661398679.175146103 -4.19236 -0.19700 1.07048 0.02267 -0.29865 0.11762 0.94682
1661398679.185145855 -4.19264 -0.19719 1.07091 0.02215 -0.29935 0.11723 0.94666
1661398679.195146084 -4.19293 -0.19737 1.07133 0.02161 -0.30005 0.11686 0.94649
1661398679.205146074 -4.19323 -0.19752 1.07174 0.02106 -0.30076 0.11651 0.94632
1661398679.215146065 -4.19354 -0.19764 1.07213 0.02051 -0.30148 0.11617 0.94615
1661398679.225146055 -4.19387 -0.19775 1.07252 0.01995 -0.30220 0.11584 0.94597
1661398679.235146046 -4.19422 -0.19783 1.07290 0.01940 -0.30293 0.11554 0.94578
1661398679.245146036 -4.19459 -0.19788 1.07326 0.01887 -0.30367 0.11526 0.94559
1661398679.255146027 -4.19498 -0.19791 1.07361 0.01836 -0.30441 0.11500 0.94540
1661398679.265146017 -4.19539 -0.19791 1.07395 0.01786 -0.30516 0.11475 0.94519
1661398679.275146008 -4.19582 -0.19789 1.07427 0.01739 -0.30592 0.11453 0.94498
1661398679.285145998 -4.19626 -0.19784 1.07459 0.01692 -0.30668 0.11432 0.94477
1661398679.295145988 -4.19671 -0.19777 1.07490 0.01647 -0.30743 0.11412 0.94456
1661398679.305145979 -4.19717 -0.19769 1.07520 0.01604 -0.30819 0.11394 0.94434
1661398679.315145969 -4.19762 -0.19758 1.07549 0.01561 -0.30894 0.11376 0.94412
1661398679.325145960 -4.19808 -0.19746 1.07578 0.01519 -0.30969 0.11359 0.94391
1661398679.335146189 -4.19854 -0.19731 1.07606 0.01477 -0.31043 0.11343 0.94369
1661398679.345145941 -4.19898 -0.19716 1.07633 0.01436 -0.31116 0.11326 0.94348
1661398679.355146170 -4.19942 -0.19699 1.07661 0.01395 -0.31187 0.11310 0.94327
1661398679.365145922 -4.19984 -0.19680 1.07687 0.01354 -0.31257 0.11294 0.94306
1661398679.375146151 -4.20026 -0.19659 1.07713 0.01313 -0.31326 0.11278 0.94286
1661398679.385145903 -4.20068 -0.19637 1.07738 0.01272 -0.31392 0.11262 0.94266
1661398679.395146132 -4.20109 -0.19612 1.07761 0.01232 -0.31456 0.11247 0.94247
1661398679.405145884 -4.20149 -0.19586 1.07784 0.01191 -0.31517 0.11232 0.94229
1661398679.415146112 -4.20190 -0.19557 1.07804 0.01151 -0.31576 0.11218 0.94212
1661398679.425145864 -4.20231 -0.19526 1.07823 0.01110 -0.31631 0.11204 0.94195
1661398679.435146093 -4.20272 -0.19492 1.07840 0.01070 -0.31683 0.11191 0.94180
1661398679.445145845 -4.20313 -0.19455 1.07855 0.01029 -0.31731 0.11179 0.94165
1661398679.455146074 -4.20355 -0.19416 1.07868 0.00989 -0.31775 0.11168 0.94152
1661398679.465146065 -4.20397 -0.19374 1.07879 0.00948 -0.31815 0.11158 0.94140
1661398679.475146055 -4.20440 -0.19329 1.07887 0.00907 -0.31851 0.11148 0.94130
1661398679.485146046 -4.20483 -0.19280 1.07893 0.00865 -0.31883 0.11138 0.94120
1661398679.495146036 -4.20525 -0.19229 1.07896 0.00823 -0.31911 0.11127 0.94113
1661398679.505146027 -4.20568 -0.19174 1.07897 0.00779 -0.31934 0.11116 0.94107
1661398679.515146017 -4.20609 -0.19115 1.07896 0.00734 -0.31953 0.11104 0.94102
1661398679.525146008 -4.20650 -0.19054 1.07893 0.00688 -0.31967 0.11090 0.94099
1661398679.535145998 -4.20691 -0.18988 1.07888 0.00640 -0.31977 0.11074 0.94098
1661398679.545145988 -4.20730 -0.18919 1.07880 0.00591 -0.31982 0.11057 0.94099
1661398679.555145979 -4.20768 -0.18845 1.07870 0.00539 -0.31983 0.11037 0.94101
1661398679.565145969 -4.20805 -0.18768 1.07858 0.00487 -0.31979 0.11015 0.94105
1661398679.575146198 -4.20841 -0.18688 1.07842 0.00433 -0.31971 0.10990 0.94111
1661398679.585145950 -4.20878 -0.18605 1.07824 0.00379 -0.31960 0.10963 0.94118
1661398679.595146179 -4.20914 -0.18518 1.07803 0.00326 -0.31945 0.10933 0.94127
1661398679.605145931 -4.20950 -0.18428 1.07779 0.00274 -0.31927 0.10901 0.94137
1661398679.615146160 -4.20987 -0.18336 1.07751 0.00224 -0.31907 0.10866 0.94148
1661398679.625145912 -4.21025 -0.18242 1.07720 0.00176 -0.31884 0.10829 0.94160
1661398679.635146141 -4.21065 -0.18145 1.07684 0.00131 -0.31859 0.10790 0.94173
1661398679.645145893 -4.21106 -0.18046 1.07645 0.00090 -0.31833 0.10748 0.94187
1661398679.655146122 -4.21148 -0.17945 1.07601 0.00052 -0.31805 0.10704 0.94201
1661398679.665145874 -4.21193 -0.17842 1.07553 0.00020 -0.31776 0.10659 0.94216
1661398679.675146103 -4.21239 -0.17736 1.07502 -0.00008 -0.31745 0.10612 0.94232
1661398679.685145855 -4.21287 -0.17628 1.07447 -0.00032 -0.31714 0.10566 0.94247
1661398679.695146084 -4.21336 -0.17517 1.07388 -0.00050 -0.31681 0.10520 0.94264
1661398679.705146074 -4.21386 -0.17403 1.07327 -0.00064 -0.31647 0.10476 0.94280
1661398679.715146065 -4.21438 -0.17286 1.07262 -0.00072 -0.31612 0.10434 0.94296
1661398679.725146055 -4.21492 -0.17164 1.07195 -0.00075 -0.31576 0.10395 0.94313
1661398679.735146046 -4.21546 -0.17039 1.07126 -0.00073 -0.31539 0.10360 0.94329
1661398679.745146036 -4.21601 -0.16910 1.07054 -0.00065 -0.31501 0.10330 0.94345
1661398679.755146027 -4.21658 -0.16777 1.06980 -0.00051 -0.31462 0.10305 0.94361
1661398679.765146017 -4.21715 -0.16639 1.06905 -0.00032 -0.31423 0.10285 0.94376
1661398679.775146008 -4.21772 -0.16496 1.06828 -0.00010 -0.31382 0.10268 0.94391
1661398679.785145998 -4.21830 -0.16349 1.06749 0.00016 -0.31342 0.10255 0.94406
1661398679.795145988 -4.21887 -0.16198 1.06668 0.00043 -0.31301 0.10244 0.94421
1661398679.805145979 -4.21944 -0.16042 1.06586 0.00072 -0.31260 0.10234 0.94436
1661398679.815145969 -4.22000 -0.15881 1.06503 0.00101 -0.31219 0.10225 0.94450
1661398679.825145960 -4.22056 -0.15716 1.06418 0.00130 -0.31179 0.10216 0.94464
1661398679.835146189 -4.22110 -0.15546 1.06331 0.00156 -0.31139 0.10206 0.94479
1661398679.845145941 -4.22163 -0.15371 1.06244 0.00181 -0.31100 0.10194 0.94493
1661398679.855146170 -4.22214 -0.15192 1.06155 0.00201 -0.31061 0.10180 0.94507
1661398679.865145922 -4.22263 -0.15008 1.06066 0.00218 -0.31023 0.10164 0.94521
1661398679.875146151 -4.22310 -0.14819 1.05976 0.00232 -0.30984 0.10147 0.94535
1661398679.885145903 -4.22354 -0.14625 1.05885 0.00241 -0.30944 0.10128 0.94551
1661398679.895146132 -4.22396 -0.14426 1.05795 0.00247 -0.30901 0.10108 0.94567
1661398679.905145884 -4.22436 -0.14223 1.05705 0.00248 -0.30855 0.10088 0.94584
1661398679.915146112 -4.22472 -0.14014 1.05615 0.00245 -0.30805 0.10068 0.94603
1661398679.925145864 -4.22506 -0.13801 1.05526 0.00237 -0.30750 0.10048 0.94623
1661398679.935146093 -4.22536 -0.13582 1.05438 0.00224 -0.30689 0.10029 0.94644
1661398679.945145845 -4.22563 -0.13359 1.05352 0.00207 -0.30621 0.10012 0.94668
1661398679.955146074 -4.22586 -0.13131 1.05268 0.00185 -0.30546 0.09996 0.94694
1661398679.965146065 -4.22606 -0.12897 1.05185 0.00160 -0.30465 0.09982 0.94722
1661398679.975146055 -4.22622 -0.12659 1.05106 0.00135 -0.30378 0.09971 0.94751
1661398679.985146046 -4.22635 -0.12416 1.05030 0.00109 -0.30287 0.09961 0.94781
1661398679.995146036 -4.22645 -0.12167 1.04958 0.00087 -0.30192 0.09954 0.94812
1661398680.005146027 -4.22652 -0.11914 1.04890 0.00070 -0.30095 0.09950 0.94843
1661398680.015146017 -4.22655 -0.11656 1.04827 0.00059 -0.29997 0.09949 0.94875
1661398680.025146008 -4.22655 -0.11394 1.04770 0.00056 -0.29899 0.09950 0.94905
1661398680.035145998 -4.22652 -0.11126 1.04719 0.00064 -0.29802 0.09955 0.94935
1661398680.045145988 -4.22646 -0.10854 1.04675 0.00085 -0.29706 0.09963 0.94964
1661398680.055145979 -4.22637 -0.10577 1.04638 0.00120 -0.29614 0.09975 0.94992
1661398680.065145969 -4.22625 -0.10295 1.04607 0.00166 -0.29524 0.09990 0.95018
1661398680.075146198 -4.22610 -0.10008 1.04582 0.00223 -0.29438 0.10007 0.95043
1661398680.085145950 -4.22591 -0.09716 1.04560 0.00287 -0.29355 0.10026 0.95067
1661398680.095146179 -4.22569 -0.09417 1.04541 0.00357 -0.29275 0.10046 0.95089
1661398680.105145931 -4.22543 -0.09113 1.04525 0.00430 -0.29199 0.10068 0.95110
1661398680.115146160 -4.22512 -0.08803 1.04509 0.00505 -0.29126 0.10090 0.95129
1661398680.125145912 -4.22477 -0.08485 1.04493 0.00578 -0.29057 0.10111 0.95148
1661398680.135146141 -4.22438 -0.08162 1.04476 0.00648 -0.28992 0.10132 0.95165
1661398680.145145893 -4.22393 -0.07831 1.04457 0.00712 -0.28930 0.10151 0.95181
1661398680.155146122 -4.22344 -0.07493 1.04435 0.00770 -0.28872 0.10169 0.95197
1661398680.165145874 -4.22289 -0.07148 1.04409 0.00819 -0.28817 0.10185 0.95211
1661398680.175146103 -4.22228 -0.06796 1.04381 0.00861 -0.28762 0.10200 0.95226
1661398680.185145855 -4.22160 -0.06438 1.04349 0.00896 -0.28708 0.10213 0.95241
1661398680.195146084 -4.22084 -0.06074 1.04315 0.00924 -0.28652 0.10225 0.95256
1661398680.205146074 -4.21999 -0.05705 1.04279 0.00945 -0.28593 0.10237 0.95272
1661398680.215146065 -4.21906 -0.05331 1.04240 0.00959 -0.28529 0.10248 0.95290
1661398680.225146055 -4.21803 -0.04951 1.04199 0.00967 -0.28460 0.10258 0.95309
1661398680.235146046 -4.21689 -0.04567 1.04156 0.00968 -0.28384 0.10268 0.95331
1661398680.245146036 -4.21564 -0.04179 1.04112 0.00963 -0.28299 0.10279 0.95355
1661398680.255146027 -4.21428 -0.03787 1.04066 0.00952 -0.28204 0.10289 0.95382
1661398680.265146017 -4.21281 -0.03391 1.04019 0.00936 -0.28103 0.10301 0.95411
1661398680.275146008 -4.21123 -0.02991 1.03971 0.00916 -0.27996 0.10314 0.95441
1661398680.285145998 -4.20956 -0.02586 1.03922 0.00894 -0.27886 0.10329 0.95472
1661398680.295145988 -4.20780 -0.02178 1.03874 0.00870 -0.27776 0.10347 0.95502
1661398680.305145979 -4.20596 -0.01764 1.03826 0.00847 -0.27667 0.10368 0.95532
1661398680.315145969 -4.20405 -0.01347 1.03779 0.00825 -0.27563 0.10394 0.95559
1661398680.325145960 -4.20207 -0.00924 1.03733 0.00805 -0.27466 0.10424 0.95584
1661398680.335146189 -4.20004 -0.00497 1.03688 0.00789 -0.27377 0.10460 0.95606
1661398680.345145941 -4.19795 -0.00065 1.03646 0.00777 -0.27299 0.10502 0.95623
1661398680.355146170 -4.19583 0.00373 1.03606 0.00772 -0.27235 0.10550 0.95637
1661398680.365145922 -4.19366 0.00815 1.03568 0.00772 -0.27184 0.10605 0.95645
1661398680.375146151 -4.19146 0.01262 1.03533 0.00779 -0.27144 0.10667 0.95649
1661398680.385145903 -4.18924 0.01713 1.03501 0.00792 -0.27116 0.10734 0.95650
1661398680.395146132 -4.18699 0.02169 1.03471 0.00810 -0.27099 0.10807 0.95646
1661398680.405145884 -4.18472 0.02629 1.03445 0.00835 -0.27091 0.10886 0.95639
1661398680.415146112 -4.18243 0.03093 1.03421 0.00866 -0.27091 0.10970 0.95629
1661398680.425145864 -4.18014 0.03561 1.03401 0.00902 -0.27100 0.11059 0.95616
1661398680.435146093 -4.17784 0.04032 1.03384 0.00945 -0.27116 0.11153 0.95600
1661398680.445145845 -4.17554 0.04507 1.03370 0.00993 -0.27138 0.11251 0.95582
1661398680.455146074 -4.17324 0.04985 1.03360 0.01047 -0.27166 0.11353 0.95562
1661398680.465146065 -4.17095 0.05466 1.03353 0.01106 -0.27198 0.11459 0.95539
1661398680.475146055 -4.16866 0.05950 1.03350 0.01167 -0.27233 0.11568 0.95516
1661398680.485146046 -4.16637 0.06438 1.03351 0.01228 -0.27269 0.11678 0.95491
1661398680.495146036 -4.16409 0.06928 1.03355 0.01288 -0.27305 0.11790 0.95466
1661398680.505146027 -4.16180 0.07422 1.03362 0.01346 -0.27341 0.11902 0.95441
1661398680.515146017 -4.15952 0.07920 1.03374 0.01399 -0.27374 0.12014 0.95417
1661398680.525146008 -4.15724 0.08420 1.03388 0.01446 -0.27403 0.12125 0.95394
1661398680.535145998 -4.15496 0.08924 1.03407 0.01484 -0.27427 0.12235 0.95372
1661398680.545145988 -4.15267 0.09431 1.03429 0.01513 -0.27445 0.12342 0.95353
1661398680.555145979 -4.15039 0.09941 1.03455 0.01531 -0.27456 0.12445 0.95336
1661398680.565145969 -4.14811 0.10453 1.03485 0.01540 -0.27460 0.12546 0.95321
1661398680.575146198 -4.14583 0.10968 1.03518 0.01544 -0.27459 0.12643 0.95309
1661398680.585145950 -4.14356 0.11484 1.03555 0.01547 -0.27455 0.12737 0.95297
1661398680.595146179 -4.14130 0.12001 1.03596 0.01551 -0.27449 0.12827 0.95287
1661398680.605145931 -4.13905 0.12519 1.03640 0.01559 -0.27441 0.12913 0.95277
1661398680.615146160 -4.13681 0.13036 1.03689 0.01576 -0.27434 0.12996 0.95268
1661398680.625145912 -4.13459 0.13552 1.03741 0.01603 -0.27429 0.13075 0.95258
1661398680.635146141 -4.13240 0.14066 1.03797 0.01645 -0.27427 0.13149 0.95248
1661398680.645145893 -4.13022 0.14578 1.03856 0.01704 -0.27430 0.13220 0.95236
1661398680.655146122 -4.12807 0.15088 1.03920 0.01783 -0.27438 0.13287 0.95223
1661398680.665145874 -4.12595 0.15595 1.03986 0.01879 -0.27451 0.13350 0.95209
1661398680.675146103 -4.12385 0.16100 1.04055 0.01988 -0.27468 0.13411 0.95193
1661398680.685145855 -4.12177 0.16603 1.04126 0.02105 -0.27489 0.13471 0.95176
1661398680.695146084 -4.11971 0.17105 1.04198 0.02227 -0.27513 0.13531 0.95158
1661398680.705146074 -4.11768 0.17605 1.04270 0.02349 -0.27540 0.13591 0.95138
1661398680.715146065 -4.11567 0.18104 1.04343 0.02468 -0.27567 0.13653 0.95119
1661398680.725146055 -4.11368 0.18603 1.04415 0.02579 -0.27596 0.13718 0.95098
1661398680.735146046 -4.11171 0.19101 1.04485 0.02679 -0.27624 0.13786 0.95077
1661398680.745146036 -4.10976 0.19598 1.04553 0.02762 -0.27652 0.13859 0.95056
1661398680.755146027 -4.10783 0.20096 1.04618 0.02827 -0.27679 0.13936 0.95035
1661398680.765146017 -4.10591 0.20594 1.04681 0.02874 -0.27703 0.14018 0.95015
1661398680.775146008 -4.10401 0.21093 1.04741 0.02904 -0.27724 0.14102 0.94995
1661398680.785145998 -4.10211 0.21592 1.04799 0.02919 -0.27740 0.14186 0.94977
1661398680.795145988 -4.10022 0.22092 1.04855 0.02921 -0.27751 0.14270 0.94962
1661398680.805145979 -4.09833 0.22594 1.04909 0.02911 -0.27755 0.14351 0.94949
1661398680.815145969 -4.09643 0.23098 1.04960 0.02890 -0.27751 0.14427 0.94939
1661398680.825145960 -4.09453 0.23603 1.05010 0.02862 -0.27738 0.14498 0.94933
1661398680.835146189 -4.09262 0.24110 1.05058 0.02826 -0.27715 0.14560 0.94931
1661398680.845145941 -4.09069 0.24620 1.05105 0.02785 -0.27681 0.14614 0.94934
1661398680.855146170 -4.08875 0.25132 1.05150 0.02739 -0.27635 0.14657 0.94942
1661398680.865145922 -4.08679 0.25647 1.05193 0.02691 -0.27580 0.14690 0.94954
1661398680.875146151 -4.08482 0.26164 1.05235 0.02639 -0.27517 0.14714 0.94970
1661398680.885145903 -4.08284 0.26684 1.05276 0.02585 -0.27449 0.14730 0.94989
1661398680.895146132 -4.08084 0.27205 1.05316 0.02528 -0.27378 0.14739 0.95009
1661398680.905145884 -4.07884 0.27729 1.05354 0.02469 -0.27307 0.14743 0.95031
1661398680.915146112 -4.07684 0.28254 1.05391 0.02408 -0.27238 0.14741 0.95053
1661398680.925145864 -4.07483 0.28782 1.05427 0.02346 -0.27173 0.14735 0.95074
1661398680.935146093 -4.07281 0.29311 1.05462 0.02284 -0.27114 0.14726 0.95093
1661398680.945145845 -4.07080 0.29841 1.05495 0.02220 -0.27065 0.14716 0.95111
1661398680.955146074 -4.06879 0.30373 1.05528 0.02157 -0.27026 0.14704 0.95125
1661398680.965146065 -4.06679 0.30907 1.05559 0.02094 -0.26998 0.14691 0.95136
1661398680.975146055 -4.06479 0.31442 1.05589 0.02033 -0.26982 0.14677 0.95144
1661398680.985146046 -4.06281 0.31980 1.05618 0.01974 -0.26977 0.14662 0.95149
1661398680.995146036 -4.06085 0.32519 1.05646 0.01920 -0.26982 0.14645 0.95151
1661398681.005146027 -4.05890 0.33061 1.05672 0.01870 -0.26999 0.14628 0.95150
1661398681.015146017 -4.05698 0.33606 1.05697 0.01826 -0.27026 0.14609 0.95147
1661398681.025146008 -4.05509 0.34153 1.05721 0.01789 -0.27063 0.14588 0.95140
1661398681.035145998 -4.05323 0.34704 1.05744 0.01760 -0.27111 0.14566 0.95130
1661398681.045145988 -4.05140 0.35258 1.05765 0.01740 -0.27170 0.14542 0.95117
1661398681.055145979 -4.04961 0.35815 1.05784 0.01729 -0.27238 0.14517 0.95102
1661398681.065145969 -4.04786 0.36375 1.05803 0.01727 -0.27314 0.14489 0.95084
1661398681.075146198 -4.04613 0.36940 1.05820 0.01733 -0.27392 0.14459 0.95066
1661398681.085145950 -4.04444 0.37508 1.05837 0.01746 -0.27469 0.14426 0.95049
1661398681.095146179 -4.04277 0.38080 1.05852 0.01765 -0.27542 0.14389 0.95033
1661398681.105145931 -4.04113 0.38657 1.05867 0.01789 -0.27608 0.14348 0.95020
1661398681.115146160 -4.03950 0.39237 1.05882 0.01817 -0.27662 0.14302 0.95010
1661398681.125145912 -4.03789 0.39823 1.05896 0.01847 -0.27701 0.14252 0.95006
1661398681.135146141 -4.03629 0.40413 1.05910 0.01880 -0.27721 0.14196 0.95008
1661398681.145145893 -4.03470 0.41008 1.05924 0.01914 -0.27718 0.14134 0.95017
1661398681.155146122 -4.03311 0.41607 1.05938 0.01948 -0.27691 0.14066 0.95034
1661398681.165145874 -4.03153 0.42212 1.05952 0.01983 -0.27643 0.13993 0.95059
1661398681.175146103 -4.02997 0.42820 1.05967 0.02018 -0.27580 0.13915 0.95088
1661398681.185145855 -4.02842 0.43431 1.05982 0.02054 -0.27507 0.13834 0.95120
1661398681.195146084 -4.02689 0.44045 1.05999 0.02091 -0.27428 0.13751 0.95154
1661398681.205146074 -4.02539 0.44662 1.06016 0.02129 -0.27350 0.13667 0.95187
1661398681.215146065 -4.02391 0.45281 1.06034 0.02169 -0.27278 0.13582 0.95219
1661398681.225146055 -4.02247 0.45900 1.06054 0.02211 -0.27218 0.13499 0.95248
1661398681.235146046 -4.02106 0.46521 1.06075 0.02255 -0.27173 0.13418 0.95271
1661398681.245146036 -4.01968 0.47141 1.06098 0.02301 -0.27150 0.13339 0.95287
1661398681.255146027 -4.01835 0.47762 1.06123 0.02350 -0.27153 0.13265 0.95295
1661398681.265146017 -4.01705 0.48382 1.06150 0.02401 -0.27179 0.13194 0.95297
1661398681.275146008 -4.01579 0.49003 1.06178 0.02452 -0.27222 0.13128 0.95292
1661398681.285145998 -4.01454 0.49625 1.06207 0.02502 -0.27279 0.13065 0.95283
1661398681.295145988 -4.01332 0.50247 1.06237 0.02552 -0.27345 0.13005 0.95271
1661398681.305145979 -4.01211 0.50872 1.06268 0.02599 -0.27416 0.12948 0.95257
1661398681.315145969 -4.01090 0.51498 1.06299 0.02643 -0.27487 0.12895 0.95243
1661398681.325145960 -4.00969 0.52126 1.06331 0.02683 -0.27553 0.12844 0.95230
1661398681.335146189 -4.00848 0.52757 1.06363 0.02717 -0.27611 0.12796 0.95218
1661398681.345145941 -4.00726 0.53392 1.06395 0.02745 -0.27655 0.12750 0.95211
1661398681.355146170 -4.00602 0.54029 1.06427 0.02767 -0.27682 0.12707 0.95208
1661398681.365145922 -4.00476 0.54670 1.06459 0.02783 -0.27695 0.12666 0.95209
1661398681.375146151 -4.00351 0.55313 1.06491 0.02797 -0.27696 0.12628 0.95214
1661398681.385145903 -4.00225 0.55960 1.06523 0.02811 -0.27689 0.12594 0.95220
1661398681.395146132 -4.00101 0.56608 1.06555 0.02827 -0.27676 0.12565 0.95227
1661398681.405145884 -3.99978 0.57258 1.06589 0.02848 -0.27662 0.12540 0.95234
1661398681.415146112 -3.99856 0.57910 1.06623 0.02875 -0.27649 0.12520 0.95239
1661398681.425145864 -3.99738 0.58564 1.06657 0.02911 -0.27640 0.12506 0.95243
1661398681.435146093 -3.99623 0.59218 1.06694 0.02959 -0.27639 0.12498 0.95242
1661398681.445145845 -3.99513 0.59873 1.06731 0.03020 -0.27649 0.12497 0.95238
1661398681.455146074 -3.99407 0.60529 1.06770 0.03097 -0.27672 0.12502 0.95228
1661398681.465146065 -3.99305 0.61185 1.06810 0.03188 -0.27708 0.12515 0.95213
1661398681.475146055 -3.99206 0.61840 1.06852 0.03289 -0.27756 0.12535 0.95193
1661398681.485146046 -3.99110 0.62494 1.06895 0.03400 -0.27814 0.12562 0.95168
1661398681.495146036 -3.99017 0.63147 1.06939 0.03517 -0.27882 0.12596 0.95140
1661398681.505146027 -3.98924 0.63798 1.06985 0.03638 -0.27959 0.12636 0.95107
1661398681.515146017 -3.98833 0.64446 1.07031 0.03760 -0.28044 0.12684 0.95071
1661398681.525146008 -3.98742 0.65092 1.07079 0.03882 -0.28136 0.12738 0.95032
1661398681.535145998 -3.98650 0.65734 1.07127 0.04000 -0.28233 0.12799 0.94990
1661398681.545145988 -3.98557 0.66372 1.07176 0.04112 -0.28334 0.12866 0.94946
1661398681.555145979 -3.98463 0.67007 1.07226 0.04216 -0.28439 0.12940 0.94900
1661398681.565145969 -3.98365 0.67636 1.07277 0.04312 -0.28545 0.13020 0.94853
1661398681.575146198 -3.98266 0.68262 1.07328 0.04399 -0.28646 0.13106 0.94806
1661398681.585145950 -3.98162 0.68882 1.07379 0.04477 -0.28741 0.13197 0.94761
1661398681.595146179 -3.98054 0.69498 1.07430 0.04545 -0.28826 0.13292 0.94719
1661398681.605145931 -3.97942 0.70109 1.07481 0.04604 -0.28898 0.13391 0.94681
1661398681.615146160 -3.97825 0.70714 1.07532 0.04653 -0.28952 0.13494 0.94647
1661398681.625145912 -3.97701 0.71314 1.07582 0.04692 -0.28986 0.13601 0.94619
1661398681.635146141 -3.97572 0.71909 1.07632 0.04720 -0.28995 0.13709 0.94599
1661398681.645145893 -3.97435 0.72499 1.07680 0.04738 -0.28978 0.13820 0.94588
1661398681.655146122 -3.97291 0.73082 1.07728 0.04744 -0.28931 0.13933 0.94585
1661398681.665145874 -3.97141 0.73661 1.07774 0.04741 -0.28860 0.14047 0.94590
1661398681.675146103 -3.96984 0.74234 1.07818 0.04730 -0.28773 0.14161 0.94600
1661398681.685145855 -3.96823 0.74803 1.07861 0.04712 -0.28674 0.14275 0.94614
1661398681.695146084 -3.96657 0.75367 1.07901 0.04690 -0.28573 0.14389 0.94629
1661398681.705146074 -3.96488 0.75928 1.07939 0.04665 -0.28474 0.14501 0.94642
1661398681.715146065 -3.96317 0.76485 1.07974 0.04638 -0.28386 0.14612 0.94653
1661398681.725146055 -3.96144 0.77038 1.08006 0.04610 -0.28315 0.14721 0.94659
1661398681.735146046 -3.95970 0.77589 1.08035 0.04585 -0.28268 0.14828 0.94658
1661398681.745146036 -3.95797 0.78137 1.08060 0.04563 -0.28251 0.14931 0.94647
1661398681.755146027 -3.95624 0.78683 1.08082 0.04545 -0.28270 0.15030 0.94627
1661398681.765146017 -3.95450 0.79226 1.08099 0.04531 -0.28321 0.15127 0.94597
1661398681.775146008 -3.95277 0.79766 1.08114 0.04521 -0.28397 0.15221 0.94559
1661398681.785145998 -3.95101 0.80304 1.08125 0.04513 -0.28494 0.15313 0.94516
1661398681.795145988 -3.94923 0.80838 1.08134 0.04507 -0.28605 0.15402 0.94468
1661398681.805145979 -3.94742 0.81369 1.08140 0.04501 -0.28725 0.15491 0.94417
1661398681.815145969 -3.94557 0.81897 1.08145 0.04496 -0.28847 0.15579 0.94366
1661398681.825145960 -3.94366 0.82420 1.08147 0.04491 -0.28966 0.15666 0.94315
1661398681.835146189 -3.94170 0.82939 1.08148 0.04484 -0.29076 0.15754 0.94267
1661398681.845145941 -3.93967 0.83454 1.08148 0.04475 -0.29172 0.15842 0.94223
1661398681.855146170 -3.93757 0.83965 1.08147 0.04464 -0.29248 0.15931 0.94185
1661398681.865145922 -3.93539 0.84471 1.08145 0.04450 -0.29305 0.16021 0.94153
1661398681.875146151 -3.93314 0.84974 1.08143 0.04435 -0.29347 0.16111 0.94125
1661398681.885145903 -3.93080 0.85475 1.08140 0.04419 -0.29374 0.16199 0.94102
1661398681.895146132 -3.92839 0.85973 1.08137 0.04403 -0.29390 0.16286 0.94083
1661398681.905145884 -3.92590 0.86469 1.08135 0.04386 -0.29396 0.16370 0.94067
1661398681.915146112 -3.92333 0.86965 1.08132 0.04371 -0.29394 0.16452 0.94054
1661398681.925145864 -3.92068 0.87460 1.08131 0.04356 -0.29387 0.16530 0.94043
1661398681.935146093 -3.91795 0.87956 1.08130 0.04344 -0.29377 0.16603 0.94034
1661398681.945145845 -3.91513 0.88452 1.08130 0.04334 -0.29366 0.16671 0.94026
1661398681.955146074 -3.91223 0.88949 1.08131 0.04327 -0.29356 0.16733 0.94019
1661398681.965146065 -3.90926 0.89448 1.08133 0.04325 -0.29348 0.16791 0.94011
1661398681.975146055 -3.90622 0.89947 1.08137 0.04327 -0.29343 0.16844 0.94003
1661398681.985146046 -3.90313 0.90446 1.08141 0.04335 -0.29343 0.16894 0.93994
1661398681.995146036 -3.89998 0.90945 1.08148 0.04350 -0.29348 0.16941 0.93983
1661398682.005146027 -3.89680 0.91443 1.08156 0.04372 -0.29359 0.16986 0.93970
1661398682.015146017 -3.89358 0.91939 1.08165 0.04404 -0.29378 0.17030 0.93955
1661398682.025146008 -3.89034 0.92434 1.08176 0.04445 -0.29405 0.17073 0.93937
1661398682.035145998 -3.88708 0.92927 1.08189 0.04496 -0.29442 0.17117 0.93914
1661398682.045145988 -3.88381 0.93418 1.08203 0.04560 -0.29490 0.17162 0.93888
1661398682.055145979 -3.88055 0.93906 1.08219 0.04635 -0.29549 0.17210 0.93857
1661398682.065145969 -3.87728 0.94390 1.08238 0.04721 -0.29617 0.17258 0.93823
1661398682.075146198 -3.87401 0.94873 1.08258 0.04814 -0.29693 0.17309 0.93784
1661398682.085145950 -3.87073 0.95353 1.08282 0.04913 -0.29776 0.17360 0.93744
1661398682.095146179 -3.86745 0.95831 1.08309 0.05014 -0.29862 0.17413 0.93701
1661398682.105145931 -3.86416 0.96307 1.08339 0.05116 -0.29951 0.17466 0.93657
1661398682.115146160 -3.86085 0.96781 1.08374 0.05216 -0.30041 0.17520 0.93613
1661398682.125145912 -3.85753 0.97254 1.08412 0.05312 -0.30129 0.17574 0.93569
1661398682.135146141 -3.85419 0.97725 1.08455 0.05401 -0.30214 0.17628 0.93526
1661398682.145145893 -3.85084 0.98196 1.08503 0.05481 -0.30294 0.17682 0.93486
1661398682.155146122 -3.84746 0.98665 1.08555 0.05550 -0.30367 0.17735 0.93448
1661398682.165145874 -3.84407 0.99134 1.08613 0.05609 -0.30434 0.17789 0.93412
1661398682.175146103 -3.84067 0.99601 1.08677 0.05657 -0.30494 0.17842 0.93380
1661398682.185145855 -3.83727 1.00067 1.08745 0.05698 -0.30549 0.17895 0.93349
1661398682.195146084 -3.83387 1.00532 1.08817 0.05730 -0.30598 0.17950 0.93321
1661398682.205146074 -3.83047 1.00994 1.08895 0.05756 -0.30641 0.18005 0.93294
1661398682.215146065 -3.82708 1.01454 1.08977 0.05776 -0.30679 0.18061 0.93270
1661398682.225146055 -3.82372 1.01913 1.09064 0.05791 -0.30712 0.18119 0.93247
1661398682.235146046 -3.82037 1.02368 1.09156 0.05803 -0.30741 0.18179 0.93225
1661398682.245146036 -3.81705 1.02822 1.09252 0.05811 -0.30765 0.18240 0.93204
1661398682.255146027 -3.81377 1.03272 1.09352 0.05818 -0.30786 0.18304 0.93185
1661398682.265146017 -3.81051 1.03719 1.09455 0.05824 -0.30804 0.18370 0.93165
1661398682.275146008 -3.80730 1.04164 1.09561 0.05830 -0.30823 0.18439 0.93145
1661398682.285145998 -3.80412 1.04605 1.09668 0.05837 -0.30844 0.18510 0.93123
1661398682.295145988 -3.80097 1.05043 1.09775 0.05847 -0.30870 0.18584 0.93099
1661398682.305145979 -3.79786 1.05478 1.09880 0.05859 -0.30903 0.18660 0.93072
1661398682.315145969 -3.79479 1.05910 1.09984 0.05876 -0.30946 0.18739 0.93041
1661398682.325145960 -3.79175 1.06338 1.10085 0.05898 -0.30999 0.18820 0.93006
1661398682.335146189 -3.78875 1.06762 1.10181 0.05927 -0.31066 0.18904 0.92964
1661398682.345145941 -3.78579 1.07183 1.10272 0.05963 -0.31149 0.18991 0.92917
1661398682.355146170 -3.78287 1.07600 1.10357 0.06006 -0.31248 0.19080 0.92862
1661398682.365145922 -3.78000 1.08014 1.10437 0.06054 -0.31357 0.19170 0.92804
1661398682.375146151 -3.77718 1.08424 1.10511 0.06105 -0.31469 0.19260 0.92744
1661398682.385145903 -3.77441 1.08830 1.10583 0.06154 -0.31575 0.19347 0.92687
1661398682.395146132 -3.77171 1.09232 1.10651 0.06200 -0.31667 0.19430 0.92635
1661398682.405145884 -3.76908 1.09631 1.10717 0.06239 -0.31740 0.19508 0.92591
1661398682.415146112 -3.76651 1.10027 1.10781 0.06270 -0.31792 0.19581 0.92556
1661398682.425145864 -3.76398 1.10420 1.10841 0.06294 -0.31825 0.19648 0.92529
1661398682.435146093 -3.76148 1.10812 1.10897 0.06310 -0.31839 0.19711 0.92509
1661398682.445145845 -3.75900 1.11202 1.10948 0.06317 -0.31835 0.19769 0.92498
1661398682.455146074 -3.75652 1.11592 1.10993 0.06316 -0.31814 0.19823 0.92493
1661398682.465146065 -3.75404 1.11981 1.11033 0.06308 -0.31781 0.19873 0.92495
1661398682.475146055 -3.75157 1.12368 1.11068 0.06294 -0.31738 0.19918 0.92501
1661398682.485146046 -3.74912 1.12755 1.11099 0.06275 -0.31690 0.19960 0.92509
1661398682.495146036 -3.74668 1.13140 1.11125 0.06253 -0.31642 0.19997 0.92519
1661398682.505146027 -3.74426 1.13524 1.11148 0.06229 -0.31596 0.20030 0.92529
1661398682.515146017 -3.74186 1.13905 1.11167 0.06204 -0.31558 0.20059 0.92538
1661398682.525146008 -3.73949 1.14285 1.11183 0.06179 -0.31531 0.20083 0.92543
1661398682.535145998 -3.73715 1.14663 1.11197 0.06156 -0.31519 0.20104 0.92544
1661398682.545145988 -3.73484 1.15039 1.11208 0.06136 -0.31527 0.20121 0.92539
1661398682.555145979 -3.73257 1.15413 1.11218 0.06120 -0.31556 0.20133 0.92528
1661398682.565145969 -3.73033 1.15784 1.11226 0.06109 -0.31605 0.20142 0.92510
1661398682.575146198 -3.72812 1.16154 1.11232 0.06101 -0.31670 0.20149 0.92487
1661398682.585145950 -3.72593 1.16523 1.11236 0.06096 -0.31745 0.20153 0.92461
1661398682.595146179 -3.72376 1.16892 1.11239 0.06095 -0.31828 0.20155 0.92432
1661398682.605145931 -3.72161 1.17262 1.11240 0.06098 -0.31914 0.20157 0.92402
1661398682.615146160 -3.71947 1.17631 1.11239 0.06103 -0.31999 0.20158 0.92371
1661398682.625145912 -3.71734 1.18002 1.11236 0.06111 -0.32079 0.20160 0.92343
1661398682.635146141 -3.71521 1.18375 1.11231 0.06122 -0.32151 0.20162 0.92317
1661398682.645145893 -3.71308 1.18750 1.11225 0.06135 -0.32209 0.20166 0.92294
1661398682.655146122 -3.71095 1.19128 1.11216 0.06150 -0.32252 0.20172 0.92277
1661398682.665145874 -3.70880 1.19508 1.11206 0.06167 -0.32279 0.20180 0.92265
1661398682.675146103 -3.70664 1.19891 1.11195 0.06186 -0.32292 0.20188 0.92257
1661398682.685145855 -3.70445 1.20275 1.11183 0.06206 -0.32292 0.20197 0.92254
1661398682.695146084 -3.70224 1.20661 1.11170 0.06228 -0.32279 0.20204 0.92255
1661398682.705146074 -3.69999 1.21049 1.11156 0.06251 -0.32256 0.20210 0.92261
1661398682.715146065 -3.69770 1.21437 1.11143 0.06276 -0.32223 0.20214 0.92270
1661398682.725146055 -3.69536 1.21826 1.11129 0.06301 -0.32182 0.20214 0.92282
1661398682.735146046 -3.69297 1.22216 1.11116 0.06327 -0.32133 0.20211 0.92298
1661398682.745146036 -3.69052 1.22606 1.11103 0.06353 -0.32078 0.20202 0.92317
1661398682.755146027 -3.68801 1.22996 1.11091 0.06380 -0.32018 0.20189 0.92339
1661398682.765146017 -3.68545 1.23387 1.11080 0.06408 -0.31955 0.20170 0.92363
1661398682.775146008 -3.68284 1.23778 1.11069 0.06436 -0.31890 0.20148 0.92389
1661398682.785145998 -3.68020 1.24171 1.11059 0.06465 -0.31824 0.20121 0.92415
1661398682.795145988 -3.67753 1.24567 1.11049 0.06495 -0.31760 0.20091 0.92442
1661398682.805145979 -3.67485 1.24965 1.11039 0.06526 -0.31698 0.20058 0.92468
1661398682.815145969 -3.67217 1.25366 1.11028 0.06558 -0.31639 0.20023 0.92493
1661398682.825145960 -3.66950 1.25772 1.11018 0.06591 -0.31587 0.19987 0.92517
1661398682.835146189 -3.66684 1.26182 1.11006 0.06627 -0.31541 0.19949 0.92538
1661398682.845145941 -3.66421 1.26596 1.10994 0.06663 -0.31503 0.19911 0.92556
1661398682.855146170 -3.66161 1.27017 1.10981 0.06702 -0.31475 0.19873 0.92571
1661398682.865145922 -3.65905 1.27442 1.10968 0.06743 -0.31456 0.19835 0.92583
1661398682.875146151 -3.65653 1.27872 1.10955 0.06788 -0.31445 0.19797 0.92592
1661398682.885145903 -3.65404 1.28306 1.10943 0.06836 -0.31440 0.19759 0.92598
1661398682.895146132 -3.65157 1.28742 1.10933 0.06889 -0.31441 0.19721 0.92602
1661398682.905145884 -3.64914 1.29182 1.10924 0.06947 -0.31446 0.19683 0.92604
1661398682.915146112 -3.64673 1.29623 1.10919 0.07011 -0.31454 0.19645 0.92604
1661398682.925145864 -3.64434 1.30066 1.10916 0.07082 -0.31465 0.19608 0.92603
1661398682.935146093 -3.64198 1.30510 1.10917 0.07161 -0.31477 0.19571 0.92601
1661398682.945145845 -3.63964 1.30953 1.10923 0.07247 -0.31489 0.19535 0.92598
1661398682.955146074 -3.63731 1.31397 1.10934 0.07342 -0.31500 0.19499 0.92594
1661398682.965146065 -3.63501 1.31840 1.10949 0.07445 -0.31511 0.19463 0.92590
1661398682.975146055 -3.63274 1.32282 1.10969 0.07553 -0.31522 0.19429 0.92584
1661398682.985146046 -3.63051 1.32723 1.10993 0.07665 -0.31535 0.19395 0.92577
1661398682.995146036 -3.62831 1.33163 1.11021 0.07779 -0.31551 0.19364 0.92569
1661398683.005146027 -3.62616 1.33603 1.11053 0.07895 -0.31569 0.19334 0.92559
1661398683.015146017 -3.62406 1.34041 1.11088 0.08009 -0.31592 0.19307 0.92548
1661398683.025146008 -3.62202 1.34477 1.11126 0.08122 -0.31619 0.19283 0.92534
1661398683.035145998 -3.62004 1.34912 1.11167 0.08231 -0.31652 0.19261 0.92517
1661398683.045145988 -3.61812 1.35346 1.11210 0.08334 -0.31691 0.19242 0.92498
1661398683.055145979 -3.61627 1.35777 1.11256 0.08431 -0.31737 0.19228 0.92477
1661398683.065145969 -3.61449 1.36207 1.11304 0.08521 -0.31790 0.19216 0.92453
1661398683.075146198 -3.61277 1.36635 1.11355 0.08607 -0.31847 0.19207 0.92427
1661398683.085145950 -3.61111 1.37061 1.11407 0.08687 -0.31908 0.19200 0.92400
1661398683.095146179 -3.60949 1.37486 1.11463 0.08763 -0.31970 0.19194 0.92373
1661398683.105145931 -3.60792 1.37909 1.11521 0.08836 -0.32033 0.19190 0.92345
1661398683.115146160 -3.60638 1.38330 1.11581 0.08906 -0.32095 0.19187 0.92317
1661398683.125145912 -3.60488 1.38749 1.11645 0.08975 -0.32155 0.19185 0.92290
1661398683.135146141 -3.60340 1.39166 1.11710 0.09043 -0.32212 0.19182 0.92264
1661398683.145145893 -3.60195 1.39582 1.11779 0.09110 -0.32264 0.19179 0.92240
1661398683.155146122 -3.60051 1.39996 1.11851 0.09177 -0.32310 0.19175 0.92218
1661398683.165145874 -3.59909 1.40407 1.11925 0.09244 -0.32351 0.19171 0.92198
1661398683.175146103 -3.59769 1.40815 1.12000 0.09311 -0.32389 0.19168 0.92178
1661398683.185145855 -3.59631 1.41220 1.12077 0.09377 -0.32424 0.19166 0.92160
1661398683.195146084 -3.59496 1.41621 1.12154 0.09442 -0.32459 0.19167 0.92141
1661398683.205146074 -3.59364 1.42018 1.12231 0.09505 -0.32494 0.19170 0.92121
1661398683.215146065 -3.59235 1.42409 1.12307 0.09565 -0.32530 0.19178 0.92100
1661398683.225146055 -3.59110 1.42795 1.12382 0.09623 -0.32570 0.19191 0.92078
1661398683.235146046 -3.58988 1.43174 1.12456 0.09678 -0.32614 0.19210 0.92052
1661398683.245146036 -3.58870 1.43546 1.12527 0.09730 -0.32664 0.19235 0.92024
1661398683.255146027 -3.58756 1.43911 1.12595 0.09777 -0.32720 0.19268 0.91992
1661398683.265146017 -3.58645 1.44270 1.12661 0.09821 -0.32782 0.19308 0.91957
1661398683.275146008 -3.58536 1.44621 1.12725 0.09862 -0.32845 0.19355 0.91920
1661398683.285145998 -3.58429 1.44966 1.12788 0.09900 -0.32910 0.19410 0.91881
1661398683.295145988 -3.58322 1.45306 1.12850 0.09936 -0.32972 0.19471 0.91842
1661398683.305145979 -3.58214 1.45639 1.12911 0.09969 -0.33031 0.19540 0.91803
1661398683.315145969 -3.58105 1.45968 1.12973 0.10000 -0.33084 0.19617 0.91764
1661398683.325145960 -3.57993 1.46292 1.13036 0.10030 -0.33129 0.19700 0.91727
1661398683.335146189 -3.57877 1.46611 1.13100 0.10058 -0.33163 0.19790 0.91692
1661398683.345145941 -3.57757 1.46926 1.13166 0.10086 -0.33185 0.19888 0.91660
1661398683.355146170 -3.57631 1.47237 1.13235 0.10113 -0.33193 0.19992 0.91631
1661398683.365145922 -3.57500 1.47544 1.13305 0.10140 -0.33190 0.20102 0.91605
1661398683.375146151 -3.57364 1.47847 1.13377 0.10168 -0.33178 0.20216 0.91581
1661398683.385145903 -3.57223 1.48145 1.13451 0.10197 -0.33160 0.20333 0.91559
1661398683.395146132 -3.57078 1.48439 1.13526 0.10229 -0.33140 0.20451 0.91536
1661398683.405145884 -3.56928 1.48727 1.13601 0.10263 -0.33121 0.20570 0.91513
1661398683.415146112 -3.56774 1.49009 1.13677 0.10301 -0.33106 0.20686 0.91487
1661398683.425145864 -3.56616 1.49286 1.13752 0.10343 -0.33098 0.20801 0.91460
1661398683.435146093 -3.56455 1.49557 1.13827 0.10389 -0.33099 0.20910 0.91429
1661398683.445145845 -3.56290 1.49821 1.13902 0.10442 -0.33113 0.21015 0.91394
1661398683.455146074 -3.56123 1.50079 1.13976 0.10500 -0.33143 0.21113 0.91354
1661398683.465146065 -3.55952 1.50330 1.14048 0.10563 -0.33187 0.21205 0.91309
1661398683.475146055 -3.55777 1.50576 1.14120 0.10630 -0.33243 0.21293 0.91261
1661398683.485146046 -3.55600 1.50815 1.14190 0.10700 -0.33309 0.21378 0.91208
1661398683.495146036 -3.55418 1.51049 1.14260 0.10771 -0.33384 0.21461 0.91153
1661398683.505146027 -3.55234 1.51277 1.14330 0.10843 -0.33466 0.21544 0.91095
1661398683.515146017 -3.55045 1.51500 1.14398 0.10913 -0.33552 0.21628 0.91035
1661398683.525146008 -3.54853 1.51719 1.14466 0.10982 -0.33641 0.21715 0.90973
1661398683.535145998 -3.54656 1.51933 1.14534 0.11047 -0.33731 0.21805 0.90911
1661398683.545145988 -3.54456 1.52142 1.14601 0.11107 -0.33820 0.21900 0.90847
1661398683.555145979 -3.54251 1.52348 1.14669 0.11162 -0.33906 0.22001 0.90784
1661398683.565145969 -3.54042 1.52550 1.14735 0.11212 -0.33989 0.22108 0.90721
1661398683.575146198 -3.53829 1.52749 1.14802 0.11257 -0.34067 0.22219 0.90659
1661398683.585145950 -3.53611 1.52946 1.14868 0.11299 -0.34141 0.22335 0.90598
1661398683.595146179 -3.53387 1.53140 1.14934 0.11336 -0.34209 0.22453 0.90538
1661398683.605145931 -3.53159 1.53333 1.14999 0.11371 -0.34272 0.22574 0.90480
1661398683.615146160 -3.52926 1.53525 1.15064 0.11403 -0.34328 0.22696 0.90424
1661398683.625145912 -3.52687 1.53716 1.15129 0.11433 -0.34376 0.22819 0.90371
1661398683.635146141 -3.52443 1.53907 1.15193 0.11462 -0.34417 0.22942 0.90320
1661398683.645145893 -3.52193 1.54099 1.15257 0.11490 -0.34450 0.23064 0.90273
1661398683.655146122 -3.51937 1.54292 1.15320 0.11518 -0.34474 0.23184 0.90230
1661398683.665145874 -3.51675 1.54485 1.15383 0.11546 -0.34491 0.23303 0.90189
1661398683.675146103 -3.51408 1.54677 1.15446 0.11575 -0.34505 0.23420 0.90149
1661398683.685145855 -3.51135 1.54868 1.15510 0.11607 -0.34518 0.23537 0.90110
1661398683.695146084 -3.50857 1.55057 1.15573 0.11640 -0.34533 0.23652 0.90070
1661398683.705146074 -3.50574 1.55243 1.15637 0.11677 -0.34552 0.23767 0.90027
1661398683.715146065 -3.50286 1.55426 1.15702 0.11718 -0.34578 0.23881 0.89982
1661398683.725146055 -3.49993 1.55604 1.15768 0.11764 -0.34614 0.23995 0.89932
1661398683.735146046 -3.49695 1.55777 1.15835 0.11816 -0.34662 0.24108 0.89876
1661398683.745146036 -3.49393 1.55945 1.15903 0.11873 -0.34726 0.24222 0.89813
1661398683.755146027 -3.49087 1.56106 1.15973 0.11938 -0.34806 0.24335 0.89743
1661398683.765146017 -3.48777 1.56261 1.16044 0.12008 -0.34901 0.24449 0.89666
1661398683.775146008 -3.48462 1.56410 1.16116 0.12082 -0.35007 0.24562 0.89584
1661398683.785145998 -3.48143 1.56555 1.16190 0.12159 -0.35122 0.24675 0.89497
1661398683.795145988 -3.47820 1.56695 1.16265 0.12237 -0.35243 0.24788 0.89408
1661398683.805145979 -3.47492 1.56832 1.16341 0.12316 -0.35366 0.24900 0.89317
1661398683.815145969 -3.47160 1.56965 1.16419 0.12393 -0.35488 0.25012 0.89227
1661398683.825145960 -3.46824 1.57096 1.16498 0.12468 -0.35608 0.25123 0.89137
1661398683.835146189 -3.46483 1.57224 1.16577 0.12538 -0.35721 0.25233 0.89051
1661398683.845145941 -3.46138 1.57351 1.16658 0.12603 -0.35824 0.25342 0.88969
1661398683.855146170 -3.45789 1.57477 1.16740 0.12661 -0.35917 0.25450 0.88893
1661398683.865145922 -3.45436 1.57602 1.16823 0.12714 -0.35999 0.25557 0.88821
1661398683.875146151 -3.45081 1.57725 1.16907 0.12761 -0.36074 0.25663 0.88754
1661398683.885145903 -3.44724 1.57847 1.16991 0.12803 -0.36144 0.25767 0.88689
1661398683.895146132 -3.44365 1.57966 1.17077 0.12840 -0.36212 0.25870 0.88626
1661398683.905145884 -3.44007 1.58082 1.17163 0.12874 -0.36279 0.25971 0.88564
1661398683.915146112 -3.43650 1.58196 1.17250 0.12906 -0.36349 0.26070 0.88502
1661398683.925145864 -3.43294 1.58306 1.17338 0.12935 -0.36424 0.26167 0.88438
1661398683.935146093 -3.42940 1.58413 1.17427 0.12962 -0.36507 0.26262 0.88372
1661398683.945145845 -3.42590 1.58516 1.17517 0.12988 -0.36599 0.26355 0.88302
1661398683.955146074 -3.42244 1.58615 1.17607 0.13014 -0.36702 0.26446 0.88228
1661398683.965146065 -3.41901 1.58710 1.17698 0.13038 -0.36815 0.26534 0.88151
1661398683.975146055 -3.41562 1.58802 1.17789 0.13061 -0.36936 0.26621 0.88071
1661398683.985146046 -3.41225 1.58892 1.17881 0.13082 -0.37060 0.26705 0.87990
1661398683.995146036 -3.40890 1.58979 1.17972 0.13099 -0.37188 0.26788 0.87908
1661398684.005146027 -3.40558 1.59065 1.18064 0.13113 -0.37314 0.26870 0.87828
1661398684.015146017 -3.40227 1.59150 1.18156 0.13122 -0.37438 0.26950 0.87749
1661398684.025146008 -3.39896 1.59234 1.18247 0.13126 -0.37557 0.27030 0.87673
1661398684.035145998 -3.39567 1.59318 1.18338 0.13124 -0.37668 0.27108 0.87602
1661398684.045145988 -3.39237 1.59402 1.18429 0.13116 -0.37768 0.27186 0.87535
1661398684.055145979 -3.38907 1.59488 1.18518 0.13101 -0.37857 0.27264 0.87475
1661398684.065145969 -3.38577 1.59574 1.18607 0.13081 -0.37934 0.27341 0.87421
1661398684.075146198 -3.38249 1.59660 1.18694 0.13056 -0.38001 0.27419 0.87371
1661398684.085145950 -3.37922 1.59746 1.18780 0.13028 -0.38060 0.27496 0.87325
1661398684.095146179 -3.37598 1.59832 1.18864 0.12999 -0.38111 0.27573 0.87283
1661398684.105145931 -3.37277 1.59918 1.18947 0.12970 -0.38157 0.27651 0.87243
1661398684.115146160 -3.36961 1.60002 1.19026 0.12942 -0.38198 0.27728 0.87204
1661398684.125145912 -3.36649 1.60085 1.19104 0.12918 -0.38237 0.27807 0.87166
1661398684.135146141 -3.36342 1.60166 1.19178 0.12897 -0.38274 0.27885 0.87128
1661398684.145145893 -3.36042 1.60245 1.19250 0.12883 -0.38311 0.27964 0.87088
1661398684.155146122 -3.35749 1.60322 1.19318 0.12875 -0.38348 0.28044 0.87047
1661398684.165145874 -3.35464 1.60397 1.19382 0.12873 -0.38387 0.28123 0.87004
1661398684.175146103 -3.35185 1.60470 1.19443 0.12876 -0.38428 0.28203 0.86960
1661398684.185145855 -3.34913 1.60542 1.19500 0.12882 -0.38469 0.28282 0.86916
1661398684.195146084 -3.34650 1.60613 1.19553 0.12890 -0.38511 0.28360 0.86870
1661398684.205146074 -3.34393 1.60683 1.19602 0.12899 -0.38554 0.28436 0.86825
1661398684.215146065 -3.34144 1.60752 1.19646 0.12908 -0.38597 0.28511 0.86780
1661398684.225146055 -3.33903 1.60821 1.19687 0.12916 -0.38642 0.28583 0.86735
1661398684.235146046 -3.33669 1.60890 1.19722 0.12920 -0.38687 0.28653 0.86692
1661398684.245146036 -3.33443 1.60959 1.19753 0.12921 -0.38732 0.28719 0.86649
1661398684.255146027 -3.33225 1.61029 1.19779 0.12916 -0.38778 0.28782 0.86608
1661398684.265146017 -3.33014 1.61098 1.19801 0.12907 -0.38824 0.28842 0.86569
1661398684.275146008 -3.32810 1.61168 1.19819 0.12895 -0.38869 0.28898 0.86532
1661398684.285145998 -3.32612 1.61237 1.19833 0.12880 -0.38913 0.28952 0.86497
1661398684.295145988 -3.32419 1.61305 1.19844 0.12864 -0.38955 0.29002 0.86464
1661398684.305145979 -3.32231 1.61372 1.19852 0.12847 -0.38994 0.29049 0.86432
1661398684.315145969 -3.32048 1.61437 1.19857 0.12831 -0.39031 0.29093 0.86403
1661398684.325145960 -3.31868 1.61500 1.19861 0.12816 -0.39065 0.29135 0.86376
1661398684.335146189 -3.31692 1.61560 1.19863 0.12804 -0.39094 0.29174 0.86352
1661398684.345145941 -3.31517 1.61617 1.19864 0.12795 -0.39119 0.29210 0.86329
1661398684.355146170 -3.31345 1.61671 1.19864 0.12790 -0.39140 0.29244 0.86309
1661398684.365145922 -3.31176 1.61722 1.19864 0.12789 -0.39155 0.29275 0.86292
1661398684.375146151 -3.31009 1.61771 1.19863 0.12792 -0.39166 0.29305 0.86277
1661398684.385145903 -3.30845 1.61818 1.19862 0.12799 -0.39172 0.29333 0.86263
1661398684.395146132 -3.30685 1.61863 1.19862 0.12808 -0.39173 0.29360 0.86252
1661398684.405145884 -3.30528 1.61907 1.19862 0.12820 -0.39171 0.29386 0.86242
1661398684.415146112 -3.30377 1.61951 1.19863 0.12835 -0.39165 0.29411 0.86234
1661398684.425145864 -3.30230 1.61995 1.19864 0.12852 -0.39155 0.29436 0.86228
1661398684.435146093 -3.30088 1.62039 1.19867 0.12870 -0.39141 0.29461 0.86223
1661398684.445145845 -3.29951 1.62084 1.19872 0.12891 -0.39123 0.29486 0.86219
1661398684.455146074 -3.29821 1.62130 1.19878 0.12912 -0.39103 0.29512 0.86217
1661398684.465146065 -3.29697 1.62178 1.19886 0.12935 -0.39080 0.29538 0.86215
1661398684.475146055 -3.29579 1.62226 1.19895 0.12961 -0.39055 0.29564 0.86213
1661398684.485146046 -3.29467 1.62275 1.19906 0.12988 -0.39030 0.29590 0.86211
1661398684.495146036 -3.29360 1.62325 1.19919 0.13019 -0.39004 0.29616 0.86209
1661398684.505146027 -3.29260 1.62375 1.19934 0.13053 -0.38980 0.29642 0.86207
1661398684.515146017 -3.29166 1.62425 1.19950 0.13091 -0.38956 0.29667 0.86203
1661398684.525146008 -3.29078 1.62476 1.19968 0.13133 -0.38936 0.29691 0.86197
1661398684.535145998 -3.28995 1.62525 1.19987 0.13180 -0.38918 0.29714 0.86190
1661398684.545145988 -3.28919 1.62575 1.20008 0.13231 -0.38905 0.29737 0.86181
1661398684.555145979 -3.28848 1.62624 1.20031 0.13289 -0.38896 0.29758 0.86169
1661398684.565145969 -3.28784 1.62672 1.20055 0.13351 -0.38892 0.29777 0.86154
1661398684.575146198 -3.28726 1.62720 1.20081 0.13419 -0.38892 0.29796 0.86137
1661398684.585145950 -3.28675 1.62767 1.20108 0.13493 -0.38897 0.29813 0.86117
1661398684.595146179 -3.28631 1.62814 1.20136 0.13571 -0.38905 0.29830 0.86095
1661398684.605145931 -3.28593 1.62861 1.20166 0.13655 -0.38918 0.29845 0.86071
1661398684.615146160 -3.28564 1.62908 1.20198 0.13744 -0.38935 0.29859 0.86044
1661398684.625145912 -3.28542 1.62956 1.20230 0.13838 -0.38955 0.29872 0.86015
1661398684.635146141 -3.28528 1.63003 1.20264 0.13937 -0.38979 0.29885 0.85984
1661398684.645145893 -3.28523 1.63051 1.20298 0.14041 -0.39006 0.29896 0.85951
1661398684.655146122 -3.28526 1.63099 1.20334 0.14150 -0.39036 0.29907 0.85916
1661398684.665145874 -3.28536 1.63147 1.20371 0.14262 -0.39069 0.29917 0.85879
1661398684.675146103 -3.28553 1.63195 1.20409 0.14377 -0.39106 0.29927 0.85840
1661398684.685145855 -3.28576 1.63242 1.20449 0.14493 -0.39145 0.29938 0.85798
1661398684.695146084 -3.28603 1.63288 1.20489 0.14610 -0.39189 0.29949 0.85755
1661398684.705146074 -3.28635 1.63332 1.20531 0.14725 -0.39235 0.29962 0.85709
1661398684.715146065 -3.28669 1.63374 1.20573 0.14838 -0.39285 0.29976 0.85662
1661398684.725146055 -3.28705 1.63414 1.20617 0.14948 -0.39339 0.29992 0.85612
1661398684.735146046 -3.28743 1.63451 1.20663 0.15053 -0.39397 0.30011 0.85561
1661398684.745146036 -3.28780 1.63484 1.20709 0.15152 -0.39458 0.30033 0.85507
1661398684.755146027 -3.28817 1.63514 1.20757 0.15244 -0.39523 0.30058 0.85452
1661398684.765146017 -3.28854 1.63541 1.20806 0.15330 -0.39592 0.30086 0.85395
1661398684.775146008 -3.28891 1.63566 1.20855 0.15410 -0.39664 0.30118 0.85336
1661398684.785145998 -3.28930 1.63589 1.20905 0.15485 -0.39738 0.30153 0.85276
1661398684.795145988 -3.28970 1.63612 1.20954 0.15554 -0.39815 0.30191 0.85214
1661398684.805145979 -3.29013 1.63634 1.21003 0.15618 -0.39894 0.30232 0.85150
1661398684.815145969 -3.29059 1.63657 1.21051 0.15678 -0.39974 0.30276 0.85086
1661398684.825145960 -3.29109 1.63682 1.21099 0.15735 -0.40055 0.30324 0.85020
1661398684.835146189 -3.29163 1.63709 1.21145 0.15788 -0.40137 0.30375 0.84954
1661398684.845145941 -3.29222 1.63739 1.21189 0.15838 -0.40220 0.30428 0.84886
1661398684.855146170 -3.29287 1.63773 1.21231 0.15885 -0.40302 0.30485 0.84818
1661398684.865145922 -3.29357 1.63809 1.21270 0.15930 -0.40384 0.30545 0.84749
1661398684.875146151 -3.29431 1.63849 1.21309 0.15973 -0.40462 0.30608 0.84681
1661398684.885145903 -3.29509 1.63890 1.21345 0.16013 -0.40538 0.30674 0.84613
1661398684.895146132 -3.29589 1.63934 1.21379 0.16051 -0.40609 0.30743 0.84547
1661398684.905145884 -3.29672 1.63978 1.21413 0.16087 -0.40674 0.30814 0.84483
1661398684.915146112 -3.29755 1.64023 1.21444 0.16121 -0.40732 0.30889 0.84421
1661398684.925145864 -3.29840 1.64068 1.21475 0.16152 -0.40782 0.30966 0.84363
1661398684.935146093 -3.29924 1.64113 1.21504 0.16182 -0.40823 0.31046 0.84308
1661398684.945145845 -3.30007 1.64157 1.21532 0.16209 -0.40853 0.31128 0.84257
1661398684.955146074 -3.30088 1.64199 1.21559 0.16235 -0.40872 0.31214 0.84211
1661398684.965146065 -3.30167 1.64240 1.21585 0.16259 -0.40881 0.31301 0.84170
1661398684.975146055 -3.30243 1.64279 1.21610 0.16282 -0.40880 0.31390 0.84133
1661398684.985146046 -3.30316 1.64316 1.21633 0.16304 -0.40871 0.31479 0.84100
1661398684.995146036 -3.30385 1.64351 1.21654 0.16326 -0.40853 0.31568 0.84071
1661398685.005146027 -3.30450 1.64385 1.21674 0.16347 -0.40828 0.31657 0.84046
1661398685.015146017 -3.30510 1.64416 1.21692 0.16369 -0.40798 0.31744 0.84024
1661398685.025146008 -3.30565 1.64446 1.21707 0.16391 -0.40762 0.31829 0.84004
1661398685.035145998 -3.30614 1.64473 1.21720 0.16414 -0.40722 0.31911 0.83988
1661398685.045145988 -3.30656 1.64498 1.21731 0.16438 -0.40678 0.31990 0.83974
1661398685.055145979 -3.30692 1.64521 1.21739 0.16464 -0.40632 0.32065 0.83963
1661398685.065145969 -3.30721 1.64541 1.21745 0.16491 -0.40585 0.32137 0.83953
1661398685.075146198 -3.30745 1.64559 1.21748 0.16519 -0.40538 0.32205 0.83944
1661398685.085145950 -3.30763 1.64575 1.21750 0.16549 -0.40491 0.32270 0.83936
1661398685.095146179 -3.30777 1.64589 1.21749 0.16578 -0.40446 0.32333 0.83928
1661398685.105145931 -3.30786 1.64601 1.21747 0.16609 -0.40404 0.32393 0.83919
1661398685.115146160 -3.30792 1.64611 1.21744 0.16639 -0.40366 0.32452 0.83908
1661398685.125145912 -3.30795 1.64619 1.21740 0.16670 -0.40333 0.32509 0.83896
1661398685.135146141 -3.30796 1.64626 1.21735 0.16701 -0.40306 0.32565 0.83881
1661398685.145145893 -3.30795 1.64630 1.21729 0.16731 -0.40287 0.32620 0.83863
1661398685.155146122 -3.30792 1.64634 1.21723 0.16760 -0.40275 0.32675 0.83841
1661398685.165145874 -3.30789 1.64636 1.21717 0.16789 -0.40271 0.32730 0.83816
1661398685.175146103 -3.30785 1.64637 1.21711 0.16817 -0.40272 0.32785 0.83789
1661398685.185145855 -3.30782 1.64638 1.21705 0.16843 -0.40278 0.32840 0.83759
1661398685.195146084 -3.30779 1.64639 1.21699 0.16869 -0.40287 0.32895 0.83727
1661398685.205146074 -3.30778 1.64640 1.21694 0.16893 -0.40299 0.32952 0.83695
1661398685.215146065 -3.30779 1.64641 1.21690 0.16916 -0.40313 0.33008 0.83661
1661398685.225146055 -3.30783 1.64643 1.21686 0.16937 -0.40326 0.33066 0.83628
1661398685.235146046 -3.30790 1.64647 1.21683 0.16956 -0.40337 0.33125 0.83595
1661398685.245146036 -3.30801 1.64652 1.21682 0.16973 -0.40347 0.33186 0.83563
1661398685.255146027 -3.30815 1.64659 1.21682 0.16988 -0.40353 0.33248 0.83532
1661398685.265146017 -3.30834 1.64667 1.21683 0.17001 -0.40357 0.33310 0.83503
1661398685.275146008 -3.30855 1.64676 1.21685 0.17013 -0.40358 0.33374 0.83474
1661398685.285145998 -3.30879 1.64686 1.21689 0.17023 -0.40359 0.33438 0.83446
1661398685.295145988 -3.30904 1.64695 1.21693 0.17032 -0.40359 0.33502 0.83418
1661398685.305145979 -3.30931 1.64704 1.21699 0.17041 -0.40360 0.33566 0.83391
1661398685.315145969 -3.30957 1.64711 1.21706 0.17049 -0.40363 0.33629 0.83362
1661398685.325145960 -3.30984 1.64716 1.21713 0.17056 -0.40367 0.33691 0.83334
1661398685.335146189 -3.31010 1.64719 1.21722 0.17063 -0.40375 0.33751 0.83304
1661398685.345145941 -3.31034 1.64718 1.21731 0.17071 -0.40387 0.33809 0.83273
1661398685.355146170 -3.31056 1.64715 1.21740 0.17079 -0.40403 0.33865 0.83241
1661398685.365145922 -3.31076 1.64708 1.21751 0.17087 -0.40424 0.33919 0.83207
1661398685.375146151 -3.31095 1.64698 1.21762 0.17096 -0.40449 0.33973 0.83171
1661398685.385145903 -3.31113 1.64685 1.21774 0.17105 -0.40477 0.34026 0.83134
1661398685.395146132 -3.31131 1.64669 1.21787 0.17115 -0.40509 0.34081 0.83094
1661398685.405145884 -3.31149 1.64651 1.21800 0.17125 -0.40543 0.34136 0.83053
1661398685.415146112 -3.31167 1.64631 1.21814 0.17136 -0.40579 0.34194 0.83009
1661398685.425145864 -3.31186 1.64609 1.21828 0.17148 -0.40618 0.34255 0.82962
1661398685.435146093 -3.31207 1.64584 1.21844 0.17160 -0.40657 0.34319 0.82914
1661398685.445145845 -3.31229 1.64558 1.21860 0.17173 -0.40698 0.34388 0.82863
1661398685.455146074 -3.31254 1.64531 1.21876 0.17187 -0.40739 0.34462 0.82809
1661398685.465146065 -3.31282 1.64502 1.21893 0.17201 -0.40781 0.34540 0.82753
1661398685.475146055 -3.31311 1.64474 1.21910 0.17216 -0.40822 0.34622 0.82695
1661398685.485146046 -3.31344 1.64444 1.21927 0.17232 -0.40863 0.34707 0.82636
1661398685.495146036 -3.31379 1.64416 1.21943 0.17248 -0.40904 0.34795 0.82575
1661398685.505146027 -3.31417 1.64388 1.21959 0.17264 -0.40943 0.34884 0.82515
1661398685.515146017 -3.31458 1.64361 1.21973 0.17282 -0.40981 0.34975 0.82454
1661398685.525146008 -3.31502 1.64336 1.21986 0.17299 -0.41017 0.35065 0.82394
1661398685.535145998 -3.31550 1.64313 1.21998 0.17317 -0.41051 0.35155 0.82335
1661398685.545145988 -3.31600 1.64293 1.22007 0.17336 -0.41083 0.35245 0.82277
1661398685.555145979 -3.31654 1.64276 1.22015 0.17355 -0.41113 0.35332 0.82220
1661398685.565145969 -3.31711 1.64261 1.22020 0.17374 -0.41139 0.35419 0.82166
1661398685.575146198 -3.31769 1.64249 1.22023 0.17393 -0.41163 0.35504 0.82113
1661398685.585145950 -3.31829 1.64238 1.22025 0.17411 -0.41182 0.35590 0.82062
1661398685.595146179 -3.31889 1.64229 1.22024 0.17429 -0.41198 0.35675 0.82013
1661398685.605145931 -3.31949 1.64222 1.22022 0.17447 -0.41210 0.35762 0.81966
1661398685.615146160 -3.32008 1.64215 1.22017 0.17463 -0.41218 0.35849 0.81920
1661398685.625145912 -3.32065 1.64209 1.22012 0.17479 -0.41221 0.35938 0.81877
1661398685.635146141 -3.32120 1.64203 1.22004 0.17493 -0.41219 0.36030 0.81835
1661398685.645145893 -3.32171 1.64196 1.21995 0.17505 -0.41211 0.36124 0.81794
1661398685.655146122 -3.32219 1.64190 1.21985 0.17515 -0.41199 0.36221 0.81755
1661398685.665145874 -3.32263 1.64182 1.21973 0.17524 -0.41180 0.36320 0.81719
1661398685.675146103 -3.32304 1.64174 1.21960 0.17530 -0.41157 0.36421 0.81684
1661398685.685145855 -3.32341 1.64165 1.21946 0.17533 -0.41128 0.36522 0.81653
1661398685.695146084 -3.32374 1.64155 1.21929 0.17534 -0.41095 0.36624 0.81624
1661398685.705146074 -3.32404 1.64144 1.21912 0.17532 -0.41057 0.36725 0.81598
1661398685.715146065 -3.32430 1.64132 1.21892 0.17526 -0.41014 0.36824 0.81576
1661398685.725146055 -3.32453 1.64119 1.21871 0.17517 -0.40967 0.36920 0.81558
1661398685.735146046 -3.32472 1.64104 1.21849 0.17505 -0.40916 0.37013 0.81544
1661398685.745146036 -3.32489 1.64089 1.21825 0.17488 -0.40861 0.37102 0.81535
1661398685.755146027 -3.32502 1.64072 1.21799 0.17467 -0.40802 0.37187 0.81531
1661398685.765146017 -3.32513 1.64054 1.21772 0.17442 -0.40740 0.37267 0.81530
1661398685.775146008 -3.32521 1.64036 1.21743 0.17414 -0.40676 0.37344 0.81533
1661398685.785145998 -3.32527 1.64018 1.21713 0.17383 -0.40610 0.37418 0.81539
1661398685.795145988 -3.32532 1.64000 1.21681 0.17349 -0.40543 0.37490 0.81546
1661398685.805145979 -3.32536 1.63983 1.21648 0.17312 -0.40476 0.37561 0.81555
1661398685.815145969 -3.32538 1.63968 1.21614 0.17274 -0.40410 0.37631 0.81563
1661398685.825145960 -3.32541 1.63954 1.21580 0.17234 -0.40345 0.37701 0.81571
1661398685.835146189 -3.32544 1.63943 1.21544 0.17192 -0.40282 0.37772 0.81578
1661398685.845145941 -3.32547 1.63935 1.21507 0.17150 -0.40223 0.37845 0.81583
1661398685.855146170 -3.32552 1.63930 1.21470 0.17107 -0.40167 0.37919 0.81585
1661398685.865145922 -3.32556 1.63927 1.21432 0.17063 -0.40113 0.37996 0.81585
1661398685.875146151 -3.32561 1.63926 1.21394 0.17019 -0.40062 0.38074 0.81583
1661398685.885145903 -3.32566 1.63925 1.21354 0.16974 -0.40013 0.38154 0.81579
1661398685.895146132 -3.32571 1.63923 1.21314 0.16928 -0.39965 0.38235 0.81574
1661398685.905145884 -3.32574 1.63920 1.21273 0.16881 -0.39918 0.38316 0.81569
1661398685.915146112 -3.32576 1.63914 1.21231 0.16833 -0.39870 0.38398 0.81564
1661398685.925145864 -3.32577 1.63905 1.21189 0.16784 -0.39821 0.38481 0.81559
1661398685.935146093 -3.32576 1.63892 1.21145 0.16735 -0.39771 0.38564 0.81554
1661398685.945145845 -3.32572 1.63873 1.21101 0.16684 -0.39718 0.38646 0.81551
1661398685.955146074 -3.32566 1.63847 1.21056 0.16632 -0.39663 0.38728 0.81550
1661398685.965146065 -3.32559 1.63818 1.21011 0.16579 -0.39605 0.38810 0.81550
1661398685.975146055 -3.32550 1.63785 1.20965 0.16525 -0.39544 0.38892 0.81551
1661398685.985146046 -3.32541 1.63751 1.20920 0.16470 -0.39482 0.38976 0.81553
1661398685.995146036 -3.32533 1.63718 1.20875 0.16415 -0.39417 0.39060 0.81554
1661398686.005146027 -3.32526 1.63687 1.20831 0.16359 -0.39351 0.39147 0.81556
1661398686.015146017 -3.32522 1.63660 1.20788 0.16302 -0.39283 0.39235 0.81558
1661398686.025146008 -3.32520 1.63639 1.20746 0.16245 -0.39214 0.39326 0.81559
1661398686.035145998 -3.32523 1.63625 1.20707 0.16188 -0.39144 0.39421 0.81558
1661398686.045145988 -3.32530 1.63620 1.20670 0.16130 -0.39072 0.39519 0.81556
1661398686.055145979 -3.32543 1.63626 1.20635 0.16072 -0.39000 0.39621 0.81553
1661398686.065145969 -3.32561 1.63642 1.20603 0.16015 -0.38927 0.39727 0.81547
1661398686.075146198 -3.32583 1.63666 1.20572 0.15958 -0.38854 0.39836 0.81540
1661398686.085145950 -3.32608 1.63697 1.20543 0.15904 -0.38779 0.39948 0.81532
1661398686.095146179 -3.32636 1.63735 1.20514 0.15851 -0.38703 0.40062 0.81522
1661398686.105145931 -3.32666 1.63777 1.20486 0.15801 -0.38626 0.40178 0.81511
1661398686.115146160 -3.32698 1.63822 1.20458 0.15754 -0.38548 0.40295 0.81499
1661398686.125145912 -3.32730 1.63870 1.20430 0.15711 -0.38468 0.40414 0.81487
1661398686.135146141 -3.32762 1.63919 1.20400 0.15673 -0.38387 0.40533 0.81473
1661398686.145145893 -3.32793 1.63967 1.20370 0.15639 -0.38304 0.40653 0.81459
1661398686.155146122 -3.32823 1.64014 1.20337 0.15611 -0.38220 0.40772 0.81445
1661398686.165145874 -3.32852 1.64059 1.20304 0.15589 -0.38133 0.40891 0.81430
1661398686.175146103 -3.32877 1.64101 1.20268 0.15570 -0.38046 0.41010 0.81414
1661398686.185145855 -3.32901 1.64140 1.20232 0.15556 -0.37957 0.41128 0.81399
1661398686.195146084 -3.32921 1.64177 1.20195 0.15546 -0.37866 0.41246 0.81383
1661398686.205146074 -3.32938 1.64209 1.20157 0.15539 -0.37774 0.41364 0.81368
1661398686.215146065 -3.32951 1.64237 1.20118 0.15535 -0.37681 0.41482 0.81352
1661398686.225146055 -3.32960 1.64260 1.20079 0.15533 -0.37586 0.41599 0.81336
1661398686.235146046 -3.32965 1.64279 1.20040 0.15533 -0.37490 0.41716 0.81320
1661398686.245146036 -3.32965 1.64291 1.20001 0.15534 -0.37393 0.41833 0.81305
1661398686.255146027 -3.32960 1.64298 1.19962 0.15536 -0.37295 0.41949 0.81290
1661398686.265146017 -3.32950 1.64300 1.19923 0.15539 -0.37197 0.42064 0.81275
1661398686.275146008 -3.32937 1.64297 1.19884 0.15543 -0.37099 0.42178 0.81260
1661398686.285145998 -3.32920 1.64289 1.19847 0.15547 -0.37002 0.42289 0.81245
1661398686.295145988 -3.32901 1.64277 1.19810 0.15551 -0.36908 0.42397 0.81231
1661398686.305145979 -3.32881 1.64263 1.19775 0.15555 -0.36817 0.42502 0.81216
1661398686.315145969 -3.32860 1.64246 1.19741 0.15559 -0.36730 0.42603 0.81202
1661398686.325145960 -3.32838 1.64227 1.19708 0.15563 -0.36648 0.42699 0.81188
1661398686.335146189 -3.32817 1.64206 1.19677 0.15566 -0.36571 0.42789 0.81175
1661398686.345145941 -3.32798 1.64184 1.19648 0.15568 -0.36501 0.42874 0.81161
1661398686.355146170 -3.32780 1.64162 1.19622 0.15570 -0.36438 0.42952 0.81148
1661398686.365145922 -3.32764 1.64139 1.19597 0.15570 -0.36381 0.43025 0.81135
1661398686.375146151 -3.32748 1.64115 1.19574 0.15570 -0.36331 0.43092 0.81122
1661398686.385145903 -3.32734 1.64090 1.19553 0.15569 -0.36286 0.43154 0.81109
1661398686.395146132 -3.32720 1.64063 1.19534 0.15567 -0.36245 0.43213 0.81096
1661398686.405145884 -3.32705 1.64033 1.19517 0.15565 -0.36207 0.43269 0.81084
1661398686.415146112 -3.32690 1.64001 1.19501 0.15562 -0.36173 0.43321 0.81071
1661398686.425145864 -3.32674 1.63966 1.19486 0.15559 -0.36141 0.43372 0.81059
1661398686.435146093 -3.32657 1.63928 1.19473 0.15555 -0.36110 0.43422 0.81047
1661398686.445145845 -3.32638 1.63886 1.19461 0.15551 -0.36080 0.43472 0.81034
1661398686.455146074 -3.32616 1.63840 1.19450 0.15547 -0.36051 0.43521 0.81022
1661398686.465146065 -3.32593 1.63790 1.19440 0.15542 -0.36021 0.43570 0.81010
1661398686.475146055 -3.32568 1.63738 1.19431 0.15537 -0.35991 0.43618 0.80998
1661398686.485146046 -3.32542 1.63685 1.19423 0.15531 -0.35961 0.43666 0.80987
1661398686.495146036 -3.32515 1.63630 1.19415 0.15523 -0.35932 0.43712 0.80976
1661398686.505146027 -3.32488 1.63574 1.19407 0.15515 -0.35904 0.43756 0.80967
1661398686.515146017 -3.32460 1.63519 1.19399 0.15504 -0.35875 0.43798 0.80958
1661398686.525146008 -3.32433 1.63466 1.19391 0.15492 -0.35848 0.43838 0.80951
1661398686.535145998 -3.32407 1.63414 1.19383 0.15478 -0.35821 0.43875 0.80946
1661398686.545145988 -3.32382 1.63364 1.19375 0.15462 -0.35795 0.43909 0.80942
1661398686.555145979 -3.32358 1.63318 1.19366 0.15444 -0.35770 0.43939 0.80940
1661398686.565145969 -3.32335 1.63275 1.19357 0.15424 -0.35747 0.43965 0.80940
1661398686.575146198 -3.32313 1.63235 1.19348 0.15402 -0.35725 0.43989 0.80941
1661398686.585145950 -3.32292 1.63199 1.19340 0.15380 -0.35706 0.44009 0.80943
1661398686.595146179 -3.32271 1.63164 1.19331 0.15357 -0.35690 0.44025 0.80945
1661398686.605145931 -3.32251 1.63133 1.19324 0.15335 -0.35677 0.44039 0.80948
1661398686.615146160 -3.32231 1.63104 1.19318 0.15313 -0.35669 0.44050 0.80950
1661398686.625145912 -3.32210 1.63078 1.19313 0.15293 -0.35665 0.44057 0.80951
1661398686.635146141 -3.32189 1.63053 1.19311 0.15274 -0.35666 0.44062 0.80951
1661398686.645145893 -3.32168 1.63031 1.19310 0.15257 -0.35673 0.44065 0.80950
1661398686.655146122 -3.32146 1.63011 1.19311 0.15243 -0.35686 0.44065 0.80947
1661398686.665145874 -3.32123 1.62991 1.19314 0.15231 -0.35704 0.44062 0.80943
1661398686.675146103 -3.32098 1.62970 1.19318 0.15220 -0.35725 0.44057 0.80939
1661398686.685145855 -3.32071 1.62948 1.19323 0.15209 -0.35749 0.44049 0.80934
1661398686.695146084 -3.32041 1.62921 1.19328 0.15197 -0.35775 0.44039 0.80930
1661398686.705146074 -3.32009 1.62890 1.19332 0.15184 -0.35800 0.44027 0.80928
1661398686.715146065 -3.31974 1.62853 1.19336 0.15168 -0.35825 0.44013 0.80928
1661398686.725146055 -3.31935 1.62808 1.19337 0.15148 -0.35847 0.43997 0.80931
1661398686.735146046 -3.31893 1.62754 1.19336 0.15124 -0.35867 0.43979 0.80937
1661398686.745146036 -3.31846 1.62689 1.19333 0.15094 -0.35881 0.43959 0.80947
1661398686.755146027 -3.31794 1.62613 1.19326 0.15059 -0.35890 0.43937 0.80961
1661398686.765146017 -3.31739 1.62527 1.19315 0.15018 -0.35894 0.43913 0.80980
1661398686.775146008 -3.31680 1.62432 1.19302 0.14972 -0.35893 0.43888 0.81002
1661398686.785145998 -3.31618 1.62328 1.19285 0.14922 -0.35889 0.43862 0.81027
1661398686.795145988 -3.31555 1.62219 1.19265 0.14868 -0.35880 0.43835 0.81056
1661398686.805145979 -3.31490 1.62104 1.19242 0.14811 -0.35869 0.43808 0.81086
1661398686.815145969 -3.31424 1.61986 1.19217 0.14752 -0.35856 0.43780 0.81117
1661398686.825145960 -3.31359 1.61865 1.19188 0.14690 -0.35841 0.43752 0.81150
1661398686.835146189 -3.31294 1.61743 1.19157 0.14628 -0.35825 0.43725 0.81183
1661398686.845145941 -3.31231 1.61621 1.19123 0.14566 -0.35809 0.43697 0.81216
1661398686.855146170 -3.31169 1.61500 1.19087 0.14503 -0.35793 0.43671 0.81249
1661398686.865145922 -3.31109 1.61382 1.19049 0.14441 -0.35776 0.43645 0.81282
1661398686.875146151 -3.31049 1.61265 1.19009 0.14381 -0.35758 0.43619 0.81314
1661398686.885145903 -3.30990 1.61150 1.18969 0.14323 -0.35739 0.43594 0.81346
1661398686.895146132 -3.30930 1.61038 1.18928 0.14267 -0.35718 0.43569 0.81378
1661398686.905145884 -3.30869 1.60928 1.18888 0.14214 -0.35695 0.43544 0.81411
1661398686.915146112 -3.30806 1.60821 1.18850 0.14165 -0.35670 0.43519 0.81444
1661398686.925145864 -3.30741 1.60717 1.18812 0.14121 -0.35641 0.43495 0.81478
1661398686.935146093 -3.30673 1.60616 1.18777 0.14081 -0.35608 0.43470 0.81512
1661398686.945145845 -3.30601 1.60518 1.18745 0.14046 -0.35571 0.43444 0.81547
1661398686.955146074 -3.30525 1.60423 1.18716 0.14018 -0.35530 0.43419 0.81584
1661398686.965146065 -3.30446 1.60332 1.18691 0.13994 -0.35485 0.43393 0.81621
1661398686.975146055 -3.30363 1.60245 1.18667 0.13974 -0.35436 0.43366 0.81660
1661398686.985146046 -3.30279 1.60162 1.18646 0.13957 -0.35385 0.43340 0.81699
1661398686.995146036 -3.30192 1.60082 1.18626 0.13941 -0.35331 0.43313 0.81740
1661398687.005146027 -3.30106 1.60006 1.18607 0.13925 -0.35276 0.43285 0.81781
1661398687.015146017 -3.30019 1.59934 1.18589 0.13908 -0.35219 0.43258 0.81822
1661398687.025146008 -3.29933 1.59866 1.18572 0.13889 -0.35162 0.43230 0.81865
1661398687.035145998 -3.29848 1.59802 1.18553 0.13867 -0.35105 0.43202 0.81908
1661398687.045145988 -3.29765 1.59742 1.18534 0.13840 -0.35049 0.43174 0.81951
1661398687.055145979 -3.29685 1.59687 1.18514 0.13807 -0.34994 0.43146 0.81995
1661398687.065145969 -3.29608 1.59635 1.18492 0.13770 -0.34940 0.43117 0.82040
1661398687.075146198 -3.29532 1.59585 1.18470 0.13727 -0.34888 0.43086 0.82085
1661398687.085145950 -3.29458 1.59537 1.18445 0.13681 -0.34838 0.43054 0.82131
1661398687.095146179 -3.29385 1.59489 1.18419 0.13630 -0.34791 0.43020 0.82177
1661398687.105145931 -3.29313 1.59441 1.18392 0.13577 -0.34745 0.42984 0.82224
1661398687.115146160 -3.29242 1.59392 1.18363 0.13521 -0.34702 0.42944 0.82272
1661398687.125145912 -3.29170 1.59340 1.18332 0.13463 -0.34663 0.42900 0.82321
1661398687.135146141 -3.29098 1.59286 1.18299 0.13404 -0.34626 0.42853 0.82371
1661398687.145145893 -3.29025 1.59227 1.18265 0.13343 -0.34592 0.42800 0.82422
1661398687.155146122 -3.28950 1.59164 1.18228 0.13282 -0.34562 0.42743 0.82475
1661398687.165145874 -3.28874 1.59097 1.18190 0.13220 -0.34535 0.42682 0.82528
1661398687.175146103 -3.28797 1.59026 1.18151 0.13158 -0.34510 0.42617 0.82582
1661398687.185145855 -3.28716 1.58952 1.18111 0.13095 -0.34486 0.42550 0.82636
1661398687.195146084 -3.28634 1.58876 1.18071 0.13031 -0.34463 0.42480 0.82692
1661398687.205146074 -3.28548 1.58799 1.18030 0.12966 -0.34440 0.42410 0.82747
1661398687.215146065 -3.28459 1.58721 1.17989 0.12899 -0.34417 0.42340 0.82804
1661398687.225146055 -3.28367 1.58642 1.17949 0.12832 -0.34392 0.42270 0.82860
1661398687.235146046 -3.28271 1.58565 1.17910 0.12763 -0.34365 0.42201 0.82917
1661398687.245146036 -3.28171 1.58489 1.17872 0.12693 -0.34335 0.42135 0.82974
1661398687.255146027 -3.28066 1.58415 1.17835 0.12622 -0.34302 0.42072 0.83030
1661398687.265146017 -3.27957 1.58343 1.17799 0.12549 -0.34266 0.42012 0.83087
1661398687.275146008 -3.27844 1.58274 1.17766 0.12475 -0.34227 0.41953 0.83143
1661398687.285145998 -3.27727 1.58208 1.17734 0.12400 -0.34185 0.41897 0.83200
1661398687.295145988 -3.27606 1.58145 1.17705 0.12325 -0.34142 0.41841 0.83257
1661398687.305145979 -3.27481 1.58085 1.17677 0.12248 -0.34097 0.41786 0.83314
1661398687.315145969 -3.27352 1.58029 1.17652 0.12171 -0.34052 0.41732 0.83371
1661398687.325145960 -3.27220 1.57978 1.17630 0.12094 -0.34005 0.41677 0.83429
1661398687.335146189 -3.27085 1.57930 1.17610 0.12016 -0.33958 0.41621 0.83487
1661398687.345145941 -3.26946 1.57887 1.17593 0.11938 -0.33911 0.41565 0.83546
1661398687.355146170 -3.26804 1.57849 1.17579 0.11861 -0.33865 0.41506 0.83605
1661398687.365145922 -3.26660 1.57814 1.17568 0.11783 -0.33819 0.41446 0.83664
1661398687.375146151 -3.26514 1.57780 1.17559 0.11706 -0.33774 0.41385 0.83723
1661398687.385145903 -3.26367 1.57746 1.17552 0.11630 -0.33731 0.41322 0.83782
1661398687.395146132 -3.26219 1.57710 1.17546 0.11553 -0.33688 0.41258 0.83842
1661398687.405145884 -3.26071 1.57671 1.17541 0.11478 -0.33647 0.41193 0.83900
1661398687.415146112 -3.25924 1.57625 1.17537 0.11403 -0.33607 0.41128 0.83959
1661398687.425145864 -3.25778 1.57573 1.17533 0.11329 -0.33569 0.41062 0.84016
1661398687.435146093 -3.25634 1.57512 1.17529 0.11257 -0.33533 0.40995 0.84073
1661398687.445145845 -3.25493 1.57440 1.17525 0.11185 -0.33499 0.40928 0.84128
1661398687.455146074 -3.25355 1.57357 1.17520 0.11114 -0.33468 0.40861 0.84183
1661398687.465146065 -3.25219 1.57264 1.17513 0.11045 -0.33438 0.40794 0.84236
1661398687.475146055 -3.25087 1.57164 1.17505 0.10976 -0.33409 0.40727 0.84289
1661398687.485146046 -3.24958 1.57059 1.17495 0.10908 -0.33381 0.40660 0.84341
1661398687.495146036 -3.24833 1.56952 1.17482 0.10841 -0.33353 0.40594 0.84393
1661398687.505146027 -3.24710 1.56846 1.17468 0.10775 -0.33323 0.40528 0.84445
1661398687.515146017 -3.24590 1.56742 1.17450 0.10709 -0.33292 0.40462 0.84497
1661398687.525146008 -3.24474 1.56644 1.17428 0.10643 -0.33259 0.40397 0.84550
1661398687.535145998 -3.24360 1.56554 1.17403 0.10577 -0.33223 0.40332 0.84603
1661398687.545145988 -3.24250 1.56475 1.17374 0.10512 -0.33183 0.40269 0.84657
1661398687.555145979 -3.24142 1.56408 1.17341 0.10446 -0.33139 0.40206 0.84712
1661398687.565145969 -3.24037 1.56352 1.17304 0.10381 -0.33091 0.40144 0.84768
1661398687.575146198 -3.23934 1.56306 1.17262 0.10314 -0.33039 0.40082 0.84826
1661398687.585145950 -3.23831 1.56267 1.17217 0.10246 -0.32982 0.40022 0.84885
1661398687.595146179 -3.23730 1.56235 1.17168 0.10177 -0.32921 0.39961 0.84946
1661398687.605145931 -3.23628 1.56207 1.17116 0.10107 -0.32854 0.39901 0.85008
1661398687.615146160 -3.23526 1.56182 1.17061 0.10034 -0.32784 0.39842 0.85072
1661398687.625145912 -3.23422 1.56157 1.17003 0.09959 -0.32708 0.39782 0.85137
1661398687.635146141 -3.23316 1.56131 1.16942 0.09881 -0.32627 0.39723 0.85205
1661398687.645145893 -3.23208 1.56103 1.16878 0.09801 -0.32541 0.39664 0.85275
1661398687.655146122 -3.23097 1.56071 1.16812 0.09717 -0.32450 0.39604 0.85347
1661398687.665145874 -3.22983 1.56036 1.16744 0.09630 -0.32354 0.39545 0.85421
1661398687.675146103 -3.22869 1.55999 1.16674 0.09541 -0.32253 0.39486 0.85496
1661398687.685145855 -3.22754 1.55963 1.16604 0.09451 -0.32147 0.39428 0.85573
1661398687.695146084 -3.22640 1.55929 1.16532 0.09359 -0.32037 0.39370 0.85650
1661398687.705146074 -3.22528 1.55899 1.16460 0.09267 -0.31923 0.39314 0.85729
1661398687.715146065 -3.22420 1.55875 1.16389 0.09175 -0.31805 0.39260 0.85807
1661398687.725146055 -3.22315 1.55857 1.16317 0.09083 -0.31684 0.39207 0.85886
1661398687.735146046 -3.22215 1.55848 1.16247 0.08992 -0.31558 0.39156 0.85965
1661398687.745146036 -3.22121 1.55849 1.16178 0.08903 -0.31430 0.39108 0.86044
1661398687.755146027 -3.22034 1.55862 1.16110 0.08816 -0.31298 0.39061 0.86121
1661398687.765146017 -3.21953 1.55886 1.16044 0.08731 -0.31164 0.39018 0.86199
1661398687.775146008 -3.21878 1.55918 1.15978 0.08648 -0.31027 0.38976 0.86275
1661398687.785145998 -3.21808 1.55958 1.15912 0.08567 -0.30887 0.38937 0.86351
1661398687.795145988 -3.21743 1.56004 1.15846 0.08488 -0.30746 0.38899 0.86426
1661398687.805145979 -3.21680 1.56055 1.15778 0.08411 -0.30603 0.38864 0.86501
1661398687.815145969 -3.21621 1.56109 1.15709 0.08335 -0.30458 0.38829 0.86575
1661398687.825145960 -3.21563 1.56165 1.15637 0.08261 -0.30311 0.38796 0.86648
1661398687.835146189 -3.21507 1.56222 1.15563 0.08189 -0.30164 0.38764 0.86720
1661398687.845145941 -3.21452 1.56277 1.15485 0.08118 -0.30016 0.38733 0.86792
1661398687.855146170 -3.21396 1.56329 1.15403 0.08049 -0.29867 0.38702 0.86864
1661398687.865145922 -3.21341 1.56379 1.15318 0.07981 -0.29718 0.38673 0.86934
1661398687.875146151 -3.21284 1.56425 1.15229 0.07915 -0.29568 0.38644 0.87004
1661398687.885145903 -3.21226 1.56467 1.15138 0.07850 -0.29418 0.38616 0.87073
1661398687.895146132 -3.21167 1.56504 1.15045 0.07787 -0.29269 0.38589 0.87141
1661398687.905145884 -3.21106 1.56537 1.14949 0.07725 -0.29119 0.38563 0.87208
1661398687.915146112 -3.21043 1.56565 1.14852 0.07665 -0.28971 0.38539 0.87274
1661398687.925145864 -3.20978 1.56587 1.14754 0.07607 -0.28822 0.38515 0.87338
1661398687.935146093 -3.20909 1.56603 1.14655 0.07551 -0.28675 0.38493 0.87402
1661398687.945145845 -3.20838 1.56612 1.14556 0.07496 -0.28528 0.38472 0.87463
1661398687.955146074 -3.20763 1.56615 1.14458 0.07443 -0.28382 0.38453 0.87524
1661398687.965146065 -3.20685 1.56610 1.14359 0.07391 -0.28238 0.38435 0.87583
1661398687.975146055 -3.20605 1.56598 1.14261 0.07341 -0.28096 0.38417 0.87640
1661398687.985146046 -3.20522 1.56579 1.14164 0.07293 -0.27957 0.38401 0.87696
1661398687.995146036 -3.20437 1.56553 1.14068 0.07245 -0.27820 0.38385 0.87750
1661398688.005146027 -3.20351 1.56519 1.13972 0.07199 -0.27686 0.38370 0.87803
1661398688.015146017 -3.20264 1.56478 1.13878 0.07154 -0.27556 0.38355 0.87854
1661398688.025146008 -3.20176 1.56429 1.13785 0.07109 -0.27429 0.38341 0.87904
1661398688.035145998 -3.20089 1.56373 1.13694 0.07065 -0.27307 0.38326 0.87952
1661398688.045145988 -3.20001 1.56309 1.13604 0.07022 -0.27190 0.38311 0.87998
1661398688.055145979 -3.19915 1.56237 1.13516 0.06979 -0.27078 0.38295 0.88043
1661398688.065145969 -3.19829 1.56159 1.13430 0.06936 -0.26972 0.38279 0.88086
1661398688.075146198 -3.19746 1.56077 1.13346 0.06894 -0.26870 0.38263 0.88127
1661398688.085145950 -3.19665 1.55994 1.13264 0.06853 -0.26772 0.38247 0.88167
1661398688.095146179 -3.19586 1.55910 1.13185 0.06813 -0.26680 0.38232 0.88205
1661398688.105145931 -3.19511 1.55827 1.13108 0.06775 -0.26592 0.38216 0.88241
1661398688.115146160 -3.19441 1.55749 1.13035 0.06737 -0.26508 0.38201 0.88276
1661398688.125145912 -3.19374 1.55676 1.12964 0.06701 -0.26427 0.38187 0.88309
1661398688.135146141 -3.19313 1.55610 1.12896 0.06667 -0.26351 0.38173 0.88340
1661398688.145145893 -3.19257 1.55554 1.12832 0.06634 -0.26279 0.38161 0.88369
1661398688.155146122 -3.19208 1.55508 1.12771 0.06603 -0.26210 0.38150 0.88397
1661398688.165145874 -3.19163 1.55471 1.12714 0.06574 -0.26145 0.38139 0.88423
1661398688.175146103 -3.19123 1.55441 1.12660 0.06547 -0.26083 0.38130 0.88447
1661398688.185145855 -3.19086 1.55415 1.12608 0.06520 -0.26026 0.38121 0.88470
1661398688.195146084 -3.19051 1.55391 1.12560 0.06494 -0.25973 0.38113 0.88491
1661398688.205146074 -3.19017 1.55366 1.12514 0.06468 -0.25924 0.38105 0.88511
1661398688.215146065 -3.18984 1.55339 1.12470 0.06443 -0.25880 0.38098 0.88529
1661398688.225146055 -3.18949 1.55306 1.12428 0.06417 -0.25840 0.38091 0.88545
1661398688.235146046 -3.18913 1.55266 1.12389 0.06390 -0.25805 0.38084 0.88560
1661398688.245146036 -3.18875 1.55216 1.12351 0.06363 -0.25775 0.38077 0.88574
1661398688.255146027 -3.18833 1.55154 1.12315 0.06335 -0.25750 0.38070 0.88586
1661398688.265146017 -3.18787 1.55081 1.12280 0.06306 -0.25729 0.38063 0.88597
1661398688.275146008 -3.18738 1.54999 1.12246 0.06276 -0.25711 0.38056 0.88608
1661398688.285145998 -3.18686 1.54907 1.12214 0.06246 -0.25694 0.38048 0.88618
1661398688.295145988 -3.18630 1.54809 1.12182 0.06215 -0.25678 0.38041 0.88628
1661398688.305145979 -3.18572 1.54704 1.12150 0.06186 -0.25661 0.38033 0.88639
1661398688.315145969 -3.18511 1.54595 1.12119 0.06156 -0.25642 0.38024 0.88650
1661398688.325145960 -3.18447 1.54482 1.12088 0.06128 -0.25619 0.38016 0.88662
1661398688.335146189 -3.18381 1.54366 1.12056 0.06101 -0.25593 0.38006 0.88675
1661398688.345145941 -3.18312 1.54250 1.12025 0.06075 -0.25561 0.37997 0.88690
1661398688.355146170 -3.18242 1.54133 1.11993 0.06050 -0.25522 0.37987 0.88707
1661398688.365145922 -3.18170 1.54017 1.11960 0.06028 -0.25478 0.37976 0.88726
1661398688.375146151 -3.18099 1.53903 1.11926 0.06006 -0.25430 0.37965 0.88746
1661398688.385145903 -3.18029 1.53792 1.11892 0.05985 -0.25377 0.37954 0.88767
1661398688.395146132 -3.17962 1.53685 1.11856 0.05965 -0.25322 0.37943 0.88789
1661398688.405145884 -3.17898 1.53582 1.11819 0.05946 -0.25265 0.37931 0.88812
1661398688.415146112 -3.17840 1.53485 1.11782 0.05927 -0.25208 0.37920 0.88834
1661398688.425145864 -3.17788 1.53394 1.11743 0.05907 -0.25150 0.37908 0.88857
1661398688.435146093 -3.17744 1.53311 1.11702 0.05887 -0.25094 0.37897 0.88879
1661398688.445145845 -3.17708 1.53236 1.11660 0.05867 -0.25041 0.37886 0.88900
1661398688.455146074 -3.17682 1.53170 1.11617 0.05845 -0.24990 0.37875 0.88920
1661398688.465146065 -3.17664 1.53112 1.11572 0.05823 -0.24941 0.37864 0.88940
1661398688.475146055 -3.17652 1.53060 1.11525 0.05800 -0.24894 0.37853 0.88960
1661398688.485146046 -3.17644 1.53013 1.11477 0.05775 -0.24846 0.37842 0.88979
1661398688.495146036 -3.17638 1.52970 1.11427 0.05749 -0.24797 0.37832 0.88999
1661398688.505146027 -3.17632 1.52929 1.11375 0.05722 -0.24746 0.37821 0.89020
1661398688.515146017 -3.17624 1.52888 1.11321 0.05693 -0.24691 0.37810 0.89041
1661398688.525146008 -3.17612 1.52847 1.11265 0.05662 -0.24631 0.37799 0.89064
1661398688.535145998 -3.17595 1.52804 1.11207 0.05629 -0.24566 0.37788 0.89089
1661398688.545145988 -3.17569 1.52758 1.11147 0.05595 -0.24493 0.37776 0.89117
1661398688.555145979 -3.17534 1.52706 1.11084 0.05558 -0.24413 0.37764 0.89146
1661398688.565145969 -3.17490 1.52651 1.11020 0.05520 -0.24325 0.37751 0.89178
1661398688.575146198 -3.17439 1.52593 1.10955 0.05482 -0.24232 0.37738 0.89211
1661398688.585145950 -3.17383 1.52532 1.10888 0.05444 -0.24133 0.37726 0.89245
1661398688.595146179 -3.17323 1.52471 1.10820 0.05406 -0.24031 0.37714 0.89280
1661398688.605145931 -3.17260 1.52408 1.10752 0.05370 -0.23926 0.37702 0.89316
1661398688.615146160 -3.17196 1.52347 1.10683 0.05336 -0.23819 0.37691 0.89351
1661398688.625145912 -3.17132 1.52286 1.10615 0.05306 -0.23711 0.37680 0.89386
1661398688.635146141 -3.17069 1.52228 1.10546 0.05279 -0.23604 0.37671 0.89420
1661398688.645145893 -3.17010 1.52173 1.10479 0.05256 -0.23498 0.37663 0.89452
1661398688.655146122 -3.16955 1.52122 1.10412 0.05239 -0.23395 0.37656 0.89483
1661398688.665145874 -3.16904 1.52074 1.10346 0.05226 -0.23294 0.37650 0.89513
1661398688.675146103 -3.16856 1.52030 1.10280 0.05216 -0.23195 0.37645 0.89541
1661398688.685145855 -3.16810 1.51988 1.10216 0.05209 -0.23098 0.37640 0.89569
1661398688.695146084 -3.16766 1.51948 1.10153 0.05204 -0.23003 0.37636 0.89595
1661398688.705146074 -3.16722 1.51911 1.10090 0.05201 -0.22910 0.37631 0.89621
1661398688.715146065 -3.16679 1.51874 1.10029 0.05197 -0.22818 0.37625 0.89647
1661398688.725146055 -3.16635 1.51838 1.09968 0.05193 -0.22728 0.37619 0.89673
1661398688.735146046 -3.16589 1.51803 1.09908 0.05188 -0.22639 0.37611 0.89699
1661398688.745146036 -3.16542 1.51767 1.09848 0.05181 -0.22550 0.37602 0.89726
1661398688.755146027 -3.16491 1.51731 1.09790 0.05170 -0.22463 0.37591 0.89753
1661398688.765146017 -3.16439 1.51696 1.09733 0.05158 -0.22376 0.37579 0.89781
1661398688.775146008 -3.16386 1.51662 1.09676 0.05143 -0.22289 0.37565 0.89809
1661398688.785145998 -3.16333 1.51630 1.09621 0.05127 -0.22203 0.37550 0.89838
1661398688.795145988 -3.16283 1.51602 1.09568 0.05110 -0.22115 0.37533 0.89867
1661398688.805145979 -3.16235 1.51579 1.09515 0.05092 -0.22028 0.37517 0.89896
1661398688.815145969 -3.16192 1.51560 1.09465 0.05075 -0.21939 0.37500 0.89926
1661398688.825145960 -3.16154 1.51549 1.09416 0.05058 -0.21849 0.37482 0.89956
1661398688.835146189 -3.16122 1.51544 1.09370 0.05042 -0.21757 0.37465 0.89986
1661398688.845145941 -3.16099 1.51548 1.09325 0.05028 -0.21664 0.37449 0.90017
1661398688.855146170 -3.16083 1.51561 1.09283 0.05016 -0.21568 0.37432 0.90047
1661398688.865145922 -3.16073 1.51579 1.09242 0.05005 -0.21471 0.37417 0.90077
1661398688.875146151 -3.16065 1.51598 1.09203 0.04997 -0.21374 0.37402 0.90107
1661398688.885145903 -3.16055 1.51613 1.09164 0.04989 -0.21276 0.37387 0.90137
1661398688.895146132 -3.16040 1.51620 1.09125 0.04982 -0.21180 0.37373 0.90166
1661398688.905145884 -3.16016 1.51615 1.09086 0.04977 -0.21085 0.37359 0.90194
1661398688.915146112 -3.15980 1.51593 1.09046 0.04971 -0.20992 0.37345 0.90222
1661398688.925145864 -3.15928 1.51550 1.09004 0.04966 -0.20902 0.37331 0.90249
1661398688.935146093 -3.15857 1.51482 1.08960 0.04961 -0.20816 0.37318 0.90274
1661398688.945145845 -3.15763 1.51384 1.08914 0.04956 -0.20734 0.37305 0.90299
1661398688.955146074 -3.15644 1.51253 1.08864 0.04950 -0.20658 0.37291 0.90322
1661398688.965146065 -3.15504 1.51095 1.08812 0.04943 -0.20586 0.37278 0.90344
1661398688.975146055 -3.15348 1.50916 1.08758 0.04937 -0.20519 0.37265 0.90365
1661398688.985146046 -3.15180 1.50721 1.08704 0.04931 -0.20457 0.37252 0.90385
1661398688.995146036 -3.15006 1.50517 1.08649 0.04925 -0.20398 0.37239 0.90404
1661398689.005146027 -3.14831 1.50310 1.08595 0.04919 -0.20344 0.37226 0.90422
1661398689.015146017 -3.14660 1.50107 1.08542 0.04914 -0.20292 0.37214 0.90439
1661398689.025146008 -3.14498 1.49914 1.08492 0.04910 -0.20244 0.37201 0.90455
1661398689.035145998 -3.14350 1.49736 1.08444 0.04907 -0.20198 0.37189 0.90471
1661398689.045145988 -3.14220 1.49581 1.08401 0.04905 -0.20155 0.37177 0.90485
1661398689.055145979 -3.14114 1.49453 1.08362 0.04905 -0.20114 0.37166 0.90499
1661398689.065145969 -3.14028 1.49350 1.08327 0.04906 -0.20074 0.37154 0.90513
1661398689.075146198 -3.13961 1.49268 1.08296 0.04907 -0.20037 0.37143 0.90526
1661398689.085145950 -3.13907 1.49204 1.08268 0.04909 -0.20000 0.37131 0.90538
1661398689.095146179 -3.13865 1.49154 1.08244 0.04912 -0.19964 0.37119 0.90551
1661398689.105145931 -3.13831 1.49114 1.08222 0.04913 -0.19929 0.37106 0.90564
1661398689.115146160 -3.13803 1.49080 1.08203 0.04915 -0.19894 0.37093 0.90577
1661398689.125145912 -3.13776 1.49049 1.08186 0.04915 -0.19859 0.37079 0.90591
1661398689.135146141 -3.13747 1.49018 1.08170 0.04914 -0.19823 0.37063 0.90605
1661398689.145145893 -3.13715 1.48982 1.08156 0.04911 -0.19787 0.37047 0.90619
1661398689.155146122 -3.13675 1.48939 1.08143 0.04907 -0.19749 0.37029 0.90635
1661398689.165145874 -3.13629 1.48891 1.08131 0.04900 -0.19711 0.37010 0.90651
1661398689.175146103 -3.13579 1.48838 1.08119 0.04892 -0.19673 0.36990 0.90668
1661398689.185145855 -3.13526 1.48784 1.08108 0.04883 -0.19634 0.36970 0.90686
1661398689.195146084 -3.13472 1.48730 1.08096 0.04873 -0.19596 0.36948 0.90703
1661398689.205146074 -3.13419 1.48679 1.08084 0.04861 -0.19558 0.36926 0.90721
1661398689.215146065 -3.13368 1.48633 1.08071 0.04849 -0.19521 0.36904 0.90739
1661398689.225146055 -3.13322 1.48594 1.08058 0.04836 -0.19484 0.36882 0.90756
1661398689.235146046 -3.13281 1.48564 1.08043 0.04823 -0.19449 0.36860 0.90773
1661398689.245146036 -3.13247 1.48546 1.08028 0.04810 -0.19416 0.36838 0.90790
1661398689.255146027 -3.13222 1.48540 1.08010 0.04797 -0.19385 0.36816 0.90806
1661398689.265146017 -3.13204 1.48545 1.07991 0.04784 -0.19355 0.36795 0.90822
1661398689.275146008 -3.13190 1.48557 1.07971 0.04771 -0.19327 0.36774 0.90837
1661398689.285145998 -3.13178 1.48575 1.07949 0.04757 -0.19300 0.36753 0.90852
1661398689.295145988 -3.13166 1.48594 1.07926 0.04744 -0.19275 0.36733 0.90866
1661398689.305145979 -3.13152 1.48612 1.07902 0.04730 -0.19252 0.36712 0.90880
1661398689.315145969 -3.13133 1.48626 1.07878 0.04716 -0.19229 0.36692 0.90894
1661398689.325145960 -3.13107 1.48633 1.07852 0.04702 -0.19207 0.36671 0.90907
1661398689.335146189 -3.13071 1.48630 1.07826 0.04687 -0.19187 0.36651 0.90921
1661398689.345145941 -3.13024 1.48614 1.07799 0.04672 -0.19167 0.36630 0.90934
1661398689.355146170 -3.12963 1.48584 1.07772 0.04656 -0.19148 0.36609 0.90948
1661398689.365145922 -3.12890 1.48540 1.07745 0.04639 -0.19129 0.36588 0.90961
1661398689.375146151 -3.12806 1.48485 1.07717 0.04622 -0.19111 0.36566 0.90974
1661398689.385145903 -3.12715 1.48421 1.07688 0.04605 -0.19093 0.36545 0.90987
1661398689.395146132 -3.12616 1.48350 1.07660 0.04587 -0.19075 0.36525 0.91000
1661398689.405145884 -3.12514 1.48274 1.07631 0.04568 -0.19057 0.36504 0.91013
1661398689.415146112 -3.12408 1.48196 1.07601 0.04549 -0.19039 0.36485 0.91026
1661398689.425145864 -3.12302 1.48117 1.07572 0.04529 -0.19020 0.36466 0.91038
1661398689.435146093 -3.12197 1.48040 1.07542 0.04508 -0.19001 0.36449 0.91050
1661398689.445145845 -3.12094 1.47967 1.07512 0.04487 -0.18982 0.36432 0.91062
1661398689.455146074 -3.11997 1.47901 1.07481 0.04466 -0.18961 0.36417 0.91073
1661398689.465146065 -3.11904 1.47840 1.07450 0.04443 -0.18940 0.36403 0.91084
1661398689.475146055 -3.11816 1.47785 1.07418 0.04421 -0.18917 0.36390 0.91095
1661398689.485146046 -3.11734 1.47736 1.07386 0.04399 -0.18892 0.36379 0.91106
1661398689.495146036 -3.11657 1.47693 1.07352 0.04378 -0.18864 0.36368 0.91117
1661398689.505146027 -3.11585 1.47655 1.07317 0.04357 -0.18835 0.36358 0.91128
1661398689.515146017 -3.11519 1.47623 1.07280 0.04337 -0.18802 0.36349 0.91140
1661398689.525146008 -3.11458 1.47596 1.07242 0.04318 -0.18766 0.36340 0.91151
1661398689.535145998 -3.11403 1.47574 1.07202 0.04301 -0.18727 0.36332 0.91164
1661398689.545145988 -3.11354 1.47558 1.07160 0.04285 -0.18683 0.36324 0.91176
1661398689.555145979 -3.11311 1.47546 1.07116 0.04271 -0.18635 0.36317 0.91190
1661398689.565145969 -3.11272 1.47538 1.07070 0.04259 -0.18584 0.36310 0.91204
1661398689.575146198 -3.11237 1.47534 1.07022 0.04249 -0.18530 0.36303 0.91218
1661398689.585145950 -3.11205 1.47533 1.06973 0.04240 -0.18473 0.36296 0.91232
1661398689.595146179 -3.11174 1.47534 1.06924 0.04234 -0.18416 0.36290 0.91247
1661398689.605145931 -3.11144 1.47536 1.06875 0.04230 -0.18357 0.36283 0.91261
1661398689.615146160 -3.11113 1.47538 1.06826 0.04227 -0.18299 0.36277 0.91275
1661398689.625145912 -3.11081 1.47541 1.06778 0.04227 -0.18242 0.36272 0.91289
1661398689.635146141 -3.11046 1.47542 1.06731 0.04228 -0.18187 0.36266 0.91302
1661398689.645145893 -3.11008 1.47542 1.06686 0.04232 -0.18134 0.36261 0.91315
1661398689.655146122 -3.10964 1.47540 1.06642 0.04237 -0.18084 0.36255 0.91327
1661398689.665145874 -3.10917 1.47535 1.06601 0.04244 -0.18037 0.36250 0.91338
1661398689.675146103 -3.10865 1.47529 1.06560 0.04251 -0.17991 0.36245 0.91348
1661398689.685145855 -3.10811 1.47521 1.06521 0.04259 -0.17946 0.36241 0.91359
1661398689.695146084 -3.10753 1.47511 1.06481 0.04266 -0.17901 0.36237 0.91368
1661398689.705146074 -3.10693 1.47500 1.06442 0.04272 -0.17856 0.36234 0.91378
1661398689.715146065 -3.10630 1.47487 1.06403 0.04276 -0.17808 0.36232 0.91388
1661398689.725146055 -3.10566 1.47474 1.06362 0.04279 -0.17759 0.36231 0.91398
1661398689.735146046 -3.10501 1.47460 1.06321 0.04278 -0.17705 0.36231 0.91409
1661398689.745146036 -3.10435 1.47445 1.06278 0.04275 -0.17648 0.36231 0.91420
1661398689.755146027 -3.10369 1.47429 1.06233 0.04267 -0.17587 0.36233 0.91431
1661398689.765146017 -3.10303 1.47414 1.06186 0.04256 -0.17521 0.36236 0.91443
1661398689.775146008 -3.10238 1.47400 1.06138 0.04243 -0.17451 0.36240 0.91456
1661398689.785145998 -3.10172 1.47386 1.06088 0.04227 -0.17378 0.36244 0.91469
1661398689.795145988 -3.10107 1.47374 1.06036 0.04210 -0.17303 0.36248 0.91482
1661398689.805145979 -3.10044 1.47365 1.05982 0.04193 -0.17227 0.36251 0.91496
1661398689.815145969 -3.09981 1.47358 1.05927 0.04175 -0.17149 0.36254 0.91510
1661398689.825145960 -3.09919 1.47354 1.05871 0.04158 -0.17071 0.36255 0.91525
1661398689.835146189 -3.09859 1.47355 1.05813 0.04143 -0.16993 0.36255 0.91540
1661398689.845145941 -3.09800 1.47360 1.05755 0.04129 -0.16916 0.36254 0.91556
1661398689.855146170 -3.09744 1.47369 1.05695 0.04118 -0.16840 0.36251 0.91572
1661398689.865145922 -3.09688 1.47382 1.05634 0.04109 -0.16765 0.36246 0.91588
1661398689.875146151 -3.09634 1.47399 1.05573 0.04102 -0.16692 0.36239 0.91604
1661398689.885145903 -3.09581 1.47419 1.05513 0.04096 -0.16619 0.36233 0.91620
1661398689.895146132 -3.09528 1.47440 1.05453 0.04092 -0.16548 0.36225 0.91636
1661398689.905145884 -3.09475 1.47463 1.05393 0.04089 -0.16477 0.36218 0.91652
1661398689.915146112 -3.09421 1.47486 1.05336 0.04086 -0.16406 0.36212 0.91667
1661398689.925145864 -3.09367 1.47509 1.05280 0.04084 -0.16336 0.36207 0.91682
1661398689.935146093 -3.09312 1.47531 1.05226 0.04081 -0.16266 0.36203 0.91696
1661398689.945145845 -3.09255 1.47551 1.05175 0.04078 -0.16195 0.36200 0.91709
1661398689.955146074 -3.09197 1.47569 1.05127 0.04074 -0.16125 0.36200 0.91722
1661398689.965146065 -3.09137 1.47584 1.05081 0.04069 -0.16055 0.36202 0.91734
1661398689.975146055 -3.09076 1.47599 1.05038 0.04063 -0.15985 0.36205 0.91745
1661398689.985146046 -3.09016 1.47612 1.04996 0.04056 -0.15917 0.36209 0.91756
1661398689.995146036 -3.08956 1.47625 1.04956 0.04048 -0.15851 0.36213 0.91766
1661398690.005146027 -3.08897 1.47639 1.04917 0.04039 -0.15787 0.36217 0.91776
1661398690.015146017 -3.08840 1.47654 1.04879 0.04028 -0.15726 0.36221 0.91785
1661398690.025146008 -3.08785 1.47670 1.04840 0.04017 -0.15668 0.36223 0.91795
1661398690.035145998 -3.08733 1.47689 1.04801 0.04004 -0.15615 0.36223 0.91804
1661398690.045145988 -3.08685 1.47710 1.04762 0.03989 -0.15565 0.36221 0.91814
1661398690.055145979 -3.08641 1.47735 1.04721 0.03974 -0.15521 0.36217 0.91824
1661398690.065145969 -3.08601 1.47762 1.04680 0.03957 -0.15481 0.36211 0.91834
1661398690.075146198 -3.08563 1.47792 1.04638 0.03939 -0.15444 0.36202 0.91844
1661398690.085145950 -3.08528 1.47824 1.04596 0.03922 -0.15409 0.36192 0.91855
1661398690.095146179 -3.08494 1.47857 1.04554 0.03904 -0.15376 0.36181 0.91865
1661398690.105145931 -3.08461 1.47891 1.04513 0.03887 -0.15343 0.36170 0.91876
1661398690.115146160 -3.08429 1.47926 1.04472 0.03871 -0.15310 0.36158 0.91887
1661398690.125145912 -3.08397 1.47962 1.04432 0.03856 -0.15276 0.36146 0.91898
1661398690.135146141 -3.08364 1.47997 1.04394 0.03844 -0.15240 0.36135 0.91909
1661398690.145145893 -3.08329 1.48031 1.04357 0.03833 -0.15201 0.36125 0.91920
1661398690.155146122 -3.08292 1.48064 1.04322 0.03825 -0.15158 0.36116 0.91931
1661398690.165145874 -3.08253 1.48096 1.04289 0.03819 -0.15113 0.36108 0.91942
1661398690.175146103 -3.08211 1.48125 1.04258 0.03815 -0.15065 0.36101 0.91952
1661398690.185145855 -3.08167 1.48152 1.04228 0.03814 -0.15015 0.36095 0.91963
1661398690.195146084 -3.08120 1.48176 1.04200 0.03815 -0.14964 0.36090 0.91973
1661398690.205146074 -3.08070 1.48196 1.04173 0.03817 -0.14912 0.36086 0.91983
1661398690.215146065 -3.08017 1.48212 1.04147 0.03822 -0.14861 0.36082 0.91993
1661398690.225146055 -3.07961 1.48223 1.04123 0.03828 -0.14810 0.36078 0.92002
1661398690.235146046 -3.07901 1.48230 1.04100 0.03835 -0.14761 0.36075 0.92011
1661398690.245146036 -3.07838 1.48231 1.04078 0.03845 -0.14714 0.36071 0.92020
1661398690.255146027 -3.07771 1.48227 1.04057 0.03855 -0.14669 0.36068 0.92028
1661398690.265146017 -3.07701 1.48218 1.04036 0.03866 -0.14627 0.36064 0.92035
1661398690.275146008 -3.07630 1.48206 1.04015 0.03878 -0.14587 0.36061 0.92042
1661398690.285145998 -3.07559 1.48193 1.03995 0.03889 -0.14549 0.36057 0.92049
1661398690.295145988 -3.07489 1.48180 1.03974 0.03900 -0.14512 0.36054 0.92056
1661398690.305145979 -3.07421 1.48170 1.03952 0.03910 -0.14475 0.36050 0.92063
1661398690.315145969 -3.07357 1.48162 1.03930 0.03919 -0.14439 0.36047 0.92069
1661398690.325145960 -3.07297 1.48159 1.03906 0.03926 -0.14403 0.36044 0.92076
1661398690.335146189 -3.07242 1.48163 1.03880 0.03930 -0.14366 0.36041 0.92083
1661398690.345145941 -3.07195 1.48175 1.03852 0.03931 -0.14328 0.36038 0.92090
1661398690.355146170 -3.07156 1.48196 1.03822 0.03930 -0.14289 0.36035 0.92097
1661398690.365145922 -3.07122 1.48224 1.03790 0.03925 -0.14248 0.36032 0.92105
1661398690.375146151 -3.07090 1.48255 1.03757 0.03919 -0.14206 0.36030 0.92112
1661398690.385145903 -3.07059 1.48288 1.03721 0.03912 -0.14163 0.36027 0.92120
1661398690.395146132 -3.07025 1.48318 1.03685 0.03904 -0.14118 0.36024 0.92129
1661398690.405145884 -3.06987 1.48344 1.03647 0.03896 -0.14071 0.36021 0.92138
1661398690.415146112 -3.06940 1.48362 1.03608 0.03888 -0.14024 0.36017 0.92147
1661398690.425145864 -3.06883 1.48369 1.03569 0.03882 -0.13974 0.36013 0.92156
1661398690.435146093 -3.06812 1.48363 1.03530 0.03878 -0.13923 0.36008 0.92166
1661398690.445145845 -3.06726 1.48341 1.03490 0.03877 -0.13870 0.36002 0.92176
1661398690.455146074 -3.06622 1.48300 1.03450 0.03879 -0.13816 0.35996 0.92187
1661398690.465146065 -3.06502 1.48243 1.03410 0.03884 -0.13760 0.35989 0.92198
1661398690.475146055 -3.06369 1.48173 1.03370 0.03891 -0.13703 0.35981 0.92209
1661398690.485146046 -3.06227 1.48092 1.03329 0.03898 -0.13645 0.35974 0.92220
1661398690.495146036 -3.06076 1.48003 1.03288 0.03906 -0.13587 0.35967 0.92231
1661398690.505146027 -3.05922 1.47909 1.03246 0.03914 -0.13529 0.35960 0.92242
1661398690.515146017 -3.05766 1.47814 1.03202 0.03920 -0.13471 0.35953 0.92252
1661398690.525146008 -3.05610 1.47719 1.03157 0.03924 -0.13414 0.35948 0.92263
1661398690.535145998 -3.05459 1.47628 1.03111 0.03925 -0.13357 0.35944 0.92273
1661398690.545145988 -3.05314 1.47544 1.03063 0.03923 -0.13301 0.35941 0.92282
1661398690.555145979 -3.05179 1.47469 1.03013 0.03916 -0.13247 0.35940 0.92290
1661398690.565145969 -3.05053 1.47403 1.02961 0.03906 -0.13194 0.35940 0.92298
1661398690.575146198 -3.04935 1.47347 1.02908 0.03892 -0.13143 0.35941 0.92306
1661398690.585145950 -3.04826 1.47299 1.02855 0.03875 -0.13092 0.35943 0.92313
1661398690.595146179 -3.04725 1.47260 1.02801 0.03855 -0.13042 0.35945 0.92320
1661398690.605145931 -3.04631 1.47230 1.02748 0.03834 -0.12994 0.35948 0.92327
1661398690.615146160 -3.04545 1.47208 1.02695 0.03810 -0.12946 0.35950 0.92333
1661398690.625145912 -3.04465 1.47195 1.02643 0.03786 -0.12899 0.35952 0.92340
1661398690.635146141 -3.04392 1.47190 1.02593 0.03760 -0.12853 0.35953 0.92347
1661398690.645145893 -3.04325 1.47193 1.02544 0.03734 -0.12808 0.35953 0.92355
1661398690.655146122 -3.04263 1.47203 1.02498 0.03709 -0.12762 0.35952 0.92362
1661398690.665145874 -3.04207 1.47220 1.02454 0.03683 -0.12717 0.35950 0.92371
1661398690.675146103 -3.04154 1.47243 1.02411 0.03658 -0.12672 0.35946 0.92379
1661398690.685145855 -3.04104 1.47271 1.02370 0.03633 -0.12625 0.35942 0.92388
1661398690.695146084 -3.04055 1.47303 1.02330 0.03608 -0.12576 0.35937 0.92398
1661398690.705146074 -3.04008 1.47338 1.02291 0.03583 -0.12526 0.35932 0.92407
1661398690.715146065 -3.03961 1.47375 1.02253 0.03559 -0.12472 0.35927 0.92418
1661398690.725146055 -3.03913 1.47412 1.02215 0.03535 -0.12416 0.35921 0.92428
1661398690.735146046 -3.03863 1.47450 1.02177 0.03511 -0.12355 0.35916 0.92440
1661398690.745146036 -3.03810 1.47486 1.02139 0.03488 -0.12290 0.35911 0.92451
1661398690.755146027 -3.03753 1.47521 1.02100 0.03465 -0.12220 0.35906 0.92463
1661398690.765146017 -3.03693 1.47553 1.02061 0.03443 -0.12147 0.35902 0.92475
1661398690.775146008 -3.03630 1.47583 1.02021 0.03422 -0.12071 0.35898 0.92487
1661398690.785145998 -3.03564 1.47610 1.01981 0.03403 -0.11993 0.35895 0.92499
1661398690.795145988 -3.03494 1.47634 1.01940 0.03385 -0.11915 0.35892 0.92511
1661398690.805145979 -3.03423 1.47654 1.01898 0.03369 -0.11837 0.35890 0.92523
1661398690.815145969 -3.03349 1.47670 1.01856 0.03355 -0.11761 0.35889 0.92533
1661398690.825145960 -3.03273 1.47682 1.01813 0.03345 -0.11689 0.35888 0.92543
1661398690.835146189 -3.03196 1.47690 1.01769 0.03337 -0.11620 0.35887 0.92552
1661398690.845145941 -3.03116 1.47693 1.01724 0.03333 -0.11556 0.35887 0.92561
1661398690.855146170 -3.03036 1.47691 1.01678 0.03332 -0.11498 0.35888 0.92567
1661398690.865145922 -3.02954 1.47685 1.01632 0.03334 -0.11446 0.35889 0.92573
1661398690.875146151 -3.02872 1.47675 1.01585 0.03338 -0.11399 0.35891 0.92578
1661398690.885145903 -3.02789 1.47662 1.01539 0.03343 -0.11358 0.35893 0.92583
1661398690.895146132 -3.02706 1.47647 1.01493 0.03348 -0.11321 0.35895 0.92586
1661398690.905145884 -3.02622 1.47630 1.01447 0.03353 -0.11289 0.35896 0.92589
1661398690.915146112 -3.02539 1.47613 1.01403 0.03356 -0.11261 0.35898 0.92592
1661398690.925145864 -3.02455 1.47595 1.01360 0.03357 -0.11236 0.35899 0.92594
1661398690.935146093 -3.02373 1.47578 1.01319 0.03355 -0.11215 0.35900 0.92597
1661398690.945145845 -3.02290 1.47563 1.01280 0.03348 -0.11197 0.35900 0.92599
1661398690.955146074 -3.02209 1.47549 1.01243 0.03337 -0.11181 0.35900 0.92602
1661398690.965146065 -3.02129 1.47537 1.01208 0.03322 -0.11166 0.35899 0.92604
1661398690.975146055 -3.02050 1.47527 1.01175 0.03302 -0.11152 0.35899 0.92607
1661398690.985146046 -3.01972 1.47519 1.01144 0.03280 -0.11137 0.35898 0.92609
1661398690.995146036 -3.01896 1.47512 1.01113 0.03255 -0.11120 0.35899 0.92612
1661398691.005146027 -3.01822 1.47507 1.01083 0.03229 -0.11100 0.35900 0.92615
1661398691.015146017 -3.01750 1.47503 1.01053 0.03201 -0.11077 0.35903 0.92618
1661398691.025146008 -3.01679 1.47501 1.01023 0.03172 -0.11047 0.35908 0.92620
1661398691.035145998 -3.01611 1.47499 1.00993 0.03143 -0.11012 0.35915 0.92623
1661398691.045145988 -3.01546 1.47499 1.00962 0.03115 -0.10969 0.35924 0.92625
1661398691.055145979 -3.01483 1.47500 1.00929 0.03088 -0.10919 0.35936 0.92628
1661398691.065145969 -3.01422 1.47501 1.00897 0.03063 -0.10862 0.35950 0.92629
1661398691.075146198 -3.01365 1.47503 1.00864 0.03039 -0.10801 0.35966 0.92631
1661398691.085145950 -3.01310 1.47507 1.00831 0.03018 -0.10739 0.35984 0.92632
1661398691.095146179 -3.01257 1.47511 1.00799 0.03001 -0.10678 0.36002 0.92633
1661398691.105145931 -3.01207 1.47515 1.00769 0.02986 -0.10620 0.36020 0.92633
1661398691.115146160 -3.01160 1.47521 1.00741 0.02976 -0.10568 0.36038 0.92632
1661398691.125145912 -3.01115 1.47527 1.00715 0.02969 -0.10524 0.36055 0.92631
1661398691.135146141 -3.01073 1.47533 1.00691 0.02968 -0.10489 0.36070 0.92629
1661398691.145145893 -3.01034 1.47540 1.00672 0.02972 -0.10468 0.36084 0.92626
1661398691.155146122 -3.00997 1.47548 1.00655 0.02981 -0.10461 0.36095 0.92622
1661398691.165145874 -3.00963 1.47556 1.00642 0.02995 -0.10465 0.36104 0.92617
1661398691.175146103 -3.00929 1.47564 1.00632 0.03013 -0.10479 0.36112 0.92612
1661398691.185145855 -3.00897 1.47572 1.00622 0.03034 -0.10500 0.36118 0.92607
1661398691.195146084 -3.00864 1.47579 1.00614 0.03056 -0.10524 0.36123 0.92602
1661398691.205146074 -3.00831 1.47585 1.00605 0.03079 -0.10550 0.36127 0.92596
1661398691.215146065 -3.00796 1.47591 1.00595 0.03101 -0.10573 0.36131 0.92591
1661398691.225146055 -3.00759 1.47595 1.00584 0.03122 -0.10592 0.36136 0.92586
1661398691.235146046 -3.00719 1.47598 1.00570 0.03141 -0.10604 0.36141 0.92583
1661398691.245146036 -3.00676 1.47598 1.00552 0.03156 -0.10605 0.36147 0.92580
1661398691.255146027 -3.00628 1.47597 1.00531 0.03168 -0.10594 0.36154 0.92578
1661398691.265146017 -3.00578 1.47595 1.00505 0.03175 -0.10572 0.36162 0.92577
1661398691.275146008 -3.00523 1.47590 1.00477 0.03179 -0.10540 0.36171 0.92577
1661398691.285145998 -3.00466 1.47584 1.00446 0.03179 -0.10501 0.36181 0.92577
1661398691.295145988 -3.00406 1.47577 1.00413 0.03177 -0.10456 0.36190 0.92579
1661398691.305145979 -3.00344 1.47568 1.00378 0.03173 -0.10407 0.36200 0.92581
1661398691.315145969 -3.00281 1.47559 1.00342 0.03167 -0.10357 0.36209 0.92583
1661398691.325145960 -3.00216 1.47549 1.00306 0.03160 -0.10306 0.36217 0.92586
1661398691.335146189 -3.00150 1.47539 1.00269 0.03152 -0.10256 0.36224 0.92589
1661398691.345145941 -3.00083 1.47528 1.00233 0.03143 -0.10211 0.36230 0.92592
1661398691.355146170 -3.00017 1.47518 1.00198 0.03135 -0.10170 0.36234 0.92595
1661398691.365145922 -2.99952 1.47508 1.00164 0.03126 -0.10133 0.36237 0.92598
1661398691.375146151 -2.99889 1.47500 1.00129 0.03116 -0.10100 0.36239 0.92602
1661398691.385145903 -2.99829 1.47495 1.00094 0.03106 -0.10069 0.36239 0.92605
1661398691.395146132 -2.99773 1.47494 1.00057 0.03094 -0.10039 0.36238 0.92609
1661398691.405145884 -2.99723 1.47497 1.00019 0.03081 -0.10010 0.36236 0.92614
1661398691.415146112 -2.99680 1.47507 0.99978 0.03065 -0.09980 0.36233 0.92618
1661398691.425145864 -2.99645 1.47523 0.99934 0.03047 -0.09948 0.36229 0.92624
1661398691.435146093 -2.99618 1.47548 0.99887 0.03027 -0.09914 0.36225 0.92630
1661398691.445145845 -2.99602 1.47581 0.99836 0.03003 -0.09876 0.36220 0.92637
1661398691.455146074 -2.99597 1.47624 0.99781 0.02977 -0.09834 0.36215 0.92644
1661398691.465146065 -2.99600 1.47675 0.99722 0.02947 -0.09787 0.36209 0.92652
1661398691.475146055 -2.99611 1.47733 0.99659 0.02915 -0.09738 0.36203 0.92661
1661398691.485146046 -2.99628 1.47794 0.99593 0.02882 -0.09685 0.36198 0.92669
1661398691.495146036 -2.99647 1.47859 0.99525 0.02848 -0.09631 0.36192 0.92678
1661398691.505146027 -2.99669 1.47923 0.99456 0.02813 -0.09575 0.36186 0.92687
1661398691.515146017 -2.99689 1.47987 0.99385 0.02778 -0.09519 0.36181 0.92696
1661398691.525146008 -2.99707 1.48048 0.99314 0.02743 -0.09463 0.36177 0.92705
1661398691.535145998 -2.99720 1.48104 0.99244 0.02710 -0.09407 0.36173 0.92713
1661398691.545145988 -2.99727 1.48153 0.99173 0.02679 -0.09353 0.36169 0.92721
1661398691.555145979 -2.99725 1.48194 0.99104 0.02649 -0.09302 0.36167 0.92728
1661398691.565145969 -2.99716 1.48227 0.99037 0.02622 -0.09251 0.36166 0.92734
1661398691.575146198 -2.99700 1.48254 0.98970 0.02597 -0.09203 0.36165 0.92740
1661398691.585145950 -2.99679 1.48274 0.98906 0.02574 -0.09156 0.36165 0.92745
1661398691.595146179 -2.99652 1.48290 0.98842 0.02553 -0.09109 0.36166 0.92750
1661398691.605145931 -2.99621 1.48301 0.98780 0.02534 -0.09064 0.36167 0.92754
1661398691.615146160 -2.99587 1.48310 0.98719 0.02517 -0.09019 0.36169 0.92758
1661398691.625145912 -2.99551 1.48316 0.98660 0.02501 -0.08974 0.36172 0.92762
1661398691.635146141 -2.99514 1.48321 0.98603 0.02487 -0.08928 0.36175 0.92766
1661398691.645145893 -2.99476 1.48325 0.98547 0.02475 -0.08883 0.36178 0.92769
1661398691.655146122 -2.99438 1.48329 0.98493 0.02465 -0.08837 0.36182 0.92772
1661398691.665145874 -2.99402 1.48335 0.98440 0.02455 -0.08790 0.36187 0.92775
1661398691.675146103 -2.99366 1.48341 0.98389 0.02447 -0.08745 0.36191 0.92778
1661398691.685145855 -2.99332 1.48348 0.98340 0.02439 -0.08701 0.36196 0.92780
1661398691.695146084 -2.99300 1.48356 0.98293 0.02432 -0.08658 0.36201 0.92783
1661398691.705146074 -2.99269 1.48366 0.98247 0.02426 -0.08619 0.36206 0.92784
1661398691.715146065 -2.99242 1.48378 0.98203 0.02419 -0.08583 0.36212 0.92786
1661398691.725146055 -2.99217 1.48392 0.98162 0.02412 -0.08551 0.36217 0.92787
1661398691.735146046 -2.99195 1.48408 0.98122 0.02405 -0.08524 0.36223 0.92787
1661398691.745146036 -2.99177 1.48427 0.98084 0.02397 -0.08502 0.36228 0.92787
1661398691.755146027 -2.99163 1.48448 0.98048 0.02388 -0.08486 0.36233 0.92787
1661398691.765146017 -2.99151 1.48471 0.98014 0.02379 -0.08476 0.36239 0.92786
1661398691.775146008 -2.99141 1.48495 0.97981 0.02368 -0.08469 0.36244 0.92785
1661398691.785145998 -2.99132 1.48519 0.97950 0.02357 -0.08465 0.36249 0.92783
1661398691.795145988 -2.99124 1.48543 0.97919 0.02346 -0.08463 0.36255 0.92782
1661398691.805145979 -2.99114 1.48565 0.97890 0.02334 -0.08461 0.36260 0.92780
1661398691.815145969 -2.99103 1.48586 0.97861 0.02321 -0.08459 0.36265 0.92779
1661398691.825145960 -2.99089 1.48603 0.97832 0.02309 -0.08456 0.36271 0.92777
1661398691.835146189 -2.99071 1.48617 0.97804 0.02296 -0.08449 0.36276 0.92776
1661398691.845145941 -2.99048 1.48626 0.97776 0.02283 -0.08439 0.36282 0.92775
1661398691.855146170 -2.99020 1.48630 0.97747 0.02271 -0.08424 0.36287 0.92775
1661398691.865145922 -2.98988 1.48631 0.97718 0.02258 -0.08405 0.36293 0.92774
1661398691.875146151 -2.98954 1.48628 0.97689 0.02247 -0.08382 0.36299 0.92774
1661398691.885145903 -2.98918 1.48624 0.97659 0.02236 -0.08357 0.36305 0.92775
1661398691.895146132 -2.98882 1.48621 0.97629 0.02227 -0.08329 0.36311 0.92775
1661398691.905145884 -2.98847 1.48619 0.97599 0.02220 -0.08299 0.36318 0.92775
1661398691.915146112 -2.98815 1.48619 0.97568 0.02216 -0.08269 0.36325 0.92775
1661398691.925145864 -2.98788 1.48624 0.97538 0.02214 -0.08239 0.36333 0.92775
1661398691.935146093 -2.98766 1.48634 0.97507 0.02215 -0.08209 0.36341 0.92774
1661398691.945145845 -2.98751 1.48651 0.97476 0.02219 -0.08181 0.36350 0.92773
1661398691.955146074 -2.98745 1.48676 0.97444 0.02227 -0.08154 0.36360 0.92771
1661398691.965146065 -2.98746 1.48707 0.97413 0.02238 -0.08129 0.36370 0.92769
1661398691.975146055 -2.98753 1.48744 0.97381 0.02252 -0.08106 0.36380 0.92767
1661398691.985146046 -2.98764 1.48785 0.97350 0.02268 -0.08085 0.36391 0.92764
1661398691.995146036 -2.98780 1.48828 0.97318 0.02285 -0.08065 0.36401 0.92761
1661398692.005146027 -2.98798 1.48872 0.97286 0.02304 -0.08046 0.36412 0.92759
1661398692.015146017 -2.98817 1.48916 0.97254 0.02322 -0.08029 0.36422 0.92756
1661398692.025146008 -2.98837 1.48958 0.97222 0.02340 -0.08014 0.36431 0.92753
1661398692.035145998 -2.98855 1.48997 0.97190 0.02357 -0.07999 0.36440 0.92750
1661398692.045145988 -2.98871 1.49031 0.97158 0.02372 -0.07986 0.36447 0.92748
1661398692.055145979 -2.98884 1.49059 0.97126 0.02385 -0.07974 0.36454 0.92746
1661398692.065145969 -2.98894 1.49082 0.97094 0.02397 -0.07962 0.36460 0.92745
1661398692.075146198 -2.98901 1.49101 0.97061 0.02406 -0.07951 0.36464 0.92743
1661398692.085145950 -2.98905 1.49115 0.97028 0.02413 -0.07939 0.36468 0.92743
1661398692.095146179 -2.98906 1.49125 0.96994 0.02419 -0.07928 0.36471 0.92743
1661398692.105145931 -2.98906 1.49133 0.96960 0.02423 -0.07915 0.36473 0.92743
1661398692.115146160 -2.98903 1.49139 0.96924 0.02426 -0.07901 0.36474 0.92743
1661398692.125145912 -2.98899 1.49143 0.96887 0.02427 -0.07886 0.36474 0.92745
1661398692.135146141 -2.98894 1.49147 0.96849 0.02427 -0.07869 0.36474 0.92746
1661398692.145145893 -2.98888 1.49150 0.96809 0.02425 -0.07849 0.36473 0.92748
1661398692.155146122 -2.98881 1.49153 0.96767 0.02423 -0.07827 0.36471 0.92751
1661398692.165145874 -2.98873 1.49158 0.96724 0.02419 -0.07802 0.36469 0.92754
1661398692.175146103 -2.98866 1.49164 0.96680 0.02414 -0.07775 0.36466 0.92758
1661398692.185145855 -2.98859 1.49172 0.96634 0.02407 -0.07745 0.36462 0.92762
1661398692.195146084 -2.98853 1.49183 0.96588 0.02399 -0.07713 0.36457 0.92766
1661398692.205146074 -2.98849 1.49198 0.96540 0.02389 -0.07679 0.36452 0.92772
1661398692.215146065 -2.98846 1.49217 0.96492 0.02378 -0.07643 0.36445 0.92778
1661398692.225146055 -2.98845 1.49241 0.96444 0.02364 -0.07605 0.36438 0.92784
1661398692.235146046 -2.98847 1.49271 0.96396 0.02349 -0.07565 0.36430 0.92791
1661398692.245146036 -2.98852 1.49306 0.96348 0.02332 -0.07523 0.36420 0.92798
1661398692.255146027 -2.98859 1.49348 0.96300 0.02312 -0.07480 0.36410 0.92807
1661398692.265146017 -2.98870 1.49395 0.96253 0.02291 -0.07435 0.36398 0.92815
1661398692.275146008 -2.98884 1.49448 0.96205 0.02269 -0.07389 0.36386 0.92824
1661398692.285145998 -2.98900 1.49504 0.96158 0.02246 -0.07342 0.36374 0.92833
1661398692.295145988 -2.98919 1.49564 0.96110 0.02222 -0.07294 0.36362 0.92842
1661398692.305145979 -2.98939 1.49626 0.96063 0.02199 -0.07246 0.36350 0.92851
1661398692.315145969 -2.98961 1.49689 0.96015 0.02177 -0.07197 0.36338 0.92860
1661398692.325145960 -2.98984 1.49753 0.95967 0.02156 -0.07148 0.36327 0.92869
1661398692.335146189 -2.99008 1.49817 0.95918 0.02137 -0.07099 0.36317 0.92877
1661398692.345145941 -2.99033 1.49879 0.95870 0.02120 -0.07050 0.36309 0.92884
1661398692.355146170 -2.99058 1.49939 0.95820 0.02106 -0.07002 0.36302 0.92891
1661398692.365145922 -2.99083 1.49997 0.95770 0.02094 -0.06954 0.36296 0.92897
1661398692.375146151 -2.99107 1.50052 0.95721 0.02083 -0.06907 0.36291 0.92903
1661398692.385145903 -2.99130 1.50104 0.95671 0.02074 -0.06861 0.36287 0.92908
1661398692.395146132 -2.99150 1.50153 0.95622 0.02065 -0.06817 0.36284 0.92913
1661398692.405145884 -2.99168 1.50199 0.95574 0.02056 -0.06774 0.36280 0.92917
1661398692.415146112 -2.99182 1.50241 0.95526 0.02047 -0.06732 0.36277 0.92922
1661398692.425145864 -2.99192 1.50279 0.95481 0.02036 -0.06693 0.36274 0.92926
1661398692.435146093 -2.99197 1.50313 0.95436 0.02024 -0.06655 0.36270 0.92931
1661398692.445145845 -2.99197 1.50342 0.95393 0.02010 -0.06619 0.36266 0.92935
1661398692.455146074 -2.99191 1.50366 0.95353 0.01993 -0.06586 0.36260 0.92940
1661398692.465146065 -2.99180 1.50387 0.95314 0.01974 -0.06555 0.36254 0.92945
1661398692.475146055 -2.99165 1.50403 0.95276 0.01953 -0.06526 0.36247 0.92950
1661398692.485146046 -2.99147 1.50417 0.95240 0.01931 -0.06499 0.36240 0.92955
1661398692.495146036 -2.99126 1.50427 0.95203 0.01909 -0.06473 0.36233 0.92960
1661398692.505146027 -2.99104 1.50435 0.95168 0.01886 -0.06449 0.36227 0.92965
1661398692.515146017 -2.99082 1.50442 0.95131 0.01864 -0.06426 0.36221 0.92969
1661398692.525146008 -2.99059 1.50447 0.95095 0.01843 -0.06404 0.36216 0.92973
1661398692.535145998 -2.99039 1.50451 0.95057 0.01824 -0.06382 0.36211 0.92977
1661398692.545145988 -2.99020 1.50454 0.95018 0.01806 -0.06362 0.36209 0.92980
1661398692.555145979 -2.99005 1.50458 0.94977 0.01791 -0.06341 0.36207 0.92982
1661398692.565145969 -2.98992 1.50462 0.94935 0.01778 -0.06321 0.36207 0.92983
1661398692.575146198 -2.98981 1.50466 0.94892 0.01768 -0.06301 0.36208 0.92985
1661398692.585145950 -2.98973 1.50470 0.94848 0.01759 -0.06281 0.36210 0.92985
1661398692.595146179 -2.98966 1.50474 0.94805 0.01751 -0.06261 0.36212 0.92986
1661398692.605145931 -2.98960 1.50478 0.94762 0.01745 -0.06240 0.36215 0.92987
1661398692.615146160 -2.98954 1.50483 0.94720 0.01740 -0.06219 0.36217 0.92987
1661398692.625145912 -2.98949 1.50488 0.94679 0.01735 -0.06197 0.36220 0.92988
1661398692.635146141 -2.98944 1.50493 0.94640 0.01731 -0.06174 0.36221 0.92989
1661398692.645145893 -2.98938 1.50498 0.94603 0.01728 -0.06150 0.36222 0.92990
1661398692.655146122 -2.98930 1.50504 0.94568 0.01724 -0.06124 0.36222 0.92992
1661398692.665145874 -2.98922 1.50510 0.94536 0.01720 -0.06098 0.36221 0.92994
1661398692.675146103 -2.98912 1.50516 0.94506 0.01716 -0.06071 0.36219 0.92997
1661398692.685145855 -2.98902 1.50522 0.94478 0.01712 -0.06044 0.36217 0.92999
1661398692.695146084 -2.98889 1.50529 0.94452 0.01709 -0.06017 0.36213 0.93002
1661398692.705146074 -2.98875 1.50536 0.94427 0.01705 -0.05991 0.36210 0.93006
1661398692.715146065 -2.98860 1.50543 0.94403 0.01702 -0.05966 0.36206 0.93009
1661398692.725146055 -2.98843 1.50550 0.94381 0.01700 -0.05942 0.36202 0.93012
1661398692.735146046 -2.98824 1.50558 0.94359 0.01698 -0.05920 0.36199 0.93015
1661398692.745146036 -2.98803 1.50565 0.94337 0.01696 -0.05900 0.36195 0.93017
1661398692.755146027 -2.98781 1.50572 0.94316 0.01695 -0.05883 0.36192 0.93020
1661398692.765146017 -2.98757 1.50580 0.94296 0.01694 -0.05867 0.36188 0.93022
1661398692.775146008 -2.98732 1.50587 0.94275 0.01693 -0.05853 0.36186 0.93024
1661398692.785145998 -2.98707 1.50593 0.94254 0.01692 -0.05841 0.36183 0.93026
1661398692.795145988 -2.98682 1.50599 0.94233 0.01691 -0.05830 0.36180 0.93028
1661398692.805145979 -2.98657 1.50605 0.94211 0.01688 -0.05820 0.36178 0.93029
1661398692.815145969 -2.98634 1.50609 0.94188 0.01685 -0.05811 0.36176 0.93031
1661398692.825145960 -2.98612 1.50613 0.94165 0.01681 -0.05802 0.36174 0.93032
1661398692.835146189 -2.98592 1.50615 0.94141 0.01674 -0.05792 0.36172 0.93034
1661398692.845145941 -2.98574 1.50616 0.94116 0.01667 -0.05782 0.36170 0.93035
1661398692.855146170 -2.98560 1.50616 0.94089 0.01657 -0.05772 0.36168 0.93037
1661398692.865145922 -2.98549 1.50615 0.94061 0.01645 -0.05760 0.36166 0.93038
1661398692.875146151 -2.98541 1.50614 0.94031 0.01632 -0.05748 0.36164 0.93040
1661398692.885145903 -2.98536 1.50612 0.94001 0.01619 -0.05735 0.36162 0.93042
1661398692.895146132 -2.98535 1.50612 0.93969 0.01605 -0.05722 0.36160 0.93044
1661398692.905145884 -2.98537 1.50612 0.93936 0.01591 -0.05707 0.36159 0.93045
1661398692.915146112 -2.98543 1.50615 0.93902 0.01578 -0.05692 0.36157 0.93047
1661398692.925145864 -2.98552 1.50620 0.93866 0.01566 -0.05676 0.36156 0.93049
1661398692.935146093 -2.98564 1.50627 0.93829 0.01555 -0.05660 0.36155 0.93050
1661398692.945145845 -2.98580 1.50638 0.93792 0.01546 -0.05642 0.36154 0.93052
1661398692.955146074 -2.98600 1.50653 0.93753 0.01539 -0.05624 0.36153 0.93054
1661398692.965146065 -2.98624 1.50671 0.93713 0.01535 -0.05605 0.36152 0.93055
1661398692.975146055 -2.98651 1.50693 0.93672 0.01531 -0.05585 0.36152 0.93057
1661398692.985146046 -2.98680 1.50717 0.93630 0.01528 -0.05565 0.36151 0.93058
1661398692.995146036 -2.98713 1.50743 0.93587 0.01526 -0.05543 0.36150 0.93060
1661398693.005146027 -2.98748 1.50771 0.93544 0.01524 -0.05520 0.36150 0.93061
1661398693.015146017 -2.98786 1.50801 0.93499 0.01522 -0.05497 0.36148 0.93063
1661398693.025146008 -2.98826 1.50831 0.93454 0.01519 -0.05472 0.36147 0.93065
1661398693.035145998 -2.98868 1.50862 0.93408 0.01515 -0.05446 0.36145 0.93068
1661398693.045145988 -2.98912 1.50894 0.93361 0.01508 -0.05419 0.36143 0.93070
1661398693.055145979 -2.98957 1.50925 0.93314 0.01500 -0.05390 0.36140 0.93073
1661398693.065145969 -2.99004 1.50955 0.93265 0.01490 -0.05360 0.36137 0.93076
1661398693.075146198 -2.99051 1.50985 0.93217 0.01477 -0.05328 0.36133 0.93080
1661398693.085145950 -2.99098 1.51013 0.93167 0.01462 -0.05294 0.36129 0.93084
1661398693.095146179 -2.99145 1.51041 0.93116 0.01443 -0.05257 0.36124 0.93088
1661398693.105145931 -2.99192 1.51066 0.93064 0.01422 -0.05217 0.36119 0.93092
1661398693.115146160 -2.99237 1.51090 0.93011 0.01398 -0.05174 0.36112 0.93098
1661398693.125145912 -2.99281 1.51111 0.92957 0.01370 -0.05128 0.36106 0.93103
1661398693.135146141 -2.99322 1.51130 0.92902 0.01339 -0.05078 0.36099 0.93109
1661398693.145145893 -2.99361 1.51147 0.92846 0.01304 -0.05024 0.36091 0.93116
1661398693.155146122 -2.99398 1.51160 0.92788 0.01265 -0.04966 0.36082 0.93123
1661398693.165145874 -2.99432 1.51171 0.92729 0.01224 -0.04904 0.36073 0.93130
1661398693.175146103 -2.99465 1.51180 0.92669 0.01180 -0.04840 0.36064 0.93137
1661398693.185145855 -2.99497 1.51189 0.92608 0.01134 -0.04774 0.36054 0.93145
1661398693.195146084 -2.99530 1.51196 0.92547 0.01087 -0.04708 0.36043 0.93154
1661398693.205146074 -2.99563 1.51204 0.92486 0.01040 -0.04642 0.36031 0.93162
1661398693.215146065 -2.99598 1.51213 0.92426 0.00993 -0.04578 0.36019 0.93170
1661398693.225146055 -2.99636 1.51223 0.92365 0.00947 -0.04516 0.36007 0.93178
1661398693.235146046 -2.99677 1.51235 0.92305 0.00903 -0.04458 0.35994 0.93187
1661398693.245146036 -2.99722 1.51250 0.92246 0.00862 -0.04405 0.35981 0.93195
1661398693.255146027 -2.99772 1.51268 0.92188 0.00823 -0.04356 0.35967 0.93203
1661398693.265146017 -2.99826 1.51289 0.92132 0.00788 -0.04313 0.35953 0.93211
1661398693.275146008 -2.99885 1.51311 0.92076 0.00755 -0.04273 0.35939 0.93218
1661398693.285145998 -2.99948 1.51336 0.92020 0.00726 -0.04236 0.35925 0.93225
1661398693.295145988 -3.00014 1.51361 0.91966 0.00700 -0.04203 0.35913 0.93232
1661398693.305145979 -3.00084 1.51387 0.91911 0.00678 -0.04171 0.35902 0.93237
1661398693.315145969 -3.00156 1.51413 0.91857 0.00658 -0.04140 0.35892 0.93243
1661398693.325145960 -3.00231 1.51438 0.91803 0.00643 -0.04109 0.35884 0.93247
1661398693.335146189 -3.00308 1.51461 0.91749 0.00630 -0.04078 0.35878 0.93251
1661398693.345145941 -3.00388 1.51483 0.91695 0.00621 -0.04046 0.35875 0.93253
1661398693.355146170 -3.00468 1.51503 0.91641 0.00615 -0.04012 0.35875 0.93255
1661398693.365145922 -3.00551 1.51520 0.91586 0.00613 -0.03977 0.35877 0.93256
1661398693.375146151 -3.00634 1.51536 0.91531 0.00613 -0.03941 0.35882 0.93255
1661398693.385145903 -3.00719 1.51549 0.91476 0.00616 -0.03905 0.35888 0.93255
1661398693.395146132 -3.00804 1.51561 0.91421 0.00621 -0.03869 0.35896 0.93253
1661398693.405145884 -3.00891 1.51571 0.91367 0.00628 -0.03833 0.35905 0.93251
1661398693.415146112 -3.00979 1.51579 0.91312 0.00636 -0.03799 0.35915 0.93248
1661398693.425145864 -3.01067 1.51587 0.91258 0.00646 -0.03767 0.35925 0.93246
1661398693.435146093 -3.01155 1.51593 0.91205 0.00656 -0.03737 0.35936 0.93243
1661398693.445145845 -3.01244 1.51598 0.91152 0.00667 -0.03709 0.35946 0.93240
1661398693.455146074 -3.01334 1.51603 0.91099 0.00678 -0.03685 0.35956 0.93237
1661398693.465146065 -3.01423 1.51607 0.91048 0.00689 -0.03663 0.35965 0.93234
1661398693.475146055 -3.01514 1.51611 0.90997 0.00700 -0.03643 0.35973 0.93232
1661398693.485146046 -3.01605 1.51614 0.90947 0.00710 -0.03623 0.35981 0.93229
1661398693.495146036 -3.01697 1.51618 0.90899 0.00719 -0.03605 0.35989 0.93227
1661398693.505146027 -3.01791 1.51621 0.90851 0.00727 -0.03585 0.35996 0.93225
1661398693.515146017 -3.01885 1.51625 0.90804 0.00732 -0.03565 0.36002 0.93223
1661398693.525146008 -3.01981 1.51629 0.90759 0.00736 -0.03543 0.36009 0.93222
1661398693.535145998 -3.02079 1.51634 0.90716 0.00738 -0.03518 0.36014 0.93220
1661398693.545145988 -3.02179 1.51639 0.90674 0.00737 -0.03490 0.36020 0.93219
1661398693.555145979 -3.02281 1.51646 0.90633 0.00734 -0.03458 0.36024 0.93219
1661398693.565145969 -3.02384 1.51653 0.90593 0.00728 -0.03422 0.36029 0.93218
1661398693.575146198 -3.02489 1.51661 0.90555 0.00721 -0.03385 0.36034 0.93218
1661398693.585145950 -3.02595 1.51668 0.90517 0.00712 -0.03345 0.36038 0.93218
1661398693.595146179 -3.02702 1.51676 0.90480 0.00704 -0.03305 0.36043 0.93217
1661398693.605145931 -3.02809 1.51683 0.90443 0.00696 -0.03265 0.36048 0.93217
1661398693.615146160 -3.02916 1.51689 0.90406 0.00690 -0.03226 0.36054 0.93216
1661398693.625145912 -3.03023 1.51694 0.90368 0.00685 -0.03189 0.36060 0.93215
1661398693.635146141 -3.03130 1.51698 0.90330 0.00683 -0.03154 0.36068 0.93213
1661398693.645145893 -3.03235 1.51700 0.90290 0.00685 -0.03122 0.36076 0.93211
1661398693.655146122 -3.03340 1.51700 0.90249 0.00690 -0.03095 0.36085 0.93209
1661398693.665145874 -3.03443 1.51699 0.90207 0.00698 -0.03071 0.36095 0.93205
1661398693.675146103 -3.03547 1.51696 0.90164 0.00709 -0.03049 0.36106 0.93202
1661398693.685145855 -3.03650 1.51692 0.90120 0.00722 -0.03031 0.36118 0.93197
1661398693.695146084 -3.03755 1.51687 0.90074 0.00736 -0.03014 0.36131 0.93193
1661398693.705146074 -3.03860 1.51680 0.90027 0.00750 -0.02998 0.36144 0.93188
1661398693.715146065 -3.03967 1.51673 0.89979 0.00764 -0.02982 0.36158 0.93183
1661398693.725146055 -3.04077 1.51665 0.89930 0.00776 -0.02967 0.36172 0.93178
1661398693.735146046 -3.04189 1.51657 0.89879 0.00787 -0.02950 0.36186 0.93173
1661398693.745146036 -3.04304 1.51649 0.89828 0.00795 -0.02933 0.36201 0.93168
1661398693.755146027 -3.04422 1.51640 0.89776 0.00800 -0.02913 0.36215 0.93163
1661398693.765146017 -3.04543 1.51631 0.89722 0.00801 -0.02892 0.36230 0.93158
1661398693.775146008 -3.04667 1.51621 0.89669 0.00800 -0.02869 0.36244 0.93153
1661398693.785145998 -3.04791 1.51610 0.89615 0.00797 -0.02844 0.36259 0.93148
1661398693.795145988 -3.04917 1.51596 0.89560 0.00791 -0.02818 0.36273 0.93143
1661398693.805145979 -3.05043 1.51581 0.89506 0.00783 -0.02791 0.36288 0.93139
1661398693.815145969 -3.05168 1.51562 0.89453 0.00774 -0.02763 0.36302 0.93134
1661398693.825145960 -3.05292 1.51541 0.89400 0.00763 -0.02733 0.36317 0.93129
1661398693.835146189 -3.05414 1.51515 0.89348 0.00751 -0.02703 0.36331 0.93125
1661398693.845145941 -3.05533 1.51486 0.89297 0.00739 -0.02671 0.36345 0.93120
1661398693.855146170 -3.05649 1.51452 0.89247 0.00725 -0.02640 0.36359 0.93116
1661398693.865145922 -3.05762 1.51414 0.89198 0.00711 -0.02607 0.36373 0.93111
1661398693.875146151 -3.05873 1.51372 0.89150 0.00697 -0.02575 0.36386 0.93107
1661398693.885145903 -3.05982 1.51327 0.89103 0.00681 -0.02543 0.36398 0.93103
1661398693.895146132 -3.06089 1.51279 0.89057 0.00664 -0.02510 0.36410 0.93100
1661398693.905145884 -3.06195 1.51229 0.89011 0.00645 -0.02478 0.36421 0.93097
1661398693.915146112 -3.06300 1.51177 0.88965 0.00625 -0.02447 0.36430 0.93094
1661398693.925145864 -3.06405 1.51124 0.88919 0.00603 -0.02416 0.36438 0.93092
1661398693.935146093 -3.06510 1.51069 0.88873 0.00579 -0.02387 0.36445 0.93090
1661398693.945145845 -3.06616 1.51014 0.88826 0.00552 -0.02359 0.36450 0.93089
1661398693.955146074 -3.06723 1.50959 0.88779 0.00523 -0.02332 0.36453 0.93088
1661398693.965146065 -3.06831 1.50904 0.88731 0.00493 -0.02307 0.36455 0.93088
1661398693.975146055 -3.06939 1.50848 0.88684 0.00462 -0.02284 0.36457 0.93089
1661398693.985146046 -3.07048 1.50790 0.88637 0.00431 -0.02263 0.36458 0.93089
1661398693.995146036 -3.07157 1.50731 0.88590 0.00401 -0.02245 0.36460 0.93089
1661398694.005146027 -3.07266 1.50670 0.88544 0.00373 -0.02231 0.36463 0.93088
1661398694.015146017 -3.07374 1.50607 0.88499 0.00348 -0.02220 0.36467 0.93087
1661398694.025146008 -3.07481 1.50541 0.88456 0.00326 -0.02213 0.36474 0.93084
1661398694.035145998 -3.07588 1.50472 0.88414 0.00310 -0.02210 0.36483 0.93081
1661398694.045145988 -3.07693 1.50399 0.88374 0.00298 -0.02211 0.36496 0.93075
1661398694.055145979 -3.07797 1.50322 0.88336 0.00293 -0.02217 0.36513 0.93069
1661398694.065145969 -3.07899 1.50242 0.88301 0.00294 -0.02227 0.36534 0.93060
1661398694.075146198 -3.08000 1.50158 0.88267 0.00300 -0.02238 0.36558 0.93051
1661398694.085145950 -3.08100 1.50071 0.88235 0.00312 -0.02249 0.36585 0.93040
1661398694.095146179 -3.08198 1.49981 0.88205 0.00328 -0.02258 0.36614 0.93028
1661398694.105145931 -3.08295 1.49888 0.88176 0.00350 -0.02264 0.36646 0.93015
1661398694.115146160 -3.08392 1.49792 0.88147 0.00376 -0.02265 0.36679 0.93002
1661398694.125145912 -3.08487 1.49694 0.88120 0.00405 -0.02259 0.36714 0.92988
1661398694.135146141 -3.08581 1.49593 0.88093 0.00439 -0.02245 0.36751 0.92974
1661398694.145145893 -3.08674 1.49490 0.88067 0.00475 -0.02221 0.36788 0.92960
1661398694.155146122 -3.08766 1.49386 0.88041 0.00515 -0.02186 0.36826 0.92945
1661398694.165145874 -3.08858 1.49279 0.88015 0.00557 -0.02142 0.36864 0.92931
1661398694.175146103 -3.08950 1.49171 0.87989 0.00599 -0.02090 0.36900 0.92917
1661398694.185145855 -3.09041 1.49062 0.87963 0.00643 -0.02032 0.36936 0.92904
1661398694.195146084 -3.09132 1.48951 0.87938 0.00685 -0.01971 0.36969 0.92892
1661398694.205146074 -3.09224 1.48838 0.87913 0.00727 -0.01908 0.37000 0.92881
1661398694.215146065 -3.09317 1.48724 0.87888 0.00766 -0.01846 0.37027 0.92871
1661398694.225146055 -3.09410 1.48608 0.87863 0.00802 -0.01786 0.37050 0.92863
1661398694.235146046 -3.09504 1.48492 0.87838 0.00834 -0.01730 0.37069 0.92856
1661398694.245146036 -3.09599 1.48374 0.87813 0.00861 -0.01681 0.37082 0.92851
1661398694.255146027 -3.09696 1.48255 0.87788 0.00883 -0.01640 0.37090 0.92849
1661398694.265146017 -3.09794 1.48135 0.87764 0.00899 -0.01606 0.37093 0.92848
1661398694.275146008 -3.09893 1.48012 0.87739 0.00911 -0.01580 0.37092 0.92849
1661398694.285145998 -3.09991 1.47888 0.87714 0.00919 -0.01562 0.37088 0.92850
1661398694.295145988 -3.10090 1.47760 0.87690 0.00923 -0.01550 0.37082 0.92853
1661398694.305145979 -3.10187 1.47630 0.87665 0.00924 -0.01546 0.37076 0.92855
1661398694.315145969 -3.10284 1.47496 0.87641 0.00923 -0.01547 0.37070 0.92858
1661398694.325145960 -3.10379 1.47358 0.87616 0.00920 -0.01554 0.37065 0.92860
1661398694.335146189 -3.10471 1.47216 0.87591 0.00916 -0.01567 0.37063 0.92860
1661398694.345145941 -3.10562 1.47069 0.87566 0.00910 -0.01585 0.37064 0.92860
1661398694.355146170 -3.10649 1.46918 0.87541 0.00904 -0.01607 0.37069 0.92857
1661398694.365145922 -3.10733 1.46761 0.87515 0.00898 -0.01634 0.37078 0.92854
1661398694.375146151 -3.10816 1.46602 0.87490 0.00889 -0.01662 0.37088 0.92849
1661398694.385145903 -3.10895 1.46439 0.87464 0.00878 -0.01692 0.37100 0.92844
1661398694.395146132 -3.10973 1.46275 0.87439 0.00864 -0.01722 0.37113 0.92838
1661398694.405145884 -3.11049 1.46110 0.87413 0.00847 -0.01751 0.37124 0.92833
1661398694.415146112 -3.11124 1.45944 0.87387 0.00825 -0.01778 0.37134 0.92829
1661398694.425145864 -3.11198 1.45779 0.87362 0.00797 -0.01800 0.37140 0.92826
1661398694.435146093 -3.11270 1.45615 0.87336 0.00764 -0.01819 0.37143 0.92825
1661398694.445145845 -3.11342 1.45454 0.87310 0.00724 -0.01831 0.37141 0.92826
1661398694.455146074 -3.11414 1.45295 0.87285 0.00678 -0.01836 0.37133 0.92829
1661398694.465146065 -3.11485 1.45138 0.87259 0.00625 -0.01835 0.37120 0.92835
1661398694.475146055 -3.11556 1.44983 0.87234 0.00568 -0.01827 0.37103 0.92842
1661398694.485146046 -3.11628 1.44829 0.87210 0.00507 -0.01815 0.37083 0.92851
1661398694.495146036 -3.11699 1.44675 0.87186 0.00444 -0.01797 0.37061 0.92861
1661398694.505146027 -3.11771 1.44522 0.87162 0.00380 -0.01776 0.37037 0.92871
1661398694.515146017 -3.11844 1.44367 0.87139 0.00317 -0.01750 0.37014 0.92881
1661398694.525146008 -3.11917 1.44211 0.87117 0.00256 -0.01722 0.36991 0.92891
1661398694.535145998 -3.11992 1.44053 0.87096 0.00198 -0.01691 0.36969 0.92900
1661398694.545145988 -3.12067 1.43892 0.87076 0.00144 -0.01659 0.36951 0.92908
1661398694.555145979 -3.12144 1.43728 0.87057 0.00096 -0.01625 0.36936 0.92914
1661398694.565145969 -3.12222 1.43562 0.87039 0.00053 -0.01589 0.36924 0.92920
1661398694.575146198 -3.12302 1.43393 0.87021 0.00015 -0.01553 0.36915 0.92924
1661398694.585145950 -3.12384 1.43223 0.87004 -0.00019 -0.01515 0.36908 0.92927
1661398694.595146179 -3.12467 1.43051 0.86987 -0.00048 -0.01476 0.36903 0.92930
1661398694.605145931 -3.12553 1.42880 0.86970 -0.00073 -0.01435 0.36900 0.92932
1661398694.615146160 -3.12642 1.42708 0.86952 -0.00094 -0.01393 0.36897 0.92934
1661398694.625145912 -3.12732 1.42538 0.86934 -0.00112 -0.01350 0.36895 0.92935
1661398694.635146141 -3.12826 1.42369 0.86915 -0.00128 -0.01305 0.36894 0.92936
1661398694.645145893 -3.12923 1.42202 0.86894 -0.00140 -0.01259 0.36892 0.92938
1661398694.655146122 -3.13023 1.42037 0.86873 -0.00151 -0.01211 0.36889 0.92939
1661398694.665145874 -3.13126 1.41876 0.86850 -0.00159 -0.01162 0.36885 0.92941
1661398694.675146103 -3.13232 1.41718 0.86825 -0.00166 -0.01112 0.36881 0.92944
1661398694.685145855 -3.13343 1.41564 0.86799 -0.00172 -0.01061 0.36876 0.92946
1661398694.695146084 -3.13457 1.41414 0.86771 -0.00176 -0.01010 0.36871 0.92949
1661398694.705146074 -3.13575 1.41268 0.86741 -0.00180 -0.00958 0.36864 0.92952
1661398694.715146065 -3.13698 1.41126 0.86709 -0.00183 -0.00906 0.36858 0.92955
1661398694.725146055 -3.13825 1.40990 0.86675 -0.00186 -0.00855 0.36851 0.92958
1661398694.735146046 -3.13957 1.40859 0.86639 -0.00189 -0.00804 0.36843 0.92962
1661398694.745146036 -3.14094 1.40733 0.86600 -0.00192 -0.00753 0.36835 0.92965
1661398694.755146027 -3.14236 1.40614 0.86559 -0.00196 -0.00704 0.36827 0.92969
1661398694.765146017 -3.14382 1.40499 0.86517 -0.00201 -0.00655 0.36818 0.92973
1661398694.775146008 -3.14530 1.40390 0.86474 -0.00207 -0.00607 0.36809 0.92977
1661398694.785145998 -3.14680 1.40284 0.86432 -0.00214 -0.00561 0.36800 0.92981
1661398694.795145988 -3.14831 1.40181 0.86390 -0.00223 -0.00515 0.36791 0.92985
1661398694.805145979 -3.14982 1.40081 0.86350 -0.00233 -0.00471 0.36781 0.92988
1661398694.815145969 -3.15130 1.39983 0.86314 -0.00245 -0.00428 0.36772 0.92992
1661398694.825145960 -3.15277 1.39886 0.86281 -0.00259 -0.00386 0.36763 0.92996
1661398694.835146189 -3.15419 1.39790 0.86252 -0.00275 -0.00345 0.36753 0.93000
1661398694.845145941 -3.15556 1.39693 0.86229 -0.00293 -0.00306 0.36744 0.93004
1661398694.855146170 -3.15688 1.39596 0.86213 -0.00314 -0.00269 0.36735 0.93007
1661398694.865145922 -3.15815 1.39498 0.86202 -0.00336 -0.00234 0.36726 0.93011
1661398694.875146151 -3.15939 1.39401 0.86195 -0.00360 -0.00201 0.36716 0.93015
1661398694.885145903 -3.16060 1.39305 0.86193 -0.00383 -0.00171 0.36706 0.93019
1661398694.895146132 -3.16180 1.39211 0.86195 -0.00406 -0.00145 0.36693 0.93024
1661398694.905145884 -3.16301 1.39119 0.86199 -0.00428 -0.00123 0.36679 0.93029
1661398694.915146112 -3.16422 1.39031 0.86204 -0.00447 -0.00106 0.36663 0.93036
1661398694.925145864 -3.16547 1.38946 0.86211 -0.00464 -0.00095 0.36644 0.93043
1661398694.935146093 -3.16676 1.38866 0.86219 -0.00476 -0.00089 0.36622 0.93052
1661398694.945145845 -3.16809 1.38791 0.86226 -0.00484 -0.00090 0.36597 0.93062
1661398694.955146074 -3.16949 1.38721 0.86232 -0.00487 -0.00097 0.36567 0.93073
1661398694.965146065 -3.17095 1.38657 0.86237 -0.00486 -0.00111 0.36535 0.93086
1661398694.975146055 -3.17245 1.38598 0.86241 -0.00481 -0.00130 0.36499 0.93100
1661398694.985146046 -3.17399 1.38543 0.86244 -0.00474 -0.00153 0.36460 0.93115
1661398694.995146036 -3.17555 1.38492 0.86246 -0.00466 -0.00179 0.36419 0.93131
1661398695.005146027 -3.17713 1.38445 0.86246 -0.00459 -0.00209 0.36375 0.93148
1661398695.015146017 -3.17872 1.38401 0.86245 -0.00452 -0.00239 0.36330 0.93166
1661398695.025146008 -3.18032 1.38359 0.86243 -0.00448 -0.00270 0.36283 0.93184
1661398695.035145998 -3.18190 1.38319 0.86240 -0.00447 -0.00301 0.36236 0.93202
1661398695.045145988 -3.18346 1.38282 0.86235 -0.00450 -0.00331 0.36187 0.93221
1661398695.055145979 -3.18499 1.38245 0.86229 -0.00459 -0.00359 0.36138 0.93240
1661398695.065145969 -3.18650 1.38210 0.86222 -0.00472 -0.00385 0.36088 0.93259
1661398695.075146198 -3.18799 1.38176 0.86214 -0.00489 -0.00411 0.36039 0.93278
1661398695.085145950 -3.18946 1.38143 0.86206 -0.00509 -0.00436 0.35990 0.93297
1661398695.095146179 -3.19090 1.38112 0.86197 -0.00532 -0.00462 0.35942 0.93315
1661398695.105145931 -3.19234 1.38082 0.86188 -0.00556 -0.00488 0.35895 0.93333
1661398695.115146160 -3.19376 1.38054 0.86179 -0.00581 -0.00516 0.35848 0.93350
1661398695.125145912 -3.19517 1.38028 0.86171 -0.00605 -0.00546 0.35804 0.93367
1661398695.135146141 -3.19658 1.38003 0.86163 -0.00629 -0.00578 0.35761 0.93383
1661398695.145145893 -3.19798 1.37980 0.86156 -0.00651 -0.00613 0.35720 0.93399
1661398695.155146122 -3.19938 1.37959 0.86150 -0.00671 -0.00652 0.35681 0.93413
1661398695.165145874 -3.20078 1.37940 0.86144 -0.00688 -0.00694 0.35645 0.93426
1661398695.175146103 -3.20218 1.37923 0.86140 -0.00703 -0.00738 0.35610 0.93439
1661398695.185145855 -3.20357 1.37908 0.86135 -0.00716 -0.00782 0.35576 0.93452
1661398695.195146084 -3.20495 1.37895 0.86130 -0.00726 -0.00826 0.35543 0.93464
1661398695.205146074 -3.20633 1.37885 0.86124 -0.00735 -0.00869 0.35511 0.93476
1661398695.215146065 -3.20770 1.37878 0.86118 -0.00742 -0.00909 0.35479 0.93487
1661398695.225146055 -3.20907 1.37873 0.86110 -0.00747 -0.00947 0.35447 0.93499
1661398695.235146046 -3.21042 1.37871 0.86101 -0.00750 -0.00980 0.35414 0.93511
1661398695.245146036 -3.21176 1.37873 0.86089 -0.00751 -0.01007 0.35381 0.93523
1661398695.255146027 -3.21309 1.37877 0.86076 -0.00751 -0.01029 0.35346 0.93536
1661398695.265146017 -3.21442 1.37886 0.86061 -0.00750 -0.01045 0.35310 0.93550
1661398695.275146008 -3.21574 1.37899 0.86044 -0.00748 -0.01057 0.35272 0.93564
1661398695.285145998 -3.21705 1.37917 0.86026 -0.00746 -0.01066 0.35233 0.93579
1661398695.295145988 -3.21837 1.37940 0.86008 -0.00743 -0.01073 0.35192 0.93594
1661398695.305145979 -3.21970 1.37970 0.85990 -0.00741 -0.01078 0.35148 0.93610
1661398695.315145969 -3.22103 1.38007 0.85971 -0.00739 -0.01082 0.35102 0.93628
1661398695.325145960 -3.22237 1.38052 0.85954 -0.00738 -0.01088 0.35054 0.93646
1661398695.335146189 -3.22373 1.38104 0.85937 -0.00739 -0.01094 0.35002 0.93665
1661398695.345145941 -3.22511 1.38166 0.85922 -0.00741 -0.01104 0.34948 0.93685
1661398695.355146170 -3.22651 1.38236 0.85909 -0.00745 -0.01117 0.34890 0.93706
1661398695.365145922 -3.22793 1.38315 0.85897 -0.00751 -0.01132 0.34830 0.93729
1661398695.375146151 -3.22935 1.38401 0.85887 -0.00758 -0.01150 0.34766 0.93752
1661398695.385145903 -3.23078 1.38493 0.85878 -0.00766 -0.01169 0.34700 0.93776
1661398695.395146132 -3.23220 1.38590 0.85871 -0.00774 -0.01189 0.34631 0.93801
1661398695.405145884 -3.23361 1.38691 0.85865 -0.00783 -0.01209 0.34559 0.93828
1661398695.415146112 -3.23501 1.38795 0.85860 -0.00793 -0.01228 0.34485 0.93854
1661398695.425145864 -3.23637 1.38901 0.85857 -0.00802 -0.01246 0.34408 0.93882
1661398695.435146093 -3.23771 1.39007 0.85853 -0.00810 -0.01261 0.34330 0.93911
1661398695.445145845 -3.23901 1.39112 0.85851 -0.00818 -0.01274 0.34250 0.93940
1661398695.455146074 -3.24027 1.39217 0.85849 -0.00825 -0.01283 0.34167 0.93970
1661398695.465146065 -3.24149 1.39320 0.85847 -0.00830 -0.01289 0.34084 0.94000
1661398695.475146055 -3.24269 1.39422 0.85846 -0.00834 -0.01291 0.34000 0.94030
1661398695.485146046 -3.24385 1.39524 0.85845 -0.00837 -0.01289 0.33915 0.94061
1661398695.495146036 -3.24500 1.39627 0.85843 -0.00838 -0.01283 0.33832 0.94091
1661398695.505146027 -3.24614 1.39730 0.85841 -0.00837 -0.01272 0.33749 0.94120
1661398695.515146017 -3.24728 1.39834 0.85839 -0.00835 -0.01257 0.33669 0.94150
1661398695.525146008 -3.24842 1.39939 0.85837 -0.00831 -0.01238 0.33591 0.94178
1661398695.535145998 -3.24958 1.40047 0.85833 -0.00824 -0.01213 0.33515 0.94205
1661398695.545145988 -3.25075 1.40156 0.85829 -0.00816 -0.01184 0.33444 0.94231
1661398695.555145979 -3.25194 1.40269 0.85823 -0.00806 -0.01151 0.33376 0.94255
1661398695.565145969 -3.25316 1.40385 0.85817 -0.00794 -0.01114 0.33313 0.94278
1661398695.575146198 -3.25440 1.40504 0.85810 -0.00781 -0.01076 0.33253 0.94300
1661398695.585145950 -3.25567 1.40626 0.85803 -0.00766 -0.01038 0.33196 0.94321
1661398695.595146179 -3.25697 1.40752 0.85795 -0.00751 -0.01003 0.33142 0.94340
1661398695.605145931 -3.25829 1.40881 0.85788 -0.00736 -0.00972 0.33091 0.94358
1661398695.615146160 -3.25964 1.41015 0.85781 -0.00720 -0.00947 0.33042 0.94376
1661398695.625145912 -3.26102 1.41152 0.85775 -0.00706 -0.00930 0.32994 0.94393
1661398695.635146141 -3.26242 1.41293 0.85769 -0.00692 -0.00923 0.32949 0.94409
1661398695.645145893 -3.26385 1.41438 0.85765 -0.00679 -0.00927 0.32904 0.94425
1661398695.655146122 -3.26531 1.41587 0.85762 -0.00668 -0.00944 0.32861 0.94440
1661398695.665145874 -3.26679 1.41740 0.85760 -0.00659 -0.00972 0.32818 0.94454
1661398695.675146103 -3.26828 1.41896 0.85759 -0.00651 -0.01007 0.32776 0.94469
1661398695.685145855 -3.26977 1.42053 0.85759 -0.00645 -0.01048 0.32734 0.94483
1661398695.695146084 -3.27126 1.42212 0.85759 -0.00640 -0.01092 0.32693 0.94496
1661398695.705146074 -3.27273 1.42370 0.85759 -0.00637 -0.01135 0.32652 0.94510
1661398695.715146065 -3.27419 1.42527 0.85759 -0.00635 -0.01175 0.32612 0.94524
1661398695.725146055 -3.27562 1.42682 0.85758 -0.00635 -0.01210 0.32571 0.94537
1661398695.735146046 -3.27701 1.42835 0.85757 -0.00636 -0.01236 0.32531 0.94550
1661398695.745146036 -3.27836 1.42985 0.85754 -0.00638 -0.01252 0.32491 0.94564
1661398695.755146027 -3.27966 1.43130 0.85751 -0.00642 -0.01254 0.32451 0.94578
1661398695.765146017 -3.28091 1.43271 0.85746 -0.00647 -0.01245 0.32410 0.94592
1661398695.775146008 -3.28214 1.43410 0.85741 -0.00654 -0.01227 0.32369 0.94606
1661398695.785145998 -3.28333 1.43548 0.85734 -0.00663 -0.01203 0.32328 0.94620
1661398695.795145988 -3.28452 1.43684 0.85727 -0.00674 -0.01175 0.32285 0.94635
1661398695.805145979 -3.28570 1.43821 0.85719 -0.00689 -0.01146 0.32241 0.94651
1661398695.815145969 -3.28689 1.43958 0.85710 -0.00706 -0.01118 0.32196 0.94666
1661398695.825145960 -3.28809 1.44097 0.85701 -0.00727 -0.01093 0.32149 0.94682
1661398695.835146189 -3.28932 1.44239 0.85691 -0.00751 -0.01075 0.32100 0.94699
1661398695.845145941 -3.29058 1.44384 0.85681 -0.00779 -0.01065 0.32049 0.94716
1661398695.855146170 -3.29188 1.44533 0.85671 -0.00811 -0.01066 0.31995 0.94734
1661398695.865145922 -3.29322 1.44687 0.85661 -0.00847 -0.01076 0.31940 0.94752
1661398695.875146151 -3.29459 1.44844 0.85652 -0.00885 -0.01095 0.31884 0.94770
1661398695.885145903 -3.29597 1.45005 0.85645 -0.00925 -0.01121 0.31827 0.94789
1661398695.895146132 -3.29737 1.45168 0.85639 -0.00966 -0.01152 0.31771 0.94807
1661398695.905145884 -3.29878 1.45335 0.85635 -0.01007 -0.01188 0.31714 0.94825
1661398695.915146112 -3.30018 1.45504 0.85634 -0.01047 -0.01226 0.31659 0.94842
1661398695.925145864 -3.30158 1.45675 0.85636 -0.01085 -0.01266 0.31606 0.94859
1661398695.935146093 -3.30295 1.45847 0.85643 -0.01121 -0.01306 0.31555 0.94875
1661398695.945145845 -3.30430 1.46022 0.85653 -0.01154 -0.01345 0.31506 0.94890
1661398695.955146074 -3.30562 1.46197 0.85669 -0.01183 -0.01381 0.31462 0.94905
1661398695.965146065 -3.30691 1.46373 0.85688 -0.01208 -0.01414 0.31420 0.94918
1661398695.975146055 -3.30816 1.46548 0.85712 -0.01230 -0.01445 0.31380 0.94930
1661398695.985146046 -3.30937 1.46723 0.85740 -0.01247 -0.01474 0.31343 0.94942
1661398695.995146036 -3.31055 1.46897 0.85771 -0.01261 -0.01500 0.31307 0.94953
1661398696.005146027 -3.31170 1.47069 0.85806 -0.01271 -0.01524 0.31271 0.94964
1661398696.015146017 -3.31281 1.47238 0.85843 -0.01277 -0.01546 0.31237 0.94975
1661398696.025146008 -3.31388 1.47404 0.85883 -0.01280 -0.01565 0.31202 0.94986
1661398696.035145998 -3.31492 1.47567 0.85925 -0.01280 -0.01583 0.31166 0.94998
1661398696.045145988 -3.31592 1.47725 0.85969 -0.01276 -0.01599 0.31129 0.95009
1661398696.055145979 -3.31688 1.47879 0.86014 -0.01269 -0.01613 0.31091 0.95022
1661398696.065145969 -3.31781 1.48028 0.86061 -0.01259 -0.01627 0.31051 0.95035
1661398696.075146198 -3.31872 1.48174 0.86109 -0.01247 -0.01642 0.31010 0.95048
1661398696.085145950 -3.31962 1.48318 0.86160 -0.01234 -0.01659 0.30967 0.95062
1661398696.095146179 -3.32051 1.48459 0.86212 -0.01221 -0.01680 0.30924 0.95076
1661398696.105145931 -3.32141 1.48600 0.86266 -0.01208 -0.01706 0.30879 0.95090
1661398696.115146160 -3.32232 1.48740 0.86323 -0.01195 -0.01739 0.30833 0.95104
1661398696.125145912 -3.32325 1.48880 0.86381 -0.01184 -0.01779 0.30787 0.95119
1661398696.135146141 -3.32420 1.49021 0.86442 -0.01174 -0.01828 0.30740 0.95133
1661398696.145145893 -3.32520 1.49165 0.86505 -0.01168 -0.01888 0.30692 0.95148
1661398696.155146122 -3.32623 1.49310 0.86571 -0.01165 -0.01959 0.30645 0.95162
1661398696.165145874 -3.32730 1.49458 0.86639 -0.01164 -0.02040 0.30597 0.95175
1661398696.175146103 -3.32840 1.49606 0.86709 -0.01165 -0.02131 0.30548 0.95189
1661398696.185145855 -3.32952 1.49756 0.86782 -0.01167 -0.02229 0.30500 0.95202
1661398696.195146084 -3.33065 1.49906 0.86858 -0.01169 -0.02334 0.30452 0.95215
1661398696.205146074 -3.33178 1.50055 0.86936 -0.01170 -0.02443 0.30404 0.95227
1661398696.215146065 -3.33291 1.50202 0.87017 -0.01169 -0.02556 0.30357 0.95240
1661398696.225146055 -3.33402 1.50348 0.87100 -0.01165 -0.02671 0.30310 0.95251
1661398696.235146046 -3.33511 1.50492 0.87186 -0.01158 -0.02787 0.30263 0.95263
1661398696.245146036 -3.33616 1.50632 0.87274 -0.01146 -0.02902 0.30217 0.95274
1661398696.255146027 -3.33718 1.50769 0.87365 -0.01130 -0.03016 0.30172 0.95285
1661398696.265146017 -3.33816 1.50903 0.87458 -0.01109 -0.03128 0.30128 0.95296
1661398696.275146008 -3.33910 1.51032 0.87554 -0.01084 -0.03239 0.30084 0.95306
1661398696.285145998 -3.34001 1.51158 0.87652 -0.01057 -0.03349 0.30040 0.95317
1661398696.295145988 -3.34089 1.51280 0.87752 -0.01027 -0.03460 0.29997 0.95327
1661398696.305145979 -3.34174 1.51399 0.87855 -0.00996 -0.03571 0.29953 0.95337
1661398696.315145969 -3.34256 1.51514 0.87960 -0.00965 -0.03684 0.29908 0.95347
1661398696.325145960 -3.34336 1.51625 0.88067 -0.00934 -0.03798 0.29863 0.95357
1661398696.335146189 -3.34413 1.51733 0.88176 -0.00904 -0.03914 0.29817 0.95367
1661398696.345145941 -3.34488 1.51837 0.88288 -0.00875 -0.04033 0.29770 0.95377
1661398696.355146170 -3.34562 1.51938 0.88401 -0.00850 -0.04155 0.29721 0.95387
1661398696.365145922 -3.34634 1.52036 0.88516 -0.00826 -0.04282 0.29672 0.95397
1661398696.375146151 -3.34705 1.52131 0.88634 -0.00804 -0.04413 0.29621 0.95407
1661398696.385145903 -3.34776 1.52224 0.88754 -0.00782 -0.04549 0.29570 0.95416
1661398696.395146132 -3.34847 1.52316 0.88877 -0.00760 -0.04692 0.29519 0.95425
1661398696.405145884 -3.34918 1.52406 0.89001 -0.00737 -0.04841 0.29469 0.95434
1661398696.415146112 -3.34991 1.52496 0.89129 -0.00712 -0.04998 0.29418 0.95442
1661398696.425145864 -3.35065 1.52586 0.89259 -0.00685 -0.05162 0.29369 0.95448
1661398696.435146093 -3.35141 1.52676 0.89393 -0.00656 -0.05336 0.29320 0.95454
1661398696.445145845 -3.35219 1.52767 0.89529 -0.00622 -0.05519 0.29273 0.95458
1661398696.455146074 -3.35300 1.52860 0.89668 -0.00585 -0.05712 0.29227 0.95461
1661398696.465146065 -3.35384 1.52954 0.89810 -0.00543 -0.05914 0.29183 0.95462
1661398696.475146055 -3.35470 1.53051 0.89954 -0.00499 -0.06121 0.29140 0.95463
1661398696.485146046 -3.35558 1.53149 0.90101 -0.00452 -0.06333 0.29098 0.95462
1661398696.495146036 -3.35648 1.53250 0.90250 -0.00404 -0.06547 0.29057 0.95460
1661398696.505146027 -3.35738 1.53354 0.90401 -0.00355 -0.06762 0.29016 0.95458
1661398696.515146017 -3.35830 1.53461 0.90553 -0.00305 -0.06974 0.28976 0.95455
1661398696.525146008 -3.35922 1.53571 0.90707 -0.00255 -0.07183 0.28936 0.95452
1661398696.535145998 -3.36014 1.53684 0.90863 -0.00207 -0.07387 0.28896 0.95448
1661398696.545145988 -3.36106 1.53801 0.91019 -0.00160 -0.07583 0.28856 0.95445
1661398696.555145979 -3.36197 1.53922 0.91176 -0.00116 -0.07770 0.28816 0.95443
1661398696.565145969 -3.36288 1.54046 0.91334 -0.00074 -0.07948 0.28775 0.95440
1661398696.575146198 -3.36377 1.54172 0.91492 -0.00034 -0.08120 0.28734 0.95438
1661398696.585145950 -3.36465 1.54300 0.91650 0.00003 -0.08285 0.28692 0.95437
1661398696.595146179 -3.36551 1.54428 0.91808 0.00038 -0.08446 0.28649 0.95435
1661398696.605145931 -3.36636 1.54556 0.91966 0.00070 -0.08603 0.28607 0.95434
1661398696.615146160 -3.36718 1.54682 0.92123 0.00099 -0.08758 0.28563 0.95433
1661398696.625145912 -3.36798 1.54807 0.92279 0.00126 -0.08912 0.28519 0.95432
1661398696.635146141 -3.36875 1.54928 0.92434 0.00149 -0.09066 0.28474 0.95431
1661398696.645145893 -3.36949 1.55046 0.92588 0.00170 -0.09221 0.28428 0.95430
1661398696.655146122 -3.37020 1.55158 0.92741 0.00188 -0.09378 0.28381 0.95428
1661398696.665145874 -3.37087 1.55266 0.92892 0.00204 -0.09538 0.28334 0.95426
1661398696.675146103 -3.37151 1.55369 0.93042 0.00218 -0.09700 0.28286 0.95424
1661398696.685145855 -3.37211 1.55466 0.93191 0.00231 -0.09864 0.28238 0.95421
1661398696.695146084 -3.37267 1.55556 0.93339 0.00244 -0.10029 0.28191 0.95418
1661398696.705146074 -3.37319 1.55641 0.93487 0.00257 -0.10197 0.28144 0.95414
1661398696.715146065 -3.37366 1.55718 0.93633 0.00270 -0.10366 0.28099 0.95409
1661398696.725146055 -3.37409 1.55789 0.93780 0.00285 -0.10537 0.28054 0.95404
1661398696.735146046 -3.37446 1.55852 0.93925 0.00302 -0.10709 0.28011 0.95397
1661398696.745146036 -3.37479 1.55907 0.94071 0.00322 -0.10882 0.27970 0.95389
1661398696.755146027 -3.37507 1.55955 0.94217 0.00344 -0.11056 0.27931 0.95381
1661398696.765146017 -3.37531 1.55996 0.94362 0.00370 -0.11231 0.27894 0.95371
1661398696.775146008 -3.37553 1.56033 0.94507 0.00397 -0.11407 0.27859 0.95360
1661398696.785145998 -3.37573 1.56066 0.94651 0.00426 -0.11584 0.27824 0.95349
1661398696.795145988 -3.37594 1.56099 0.94795 0.00457 -0.11762 0.27791 0.95337
1661398696.805145979 -3.37616 1.56131 0.94937 0.00488 -0.11940 0.27758 0.95324
1661398696.815145969 -3.37641 1.56166 0.95078 0.00518 -0.12119 0.27725 0.95311
1661398696.825145960 -3.37670 1.56205 0.95217 0.00549 -0.12299 0.27692 0.95297
1661398696.835146189 -3.37704 1.56249 0.95355 0.00579 -0.12480 0.27659 0.95283
1661398696.845145941 -3.37746 1.56301 0.95491 0.00607 -0.12661 0.27625 0.95269
1661398696.855146170 -3.37795 1.56360 0.95624 0.00633 -0.12842 0.27590 0.95255
1661398696.865145922 -3.37851 1.56428 0.95756 0.00656 -0.13024 0.27553 0.95241
1661398696.875146151 -3.37913 1.56502 0.95885 0.00677 -0.13204 0.27516 0.95226
1661398696.885145903 -3.37980 1.56581 0.96012 0.00695 -0.13382 0.27478 0.95213
1661398696.895146132 -3.38051 1.56663 0.96137 0.00709 -0.13557 0.27438 0.95199
1661398696.905145884 -3.38125 1.56749 0.96260 0.00720 -0.13728 0.27398 0.95186
1661398696.915146112 -3.38201 1.56836 0.96380 0.00726 -0.13895 0.27356 0.95174
1661398696.925145864 -3.38277 1.56922 0.96499 0.00728 -0.14057 0.27313 0.95162
1661398696.935146093 -3.38352 1.57008 0.96615 0.00725 -0.14212 0.27269 0.95152
1661398696.945145845 -3.38427 1.57091 0.96729 0.00717 -0.14360 0.27224 0.95143
1661398696.955146074 -3.38498 1.57171 0.96840 0.00704 -0.14500 0.27178 0.95135
1661398696.965146065 -3.38568 1.57248 0.96949 0.00685 -0.14633 0.27131 0.95128
1661398696.975146055 -3.38635 1.57321 0.97056 0.00662 -0.14760 0.27083 0.95122
1661398696.985146046 -3.38700 1.57393 0.97160 0.00635 -0.14881 0.27035 0.95117
1661398696.995146036 -3.38763 1.57463 0.97261 0.00605 -0.14997 0.26987 0.95113
1661398697.005146027 -3.38824 1.57531 0.97359 0.00572 -0.15108 0.26940 0.95109
1661398697.015146017 -3.38884 1.57598 0.97454 0.00537 -0.15216 0.26893 0.95105
1661398697.025146008 -3.38942 1.57665 0.97546 0.00500 -0.15321 0.26848 0.95101
1661398697.035145998 -3.38999 1.57732 0.97635 0.00462 -0.15424 0.26803 0.95097
1661398697.045145988 -3.39055 1.57800 0.97720 0.00424 -0.15525 0.26760 0.95093
1661398697.055145979 -3.39110 1.57868 0.97801 0.00385 -0.15626 0.26720 0.95088
1661398697.065145969 -3.39162 1.57935 0.97880 0.00346 -0.15726 0.26681 0.95083
1661398697.075146198 -3.39210 1.57998 0.97958 0.00308 -0.15825 0.26644 0.95077
1661398697.085145950 -3.39251 1.58056 0.98036 0.00269 -0.15924 0.26610 0.95070
1661398697.095146179 -3.39283 1.58105 0.98116 0.00230 -0.16022 0.26578 0.95062
1661398697.105145931 -3.39306 1.58144 0.98197 0.00191 -0.16119 0.26549 0.95054
1661398697.115146160 -3.39316 1.58170 0.98283 0.00151 -0.16216 0.26523 0.95045
1661398697.125145912 -3.39313 1.58181 0.98374 0.00111 -0.16313 0.26500 0.95035
1661398697.135146141 -3.39293 1.58175 0.98470 0.00071 -0.16410 0.26479 0.95024
1661398697.145145893 -3.39257 1.58149 0.98575 0.00030 -0.16506 0.26462 0.95012
1661398697.155146122 -3.39201 1.58103 0.98687 -0.00012 -0.16601 0.26448 0.94999
1661398697.165145874 -3.39130 1.58038 0.98806 -0.00054 -0.16697 0.26437 0.94986
1661398697.175146103 -3.39047 1.57959 0.98930 -0.00096 -0.16791 0.26429 0.94971
1661398697.185145855 -3.38956 1.57870 0.99055 -0.00139 -0.16884 0.26422 0.94957
1661398697.195146084 -3.38861 1.57773 0.99180 -0.00181 -0.16975 0.26417 0.94942
1661398697.205146074 -3.38765 1.57673 0.99303 -0.00223 -0.17065 0.26413 0.94927
1661398697.215146065 -3.38672 1.57574 0.99421 -0.00265 -0.17152 0.26409 0.94912
1661398697.225146055 -3.38586 1.57479 0.99532 -0.00307 -0.17237 0.26405 0.94898
1661398697.235146046 -3.38510 1.57393 0.99634 -0.00348 -0.17320 0.26401 0.94884
1661398697.245146036 -3.38449 1.57318 0.99725 -0.00388 -0.17399 0.26395 0.94871
1661398697.255146027 -3.38405 1.57257 0.99803 -0.00428 -0.17474 0.26389 0.94858
1661398697.265146017 -3.38377 1.57211 0.99869 -0.00466 -0.17547 0.26380 0.94847
1661398697.275146008 -3.38363 1.57177 0.99926 -0.00504 -0.17617 0.26370 0.94837
1661398697.285145998 -3.38361 1.57154 0.99974 -0.00540 -0.17685 0.26359 0.94827
1661398697.295145988 -3.38367 1.57141 1.00017 -0.00576 -0.17750 0.26345 0.94818
1661398697.305145979 -3.38381 1.57136 1.00055 -0.00610 -0.17814 0.26330 0.94810
1661398697.315145969 -3.38400 1.57137 1.00092 -0.00644 -0.17876 0.26313 0.94803
1661398697.325145960 -3.38421 1.57144 1.00127 -0.00676 -0.17937 0.26294 0.94797
1661398697.335146189 -3.38443 1.57154 1.00165 -0.00708 -0.17998 0.26273 0.94791
1661398697.345145941 -3.38463 1.57166 1.00205 -0.00738 -0.18058 0.26250 0.94785
1661398697.355146170 -3.38480 1.57179 1.00251 -0.00767 -0.18118 0.26225 0.94781
1661398697.365145922 -3.38494 1.57193 1.00301 -0.00796 -0.18178 0.26199 0.94776
1661398697.375146151 -3.38505 1.57208 1.00355 -0.00823 -0.18238 0.26171 0.94772
1661398697.385145903 -3.38516 1.57223 1.00411 -0.00848 -0.18299 0.26142 0.94768
1661398697.395146132 -3.38527 1.57239 1.00469 -0.00873 -0.18361 0.26112 0.94764
1661398697.405145884 -3.38539 1.57256 1.00529 -0.00897 -0.18424 0.26083 0.94760
1661398697.415146112 -3.38554 1.57275 1.00588 -0.00920 -0.18488 0.26053 0.94756
1661398697.425145864 -3.38571 1.57294 1.00648 -0.00942 -0.18553 0.26024 0.94751
1661398697.435146093 -3.38593 1.57314 1.00705 -0.00962 -0.18620 0.25996 0.94745
1661398697.445145845 -3.38619 1.57336 1.00761 -0.00982 -0.18689 0.25969 0.94738
1661398697.455146074 -3.38652 1.57359 1.00813 -0.01001 -0.18760 0.25944 0.94731
1661398697.465146065 -3.38691 1.57385 1.00863 -0.01018 -0.18832 0.25920 0.94723
1661398697.475146055 -3.38737 1.57412 1.00911 -0.01035 -0.18907 0.25896 0.94715
1661398697.485146046 -3.38789 1.57443 1.00958 -0.01052 -0.18984 0.25871 0.94706
1661398697.495146036 -3.38847 1.57478 1.01003 -0.01067 -0.19062 0.25846 0.94697
1661398697.505146027 -3.38912 1.57518 1.01048 -0.01082 -0.19142 0.25819 0.94688
1661398697.515146017 -3.38983 1.57563 1.01092 -0.01097 -0.19224 0.25790 0.94679
1661398697.525146008 -3.39061 1.57614 1.01138 -0.01111 -0.19307 0.25758 0.94671
1661398697.535145998 -3.39146 1.57671 1.01184 -0.01124 -0.19391 0.25722 0.94663
1661398697.545145988 -3.39237 1.57735 1.01232 -0.01138 -0.19477 0.25681 0.94656
1661398697.555145979 -3.39335 1.57807 1.01281 -0.01151 -0.19564 0.25636 0.94650
1661398697.565145969 -3.39439 1.57886 1.01333 -0.01164 -0.19652 0.25587 0.94645
1661398697.575146198 -3.39549 1.57970 1.01388 -0.01177 -0.19741 0.25534 0.94641
1661398697.585145950 -3.39664 1.58059 1.01446 -0.01190 -0.19831 0.25478 0.94637
1661398697.595146179 -3.39784 1.58151 1.01507 -0.01202 -0.19922 0.25419 0.94634
1661398697.605145931 -3.39908 1.58246 1.01573 -0.01214 -0.20014 0.25359 0.94630
1661398697.615146160 -3.40035 1.58343 1.01642 -0.01226 -0.20106 0.25297 0.94627
1661398697.625145912 -3.40165 1.58440 1.01716 -0.01237 -0.20199 0.25236 0.94624
1661398697.635146141 -3.40298 1.58536 1.01795 -0.01248 -0.20292 0.25174 0.94620
1661398697.645145893 -3.40433 1.58630 1.01879 -0.01258 -0.20385 0.25113 0.94616
1661398697.655146122 -3.40569 1.58722 1.01969 -0.01268 -0.20479 0.25054 0.94611
1661398697.665145874 -3.40706 1.58811 1.02063 -0.01276 -0.20572 0.24996 0.94606
1661398697.675146103 -3.40844 1.58899 1.02160 -0.01284 -0.20666 0.24938 0.94601
1661398697.685145855 -3.40982 1.58985 1.02259 -0.01291 -0.20759 0.24882 0.94595
1661398697.695146084 -3.41121 1.59070 1.02360 -0.01297 -0.20852 0.24825 0.94590
1661398697.705146074 -3.41259 1.59156 1.02460 -0.01302 -0.20944 0.24769 0.94584
1661398697.715146065 -3.41398 1.59241 1.02558 -0.01305 -0.21036 0.24712 0.94579
1661398697.725146055 -3.41536 1.59327 1.02654 -0.01307 -0.21127 0.24654 0.94573
1661398697.735146046 -3.41672 1.59415 1.02746 -0.01307 -0.21216 0.24595 0.94569
1661398697.745146036 -3.41808 1.59504 1.02833 -0.01305 -0.21305 0.24535 0.94564
1661398697.755146027 -3.41943 1.59596 1.02914 -0.01301 -0.21392 0.24474 0.94561
1661398697.765146017 -3.42077 1.59691 1.02990 -0.01295 -0.21479 0.24410 0.94557
1661398697.775146008 -3.42213 1.59791 1.03060 -0.01288 -0.21565 0.24346 0.94555
1661398697.785145998 -3.42351 1.59897 1.03127 -0.01279 -0.21650 0.24280 0.94552
1661398697.795145988 -3.42493 1.60010 1.03189 -0.01268 -0.21735 0.24213 0.94550
1661398697.805145979 -3.42640 1.60131 1.03249 -0.01256 -0.21821 0.24145 0.94548
1661398697.815145969 -3.42795 1.60262 1.03306 -0.01242 -0.21907 0.24077 0.94546
1661398697.825145960 -3.42957 1.60404 1.03362 -0.01227 -0.21993 0.24008 0.94543
1661398697.835146189 -3.43128 1.60557 1.03416 -0.01211 -0.22081 0.23939 0.94540
1661398697.845145941 -3.43311 1.60724 1.03470 -0.01194 -0.22171 0.23869 0.94537
1661398697.855146170 -3.43505 1.60905 1.03523 -0.01175 -0.22262 0.23800 0.94534
1661398697.865145922 -3.43709 1.61098 1.03577 -0.01157 -0.22354 0.23730 0.94530
1661398697.875146151 -3.43923 1.61302 1.03631 -0.01138 -0.22447 0.23661 0.94525
1661398697.885145903 -3.44144 1.61515 1.03686 -0.01120 -0.22541 0.23592 0.94520
1661398697.895146132 -3.44371 1.61735 1.03741 -0.01102 -0.22634 0.23524 0.94515
1661398697.905145884 -3.44603 1.61961 1.03797 -0.01086 -0.22727 0.23457 0.94510
1661398697.915146112 -3.44837 1.62191 1.03853 -0.01071 -0.22819 0.23392 0.94504
1661398697.925145864 -3.45074 1.62422 1.03911 -0.01058 -0.22909 0.23327 0.94498
1661398697.935146093 -3.45310 1.62654 1.03969 -0.01048 -0.22997 0.23264 0.94493
1661398697.945145845 -3.45544 1.62884 1.04027 -0.01042 -0.23083 0.23202 0.94487
1661398697.955146074 -3.45776 1.63111 1.04087 -0.01038 -0.23165 0.23143 0.94481
1661398697.965146065 -3.46005 1.63336 1.04148 -0.01038 -0.23246 0.23085 0.94476
1661398697.975146055 -3.46231 1.63558 1.04208 -0.01040 -0.23323 0.23028 0.94470
1661398697.985146046 -3.46454 1.63778 1.04269 -0.01044 -0.23399 0.22971 0.94466
1661398697.995146036 -3.46674 1.63996 1.04328 -0.01051 -0.23472 0.22915 0.94461
1661398698.005146027 -3.46891 1.64213 1.04386 -0.01059 -0.23543 0.22858 0.94457
1661398698.015146017 -3.47106 1.64430 1.04442 -0.01068 -0.23613 0.22801 0.94453
1661398698.025146008 -3.47319 1.64646 1.04497 -0.01077 -0.23681 0.22742 0.94450
1661398698.035145998 -3.47529 1.64862 1.04548 -0.01087 -0.23748 0.22682 0.94448
1661398698.045145988 -3.47736 1.65080 1.04596 -0.01097 -0.23814 0.22620 0.94446
1661398698.055145979 -3.47942 1.65298 1.04641 -0.01106 -0.23879 0.22556 0.94445
1661398698.065145969 -3.48145 1.65516 1.04683 -0.01114 -0.23943 0.22489 0.94444
1661398698.075146198 -3.48345 1.65734 1.04724 -0.01122 -0.24007 0.22421 0.94444
1661398698.085145950 -3.48543 1.65951 1.04763 -0.01130 -0.24070 0.22350 0.94445
1661398698.095146179 -3.48739 1.66165 1.04802 -0.01138 -0.24132 0.22277 0.94446
1661398698.105145931 -3.48932 1.66376 1.04841 -0.01145 -0.24194 0.22203 0.94448
1661398698.115146160 -3.49123 1.66583 1.04882 -0.01153 -0.24256 0.22127 0.94450
1661398698.125145912 -3.49311 1.66786 1.04925 -0.01160 -0.24317 0.22049 0.94452
1661398698.135146141 -3.49497 1.66982 1.04971 -0.01167 -0.24378 0.21971 0.94454
1661398698.145145893 -3.49680 1.67173 1.05021 -0.01175 -0.24439 0.21891 0.94457
1661398698.155146122 -3.49860 1.67356 1.05075 -0.01183 -0.24501 0.21810 0.94460
1661398698.165145874 -3.50039 1.67535 1.05132 -0.01190 -0.24562 0.21728 0.94463
1661398698.175146103 -3.50219 1.67713 1.05191 -0.01198 -0.24624 0.21645 0.94465
1661398698.185145855 -3.50402 1.67893 1.05251 -0.01206 -0.24687 0.21560 0.94468
1661398698.195146084 -3.50588 1.68077 1.05310 -0.01213 -0.24752 0.21475 0.94471
1661398698.205146074 -3.50779 1.68269 1.05367 -0.01220 -0.24817 0.21387 0.94473
1661398698.215146065 -3.50978 1.68472 1.05419 -0.01226 -0.24885 0.21298 0.94476
1661398698.225146055 -3.51185 1.68689 1.05467 -0.01231 -0.24954 0.21208 0.94477
1661398698.235146046 -3.51402 1.68922 1.05508 -0.01235 -0.25026 0.21116 0.94479
1661398698.245146036 -3.51632 1.69176 1.05541 -0.01239 -0.25101 0.21021 0.94480
1661398698.255146027 -3.51874 1.69451 1.05565 -0.01241 -0.25179 0.20925 0.94481
1661398698.265146017 -3.52127 1.69745 1.05581 -0.01241 -0.25258 0.20828 0.94481
1661398698.275146008 -3.52387 1.70053 1.05593 -0.01241 -0.25340 0.20729 0.94481
1661398698.285145998 -3.52653 1.70371 1.05601 -0.01240 -0.25422 0.20629 0.94481
1661398698.295145988 -3.52921 1.70694 1.05607 -0.01239 -0.25505 0.20529 0.94480
1661398698.305145979 -3.53188 1.71017 1.05614 -0.01237 -0.25587 0.20429 0.94480
1661398698.315145969 -3.53451 1.71338 1.05623 -0.01234 -0.25668 0.20330 0.94479
1661398698.325145960 -3.53707 1.71650 1.05637 -0.01231 -0.25748 0.20231 0.94479
1661398698.335146189 -3.53954 1.71950 1.05658 -0.01228 -0.25825 0.20133 0.94479
1661398698.345145941 -3.54189 1.72233 1.05687 -0.01225 -0.25900 0.20037 0.94479
1661398698.355146170 -3.54409 1.72496 1.05725 -0.01223 -0.25970 0.19943 0.94479
1661398698.365145922 -3.54616 1.72742 1.05773 -0.01220 -0.26038 0.19851 0.94480
1661398698.375146151 -3.54812 1.72973 1.05827 -0.01218 -0.26102 0.19760 0.94482
1661398698.385145903 -3.54999 1.73193 1.05887 -0.01216 -0.26163 0.19670 0.94483
1661398698.395146132 -3.55178 1.73406 1.05951 -0.01215 -0.26222 0.19582 0.94485
1661398698.405145884 -3.55353 1.73616 1.06016 -0.01214 -0.26278 0.19495 0.94488
1661398698.415146112 -3.55524 1.73824 1.06081 -0.01214 -0.26332 0.19409 0.94490
1661398698.425145864 -3.55694 1.74036 1.06145 -0.01215 -0.26385 0.19323 0.94493
1661398698.435146093 -3.55865 1.74255 1.06205 -0.01216 -0.26435 0.19238 0.94496
1661398698.445145845 -3.56039 1.74483 1.06261 -0.01218 -0.26485 0.19154 0.94500
1661398698.455146074 -3.56218 1.74725 1.06310 -0.01220 -0.26533 0.19069 0.94503
1661398698.465146065 -3.56400 1.74977 1.06352 -0.01224 -0.26580 0.18985 0.94507
1661398698.475146055 -3.56585 1.75239 1.06390 -0.01227 -0.26627 0.18901 0.94511
1661398698.485146046 -3.56772 1.75507 1.06422 -0.01231 -0.26673 0.18818 0.94514
1661398698.495146036 -3.56960 1.75781 1.06450 -0.01234 -0.26718 0.18735 0.94518
1661398698.505146027 -3.57147 1.76057 1.06474 -0.01237 -0.26763 0.18652 0.94521
1661398698.515146017 -3.57333 1.76334 1.06496 -0.01240 -0.26808 0.18571 0.94525
1661398698.525146008 -3.57516 1.76610 1.06515 -0.01241 -0.26852 0.18490 0.94528
1661398698.535145998 -3.57695 1.76881 1.06532 -0.01241 -0.26897 0.18410 0.94531
1661398698.545145988 -3.57870 1.77147 1.06549 -0.01240 -0.26941 0.18331 0.94534
1661398698.555145979 -3.58039 1.77406 1.06565 -0.01237 -0.26986 0.18254 0.94536
1661398698.565145969 -3.58203 1.77658 1.06579 -0.01231 -0.27031 0.18178 0.94538
1661398698.575146198 -3.58361 1.77905 1.06593 -0.01223 -0.27075 0.18103 0.94539
1661398698.585145950 -3.58514 1.78148 1.06605 -0.01211 -0.27119 0.18031 0.94541
1661398698.595146179 -3.58662 1.78388 1.06614 -0.01196 -0.27162 0.17961 0.94542
1661398698.605145931 -3.58805 1.78627 1.06621 -0.01175 -0.27204 0.17894 0.94543
1661398698.615146160 -3.58944 1.78867 1.06625 -0.01150 -0.27245 0.17830 0.94544
1661398698.625145912 -3.59078 1.79107 1.06625 -0.01119 -0.27284 0.17770 0.94544
1661398698.635146141 -3.59208 1.79351 1.06621 -0.01081 -0.27321 0.17713 0.94545
1661398698.645145893 -3.59334 1.79599 1.06612 -0.01037 -0.27355 0.17660 0.94545
1661398698.655146122 -3.59456 1.79852 1.06599 -0.00986 -0.27388 0.17612 0.94545
1661398698.665145874 -3.59575 1.80110 1.06582 -0.00929 -0.27418 0.17566 0.94545
1661398698.675146103 -3.59690 1.80372 1.06561 -0.00867 -0.27447 0.17524 0.94546
1661398698.685145855 -3.59802 1.80640 1.06537 -0.00803 -0.27474 0.17483 0.94546
1661398698.695146084 -3.59912 1.80910 1.06512 -0.00737 -0.27501 0.17442 0.94546
1661398698.705146074 -3.60018 1.81185 1.06486 -0.00672 -0.27527 0.17401 0.94546
1661398698.715146065 -3.60123 1.81462 1.06459 -0.00609 -0.27553 0.17359 0.94547
1661398698.725146055 -3.60226 1.81742 1.06432 -0.00548 -0.27580 0.17314 0.94548
1661398698.735146046 -3.60327 1.82024 1.06407 -0.00493 -0.27607 0.17266 0.94549
1661398698.745146036 -3.60426 1.82308 1.06383 -0.00444 -0.27636 0.17214 0.94550
1661398698.755146027 -3.60524 1.82593 1.06363 -0.00402 -0.27667 0.17157 0.94552
1661398698.765146017 -3.60620 1.82880 1.06344 -0.00367 -0.27699 0.17095 0.94554
1661398698.775146008 -3.60714 1.83169 1.06327 -0.00339 -0.27732 0.17029 0.94556
1661398698.785145998 -3.60805 1.83460 1.06312 -0.00315 -0.27765 0.16959 0.94559
1661398698.795145988 -3.60893 1.83753 1.06298 -0.00296 -0.27799 0.16886 0.94562
1661398698.805145979 -3.60976 1.84048 1.06286 -0.00281 -0.27833 0.16811 0.94566
1661398698.815145969 -3.61055 1.84346 1.06273 -0.00268 -0.27866 0.16734 0.94570
1661398698.825145960 -3.61129 1.84646 1.06261 -0.00257 -0.27898 0.16655 0.94574
1661398698.835146189 -3.61196 1.84950 1.06249 -0.00247 -0.27928 0.16576 0.94579
1661398698.845145941 -3.61258 1.85257 1.06237 -0.00237 -0.27957 0.16496 0.94584
1661398698.855146170 -3.61312 1.85567 1.06224 -0.00226 -0.27984 0.16417 0.94590
1661398698.865145922 -3.61360 1.85880 1.06210 -0.00215 -0.28009 0.16337 0.94597
1661398698.875146151 -3.61400 1.86195 1.06196 -0.00203 -0.28034 0.16257 0.94603
1661398698.885145903 -3.61432 1.86512 1.06183 -0.00190 -0.28058 0.16176 0.94610
1661398698.895146132 -3.61457 1.86830 1.06171 -0.00177 -0.28083 0.16094 0.94617
1661398698.905145884 -3.61474 1.87148 1.06160 -0.00164 -0.28110 0.16010 0.94623
1661398698.915146112 -3.61483 1.87466 1.06150 -0.00150 -0.28138 0.15924 0.94629
1661398698.925145864 -3.61484 1.87784 1.06143 -0.00137 -0.28169 0.15836 0.94635
1661398698.935146093 -3.61476 1.88099 1.06138 -0.00124 -0.28203 0.15745 0.94640
1661398698.945145845 -3.61459 1.88413 1.06136 -0.00111 -0.28241 0.15651 0.94644
1661398698.955146074 -3.61434 1.88724 1.06137 -0.00099 -0.28284 0.15554 0.94647
1661398698.965146065 -3.61401 1.89033 1.06141 -0.00086 -0.28332 0.15453 0.94649
1661398698.975146055 -3.61360 1.89341 1.06148 -0.00074 -0.28386 0.15349 0.94650
1661398698.985146046 -3.61312 1.89647 1.06158 -0.00062 -0.28445 0.15242 0.94650
1661398698.995146036 -3.61259 1.89952 1.06170 -0.00049 -0.28510 0.15132 0.94648
1661398699.005146027 -3.61199 1.90257 1.06183 -0.00037 -0.28582 0.15018 0.94644
1661398699.015146017 -3.61136 1.90563 1.06199 -0.00024 -0.28661 0.14902 0.94639
1661398699.025146008 -3.61068 1.90869 1.06215 -0.00011 -0.28747 0.14783 0.94631
1661398699.035145998 -3.60997 1.91176 1.06233 0.00003 -0.28840 0.14661 0.94622
1661398699.045145988 -3.60923 1.91485 1.06252 0.00018 -0.28942 0.14536 0.94610
1661398699.055145979 -3.60848 1.91796 1.06272 0.00033 -0.29051 0.14409 0.94596
1661398699.065145969 -3.60769 1.92110 1.06293 0.00049 -0.29167 0.14279 0.94580
1661398699.075146198 -3.60687 1.92427 1.06314 0.00065 -0.29289 0.14147 0.94562
1661398699.085145950 -3.60601 1.92746 1.06336 0.00081 -0.29413 0.14013 0.94544
1661398699.095146179 -3.60510 1.93070 1.06359 0.00097 -0.29540 0.13877 0.94524
1661398699.105145931 -3.60413 1.93397 1.06382 0.00112 -0.29666 0.13740 0.94505
1661398699.115146160 -3.60309 1.93729 1.06407 0.00125 -0.29791 0.13602 0.94485
1661398699.125145912 -3.60198 1.94065 1.06433 0.00138 -0.29913 0.13463 0.94467
1661398699.135146141 -3.60078 1.94406 1.06460 0.00149 -0.30031 0.13323 0.94449
1661398699.145145893 -3.59950 1.94753 1.06487 0.00158 -0.30142 0.13182 0.94433
1661398699.155146122 -3.59812 1.95105 1.06516 0.00166 -0.30245 0.13041 0.94420
1661398699.165145874 -3.59665 1.95463 1.06547 0.00172 -0.30342 0.12900 0.94408
1661398699.175146103 -3.59509 1.95826 1.06578 0.00178 -0.30432 0.12760 0.94398
1661398699.185145855 -3.59347 1.96193 1.06612 0.00185 -0.30518 0.12620 0.94390
1661398699.195146084 -3.59179 1.96565 1.06647 0.00195 -0.30598 0.12480 0.94382
1661398699.205146074 -3.59005 1.96941 1.06685 0.00207 -0.30675 0.12342 0.94375
1661398699.215146065 -3.58827 1.97321 1.06724 0.00223 -0.30749 0.12206 0.94369
1661398699.225146055 -3.58645 1.97704 1.06766 0.00245 -0.30821 0.12071 0.94363
1661398699.235146046 -3.58460 1.98090 1.06811 0.00273 -0.30892 0.11938 0.94356
1661398699.245146036 -3.58274 1.98479 1.06858 0.00308 -0.30963 0.11807 0.94349
1661398699.255146027 -3.58087 1.98871 1.06908 0.00351 -0.31034 0.11679 0.94342
1661398699.265146017 -3.57900 1.99265 1.06961 0.00401 -0.31107 0.11553 0.94333
1661398699.275146008 -3.57713 1.99661 1.07018 0.00456 -0.31183 0.11428 0.94323
1661398699.285145998 -3.57526 2.00059 1.07078 0.00515 -0.31263 0.11304 0.94311
1661398699.295145988 -3.57341 2.00458 1.07141 0.00576 -0.31348 0.11181 0.94297
1661398699.305145979 -3.57158 2.00860 1.07207 0.00637 -0.31440 0.11057 0.94281
1661398699.315145969 -3.56978 2.01263 1.07277 0.00697 -0.31539 0.10933 0.94262
1661398699.325145960 -3.56800 2.01667 1.07351 0.00755 -0.31646 0.10808 0.94240
1661398699.335146189 -3.56626 2.02072 1.07429 0.00807 -0.31763 0.10682 0.94215
1661398699.345145941 -3.56456 2.02479 1.07510 0.00854 -0.31890 0.10553 0.94185
1661398699.355146170 -3.56290 2.02886 1.07595 0.00894 -0.32029 0.10422 0.94153
1661398699.365145922 -3.56129 2.03294 1.07684 0.00926 -0.32176 0.10290 0.94117
1661398699.375146151 -3.55972 2.03703 1.07775 0.00951 -0.32327 0.10158 0.94079
1661398699.385145903 -3.55818 2.04113 1.07869 0.00969 -0.32479 0.10028 0.94041
1661398699.395146132 -3.55668 2.04523 1.07963 0.00979 -0.32627 0.09901 0.94003
1661398699.405145884 -3.55522 2.04934 1.08059 0.00983 -0.32767 0.09779 0.93966
1661398699.415146112 -3.55377 2.05345 1.08155 0.00980 -0.32897 0.09664 0.93933
1661398699.425145864 -3.55236 2.05757 1.08250 0.00970 -0.33012 0.09557 0.93904
1661398699.435146093 -3.55097 2.06169 1.08344 0.00953 -0.33108 0.09459 0.93880
1661398699.445145845 -3.54959 2.06581 1.08436 0.00930 -0.33181 0.09371 0.93863
1661398699.455146074 -3.54824 2.06994 1.08526 0.00902 -0.33230 0.09296 0.93854
1661398699.465146065 -3.54689 2.07405 1.08613 0.00870 -0.33258 0.09232 0.93851
1661398699.475146055 -3.54556 2.07812 1.08697 0.00837 -0.33270 0.09178 0.93852
1661398699.485146046 -3.54424 2.08213 1.08777 0.00806 -0.33272 0.09132 0.93856
1661398699.495146036 -3.54292 2.08608 1.08854 0.00780 -0.33269 0.09094 0.93861
1661398699.505146027 -3.54160 2.08993 1.08928 0.00761 -0.33267 0.09062 0.93865
1661398699.515146017 -3.54028 2.09366 1.08997 0.00754 -0.33270 0.09035 0.93866
1661398699.525146008 -3.53895 2.09727 1.09061 0.00759 -0.33285 0.09011 0.93863
1661398699.535145998 -3.53762 2.10072 1.09121 0.00780 -0.33316 0.08990 0.93854
1661398699.545145988 -3.53628 2.10400 1.09176 0.00820 -0.33369 0.08970 0.93837
1661398699.555145979 -3.53492 2.10710 1.09226 0.00880 -0.33447 0.08951 0.93810
1661398699.565145969 -3.53352 2.11000 1.09269 0.00954 -0.33543 0.08932 0.93777
1661398699.575146198 -3.53204 2.11271 1.09304 0.01034 -0.33647 0.08917 0.93741
1661398699.585145950 -3.53047 2.11522 1.09331 0.01113 -0.33749 0.08907 0.93704
1661398699.595146179 -3.52876 2.11753 1.09348 0.01182 -0.33842 0.08902 0.93670
1661398699.605145931 -3.52691 2.11966 1.09354 0.01235 -0.33916 0.08905 0.93642
1661398699.615146160 -3.52495 2.12164 1.09353 0.01270 -0.33971 0.08911 0.93621
1661398699.625145912 -3.52292 2.12354 1.09346 0.01285 -0.34008 0.08919 0.93607
1661398699.635146141 -3.52088 2.12543 1.09338 0.01279 -0.34028 0.08924 0.93599
1661398699.645145893 -3.51887 2.12737 1.09331 0.01249 -0.34033 0.08924 0.93598
1661398699.655146122 -3.51693 2.12941 1.09327 0.01197 -0.34024 0.08915 0.93603
1661398699.665145874 -3.51506 2.13155 1.09328 0.01123 -0.34001 0.08899 0.93613
1661398699.675146103 -3.51325 2.13381 1.09331 0.01031 -0.33967 0.08875 0.93629
1661398699.685145855 -3.51150 2.13617 1.09337 0.00924 -0.33922 0.08844 0.93649
1661398699.695146084 -3.50979 2.13864 1.09345 0.00806 -0.33869 0.08809 0.93673
1661398699.705146074 -3.50813 2.14123 1.09354 0.00678 -0.33809 0.08769 0.93700
1661398699.715146065 -3.50650 2.14392 1.09365 0.00545 -0.33742 0.08725 0.93729
1661398699.725146055 -3.50489 2.14672 1.09376 0.00409 -0.33671 0.08679 0.93759
1661398699.735146046 -3.50330 2.14964 1.09386 0.00273 -0.33597 0.08631 0.93791
1661398699.745146036 -3.50171 2.15266 1.09397 0.00141 -0.33522 0.08582 0.93822
1661398699.755146027 -3.50013 2.15579 1.09405 0.00015 -0.33446 0.08533 0.93854
1661398699.765146017 -3.49856 2.15901 1.09413 -0.00104 -0.33372 0.08484 0.93884
1661398699.775146008 -3.49698 2.16231 1.09418 -0.00216 -0.33301 0.08434 0.93914
1661398699.785145998 -3.49542 2.16567 1.09421 -0.00320 -0.33233 0.08383 0.93942
1661398699.795145988 -3.49388 2.16907 1.09421 -0.00417 -0.33171 0.08331 0.93969
1661398699.805145979 -3.49235 2.17250 1.09419 -0.00506 -0.33116 0.08276 0.93993
1661398699.815145969 -3.49083 2.17594 1.09413 -0.00587 -0.33068 0.08220 0.94014
1661398699.825145960 -3.48934 2.17938 1.09403 -0.00660 -0.33029 0.08161 0.94032
1661398699.835146189 -3.48788 2.18280 1.09390 -0.00724 -0.33001 0.08099 0.94047
1661398699.845145941 -3.48644 2.18618 1.09372 -0.00779 -0.32985 0.08033 0.94058
1661398699.855146170 -3.48504 2.18950 1.09349 -0.00826 -0.32982 0.07964 0.94064
1661398699.865145922 -3.48366 2.19279 1.09322 -0.00864 -0.32989 0.07891 0.94067
1661398699.875146151 -3.48232 2.19604 1.09292 -0.00896 -0.33005 0.07814 0.94068
1661398699.885145903 -3.48100 2.19927 1.09258 -0.00923 -0.33027 0.07733 0.94067
1661398699.895146132 -3.47972 2.20248 1.09221 -0.00946 -0.33052 0.07647 0.94065
1661398699.905145884 -3.47847 2.20570 1.09182 -0.00965 -0.33078 0.07557 0.94063
1661398699.915146112 -3.47726 2.20892 1.09141 -0.00984 -0.33103 0.07463 0.94061
1661398699.925145864 -3.47607 2.21215 1.09099 -0.01001 -0.33124 0.07364 0.94062
1661398699.935146093 -3.47492 2.21542 1.09056 -0.01020 -0.33139 0.07261 0.94064
1661398699.945145845 -3.47380 2.21872 1.09013 -0.01041 -0.33145 0.07152 0.94070
1661398699.955146074 -3.47271 2.22208 1.08969 -0.01065 -0.33141 0.07039 0.94080
1661398699.965146065 -3.47165 2.22548 1.08926 -0.01092 -0.33126 0.06921 0.94093
1661398699.975146055 -3.47061 2.22892 1.08884 -0.01123 -0.33102 0.06799 0.94110
1661398699.985146046 -3.46957 2.23241 1.08842 -0.01157 -0.33070 0.06674 0.94130
1661398699.995146036 -3.46855 2.23594 1.08802 -0.01194 -0.33031 0.06545 0.94152
1661398700.005146027 -3.46752 2.23951 1.08763 -0.01235 -0.32985 0.06414 0.94177
1661398700.015146017 -3.46648 2.24312 1.08726 -0.01279 -0.32934 0.06280 0.94203
1661398700.025146008 -3.46543 2.24677 1.08691 -0.01326 -0.32879 0.06145 0.94231
1661398700.035145998 -3.46435 2.25046 1.08657 -0.01377 -0.32820 0.06008 0.94260
1661398700.045145988 -3.46325 2.25417 1.08627 -0.01431 -0.32758 0.05871 0.94289
1661398700.055145979 -3.46211 2.25793 1.08599 -0.01488 -0.32695 0.05733 0.94318
1661398700.065145969 -3.46094 2.26172 1.08573 -0.01547 -0.32630 0.05594 0.94348
1661398700.075146198 -3.45975 2.26556 1.08550 -0.01607 -0.32564 0.05454 0.94378
1661398700.085145950 -3.45854 2.26946 1.08529 -0.01667 -0.32496 0.05313 0.94409
1661398700.095146179 -3.45732 2.27342 1.08509 -0.01726 -0.32426 0.05171 0.94440
1661398700.105145931 -3.45610 2.27745 1.08491 -0.01782 -0.32355 0.05028 0.94471
1661398700.115146160 -3.45488 2.28156 1.08475 -0.01836 -0.32283 0.04882 0.94502
1661398700.125145912 -3.45367 2.28576 1.08460 -0.01886 -0.32209 0.04735 0.94533
1661398700.135146141 -3.45248 2.29006 1.08445 -0.01930 -0.32134 0.04586 0.94565
1661398700.145145893 -3.45131 2.29446 1.08432 -0.01967 -0.32058 0.04435 0.94598
1661398700.155146122 -3.45017 2.29897 1.08418 -0.01998 -0.31981 0.04281 0.94630
1661398700.165145874 -3.44905 2.30358 1.08406 -0.02020 -0.31903 0.04126 0.94663
1661398700.175146103 -3.44795 2.30827 1.08395 -0.02036 -0.31826 0.03970 0.94695
1661398700.185145855 -3.44688 2.31304 1.08385 -0.02043 -0.31751 0.03815 0.94727
1661398700.195146084 -3.44583 2.31786 1.08377 -0.02043 -0.31677 0.03660 0.94757
1661398700.205146074 -3.44478 2.32273 1.08371 -0.02034 -0.31607 0.03508 0.94787
1661398700.215146065 -3.44375 2.32763 1.08367 -0.02018 -0.31542 0.03359 0.94814
1661398700.225146055 -3.44273 2.33254 1.08366 -0.01994 -0.31481 0.03213 0.94840
1661398700.235146046 -3.44172 2.33747 1.08367 -0.01962 -0.31427 0.03073 0.94864
1661398700.245146036 -3.44071 2.34238 1.08372 -0.01921 -0.31379 0.02937 0.94884
1661398700.255146027 -3.43970 2.34727 1.08380 -0.01873 -0.31339 0.02809 0.94902
1661398700.265146017 -3.43869 2.35215 1.08392 -0.01819 -0.31305 0.02686 0.94918
1661398700.275146008 -3.43768 2.35702 1.08406 -0.01762 -0.31276 0.02568 0.94932
1661398700.285145998 -3.43667 2.36188 1.08424 -0.01705 -0.31249 0.02454 0.94945
1661398700.295145988 -3.43565 2.36675 1.08444 -0.01651 -0.31223 0.02344 0.94957
1661398700.305145979 -3.43464 2.37161 1.08467 -0.01602 -0.31197 0.02237 0.94969
1661398700.315145969 -3.43362 2.37649 1.08493 -0.01562 -0.31168 0.02132 0.94982
1661398700.325145960 -3.43259 2.38139 1.08521 -0.01532 -0.31134 0.02029 0.94996
1661398700.335146189 -3.43156 2.38630 1.08551 -0.01516 -0.31095 0.01927 0.95011
1661398700.345145941 -3.43052 2.39125 1.08583 -0.01517 -0.31048 0.01824 0.95029
1661398700.355146170 -3.42948 2.39622 1.08616 -0.01535 -0.30991 0.01721 0.95049
1661398700.365145922 -3.42844 2.40122 1.08651 -0.01570 -0.30926 0.01619 0.95071
1661398700.375146151 -3.42741 2.40625 1.08685 -0.01619 -0.30853 0.01517 0.95095
1661398700.385145903 -3.42638 2.41131 1.08718 -0.01678 -0.30774 0.01417 0.95122
1661398700.395146132 -3.42538 2.41639 1.08748 -0.01744 -0.30689 0.01319 0.95149
1661398700.405145884 -3.42441 2.42150 1.08775 -0.01816 -0.30599 0.01225 0.95178
1661398700.415146112 -3.42346 2.42662 1.08798 -0.01889 -0.30506 0.01136 0.95208
1661398700.425145864 -3.42256 2.43176 1.08814 -0.01962 -0.30409 0.01051 0.95238
1661398700.435146093 -3.42170 2.43692 1.08824 -0.02031 -0.30311 0.00972 0.95269
1661398700.445145845 -3.42089 2.44209 1.08826 -0.02094 -0.30212 0.00899 0.95300
1661398700.455146074 -3.42015 2.44728 1.08821 -0.02147 -0.30113 0.00834 0.95330
1661398700.465146065 -3.41946 2.45245 1.08810 -0.02191 -0.30015 0.00775 0.95361
1661398700.475146055 -3.41886 2.45761 1.08799 -0.02226 -0.29918 0.00722 0.95391
1661398700.485146046 -3.41834 2.46272 1.08792 -0.02252 -0.29823 0.00674 0.95420
1661398700.495146036 -3.41791 2.46778 1.08792 -0.02268 -0.29731 0.00628 0.95449
1661398700.505146027 -3.41758 2.47276 1.08803 -0.02276 -0.29642 0.00586 0.95477
1661398700.515146017 -3.41732 2.47768 1.08821 -0.02275 -0.29556 0.00545 0.95504
1661398700.525146008 -3.41708 2.48253 1.08841 -0.02267 -0.29475 0.00506 0.95529
1661398700.535145998 -3.41684 2.48734 1.08858 -0.02252 -0.29397 0.00467 0.95554
1661398700.545145988 -3.41656 2.49210 1.08866 -0.02232 -0.29325 0.00430 0.95577
1661398700.555145979 -3.41620 2.49681 1.08862 -0.02207 -0.29257 0.00392 0.95598
1661398700.565145969 -3.41577 2.50149 1.08847 -0.02179 -0.29194 0.00354 0.95618
1661398700.575146198 -3.41528 2.50611 1.08820 -0.02149 -0.29133 0.00317 0.95637
1661398700.585145950 -3.41472 2.51068 1.08785 -0.02120 -0.29075 0.00281 0.95656
1661398700.595146179 -3.41412 2.51518 1.08742 -0.02093 -0.29017 0.00247 0.95674
1661398700.605145931 -3.41346 2.51961 1.08693 -0.02070 -0.28958 0.00214 0.95693
1661398700.615146160 -3.41276 2.52396 1.08638 -0.02052 -0.28898 0.00184 0.95711
1661398700.625145912 -3.41203 2.52823 1.08581 -0.02041 -0.28835 0.00156 0.95730
1661398700.635146141 -3.41127 2.53240 1.08521 -0.02039 -0.28769 0.00132 0.95751
1661398700.645145893 -3.41048 2.53648 1.08460 -0.02048 -0.28697 0.00111 0.95772
1661398700.655146122 -3.40968 2.54045 1.08400 -0.02068 -0.28620 0.00094 0.95795
1661398700.665145874 -3.40886 2.54432 1.08340 -0.02099 -0.28538 0.00080 0.95818
1661398700.675146103 -3.40802 2.54810 1.08280 -0.02140 -0.28453 0.00069 0.95843
1661398700.685145855 -3.40715 2.55179 1.08220 -0.02189 -0.28367 0.00060 0.95867
1661398700.695146084 -3.40625 2.55540 1.08159 -0.02245 -0.28280 0.00054 0.95892
1661398700.705146074 -3.40533 2.55894 1.08098 -0.02307 -0.28194 0.00048 0.95916
1661398700.715146065 -3.40437 2.56241 1.08035 -0.02372 -0.28111 0.00043 0.95938
1661398700.725146055 -3.40338 2.56581 1.07970 -0.02440 -0.28032 0.00038 0.95960
1661398700.735146046 -3.40235 2.56916 1.07904 -0.02510 -0.27959 0.00033 0.95979
1661398700.745146036 -3.40128 2.57246 1.07835 -0.02580 -0.27893 0.00027 0.95996
1661398700.755146027 -3.40017 2.57571 1.07764 -0.02648 -0.27835 0.00019 0.96011
1661398700.765146017 -3.39903 2.57892 1.07691 -0.02714 -0.27786 0.00010 0.96024
1661398700.775146008 -3.39785 2.58211 1.07617 -0.02777 -0.27745 0.00001 0.96034
1661398700.785145998 -3.39666 2.58528 1.07542 -0.02837 -0.27711 -0.00010 0.96042
1661398700.795145988 -3.39546 2.58843 1.07466 -0.02891 -0.27685 -0.00021 0.96048
1661398700.805145979 -3.39425 2.59158 1.07391 -0.02941 -0.27666 -0.00032 0.96052
1661398700.815145969 -3.39304 2.59473 1.07317 -0.02984 -0.27653 -0.00044 0.96054
1661398700.825145960 -3.39185 2.59789 1.07245 -0.03019 -0.27647 -0.00056 0.96055
1661398700.835146189 -3.39067 2.60107 1.07175 -0.03048 -0.27647 -0.00067 0.96054
1661398700.845145941 -3.38952 2.60427 1.07107 -0.03067 -0.27653 -0.00078 0.96052
1661398700.855146170 -3.38839 2.60750 1.07043 -0.03077 -0.27664 -0.00088 0.96048
1661398700.865145922 -3.38729 2.61076 1.06982 -0.03080 -0.27678 -0.00099 0.96044
1661398700.875146151 -3.38620 2.61403 1.06924 -0.03077 -0.27695 -0.00111 0.96039
1661398700.885145903 -3.38511 2.61731 1.06869 -0.03070 -0.27713 -0.00125 0.96034
1661398700.895146132 -3.38399 2.62057 1.06818 -0.03060 -0.27729 -0.00142 0.96030
1661398700.905145884 -3.38285 2.62383 1.06768 -0.03050 -0.27743 -0.00163 0.96026
1661398700.915146112 -3.38167 2.62705 1.06722 -0.03042 -0.27752 -0.00189 0.96024
1661398700.925145864 -3.38044 2.63024 1.06678 -0.03037 -0.27755 -0.00221 0.96023
1661398700.935146093 -3.37914 2.63338 1.06636 -0.03037 -0.27750 -0.00260 0.96024
1661398700.945145845 -3.37777 2.63646 1.06597 -0.03044 -0.27737 -0.00306 0.96028
1661398700.955146074 -3.37630 2.63948 1.06560 -0.03059 -0.27712 -0.00361 0.96034
1661398700.965146065 -3.37475 2.64244 1.06525 -0.03082 -0.27679 -0.00424 0.96043
1661398700.975146055 -3.37311 2.64534 1.06490 -0.03113 -0.27638 -0.00493 0.96053
1661398700.985146046 -3.37139 2.64819 1.06456 -0.03150 -0.27591 -0.00567 0.96065
1661398700.995146036 -3.36957 2.65098 1.06421 -0.03192 -0.27540 -0.00645 0.96078
1661398701.005146027 -3.36768 2.65374 1.06385 -0.03240 -0.27486 -0.00726 0.96091
1661398701.015146017 -3.36570 2.65645 1.06348 -0.03292 -0.27432 -0.00808 0.96104
1661398701.025146008 -3.36363 2.65912 1.06307 -0.03347 -0.27378 -0.00890 0.96117
1661398701.035145998 -3.36149 2.66177 1.06264 -0.03405 -0.27326 -0.00972 0.96129
1661398701.045145988 -3.35926 2.66438 1.06217 -0.03464 -0.27279 -0.01051 0.96139
1661398701.055145979 -3.35696 2.66698 1.06166 -0.03525 -0.27238 -0.01127 0.96148
1661398701.065145969 -3.35458 2.66956 1.06111 -0.03586 -0.27200 -0.01200 0.96155
1661398701.075146198 -3.35213 2.67214 1.06052 -0.03646 -0.27164 -0.01271 0.96162
1661398701.085145950 -3.34962 2.67474 1.05990 -0.03705 -0.27129 -0.01341 0.96169
1661398701.095146179 -3.34706 2.67736 1.05927 -0.03761 -0.27093 -0.01409 0.96176
1661398701.105145931 -3.34444 2.68001 1.05861 -0.03813 -0.27053 -0.01476 0.96184
1661398701.115146160 -3.34178 2.68272 1.05794 -0.03860 -0.27009 -0.01543 0.96194
1661398701.125145912 -3.33907 2.68548 1.05727 -0.03902 -0.26958 -0.01611 0.96205
1661398701.135146141 -3.33633 2.68832 1.05659 -0.03937 -0.26898 -0.01679 0.96219
1661398701.145145893 -3.33357 2.69123 1.05592 -0.03964 -0.26829 -0.01749 0.96236
1661398701.155146122 -3.33077 2.69425 1.05525 -0.03983 -0.26747 -0.01821 0.96257
1661398701.165145874 -3.32796 2.69734 1.05459 -0.03994 -0.26657 -0.01894 0.96280
1661398701.175146103 -3.32512 2.70051 1.05394 -0.03996 -0.26560 -0.01967 0.96305
1661398701.185145855 -3.32225 2.70375 1.05329 -0.03990 -0.26460 -0.02038 0.96332
1661398701.195146084 -3.31935 2.70705 1.05265 -0.03975 -0.26359 -0.02107 0.96359
1661398701.205146074 -3.31642 2.71039 1.05200 -0.03952 -0.26260 -0.02172 0.96385
1661398701.215146065 -3.31347 2.71376 1.05135 -0.03920 -0.26166 -0.02233 0.96410
1661398701.225146055 -3.31048 2.71716 1.05071 -0.03880 -0.26081 -0.02287 0.96434
1661398701.235146046 -3.30746 2.72058 1.05005 -0.03831 -0.26006 -0.02335 0.96455
1661398701.245146036 -3.30441 2.72401 1.04940 -0.03774 -0.25945 -0.02375 0.96473
1661398701.255146027 -3.30132 2.72743 1.04873 -0.03709 -0.25900 -0.02406 0.96487
1661398701.265146017 -3.29820 2.73084 1.04807 -0.03637 -0.25867 -0.02431 0.96498
1661398701.275146008 -3.29505 2.73425 1.04741 -0.03558 -0.25842 -0.02451 0.96507
1661398701.285145998 -3.29187 2.73763 1.04676 -0.03475 -0.25820 -0.02471 0.96515
1661398701.295145988 -3.28867 2.74100 1.04614 -0.03387 -0.25798 -0.02493 0.96523
1661398701.305145979 -3.28545 2.74435 1.04554 -0.03297 -0.25770 -0.02518 0.96533
1661398701.315145969 -3.28220 2.74767 1.04497 -0.03205 -0.25733 -0.02551 0.96545
1661398701.325145960 -3.27895 2.75096 1.04445 -0.03112 -0.25682 -0.02593 0.96561
1661398701.335146189 -3.27568 2.75421 1.04396 -0.03020 -0.25613 -0.02648 0.96581
1661398701.345145941 -3.27240 2.75743 1.04354 -0.02930 -0.25521 -0.02717 0.96606
1661398701.355146170 -3.26912 2.76061 1.04317 -0.02842 -0.25404 -0.02803 0.96637
1661398701.365145922 -3.26582 2.76378 1.04289 -0.02759 -0.25272 -0.02899 0.96671
1661398701.375146151 -3.26251 2.76698 1.04273 -0.02682 -0.25134 -0.03000 0.96706
1661398701.385145903 -3.25919 2.77024 1.04270 -0.02614 -0.25001 -0.03097 0.96739
1661398701.395146132 -3.25585 2.77360 1.04283 -0.02555 -0.24886 -0.03184 0.96768
1661398701.405145884 -3.25249 2.77706 1.04314 -0.02508 -0.24796 -0.03255 0.96790
1661398701.415146112 -3.24912 2.78060 1.04357 -0.02470 -0.24734 -0.03313 0.96805
1661398701.425145864 -3.24574 2.78416 1.04408 -0.02439 -0.24698 -0.03360 0.96813
1661398701.435146093 -3.24238 2.78767 1.04460 -0.02413 -0.24687 -0.03401 0.96815
1661398701.445145845 -3.23903 2.79108 1.04507 -0.02388 -0.24702 -0.03438 0.96811
1661398701.455146074 -3.23570 2.79435 1.04545 -0.02365 -0.24740 -0.03474 0.96800
1661398701.465146065 -3.23241 2.79749 1.04573 -0.02341 -0.24799 -0.03509 0.96784
1661398701.475146055 -3.22915 2.80052 1.04594 -0.02319 -0.24872 -0.03545 0.96765
1661398701.485146046 -3.22594 2.80347 1.04609 -0.02298 -0.24958 -0.03582 0.96742
1661398701.495146036 -3.22278 2.80637 1.04619 -0.02279 -0.25050 -0.03618 0.96717
1661398701.505146027 -3.21968 2.80924 1.04626 -0.02262 -0.25145 -0.03656 0.96692
1661398701.515146017 -3.21664 2.81211 1.04632 -0.02249 -0.25238 -0.03694 0.96666
1661398701.525146008 -3.21367 2.81500 1.04637 -0.02239 -0.25325 -0.03733 0.96642
1661398701.535145998 -3.21078 2.81794 1.04644 -0.02234 -0.25402 -0.03773 0.96620
1661398701.545145988 -3.20797 2.82096 1.04655 -0.02234 -0.25465 -0.03815 0.96602
1661398701.555145979 -3.20525 2.82407 1.04669 -0.02238 -0.25509 -0.03859 0.96589
1661398701.565145969 -3.20262 2.82725 1.04687 -0.02248 -0.25537 -0.03904 0.96579
1661398701.575146198 -3.20005 2.83050 1.04709 -0.02263 -0.25549 -0.03950 0.96574
1661398701.585145950 -3.19756 2.83379 1.04733 -0.02283 -0.25547 -0.03998 0.96572
1661398701.595146179 -3.19512 2.83710 1.04759 -0.02306 -0.25534 -0.04048 0.96573
1661398701.605145931 -3.19273 2.84040 1.04787 -0.02334 -0.25510 -0.04098 0.96576
1661398701.615146160 -3.19039 2.84368 1.04815 -0.02366 -0.25477 -0.04151 0.96582
1661398701.625145912 -3.18808 2.84692 1.04843 -0.02402 -0.25438 -0.04204 0.96589
1661398701.635146141 -3.18580 2.85010 1.04871 -0.02441 -0.25393 -0.04259 0.96598
1661398701.645145893 -3.18354 2.85319 1.04897 -0.02483 -0.25346 -0.04316 0.96606
1661398701.655146122 -3.18129 2.85619 1.04921 -0.02528 -0.25296 -0.04373 0.96616
1661398701.665145874 -3.17906 2.85908 1.04944 -0.02576 -0.25246 -0.04433 0.96625
1661398701.675146103 -3.17684 2.86190 1.04966 -0.02624 -0.25198 -0.04495 0.96633
1661398701.685145855 -3.17464 2.86463 1.04986 -0.02674 -0.25152 -0.04562 0.96641
1661398701.695146084 -3.17246 2.86730 1.05005 -0.02723 -0.25111 -0.04632 0.96647
1661398701.705146074 -3.17030 2.86991 1.05024 -0.02772 -0.25075 -0.04708 0.96651
1661398701.715146065 -3.16817 2.87247 1.05043 -0.02820 -0.25046 -0.04790 0.96653
1661398701.725146055 -3.16606 2.87500 1.05061 -0.02865 -0.25026 -0.04878 0.96652
1661398701.735146046 -3.16398 2.87749 1.05080 -0.02908 -0.25016 -0.04974 0.96649
1661398701.745146036 -3.16194 2.87996 1.05100 -0.02947 -0.25018 -0.05079 0.96642
1661398701.755146027 -3.15992 2.88241 1.05120 -0.02982 -0.25033 -0.05192 0.96631
1661398701.765146017 -3.15794 2.88486 1.05140 -0.03014 -0.25059 -0.05313 0.96617
1661398701.775146008 -3.15599 2.88731 1.05161 -0.03043 -0.25095 -0.05441 0.96599
1661398701.785145998 -3.15406 2.88977 1.05181 -0.03071 -0.25139 -0.05575 0.96579
1661398701.795145988 -3.15217 2.89223 1.05200 -0.03097 -0.25191 -0.05713 0.96557
1661398701.805145979 -3.15030 2.89472 1.05218 -0.03124 -0.25249 -0.05854 0.96532
1661398701.815145969 -3.14845 2.89723 1.05234 -0.03151 -0.25311 -0.05997 0.96506
1661398701.825145960 -3.14663 2.89978 1.05248 -0.03181 -0.25375 -0.06142 0.96479
1661398701.835146189 -3.14483 2.90236 1.05259 -0.03212 -0.25441 -0.06286 0.96452
1661398701.845145941 -3.14305 2.90499 1.05267 -0.03247 -0.25506 -0.06429 0.96424
1661398701.855146170 -3.14129 2.90766 1.05271 -0.03287 -0.25571 -0.06569 0.96396
1661398701.865145922 -3.13955 2.91039 1.05273 -0.03329 -0.25632 -0.06707 0.96369
1661398701.875146151 -3.13782 2.91317 1.05274 -0.03374 -0.25691 -0.06843 0.96342
1661398701.885145903 -3.13612 2.91600 1.05274 -0.03420 -0.25747 -0.06976 0.96316
1661398701.895146132 -3.13443 2.91889 1.05274 -0.03466 -0.25799 -0.07108 0.96291
1661398701.905145884 -3.13276 2.92183 1.05276 -0.03511 -0.25846 -0.07237 0.96267
1661398701.915146112 -3.13111 2.92483 1.05280 -0.03554 -0.25888 -0.07366 0.96244
1661398701.925145864 -3.12948 2.92788 1.05287 -0.03595 -0.25924 -0.07492 0.96223
1661398701.935146093 -3.12786 2.93100 1.05298 -0.03632 -0.25953 -0.07617 0.96204
1661398701.945145845 -3.12626 2.93417 1.05315 -0.03664 -0.25976 -0.07742 0.96187
1661398701.955146074 -3.12467 2.93740 1.05338 -0.03690 -0.25992 -0.07865 0.96172
1661398701.965146065 -3.12310 2.94069 1.05366 -0.03711 -0.26000 -0.07987 0.96158
1661398701.975146055 -3.12154 2.94405 1.05397 -0.03726 -0.26003 -0.08108 0.96147
1661398701.985146046 -3.11998 2.94747 1.05431 -0.03736 -0.26000 -0.08229 0.96137
1661398701.995146036 -3.11842 2.95095 1.05465 -0.03741 -0.25993 -0.08350 0.96128
1661398702.005146027 -3.11686 2.95449 1.05499 -0.03741 -0.25981 -0.08471 0.96121
1661398702.015146017 -3.11529 2.95811 1.05532 -0.03737 -0.25967 -0.08592 0.96114
1661398702.025146008 -3.11371 2.96178 1.05561 -0.03729 -0.25950 -0.08714 0.96108
1661398702.035145998 -3.11211 2.96553 1.05586 -0.03717 -0.25932 -0.08835 0.96102
1661398702.045145988 -3.11050 2.96935 1.05606 -0.03701 -0.25912 -0.08958 0.96097
1661398702.055145979 -3.10886 2.97323 1.05618 -0.03682 -0.25892 -0.09082 0.96091
1661398702.065145969 -3.10721 2.97718 1.05626 -0.03660 -0.25872 -0.09206 0.96086
1661398702.075146198 -3.10555 2.98118 1.05630 -0.03636 -0.25853 -0.09331 0.96080
1661398702.085145950 -3.10389 2.98523 1.05632 -0.03611 -0.25835 -0.09457 0.96073
1661398702.095146179 -3.10224 2.98932 1.05633 -0.03585 -0.25818 -0.09583 0.96066
1661398702.105145931 -3.10061 2.99344 1.05636 -0.03559 -0.25803 -0.09709 0.96059
1661398702.115146160 -3.09899 2.99758 1.05642 -0.03533 -0.25790 -0.09835 0.96050
1661398702.125145912 -3.09742 3.00175 1.05652 -0.03509 -0.25780 -0.09962 0.96041
1661398702.135146141 -3.09588 3.00592 1.05669 -0.03487 -0.25772 -0.10088 0.96031
1661398702.145145893 -3.09439 3.01010 1.05694 -0.03468 -0.25768 -0.10214 0.96019
1661398702.155146122 -3.09295 3.01427 1.05727 -0.03451 -0.25768 -0.10339 0.96006
1661398702.165145874 -3.09156 3.01844 1.05769 -0.03439 -0.25771 -0.10464 0.95992
1661398702.175146103 -3.09022 3.02262 1.05817 -0.03430 -0.25778 -0.10586 0.95977
1661398702.185145855 -3.08891 3.02680 1.05870 -0.03424 -0.25788 -0.10706 0.95962
1661398702.195146084 -3.08764 3.03100 1.05927 -0.03422 -0.25801 -0.10822 0.95945
1661398702.205146074 -3.08639 3.03521 1.05984 -0.03424 -0.25817 -0.10933 0.95928
1661398702.215146065 -3.08516 3.03944 1.06042 -0.03430 -0.25836 -0.11040 0.95911
1661398702.225146055 -3.08395 3.04369 1.06098 -0.03440 -0.25857 -0.11140 0.95893
1661398702.235146046 -3.08275 3.04797 1.06151 -0.03454 -0.25881 -0.11233 0.95875
1661398702.245146036 -3.08155 3.05228 1.06199 -0.03472 -0.25906 -0.11319 0.95858
1661398702.255146027 -3.08035 3.05662 1.06241 -0.03494 -0.25934 -0.11396 0.95840
1661398702.265146017 -3.07915 3.06101 1.06276 -0.03519 -0.25962 -0.11466 0.95823
1661398702.275146008 -3.07794 3.06543 1.06306 -0.03547 -0.25989 -0.11527 0.95808
1661398702.285145998 -3.07673 3.06989 1.06330 -0.03576 -0.26014 -0.11581 0.95793
1661398702.295145988 -3.07552 3.07440 1.06349 -0.03605 -0.26034 -0.11628 0.95781
1661398702.305145979 -3.07430 3.07895 1.06362 -0.03634 -0.26049 -0.11667 0.95771
1661398702.315145969 -3.07308 3.08355 1.06370 -0.03662 -0.26056 -0.11700 0.95764
1661398702.325145960 -3.07186 3.08820 1.06374 -0.03688 -0.26054 -0.11726 0.95761
1661398702.335146189 -3.07063 3.09290 1.06374 -0.03711 -0.26041 -0.11746 0.95761
1661398702.345145941 -3.06939 3.09765 1.06369 -0.03729 -0.26017 -0.11760 0.95765
1661398702.355146170 -3.06815 3.10246 1.06361 -0.03743 -0.25980 -0.11769 0.95773
1661398702.365145922 -3.06690 3.10731 1.06349 -0.03752 -0.25931 -0.11772 0.95786
1661398702.375146151 -3.06563 3.11221 1.06334 -0.03756 -0.25874 -0.11771 0.95801
1661398702.385145903 -3.06434 3.11715 1.06316 -0.03755 -0.25810 -0.11765 0.95819
1661398702.395146132 -3.06303 3.12212 1.06295 -0.03748 -0.25742 -0.11755 0.95839
1661398702.405145884 -3.06169 3.12712 1.06272 -0.03737 -0.25672 -0.11741 0.95860
1661398702.415146112 -3.06032 3.13214 1.06247 -0.03720 -0.25603 -0.11724 0.95881
1661398702.425145864 -3.05891 3.13717 1.06221 -0.03699 -0.25537 -0.11704 0.95902
1661398702.435146093 -3.05746 3.14221 1.06194 -0.03672 -0.25476 -0.11681 0.95922
1661398702.445145845 -3.05596 3.14725 1.06165 -0.03640 -0.25423 -0.11656 0.95940
1661398702.455146074 -3.05442 3.15229 1.06136 -0.03602 -0.25380 -0.11629 0.95956
1661398702.465146065 -3.05283 3.15732 1.06106 -0.03560 -0.25347 -0.11601 0.95970
1661398702.475146055 -3.05121 3.16233 1.06075 -0.03512 -0.25322 -0.11572 0.95982
1661398702.485146046 -3.04958 3.16732 1.06044 -0.03460 -0.25306 -0.11544 0.95992
1661398702.495146036 -3.04793 3.17229 1.06012 -0.03403 -0.25297 -0.11516 0.95999
1661398702.505146027 -3.04629 3.17723 1.05979 -0.03341 -0.25295 -0.11489 0.96005
1661398702.515146017 -3.04467 3.18213 1.05945 -0.03276 -0.25299 -0.11463 0.96009
1661398702.525146008 -3.04307 3.18699 1.05911 -0.03206 -0.25309 -0.11441 0.96012
1661398702.535145998 -3.04151 3.19180 1.05875 -0.03132 -0.25324 -0.11421 0.96013
1661398702.545145988 -3.04000 3.19656 1.05839 -0.03054 -0.25342 -0.11404 0.96012
1661398702.555145979 -3.03854 3.20126 1.05801 -0.02972 -0.25364 -0.11392 0.96011
1661398702.565145969 -3.03714 3.20590 1.05762 -0.02889 -0.25389 -0.11383 0.96008
1661398702.575146198 -3.03578 3.21046 1.05723 -0.02805 -0.25417 -0.11376 0.96004
1661398702.585145950 -3.03445 3.21495 1.05682 -0.02722 -0.25447 -0.11370 0.95999
1661398702.595146179 -3.03316 3.21936 1.05640 -0.02642 -0.25479 -0.11364 0.95993
1661398702.605145931 -3.03190 3.22367 1.05596 -0.02566 -0.25512 -0.11357 0.95987
1661398702.615146160 -3.03065 3.22790 1.05552 -0.02496 -0.25546 -0.11349 0.95981
1661398702.625145912 -3.02941 3.23202 1.05506 -0.02433 -0.25581 -0.11337 0.95975
1661398702.635146141 -3.02817 3.23604 1.05459 -0.02380 -0.25616 -0.11321 0.95969
1661398702.645145893 -3.02693 3.23995 1.05411 -0.02337 -0.25650 -0.11301 0.95963
1661398702.655146122 -3.02567 3.24374 1.05361 -0.02305 -0.25684 -0.11274 0.95958
1661398702.665145874 -3.02441 3.24742 1.05311 -0.02285 -0.25717 -0.11243 0.95953
1661398702.675146103 -3.02313 3.25101 1.05261 -0.02276 -0.25747 -0.11208 0.95950
1661398702.685145855 -3.02184 3.25452 1.05212 -0.02275 -0.25773 -0.11169 0.95947
1661398702.695146084 -3.02053 3.25795 1.05165 -0.02284 -0.25796 -0.11129 0.95945
1661398702.705146074 -3.01920 3.26132 1.05120 -0.02300 -0.25812 -0.11087 0.95945
1661398702.715146065 -3.01786 3.26464 1.05079 -0.02322 -0.25823 -0.11045 0.95947
1661398702.725146055 -3.01650 3.26792 1.05041 -0.02351 -0.25826 -0.11005 0.95950
1661398702.735146046 -3.01512 3.27117 1.05009 -0.02385 -0.25821 -0.10966 0.95955
1661398702.745146036 -3.01371 3.27440 1.04983 -0.02422 -0.25807 -0.10930 0.95962
1661398702.755146027 -3.01229 3.27763 1.04963 -0.02463 -0.25784 -0.10897 0.95971
1661398702.765146017 -3.01084 3.28085 1.04948 -0.02506 -0.25754 -0.10869 0.95981
1661398702.775146008 -3.00937 3.28407 1.04938 -0.02550 -0.25719 -0.10844 0.95992
1661398702.785145998 -3.00787 3.28730 1.04933 -0.02595 -0.25685 -0.10823 0.96002
1661398702.795145988 -3.00634 3.29053 1.04930 -0.02639 -0.25652 -0.10806 0.96012
1661398702.805145979 -3.00478 3.29379 1.04930 -0.02681 -0.25626 -0.10793 0.96019
1661398702.815145969 -3.00318 3.29705 1.04932 -0.02720 -0.25608 -0.10783 0.96024
1661398702.825145960 -3.00156 3.30034 1.04934 -0.02756 -0.25602 -0.10776 0.96025
1661398702.835146189 -2.99990 3.30366 1.04935 -0.02787 -0.25610 -0.10773 0.96022
1661398702.845145941 -2.99820 3.30701 1.04936 -0.02813 -0.25637 -0.10774 0.96014
1661398702.855146170 -2.99646 3.31038 1.04935 -0.02833 -0.25685 -0.10778 0.96001
1661398702.865145922 -2.99468 3.31379 1.04932 -0.02847 -0.25750 -0.10784 0.95982
1661398702.875146151 -2.99286 3.31720 1.04928 -0.02856 -0.25831 -0.10793 0.95959
1661398702.885145903 -2.99101 3.32062 1.04923 -0.02862 -0.25924 -0.10803 0.95933
1661398702.895146132 -2.98911 3.32404 1.04916 -0.02864 -0.26026 -0.10814 0.95904
1661398702.905145884 -2.98717 3.32745 1.04908 -0.02864 -0.26135 -0.10825 0.95873
1661398702.915146112 -2.98520 3.33083 1.04900 -0.02863 -0.26247 -0.10836 0.95841
1661398702.925145864 -2.98318 3.33417 1.04891 -0.02861 -0.26359 -0.10845 0.95809
1661398702.935146093 -2.98112 3.33748 1.04882 -0.02859 -0.26469 -0.10853 0.95778
1661398702.945145845 -2.97902 3.34073 1.04872 -0.02859 -0.26573 -0.10858 0.95749
1661398702.955146074 -2.97688 3.34392 1.04863 -0.02860 -0.26670 -0.10860 0.95721
1661398702.965146065 -2.97470 3.34706 1.04854 -0.02863 -0.26758 -0.10860 0.95697
1661398702.975146055 -2.97246 3.35016 1.04846 -0.02867 -0.26840 -0.10859 0.95674
1661398702.985146046 -2.97018 3.35322 1.04839 -0.02871 -0.26917 -0.10857 0.95652
1661398702.995146036 -2.96784 3.35627 1.04834 -0.02875 -0.26988 -0.10855 0.95632
1661398703.005146027 -2.96543 3.35931 1.04830 -0.02879 -0.27055 -0.10854 0.95613
1661398703.015146017 -2.96297 3.36235 1.04830 -0.02882 -0.27119 -0.10855 0.95595
1661398703.025146008 -2.96044 3.36540 1.04832 -0.02884 -0.27181 -0.10858 0.95577
1661398703.035145998 -2.95783 3.36847 1.04838 -0.02883 -0.27241 -0.10864 0.95559
1661398703.045145988 -2.95515 3.37158 1.04848 -0.02881 -0.27301 -0.10875 0.95541
1661398703.055145979 -2.95240 3.37473 1.04861 -0.02875 -0.27362 -0.10890 0.95522
1661398703.065145969 -2.94957 3.37791 1.04878 -0.02867 -0.27423 -0.10910 0.95503
1661398703.075146198 -2.94667 3.38113 1.04898 -0.02857 -0.27485 -0.10934 0.95482
1661398703.085145950 -2.94371 3.38437 1.04921 -0.02845 -0.27548 -0.10962 0.95461
1661398703.095146179 -2.94068 3.38762 1.04945 -0.02831 -0.27612 -0.10993 0.95440
1661398703.105145931 -2.93760 3.39089 1.04971 -0.02817 -0.27679 -0.11027 0.95417
1661398703.115146160 -2.93447 3.39416 1.04997 -0.02802 -0.27747 -0.11064 0.95393
1661398703.125145912 -2.93129 3.39743 1.05023 -0.02786 -0.27817 -0.11103 0.95369
1661398703.135146141 -2.92807 3.40069 1.05049 -0.02771 -0.27890 -0.11144 0.95343
1661398703.145145893 -2.92481 3.40394 1.05074 -0.02756 -0.27966 -0.11187 0.95316
1661398703.155146122 -2.92152 3.40716 1.05097 -0.02743 -0.28045 -0.11231 0.95288
1661398703.165145874 -2.91820 3.41037 1.05119 -0.02730 -0.28125 -0.11276 0.95260
1661398703.175146103 -2.91487 3.41355 1.05142 -0.02720 -0.28207 -0.11321 0.95230
1661398703.185145855 -2.91152 3.41671 1.05165 -0.02711 -0.28289 -0.11368 0.95201
1661398703.195146084 -2.90816 3.41986 1.05191 -0.02704 -0.28371 -0.11415 0.95171
1661398703.205146074 -2.90481 3.42298 1.05219 -0.02700 -0.28452 -0.11463 0.95141
1661398703.215146065 -2.90147 3.42608 1.05252 -0.02700 -0.28530 -0.11511 0.95112
1661398703.225146055 -2.89814 3.42916 1.05289 -0.02702 -0.28606 -0.11559 0.95083
1661398703.235146046 -2.89484 3.43223 1.05332 -0.02709 -0.28678 -0.11608 0.95055
1661398703.245146036 -2.89157 3.43527 1.05382 -0.02719 -0.28745 -0.11656 0.95029
1661398703.255146027 -2.88833 3.43830 1.05440 -0.02734 -0.28807 -0.11704 0.95004
1661398703.265146017 -2.88514 3.44131 1.05505 -0.02754 -0.28864 -0.11751 0.94980
1661398703.275146008 -2.88197 3.44431 1.05576 -0.02778 -0.28914 -0.11797 0.94958
1661398703.285145998 -2.87883 3.44730 1.05653 -0.02807 -0.28959 -0.11840 0.94938
1661398703.295145988 -2.87573 3.45028 1.05735 -0.02841 -0.28998 -0.11882 0.94920
1661398703.305145979 -2.87264 3.45326 1.05822 -0.02879 -0.29030 -0.11919 0.94905
1661398703.315145969 -2.86959 3.45624 1.05913 -0.02922 -0.29056 -0.11953 0.94891
1661398703.325145960 -2.86655 3.45922 1.06008 -0.02970 -0.29076 -0.11983 0.94880
1661398703.335146189 -2.86353 3.46220 1.06105 -0.03023 -0.29089 -0.12007 0.94871
1661398703.345145941 -2.86052 3.46520 1.06204 -0.03081 -0.29095 -0.12026 0.94865
1661398703.355146170 -2.85753 3.46820 1.06305 -0.03144 -0.29094 -0.12039 0.94862
1661398703.365145922 -2.85455 3.47122 1.06406 -0.03211 -0.29089 -0.12046 0.94860
1661398703.375146151 -2.85158 3.47424 1.06507 -0.03281 -0.29082 -0.12049 0.94860
1661398703.385145903 -2.84860 3.47727 1.06607 -0.03351 -0.29074 -0.12047 0.94860
1661398703.395146132 -2.84562 3.48030 1.06705 -0.03423 -0.29070 -0.12041 0.94859
1661398703.405145884 -2.84262 3.48334 1.06801 -0.03493 -0.29070 -0.12032 0.94858
1661398703.415146112 -2.83962 3.48638 1.06892 -0.03560 -0.29078 -0.12021 0.94854
1661398703.425145864 -2.83660 3.48941 1.06980 -0.03625 -0.29096 -0.12008 0.94848
1661398703.435146093 -2.83355 3.49245 1.07061 -0.03685 -0.29126 -0.11994 0.94838
1661398703.445145845 -2.83048 3.49548 1.07137 -0.03738 -0.29170 -0.11979 0.94824
1661398703.455146074 -2.82737 3.49851 1.07205 -0.03786 -0.29230 -0.11965 0.94806
1661398703.465146065 -2.82426 3.50152 1.07265 -0.03827 -0.29294 -0.11950 0.94786
1661398703.475146055 -2.82114 3.50453 1.07314 -0.03866 -0.29352 -0.11934 0.94769
1661398703.485146046 -2.81805 3.50753 1.07351 -0.03902 -0.29392 -0.11918 0.94757
1661398703.495146036 -2.81500 3.51051 1.07375 -0.03937 -0.29402 -0.11900 0.94754
1661398703.505146027 -2.81199 3.51348 1.07384 -0.03974 -0.29373 -0.11881 0.94764
1661398703.515146017 -2.80905 3.51643 1.07380 -0.04013 -0.29311 -0.11861 0.94784
1661398703.525146008 -2.80616 3.51936 1.07368 -0.04053 -0.29223 -0.11840 0.94813
1661398703.535145998 -2.80334 3.52225 1.07350 -0.04095 -0.29117 -0.11819 0.94846
1661398703.545145988 -2.80057 3.52511 1.07329 -0.04139 -0.29003 -0.11799 0.94881
1661398703.555145979 -2.79787 3.52792 1.07309 -0.04185 -0.28886 -0.11780 0.94917
1661398703.565145969 -2.79522 3.53070 1.07289 -0.04232 -0.28770 -0.11762 0.94953
1661398703.575146198 -2.79265 3.53345 1.07269 -0.04281 -0.28656 -0.11747 0.94987
1661398703.585145950 -2.79014 3.53617 1.07249 -0.04331 -0.28547 -0.11733 0.95019
1661398703.595146179 -2.78769 3.53887 1.07228 -0.04381 -0.28443 -0.11721 0.95050
1661398703.605145931 -2.78532 3.54155 1.07207 -0.04432 -0.28347 -0.11712 0.95077
1661398703.615146160 -2.78301 3.54422 1.07185 -0.04482 -0.28260 -0.11706 0.95101
1661398703.625145912 -2.78078 3.54688 1.07162 -0.04531 -0.28183 -0.11703 0.95122
1661398703.635146141 -2.77861 3.54953 1.07137 -0.04580 -0.28120 -0.11704 0.95138
1661398703.645145893 -2.77653 3.55219 1.07110 -0.04627 -0.28071 -0.11708 0.95150
1661398703.655146122 -2.77451 3.55485 1.07082 -0.04672 -0.28038 -0.11716 0.95157
1661398703.665145874 -2.77257 3.55752 1.07051 -0.04716 -0.28019 -0.11727 0.95159
1661398703.675146103 -2.77069 3.56020 1.07019 -0.04758 -0.28011 -0.11742 0.95157
1661398703.685145855 -2.76887 3.56290 1.06987 -0.04800 -0.28013 -0.11758 0.95152
1661398703.695146084 -2.76709 3.56563 1.06954 -0.04842 -0.28022 -0.11775 0.95145
1661398703.705146074 -2.76536 3.56838 1.06920 -0.04883 -0.28036 -0.11794 0.95137
1661398703.715146065 -2.76367 3.57116 1.06888 -0.04925 -0.28053 -0.11812 0.95127
1661398703.725146055 -2.76201 3.57398 1.06856 -0.04968 -0.28071 -0.11830 0.95118
1661398703.735146046 -2.76038 3.57683 1.06825 -0.05012 -0.28087 -0.11847 0.95109
1661398703.745146036 -2.75877 3.57973 1.06796 -0.05057 -0.28099 -0.11862 0.95101
1661398703.755146027 -2.75717 3.58268 1.06768 -0.05104 -0.28105 -0.11874 0.95095
1661398703.765146017 -2.75558 3.58567 1.06743 -0.05153 -0.28106 -0.11885 0.95091
1661398703.775146008 -2.75400 3.58872 1.06718 -0.05202 -0.28101 -0.11894 0.95088
1661398703.785145998 -2.75242 3.59182 1.06694 -0.05252 -0.28091 -0.11903 0.95087
1661398703.795145988 -2.75085 3.59498 1.06670 -0.05301 -0.28077 -0.11912 0.95088
1661398703.805145979 -2.74928 3.59820 1.06646 -0.05350 -0.28058 -0.11922 0.95089
1661398703.815145969 -2.74771 3.60148 1.06620 -0.05398 -0.28036 -0.11933 0.95092
1661398703.825145960 -2.74614 3.60482 1.06594 -0.05444 -0.28010 -0.11946 0.95095
1661398703.835146189 -2.74456 3.60823 1.06565 -0.05488 -0.27981 -0.11961 0.95099
1661398703.845145941 -2.74297 3.61171 1.06534 -0.05529 -0.27950 -0.11981 0.95104
1661398703.855146170 -2.74137 3.61526 1.06501 -0.05568 -0.27916 -0.12003 0.95108
1661398703.865145922 -2.73976 3.61887 1.06464 -0.05603 -0.27881 -0.12029 0.95113
1661398703.875146151 -2.73814 3.62255 1.06425 -0.05636 -0.27843 -0.12058 0.95119
1661398703.885145903 -2.73650 3.62629 1.06383 -0.05666 -0.27804 -0.12089 0.95125
1661398703.895146132 -2.73484 3.63008 1.06339 -0.05694 -0.27763 -0.12120 0.95131
1661398703.905145884 -2.73316 3.63392 1.06292 -0.05720 -0.27721 -0.12153 0.95137
1661398703.915146112 -2.73147 3.63780 1.06242 -0.05744 -0.27678 -0.12185 0.95144
1661398703.925145864 -2.72975 3.64173 1.06190 -0.05766 -0.27634 -0.12216 0.95152
1661398703.935146093 -2.72800 3.64569 1.06136 -0.05786 -0.27590 -0.12246 0.95160
1661398703.945145845 -2.72624 3.64968 1.06080 -0.05806 -0.27545 -0.12273 0.95168
1661398703.955146074 -2.72444 3.65370 1.06021 -0.05824 -0.27501 -0.12298 0.95177
1661398703.965146065 -2.72263 3.65775 1.05961 -0.05840 -0.27456 -0.12319 0.95186
1661398703.975146055 -2.72081 3.66185 1.05899 -0.05854 -0.27410 -0.12338 0.95196
1661398703.985146046 -2.71899 3.66599 1.05837 -0.05864 -0.27364 -0.12354 0.95206
1661398703.995146036 -2.71718 3.67018 1.05775 -0.05872 -0.27316 -0.12368 0.95218
1661398704.005146027 -2.71538 3.67443 1.05714 -0.05875 -0.27268 -0.12379 0.95230
1661398704.015146017 -2.71361 3.67875 1.05653 -0.05873 -0.27219 -0.12387 0.95243
1661398704.025146008 -2.71187 3.68313 1.05594 -0.05866 -0.27168 -0.12393 0.95257
1661398704.035145998 -2.71017 3.68760 1.05538 -0.05852 -0.27115 -0.12396 0.95273
1661398704.045145988 -2.70853 3.69214 1.05484 -0.05832 -0.27061 -0.12398 0.95289
1661398704.055145979 -2.70695 3.69677 1.05433 -0.05805 -0.27005 -0.12397 0.95307
1661398704.065145969 -2.70541 3.70149 1.05386 -0.05771 -0.26948 -0.12393 0.95325
1661398704.075146198 -2.70393 3.70629 1.05343 -0.05731 -0.26892 -0.12388 0.95344
1661398704.085145950 -2.70248 3.71116 1.05303 -0.05685 -0.26838 -0.12379 0.95363
1661398704.095146179 -2.70107 3.71611 1.05267 -0.05633 -0.26788 -0.12368 0.95382
1661398704.105145931 -2.69968 3.72112 1.05235 -0.05577 -0.26743 -0.12355 0.95400
1661398704.115146160 -2.69831 3.72619 1.05208 -0.05516 -0.26704 -0.12338 0.95416
1661398704.125145912 -2.69695 3.73133 1.05185 -0.05451 -0.26672 -0.12319 0.95431
1661398704.135146141 -2.69559 3.73652 1.05166 -0.05383 -0.26650 -0.12297 0.95444
1661398704.145145893 -2.69423 3.74176 1.05153 -0.05312 -0.26638 -0.12272 0.95455
1661398704.155146122 -2.69287 3.74704 1.05143 -0.05238 -0.26637 -0.12244 0.95463
1661398704.165145874 -2.69150 3.75237 1.05139 -0.05162 -0.26647 -0.12213 0.95468
1661398704.175146103 -2.69012 3.75772 1.05138 -0.05084 -0.26666 -0.12182 0.95471
1661398704.185145855 -2.68874 3.76310 1.05140 -0.05005 -0.26692 -0.12150 0.95472
1661398704.195146084 -2.68737 3.76850 1.05146 -0.04924 -0.26725 -0.12119 0.95471
1661398704.205146074 -2.68600 3.77390 1.05153 -0.04841 -0.26762 -0.12090 0.95468
1661398704.215146065 -2.68464 3.77931 1.05162 -0.04757 -0.26802 -0.12064 0.95465
1661398704.225146055 -2.68329 3.78471 1.05172 -0.04673 -0.26844 -0.12041 0.95460
1661398704.235146046 -2.68196 3.79011 1.05183 -0.04588 -0.26887 -0.12023 0.95454
1661398704.245146036 -2.68064 3.79548 1.05195 -0.04503 -0.26928 -0.12011 0.95448
1661398704.255146027 -2.67935 3.80083 1.05205 -0.04418 -0.26967 -0.12005 0.95442
1661398704.265146017 -2.67807 3.80616 1.05216 -0.04333 -0.27002 -0.12004 0.95436
1661398704.275146008 -2.67682 3.81148 1.05225 -0.04249 -0.27033 -0.12006 0.95431
1661398704.285145998 -2.67558 3.81679 1.05233 -0.04166 -0.27059 -0.12009 0.95427
1661398704.295145988 -2.67436 3.82211 1.05241 -0.04085 -0.27079 -0.12012 0.95424
1661398704.305145979 -2.67315 3.82743 1.05247 -0.04006 -0.27091 -0.12012 0.95424
1661398704.315145969 -2.67195 3.83277 1.05251 -0.03929 -0.27096 -0.12009 0.95426
1661398704.325145960 -2.67077 3.83812 1.05254 -0.03855 -0.27092 -0.11999 0.95432
1661398704.335146189 -2.66959 3.84351 1.05255 -0.03785 -0.27078 -0.11982 0.95441
1661398704.345145941 -2.66843 3.84893 1.05254 -0.03719 -0.27053 -0.11955 0.95453
1661398704.355146170 -2.66727 3.85439 1.05250 -0.03657 -0.27017 -0.11918 0.95471
1661398704.365145922 -2.66611 3.85988 1.05245 -0.03598 -0.26971 -0.11872 0.95492
1661398704.375146151 -2.66495 3.86539 1.05237 -0.03544 -0.26916 -0.11820 0.95516
1661398704.385145903 -2.66376 3.87091 1.05228 -0.03492 -0.26854 -0.11763 0.95542
1661398704.395146132 -2.66256 3.87644 1.05217 -0.03443 -0.26785 -0.11706 0.95570
1661398704.405145884 -2.66133 3.88196 1.05205 -0.03396 -0.26711 -0.11649 0.95600
1661398704.415146112 -2.66005 3.88746 1.05191 -0.03350 -0.26634 -0.11596 0.95629
1661398704.425145864 -2.65873 3.89293 1.05176 -0.03306 -0.26555 -0.11548 0.95658
1661398704.435146093 -2.65736 3.89837 1.05160 -0.03264 -0.26475 -0.11510 0.95687
1661398704.445145845 -2.65593 3.90376 1.05143 -0.03221 -0.26395 -0.11482 0.95714
1661398704.455146074 -2.65443 3.90909 1.05125 -0.03179 -0.26317 -0.11467 0.95738
1661398704.465146065 -2.65287 3.91437 1.05107 -0.03137 -0.26242 -0.11462 0.95761
1661398704.475146055 -2.65128 3.91959 1.05087 -0.03095 -0.26171 -0.11466 0.95781
1661398704.485146046 -2.64966 3.92474 1.05067 -0.03052 -0.26106 -0.11475 0.95799
1661398704.495146036 -2.64803 3.92984 1.05046 -0.03008 -0.26048 -0.11487 0.95815
1661398704.505146027 -2.64640 3.93488 1.05024 -0.02963 -0.25998 -0.11499 0.95828
1661398704.515146017 -2.64479 3.93985 1.05001 -0.02918 -0.25957 -0.11509 0.95840
1661398704.525146008 -2.64322 3.94476 1.04977 -0.02871 -0.25927 -0.11515 0.95849
1661398704.535145998 -2.64169 3.94961 1.04952 -0.02822 -0.25909 -0.11512 0.95855
1661398704.545145988 -2.64023 3.95439 1.04926 -0.02772 -0.25904 -0.11500 0.95860
1661398704.555145979 -2.63884 3.95911 1.04899 -0.02720 -0.25912 -0.11476 0.95862
1661398704.565145969 -2.63750 3.96376 1.04872 -0.02668 -0.25931 -0.11441 0.95862
1661398704.575146198 -2.63620 3.96835 1.04844 -0.02617 -0.25956 -0.11399 0.95862
1661398704.585145950 -2.63492 3.97287 1.04816 -0.02571 -0.25984 -0.11351 0.95861
1661398704.595146179 -2.63364 3.97733 1.04788 -0.02531 -0.26010 -0.11301 0.95861
1661398704.605145931 -2.63234 3.98173 1.04762 -0.02498 -0.26031 -0.11250 0.95862
1661398704.615146160 -2.63099 3.98607 1.04736 -0.02475 -0.26043 -0.11201 0.95865
1661398704.625145912 -2.62958 3.99034 1.04711 -0.02463 -0.26042 -0.11157 0.95871
1661398704.635146141 -2.62809 3.99455 1.04688 -0.02466 -0.26024 -0.11120 0.95880
1661398704.645145893 -2.62649 3.99871 1.04667 -0.02483 -0.25984 -0.11093 0.95894
1661398704.655146122 -2.62478 4.00280 1.04648 -0.02518 -0.25922 -0.11077 0.95911
1661398704.665145874 -2.62296 4.00684 1.04631 -0.02567 -0.25840 -0.11072 0.95933
1661398704.675146103 -2.62104 4.01081 1.04615 -0.02627 -0.25743 -0.11075 0.95957
1661398704.685145855 -2.61903 4.01473 1.04600 -0.02695 -0.25637 -0.11087 0.95982
1661398704.695146084 -2.61694 4.01858 1.04584 -0.02768 -0.25527 -0.11105 0.96007
1661398704.705146074 -2.61478 4.02238 1.04568 -0.02844 -0.25418 -0.11127 0.96031
1661398704.715146065 -2.61257 4.02611 1.04550 -0.02918 -0.25315 -0.11154 0.96053
1661398704.725146055 -2.61031 4.02979 1.04530 -0.02988 -0.25223 -0.11182 0.96072
1661398704.735146046 -2.60801 4.03340 1.04508 -0.03050 -0.25148 -0.11210 0.96086
1661398704.745146036 -2.60570 4.03695 1.04482 -0.03103 -0.25095 -0.11238 0.96096
1661398704.755146027 -2.60337 4.04045 1.04453 -0.03142 -0.25066 -0.11263 0.96099
1661398704.765146017 -2.60102 4.04389 1.04421 -0.03171 -0.25061 -0.11287 0.96096
1661398704.775146008 -2.59866 4.04730 1.04385 -0.03190 -0.25076 -0.11308 0.96089
1661398704.785145998 -2.59628 4.05069 1.04347 -0.03203 -0.25105 -0.11327 0.96079
1661398704.795145988 -2.59387 4.05406 1.04307 -0.03212 -0.25146 -0.11344 0.96066
1661398704.805145979 -2.59144 4.05744 1.04266 -0.03218 -0.25195 -0.11360 0.96051
1661398704.815145969 -2.58899 4.06083 1.04223 -0.03225 -0.25247 -0.11374 0.96035
1661398704.825145960 -2.58650 4.06424 1.04180 -0.03235 -0.25300 -0.11387 0.96020
1661398704.835146189 -2.58399 4.06769 1.04137 -0.03250 -0.25348 -0.11398 0.96005
1661398704.845145941 -2.58144 4.07120 1.04094 -0.03272 -0.25388 -0.11408 0.95993
1661398704.855146170 -2.57885 4.07476 1.04052 -0.03303 -0.25418 -0.11418 0.95983
1661398704.865145922 -2.57622 4.07837 1.04010 -0.03341 -0.25436 -0.11426 0.95975
1661398704.875146151 -2.57355 4.08203 1.03969 -0.03386 -0.25445 -0.11435 0.95971
1661398704.885145903 -2.57082 4.08572 1.03927 -0.03435 -0.25444 -0.11445 0.95968
1661398704.895146132 -2.56805 4.08944 1.03885 -0.03487 -0.25436 -0.11455 0.95967
1661398704.905145884 -2.56522 4.09317 1.03843 -0.03540 -0.25420 -0.11468 0.95968
1661398704.915146112 -2.56232 4.09690 1.03799 -0.03592 -0.25397 -0.11483 0.95970
1661398704.925145864 -2.55937 4.10063 1.03755 -0.03642 -0.25370 -0.11502 0.95973
1661398704.935146093 -2.55634 4.10434 1.03709 -0.03687 -0.25337 -0.11523 0.95977
1661398704.945145845 -2.55324 4.10803 1.03661 -0.03726 -0.25301 -0.11550 0.95982
1661398704.955146074 -2.55006 4.11168 1.03611 -0.03758 -0.25262 -0.11580 0.95987
1661398704.965146065 -2.54681 4.11530 1.03560 -0.03782 -0.25222 -0.11616 0.95993
1661398704.975146055 -2.54350 4.11890 1.03508 -0.03799 -0.25180 -0.11656 0.95998
1661398704.985146046 -2.54013 4.12247 1.03456 -0.03807 -0.25140 -0.11700 0.96003
1661398704.995146036 -2.53670 4.12602 1.03404 -0.03808 -0.25101 -0.11748 0.96007
1661398705.005146027 -2.53323 4.12956 1.03352 -0.03800 -0.25065 -0.11800 0.96011
1661398705.015146017 -2.52971 4.13309 1.03302 -0.03785 -0.25034 -0.11855 0.96013
1661398705.025146008 -2.52616 4.13661 1.03254 -0.03762 -0.25007 -0.11914 0.96013
1661398705.035145998 -2.52258 4.14014 1.03208 -0.03730 -0.24987 -0.11976 0.96012
1661398705.045145988 -2.51897 4.14366 1.03166 -0.03691 -0.24974 -0.12040 0.96009
1661398705.055145979 -2.51535 4.14720 1.03126 -0.03643 -0.24970 -0.12108 0.96003
1661398705.065145969 -2.51171 4.15073 1.03091 -0.03588 -0.24973 -0.12178 0.95996
1661398705.075146198 -2.50805 4.15427 1.03058 -0.03526 -0.24982 -0.12250 0.95987
1661398705.085145950 -2.50438 4.15781 1.03028 -0.03457 -0.24996 -0.12323 0.95976
1661398705.095146179 -2.50070 4.16134 1.03001 -0.03381 -0.25015 -0.12399 0.95964
1661398705.105145931 -2.49700 4.16486 1.02976 -0.03300 -0.25037 -0.12475 0.95951
1661398705.115146160 -2.49330 4.16837 1.02953 -0.03213 -0.25061 -0.12552 0.95938
1661398705.125145912 -2.48959 4.17187 1.02933 -0.03122 -0.25085 -0.12629 0.95924
1661398705.135146141 -2.48587 4.17536 1.02914 -0.03026 -0.25109 -0.12707 0.95911
1661398705.145145893 -2.48215 4.17882 1.02896 -0.02925 -0.25131 -0.12785 0.95898
1661398705.155146122 -2.47842 4.18226 1.02880 -0.02822 -0.25151 -0.12862 0.95886
1661398705.165145874 -2.47470 4.18568 1.02866 -0.02717 -0.25168 -0.12937 0.95874
1661398705.175146103 -2.47100 4.18908 1.02856 -0.02613 -0.25182 -0.13012 0.95863
1661398705.185145855 -2.46732 4.19246 1.02850 -0.02512 -0.25191 -0.13083 0.95854
1661398705.195146084 -2.46369 4.19583 1.02850 -0.02415 -0.25196 -0.13152 0.95845
1661398705.205146074 -2.46010 4.19919 1.02856 -0.02325 -0.25197 -0.13217 0.95839
1661398705.215146065 -2.45658 4.20254 1.02870 -0.02244 -0.25192 -0.13277 0.95833
1661398705.225146055 -2.45312 4.20588 1.02893 -0.02174 -0.25182 -0.13333 0.95830
1661398705.235146046 -2.44975 4.20922 1.02926 -0.02117 -0.25166 -0.13382 0.95828
1661398705.245146036 -2.44647 4.21255 1.02969 -0.02075 -0.25144 -0.13426 0.95829
1661398705.255146027 -2.44329 4.21588 1.03025 -0.02049 -0.25115 -0.13462 0.95832
1661398705.265146017 -2.44021 4.21921 1.03090 -0.02039 -0.25084 -0.13493 0.95836
1661398705.275146008 -2.43722 4.22255 1.03165 -0.02042 -0.25052 -0.13518 0.95841
1661398705.285145998 -2.43430 4.22589 1.03246 -0.02056 -0.25024 -0.13538 0.95845
1661398705.295145988 -2.43146 4.22924 1.03332 -0.02079 -0.25002 -0.13553 0.95848
1661398705.305145979 -2.42869 4.23260 1.03421 -0.02109 -0.24991 -0.13566 0.95849
1661398705.315145969 -2.42597 4.23597 1.03513 -0.02144 -0.24993 -0.13575 0.95846
1661398705.325145960 -2.42330 4.23935 1.03604 -0.02183 -0.25013 -0.13583 0.95839
1661398705.335146189 -2.42068 4.24275 1.03694 -0.02222 -0.25053 -0.13589 0.95827
1661398705.345145941 -2.41809 4.24617 1.03780 -0.02261 -0.25116 -0.13594 0.95808
1661398705.355146170 -2.41552 4.24961 1.03861 -0.02297 -0.25205 -0.13599 0.95784
1661398705.365145922 -2.41299 4.25305 1.03937 -0.02332 -0.25314 -0.13603 0.95754
1661398705.375146151 -2.41049 4.25647 1.04010 -0.02367 -0.25433 -0.13607 0.95721
1661398705.385145903 -2.40801 4.25985 1.04079 -0.02404 -0.25555 -0.13609 0.95687
1661398705.395146132 -2.40557 4.26318 1.04146 -0.02445 -0.25673 -0.13610 0.95654
1661398705.405145884 -2.40316 4.26643 1.04211 -0.02490 -0.25777 -0.13609 0.95625
1661398705.415146112 -2.40079 4.26958 1.04274 -0.02542 -0.25860 -0.13605 0.95602
1661398705.425145864 -2.39845 4.27262 1.04337 -0.02602 -0.25915 -0.13599 0.95586
1661398705.435146093 -2.39614 4.27552 1.04400 -0.02671 -0.25932 -0.13589 0.95581
1661398705.445145845 -2.39388 4.27828 1.04463 -0.02752 -0.25905 -0.13576 0.95588
1661398705.455146074 -2.39165 4.28087 1.04528 -0.02845 -0.25828 -0.13559 0.95608
1661398705.465146065 -2.38944 4.28337 1.04590 -0.02948 -0.25718 -0.13538 0.95638
1661398705.475146055 -2.38725 4.28584 1.04649 -0.03059 -0.25594 -0.13513 0.95671
1661398705.485146046 -2.38506 4.28836 1.04700 -0.03175 -0.25473 -0.13484 0.95704
1661398705.495146036 -2.38285 4.29100 1.04742 -0.03292 -0.25376 -0.13451 0.95730
1661398705.505146027 -2.38062 4.29383 1.04772 -0.03409 -0.25318 -0.13414 0.95747
1661398705.515146017 -2.37837 4.29687 1.04788 -0.03523 -0.25293 -0.13375 0.95755
1661398705.525146008 -2.37610 4.30013 1.04790 -0.03631 -0.25292 -0.13337 0.95756
1661398705.535145998 -2.37382 4.30361 1.04776 -0.03732 -0.25305 -0.13301 0.95754
1661398705.545145988 -2.37152 4.30734 1.04747 -0.03822 -0.25323 -0.13269 0.95750
1661398705.555145979 -2.36921 4.31131 1.04701 -0.03901 -0.25338 -0.13244 0.95746
1661398705.565145969 -2.36694 4.31546 1.04646 -0.03967 -0.25351 -0.13226 0.95743
1661398705.575146198 -2.36475 4.31971 1.04589 -0.04022 -0.25364 -0.13214 0.95739
1661398705.585145950 -2.36267 4.32400 1.04539 -0.04067 -0.25378 -0.13208 0.95734
1661398705.595146179 -2.36076 4.32824 1.04502 -0.04103 -0.25397 -0.13209 0.95727
1661398705.605145931 -2.35903 4.33239 1.04485 -0.04130 -0.25421 -0.13216 0.95719
1661398705.615146160 -2.35745 4.33645 1.04483 -0.04151 -0.25446 -0.13228 0.95709
1661398705.625145912 -2.35596 4.34044 1.04490 -0.04168 -0.25467 -0.13244 0.95701
1661398705.635146141 -2.35450 4.34438 1.04499 -0.04183 -0.25479 -0.13262 0.95695
1661398705.645145893 -2.35301 4.34830 1.04503 -0.04198 -0.25476 -0.13280 0.95692
1661398705.655146122 -2.35145 4.35222 1.04497 -0.04216 -0.25456 -0.13297 0.95694
1661398705.665145874 -2.34981 4.35614 1.04482 -0.04237 -0.25419 -0.13315 0.95701
1661398705.675146103 -2.34811 4.36007 1.04458 -0.04260 -0.25369 -0.13332 0.95711
1661398705.685145855 -2.34637 4.36400 1.04426 -0.04285 -0.25308 -0.13349 0.95723
1661398705.695146084 -2.34459 4.36795 1.04388 -0.04312 -0.25239 -0.13367 0.95738
1661398705.705146074 -2.34279 4.37190 1.04344 -0.04341 -0.25167 -0.13387 0.95753
1661398705.715146065 -2.34098 4.37586 1.04297 -0.04371 -0.25092 -0.13407 0.95768
1661398705.725146055 -2.33918 4.37984 1.04247 -0.04403 -0.25019 -0.13430 0.95783
1661398705.735146046 -2.33739 4.38384 1.04195 -0.04435 -0.24950 -0.13455 0.95796
1661398705.745146036 -2.33564 4.38785 1.04142 -0.04468 -0.24889 -0.13483 0.95806
1661398705.755146027 -2.33393 4.39188 1.04091 -0.04502 -0.24837 -0.13514 0.95813
1661398705.765146017 -2.33226 4.39595 1.04040 -0.04535 -0.24794 -0.13549 0.95818
1661398705.775146008 -2.33062 4.40006 1.03989 -0.04568 -0.24759 -0.13587 0.95820
1661398705.785145998 -2.32901 4.40423 1.03940 -0.04600 -0.24731 -0.13628 0.95820
1661398705.795145988 -2.32741 4.40847 1.03892 -0.04630 -0.24708 -0.13674 0.95818
1661398705.805145979 -2.32582 4.41278 1.03845 -0.04659 -0.24689 -0.13722 0.95815
1661398705.815145969 -2.32423 4.41720 1.03799 -0.04685 -0.24673 -0.13775 0.95810
1661398705.825145960 -2.32264 4.42171 1.03755 -0.04707 -0.24658 -0.13832 0.95804
1661398705.835146189 -2.32104 4.42635 1.03713 -0.04726 -0.24644 -0.13893 0.95798
1661398705.845145941 -2.31942 4.43112 1.03672 -0.04741 -0.24628 -0.13959 0.95792
1661398705.855146170 -2.31778 4.43602 1.03632 -0.04752 -0.24611 -0.14029 0.95786
1661398705.865145922 -2.31612 4.44106 1.03595 -0.04758 -0.24591 -0.14102 0.95780
1661398705.875146151 -2.31445 4.44622 1.03560 -0.04761 -0.24569 -0.14179 0.95774
1661398705.885145903 -2.31279 4.45149 1.03529 -0.04760 -0.24545 -0.14258 0.95768
1661398705.895146132 -2.31113 4.45686 1.03500 -0.04756 -0.24518 -0.14339 0.95763
1661398705.905145884 -2.30950 4.46233 1.03475 -0.04750 -0.24489 -0.14422 0.95759
1661398705.915146112 -2.30789 4.46787 1.03453 -0.04742 -0.24458 -0.14505 0.95755
1661398705.925145864 -2.30633 4.47348 1.03436 -0.04732 -0.24423 -0.14589 0.95751
1661398705.935146093 -2.30481 4.47916 1.03424 -0.04721 -0.24386 -0.14672 0.95748
1661398705.945145845 -2.30334 4.48488 1.03417 -0.04709 -0.24347 -0.14754 0.95746
1661398705.955146074 -2.30194 4.49064 1.03415 -0.04696 -0.24305 -0.14835 0.95745
1661398705.965146065 -2.30061 4.49644 1.03417 -0.04683 -0.24262 -0.14913 0.95745
1661398705.975146055 -2.29933 4.50228 1.03422 -0.04668 -0.24220 -0.14989 0.95744
1661398705.985146046 -2.29812 4.50815 1.03430 -0.04651 -0.24182 -0.15062 0.95743
1661398705.995146036 -2.29696 4.51406 1.03438 -0.04632 -0.24147 -0.15131 0.95742
1661398706.005146027 -2.29586 4.51999 1.03447 -0.04611 -0.24120 -0.15196 0.95740
1661398706.015146017 -2.29481 4.52596 1.03454 -0.04586 -0.24101 -0.15256 0.95736
1661398706.025146008 -2.29381 4.53195 1.03459 -0.04557 -0.24092 -0.15311 0.95731
1661398706.035145998 -2.29286 4.53797 1.03461 -0.04524 -0.24095 -0.15360 0.95724
1661398706.045145988 -2.29196 4.54402 1.03458 -0.04486 -0.24113 -0.15402 0.95714
1661398706.055145979 -2.29111 4.55009 1.03450 -0.04444 -0.24145 -0.15439 0.95702
1661398706.065145969 -2.29029 4.55619 1.03437 -0.04397 -0.24190 -0.15468 0.95688
1661398706.075146198 -2.28951 4.56231 1.03421 -0.04346 -0.24244 -0.15491 0.95673
1661398706.085145950 -2.28875 4.56845 1.03404 -0.04294 -0.24303 -0.15507 0.95658
1661398706.095146179 -2.28801 4.57462 1.03386 -0.04240 -0.24364 -0.15516 0.95643
1661398706.105145931 -2.28728 4.58082 1.03368 -0.04185 -0.24423 -0.15519 0.95630
1661398706.115146160 -2.28655 4.58704 1.03352 -0.04131 -0.24477 -0.15516 0.95619
1661398706.125145912 -2.28582 4.59329 1.03339 -0.04078 -0.24523 -0.15506 0.95612
1661398706.135146141 -2.28508 4.59956 1.03330 -0.04028 -0.24556 -0.15489 0.95608
1661398706.145145893 -2.28432 4.60586 1.03327 -0.03981 -0.24574 -0.15466 0.95609
1661398706.155146122 -2.28354 4.61218 1.03330 -0.03937 -0.24573 -0.15437 0.95616
1661398706.165145874 -2.28273 4.61852 1.03337 -0.03897 -0.24556 -0.15402 0.95627
1661398706.175146103 -2.28188 4.62487 1.03347 -0.03860 -0.24524 -0.15361 0.95644
1661398706.185145855 -2.28100 4.63122 1.03358 -0.03826 -0.24480 -0.15314 0.95664
1661398706.195146084 -2.28007 4.63755 1.03368 -0.03793 -0.24426 -0.15262 0.95687
1661398706.205146074 -2.27909 4.64387 1.03374 -0.03761 -0.24364 -0.15205 0.95713
1661398706.215146065 -2.27806 4.65016 1.03376 -0.03729 -0.24297 -0.15143 0.95742
1661398706.225146055 -2.27698 4.65641 1.03370 -0.03698 -0.24227 -0.15077 0.95771
1661398706.235146046 -2.27583 4.66261 1.03355 -0.03665 -0.24156 -0.15006 0.95801
1661398706.245146036 -2.27462 4.66875 1.03329 -0.03631 -0.24087 -0.14931 0.95832
1661398706.255146027 -2.27335 4.67483 1.03292 -0.03596 -0.24022 -0.14853 0.95861
1661398706.265146017 -2.27204 4.68086 1.03247 -0.03559 -0.23968 -0.14772 0.95889
1661398706.275146008 -2.27074 4.68683 1.03201 -0.03523 -0.23929 -0.14690 0.95912
1661398706.285145998 -2.26949 4.69278 1.03159 -0.03488 -0.23912 -0.14609 0.95930
1661398706.295145988 -2.26832 4.69870 1.03128 -0.03456 -0.23923 -0.14530 0.95941
1661398706.305145979 -2.26727 4.70461 1.03110 -0.03427 -0.23965 -0.14453 0.95943
1661398706.315145969 -2.26631 4.71049 1.03104 -0.03402 -0.24032 -0.14376 0.95938
1661398706.325145960 -2.26541 4.71634 1.03104 -0.03382 -0.24117 -0.14296 0.95930
1661398706.335146189 -2.26455 4.72215 1.03105 -0.03366 -0.24210 -0.14210 0.95920
1661398706.345145941 -2.26368 4.72790 1.03104 -0.03356 -0.24304 -0.14113 0.95911
1661398706.355146170 -2.26279 4.73359 1.03095 -0.03351 -0.24392 -0.14004 0.95905
1661398706.365145922 -2.26186 4.73922 1.03079 -0.03351 -0.24470 -0.13884 0.95902
1661398706.375146151 -2.26090 4.74479 1.03057 -0.03359 -0.24537 -0.13755 0.95903
1661398706.385145903 -2.25990 4.75028 1.03030 -0.03374 -0.24590 -0.13621 0.95908
1661398706.395146132 -2.25885 4.75572 1.02999 -0.03398 -0.24629 -0.13483 0.95917
1661398706.405145884 -2.25775 4.76108 1.02963 -0.03431 -0.24651 -0.13345 0.95929
1661398706.415146112 -2.25660 4.76637 1.02926 -0.03474 -0.24655 -0.13208 0.95946
1661398706.425145864 -2.25540 4.77160 1.02886 -0.03527 -0.24639 -0.13077 0.95966
1661398706.435146093 -2.25414 4.77675 1.02845 -0.03592 -0.24601 -0.12952 0.95990
1661398706.445145845 -2.25282 4.78183 1.02804 -0.03669 -0.24539 -0.12836 0.96019
1661398706.455146074 -2.25143 4.78684 1.02764 -0.03759 -0.24453 -0.12733 0.96051
1661398706.465146065 -2.24998 4.79178 1.02725 -0.03860 -0.24346 -0.12640 0.96086
1661398706.475146055 -2.24848 4.79665 1.02686 -0.03969 -0.24225 -0.12559 0.96123
1661398706.485146046 -2.24691 4.80146 1.02647 -0.04084 -0.24093 -0.12488 0.96161
1661398706.495146036 -2.24530 4.80621 1.02609 -0.04203 -0.23957 -0.12427 0.96198
1661398706.505146027 -2.24364 4.81090 1.02572 -0.04323 -0.23820 -0.12375 0.96233
1661398706.515146017 -2.24194 4.81553 1.02535 -0.04442 -0.23689 -0.12332 0.96265
1661398706.525146008 -2.24019 4.82012 1.02498 -0.04558 -0.23568 -0.12296 0.96294
1661398706.535145998 -2.23841 4.82466 1.02461 -0.04669 -0.23463 -0.12268 0.96318
1661398706.545145988 -2.23659 4.82915 1.02425 -0.04772 -0.23379 -0.12246 0.96336
1661398706.555145979 -2.23475 4.83360 1.02388 -0.04865 -0.23319 -0.12231 0.96348
1661398706.565145969 -2.23286 4.83802 1.02352 -0.04949 -0.23283 -0.12221 0.96354
1661398706.575146198 -2.23094 4.84241 1.02315 -0.05025 -0.23267 -0.12216 0.96354
1661398706.585145950 -2.22898 4.84677 1.02277 -0.05093 -0.23270 -0.12215 0.96350
1661398706.595146179 -2.22696 4.85112 1.02239 -0.05155 -0.23289 -0.12219 0.96342
1661398706.605145931 -2.22489 4.85545 1.02200 -0.05211 -0.23321 -0.12225 0.96330
1661398706.615146160 -2.22276 4.85978 1.02161 -0.05263 -0.23363 -0.12234 0.96316
1661398706.625145912 -2.22057 4.86411 1.02120 -0.05311 -0.23414 -0.12245 0.96300
1661398706.635146141 -2.21831 4.86845 1.02078 -0.05356 -0.23470 -0.12257 0.96282
1661398706.645145893 -2.21598 4.87280 1.02034 -0.05399 -0.23529 -0.12270 0.96263
1661398706.655146122 -2.21357 4.87717 1.01988 -0.05441 -0.23590 -0.12283 0.96245
1661398706.665145874 -2.21109 4.88155 1.01941 -0.05481 -0.23651 -0.12296 0.96226
1661398706.675146103 -2.20853 4.88596 1.01892 -0.05518 -0.23716 -0.12306 0.96206
1661398706.685145855 -2.20591 4.89039 1.01841 -0.05552 -0.23784 -0.12315 0.96187
1661398706.695146084 -2.20322 4.89484 1.01788 -0.05581 -0.23856 -0.12320 0.96166
1661398706.705146074 -2.20048 4.89932 1.01733 -0.05605 -0.23934 -0.12320 0.96145
1661398706.715146065 -2.19768 4.90383 1.01676 -0.05623 -0.24019 -0.12316 0.96124
1661398706.725146055 -2.19482 4.90836 1.01616 -0.05635 -0.24111 -0.12306 0.96101
1661398706.735146046 -2.19192 4.91292 1.01553 -0.05638 -0.24212 -0.12289 0.96078
1661398706.745146036 -2.18896 4.91751 1.01488 -0.05633 -0.24322 -0.12264 0.96054
1661398706.755146027 -2.18597 4.92213 1.01420 -0.05619 -0.24443 -0.12231 0.96028
1661398706.765146017 -2.18293 4.92678 1.01349 -0.05595 -0.24571 -0.12191 0.96002
1661398706.775146008 -2.17983 4.93146 1.01276 -0.05563 -0.24702 -0.12147 0.95976
1661398706.785145998 -2.17667 4.93617 1.01200 -0.05524 -0.24834 -0.12098 0.95950
1661398706.795145988 -2.17346 4.94090 1.01121 -0.05477 -0.24963 -0.12048 0.95925
1661398706.805145979 -2.17017 4.94566 1.01040 -0.05422 -0.25085 -0.11998 0.95903
1661398706.815145969 -2.16680 4.95044 1.00956 -0.05361 -0.25198 -0.11949 0.95883
1661398706.825145960 -2.16336 4.95524 1.00869 -0.05295 -0.25297 -0.11904 0.95866
1661398706.835146189 -2.15984 4.96006 1.00780 -0.05222 -0.25379 -0.11864 0.95853
1661398706.845145941 -2.15622 4.96490 1.00689 -0.05145 -0.25441 -0.11830 0.95845
1661398706.855146170 -2.15251 4.96975 1.00595 -0.05063 -0.25480 -0.11804 0.95843
1661398706.865145922 -2.14872 4.97462 1.00500 -0.04977 -0.25498 -0.11785 0.95845
1661398706.875146151 -2.14487 4.97949 1.00406 -0.04887 -0.25497 -0.11773 0.95851
1661398706.885145903 -2.14097 4.98435 1.00315 -0.04795 -0.25479 -0.11766 0.95861
1661398706.895146132 -2.13704 4.98921 1.00227 -0.04700 -0.25447 -0.11763 0.95875
1661398706.905145884 -2.13310 4.99406 1.00145 -0.04604 -0.25402 -0.11764 0.95891
1661398706.915146112 -2.12917 4.99888 1.00070 -0.04506 -0.25347 -0.11767 0.95910
1661398706.925145864 -2.12525 5.00368 1.00003 -0.04408 -0.25284 -0.11771 0.95931
1661398706.935146093 -2.12137 5.00845 0.99947 -0.04310 -0.25215 -0.11776 0.95953
1661398706.945145845 -2.11754 5.01318 0.99903 -0.04213 -0.25144 -0.11780 0.95975
1661398706.955146074 -2.11377 5.01787 0.99871 -0.04116 -0.25070 -0.11783 0.95999
1661398706.965146065 -2.11002 5.02255 0.99851 -0.04022 -0.24988 -0.11784 0.96024
1661398706.975146055 -2.10627 5.02726 0.99839 -0.03929 -0.24891 -0.11782 0.96053
1661398706.985146046 -2.10247 5.03203 0.99834 -0.03839 -0.24774 -0.11777 0.96087
1661398706.995146036 -2.09858 5.03689 0.99833 -0.03751 -0.24630 -0.11769 0.96129
1661398707.005146027 -2.09458 5.04186 0.99834 -0.03667 -0.24456 -0.11756 0.96178
1661398707.015146017 -2.09051 5.04691 0.99837 -0.03588 -0.24266 -0.11741 0.96231
1661398707.025146008 -2.08643 5.05196 0.99841 -0.03519 -0.24078 -0.11721 0.96283
1661398707.035145998 -2.08240 5.05698 0.99847 -0.03460 -0.23911 -0.11699 0.96330
1661398707.045145988 -2.07850 5.06189 0.99855 -0.03417 -0.23783 -0.11674 0.96366
1661398707.055145979 -2.07475 5.06666 0.99864 -0.03389 -0.23708 -0.11646 0.96389
1661398707.065145969 -2.07117 5.07129 0.99874 -0.03377 -0.23684 -0.11615 0.96399
1661398707.075146198 -2.06774 5.07581 0.99885 -0.03378 -0.23702 -0.11582 0.96398
1661398707.085145950 -2.06444 5.08024 0.99896 -0.03391 -0.23757 -0.11547 0.96389
1661398707.095146179 -2.06126 5.08459 0.99907 -0.03413 -0.23840 -0.11510 0.96372
1661398707.105145931 -2.05819 5.08889 0.99918 -0.03444 -0.23944 -0.11471 0.96350
1661398707.115146160 -2.05521 5.09316 0.99928 -0.03481 -0.24063 -0.11430 0.96324
1661398707.125145912 -2.05230 5.09742 0.99936 -0.03521 -0.24188 -0.11387 0.96296
1661398707.135146141 -2.04946 5.10170 0.99942 -0.03565 -0.24313 -0.11343 0.96268
1661398707.145145893 -2.04667 5.10602 0.99946 -0.03609 -0.24431 -0.11298 0.96242
1661398707.155146122 -2.04391 5.11038 0.99948 -0.03652 -0.24535 -0.11251 0.96219
1661398707.165145874 -2.04119 5.11480 0.99947 -0.03695 -0.24625 -0.11203 0.96200
1661398707.175146103 -2.03849 5.11926 0.99945 -0.03737 -0.24701 -0.11155 0.96185
1661398707.185145855 -2.03583 5.12377 0.99943 -0.03779 -0.24762 -0.11107 0.96173
1661398707.195146084 -2.03320 5.12832 0.99941 -0.03821 -0.24809 -0.11058 0.96165
1661398707.205146074 -2.03060 5.13290 0.99939 -0.03864 -0.24842 -0.11009 0.96160
1661398707.215146065 -2.02802 5.13751 0.99939 -0.03908 -0.24861 -0.10961 0.96159
1661398707.225146055 -2.02547 5.14215 0.99941 -0.03953 -0.24867 -0.10914 0.96161
1661398707.235146046 -2.02294 5.14680 0.99945 -0.03999 -0.24859 -0.10867 0.96166
1661398707.245146036 -2.02044 5.15148 0.99953 -0.04048 -0.24837 -0.10822 0.96175
1661398707.255146027 -2.01796 5.15616 0.99964 -0.04099 -0.24803 -0.10778 0.96186
1661398707.265146017 -2.01551 5.16086 0.99979 -0.04152 -0.24759 -0.10736 0.96200
1661398707.275146008 -2.01310 5.16556 0.99997 -0.04205 -0.24709 -0.10697 0.96215
1661398707.285145998 -2.01074 5.17027 1.00017 -0.04258 -0.24655 -0.10660 0.96231
1661398707.295145988 -2.00843 5.17498 1.00038 -0.04310 -0.24602 -0.10627 0.96246
1661398707.305145979 -2.00618 5.17969 1.00061 -0.04361 -0.24552 -0.10597 0.96259
1661398707.315145969 -2.00400 5.18440 1.00083 -0.04409 -0.24510 -0.10571 0.96271
1661398707.325145960 -2.00189 5.18911 1.00105 -0.04453 -0.24478 -0.10550 0.96279
1661398707.335146189 -1.99988 5.19381 1.00127 -0.04493 -0.24460 -0.10534 0.96284
1661398707.345145941 -1.99795 5.19850 1.00146 -0.04528 -0.24460 -0.10524 0.96283
1661398707.355146170 -1.99612 5.20318 1.00164 -0.04557 -0.24479 -0.10519 0.96278
1661398707.365145922 -1.99440 5.20786 1.00179 -0.04580 -0.24517 -0.10520 0.96267
1661398707.375146151 -1.99276 5.21255 1.00192 -0.04598 -0.24571 -0.10526 0.96251
1661398707.385145903 -1.99121 5.21726 1.00204 -0.04610 -0.24640 -0.10537 0.96232
1661398707.395146132 -1.98975 5.22199 1.00214 -0.04617 -0.24720 -0.10553 0.96209
1661398707.405145884 -1.98837 5.22677 1.00222 -0.04620 -0.24811 -0.10573 0.96184
1661398707.415146112 -1.98707 5.23158 1.00229 -0.04617 -0.24908 -0.10598 0.96156
1661398707.425145864 -1.98584 5.23646 1.00235 -0.04610 -0.25011 -0.10627 0.96126
1661398707.435146093 -1.98468 5.24140 1.00240 -0.04599 -0.25117 -0.10660 0.96095
1661398707.445145845 -1.98359 5.24641 1.00244 -0.04584 -0.25225 -0.10696 0.96064
1661398707.455146074 -1.98255 5.25151 1.00248 -0.04565 -0.25330 -0.10735 0.96033
1661398707.465146065 -1.98158 5.25669 1.00251 -0.04543 -0.25433 -0.10779 0.96002
1661398707.475146055 -1.98065 5.26195 1.00255 -0.04519 -0.25532 -0.10827 0.95971
1661398707.485146046 -1.97976 5.26728 1.00258 -0.04494 -0.25624 -0.10881 0.95942
1661398707.495146036 -1.97890 5.27268 1.00262 -0.04469 -0.25709 -0.10942 0.95913
1661398707.505146027 -1.97806 5.27815 1.00267 -0.04444 -0.25785 -0.11010 0.95886
1661398707.515146017 -1.97724 5.28368 1.00273 -0.04421 -0.25850 -0.11086 0.95861
1661398707.525146008 -1.97643 5.28928 1.00281 -0.04401 -0.25902 -0.11171 0.95838
1661398707.535145998 -1.97562 5.29492 1.00290 -0.04385 -0.25940 -0.11266 0.95817
1661398707.545145988 -1.97480 5.30063 1.00302 -0.04372 -0.25963 -0.11372 0.95799
1661398707.555145979 -1.97398 5.30638 1.00315 -0.04365 -0.25969 -0.11489 0.95784
1661398707.565145969 -1.97314 5.31217 1.00331 -0.04361 -0.25960 -0.11616 0.95771
1661398707.575146198 -1.97230 5.31801 1.00347 -0.04359 -0.25940 -0.11750 0.95760
1661398707.585145950 -1.97147 5.32389 1.00364 -0.04357 -0.25911 -0.11889 0.95751
1661398707.595146179 -1.97064 5.32981 1.00381 -0.04352 -0.25877 -0.12032 0.95743
1661398707.605145931 -1.96983 5.33576 1.00397 -0.04344 -0.25839 -0.12177 0.95735
1661398707.615146160 -1.96903 5.34175 1.00411 -0.04330 -0.25800 -0.12321 0.95728
1661398707.625145912 -1.96827 5.34776 1.00423 -0.04309 -0.25764 -0.12462 0.95720
1661398707.635146141 -1.96753 5.35380 1.00433 -0.04279 -0.25734 -0.12600 0.95712
1661398707.645145893 -1.96683 5.35986 1.00439 -0.04237 -0.25712 -0.12730 0.95702
1661398707.655146122 -1.96618 5.36594 1.00440 -0.04183 -0.25700 -0.12853 0.95691
1661398707.665145874 -1.96556 5.37204 1.00439 -0.04118 -0.25697 -0.12968 0.95679
1661398707.675146103 -1.96497 5.37818 1.00434 -0.04044 -0.25701 -0.13076 0.95667
1661398707.685145855 -1.96441 5.38436 1.00427 -0.03963 -0.25710 -0.13178 0.95654
1661398707.695146084 -1.96386 5.39058 1.00417 -0.03877 -0.25722 -0.13273 0.95641
1661398707.705146074 -1.96334 5.39686 1.00406 -0.03788 -0.25735 -0.13364 0.95628
1661398707.715146065 -1.96282 5.40320 1.00394 -0.03698 -0.25747 -0.13450 0.95617
1661398707.725146055 -1.96231 5.40960 1.00382 -0.03609 -0.25755 -0.13532 0.95606
1661398707.735146046 -1.96180 5.41607 1.00369 -0.03522 -0.25759 -0.13611 0.95597
1661398707.745146036 -1.96128 5.42263 1.00357 -0.03441 -0.25756 -0.13687 0.95590
1661398707.755146027 -1.96074 5.42926 1.00347 -0.03366 -0.25744 -0.13762 0.95585
1661398707.765146017 -1.96020 5.43597 1.00337 -0.03297 -0.25721 -0.13833 0.95584
1661398707.775146008 -1.95964 5.44275 1.00328 -0.03234 -0.25687 -0.13901 0.95585
1661398707.785145998 -1.95906 5.44957 1.00320 -0.03176 -0.25640 -0.13965 0.95590
1661398707.795145988 -1.95845 5.45642 1.00314 -0.03123 -0.25580 -0.14024 0.95599
1661398707.805145979 -1.95783 5.46330 1.00308 -0.03074 -0.25504 -0.14077 0.95613
1661398707.815145969 -1.95718 5.47019 1.00303 -0.03029 -0.25412 -0.14123 0.95633
1661398707.825145960 -1.95651 5.47709 1.00299 -0.02987 -0.25303 -0.14162 0.95657
1661398707.835146189 -1.95581 5.48396 1.00296 -0.02947 -0.25175 -0.14193 0.95687
1661398707.845145941 -1.95508 5.49081 1.00294 -0.02909 -0.25027 -0.14214 0.95724
1661398707.855146170 -1.95431 5.49763 1.00293 -0.02872 -0.24859 -0.14227 0.95767
1661398707.865145922 -1.95352 5.50440 1.00292 -0.02836 -0.24676 -0.14231 0.95815
1661398707.875146151 -1.95270 5.51113 1.00291 -0.02800 -0.24483 -0.14228 0.95866
1661398707.885145903 -1.95186 5.51781 1.00289 -0.02762 -0.24286 -0.14220 0.95918
1661398707.895146132 -1.95100 5.52445 1.00285 -0.02722 -0.24090 -0.14209 0.95971
1661398707.905145884 -1.95013 5.53103 1.00280 -0.02679 -0.23901 -0.14196 0.96021
1661398707.915146112 -1.94924 5.53755 1.00272 -0.02632 -0.23726 -0.14182 0.96068
1661398707.925145864 -1.94835 5.54402 1.00262 -0.02580 -0.23569 -0.14170 0.96110
1661398707.935146093 -1.94744 5.55042 1.00248 -0.02522 -0.23436 -0.14161 0.96145
1661398707.945145845 -1.94654 5.55676 1.00230 -0.02458 -0.23333 -0.14156 0.96172
1661398707.955146074 -1.94563 5.56304 1.00207 -0.02386 -0.23264 -0.14157 0.96191
1661398707.965146065 -1.94472 5.56925 1.00181 -0.02308 -0.23226 -0.14164 0.96201
1661398707.975146055 -1.94379 5.57540 1.00151 -0.02225 -0.23211 -0.14175 0.96205
1661398707.985146046 -1.94283 5.58149 1.00117 -0.02137 -0.23216 -0.14191 0.96203
1661398707.995146036 -1.94184 5.58752 1.00081 -0.02047 -0.23234 -0.14209 0.96198
1661398708.005146027 -1.94080 5.59350 1.00043 -0.01955 -0.23260 -0.14231 0.96190
1661398708.015146017 -1.93970 5.59943 1.00003 -0.01861 -0.23288 -0.14255 0.96182
1661398708.025146008 -1.93855 5.60530 0.99962 -0.01769 -0.23313 -0.14280 0.96174
1661398708.035145998 -1.93732 5.61113 0.99920 -0.01678 -0.23329 -0.14306 0.96168
1661398708.045145988 -1.93601 5.61692 0.99877 -0.01589 -0.23329 -0.14332 0.96166
1661398708.055145979 -1.93461 5.62266 0.99835 -0.01505 -0.23311 -0.14357 0.96168
1661398708.065145969 -1.93311 5.62837 0.99793 -0.01425 -0.23275 -0.14381 0.96174
1661398708.075146198 -1.93153 5.63403 0.99751 -0.01352 -0.23224 -0.14405 0.96184
1661398708.085145950 -1.92985 5.63965 0.99712 -0.01285 -0.23159 -0.14428 0.96197
1661398708.095146179 -1.92808 5.64524 0.99674 -0.01228 -0.23084 -0.14450 0.96212
1661398708.105145931 -1.92622 5.65079 0.99638 -0.01179 -0.23000 -0.14470 0.96230
1661398708.115146160 -1.92427 5.65631 0.99605 -0.01142 -0.22910 -0.14490 0.96249
1661398708.125145912 -1.92222 5.66178 0.99575 -0.01116 -0.22817 -0.14508 0.96269
1661398708.135146141 -1.92008 5.66723 0.99548 -0.01103 -0.22722 -0.14525 0.96289
1661398708.145145893 -1.91784 5.67264 0.99525 -0.01104 -0.22628 -0.14540 0.96309
1661398708.155146122 -1.91551 5.67802 0.99507 -0.01119 -0.22537 -0.14553 0.96328
1661398708.165145874 -1.91310 5.68337 0.99492 -0.01148 -0.22452 -0.14565 0.96345
1661398708.175146103 -1.91062 5.68870 0.99480 -0.01187 -0.22373 -0.14576 0.96362
1661398708.185145855 -1.90807 5.69400 0.99470 -0.01234 -0.22303 -0.14587 0.96376
1661398708.195146084 -1.90547 5.69927 0.99462 -0.01287 -0.22242 -0.14597 0.96388
1661398708.205146074 -1.90282 5.70452 0.99455 -0.01344 -0.22193 -0.14606 0.96397
1661398708.215146065 -1.90014 5.70975 0.99448 -0.01401 -0.22157 -0.14617 0.96403
1661398708.225146055 -1.89744 5.71497 0.99442 -0.01458 -0.22136 -0.14627 0.96405
1661398708.235146046 -1.89473 5.72017 0.99434 -0.01512 -0.22131 -0.14639 0.96403
1661398708.245146036 -1.89202 5.72535 0.99424 -0.01560 -0.22144 -0.14652 0.96398
1661398708.255146027 -1.88931 5.73053 0.99412 -0.01600 -0.22176 -0.14666 0.96388
1661398708.265146017 -1.88659 5.73569 0.99398 -0.01634 -0.22225 -0.14682 0.96373
1661398708.275146008 -1.88387 5.74083 0.99382 -0.01663 -0.22288 -0.14699 0.96356
1661398708.285145998 -1.88112 5.74596 0.99363 -0.01689 -0.22361 -0.14717 0.96335
1661398708.295145988 -1.87834 5.75106 0.99341 -0.01712 -0.22443 -0.14737 0.96313
1661398708.305145979 -1.87552 5.75614 0.99318 -0.01735 -0.22530 -0.14758 0.96289
1661398708.315145969 -1.87264 5.76120 0.99292 -0.01758 -0.22619 -0.14781 0.96264
1661398708.325145960 -1.86970 5.76622 0.99263 -0.01784 -0.22708 -0.14804 0.96239
1661398708.335146189 -1.86669 5.77122 0.99233 -0.01814 -0.22793 -0.14829 0.96215
1661398708.345145941 -1.86359 5.77619 0.99199 -0.01849 -0.22872 -0.14855 0.96191
1661398708.355146170 -1.86040 5.78111 0.99164 -0.01891 -0.22943 -0.14881 0.96170
1661398708.365145922 -1.85713 5.78601 0.99126 -0.01937 -0.23006 -0.14909 0.96149
1661398708.375146151 -1.85380 5.79088 0.99088 -0.01987 -0.23061 -0.14937 0.96131
1661398708.385145903 -1.85040 5.79571 0.99050 -0.02038 -0.23111 -0.14965 0.96113
1661398708.395146132 -1.84696 5.80052 0.99012 -0.02089 -0.23157 -0.14992 0.96097
1661398708.405145884 -1.84349 5.80530 0.98976 -0.02139 -0.23199 -0.15018 0.96082
1661398708.415146112 -1.84000 5.81005 0.98941 -0.02184 -0.23239 -0.15043 0.96067
1661398708.425145864 -1.83650 5.81479 0.98910 -0.02224 -0.23278 -0.15067 0.96053
1661398708.435146093 -1.83301 5.81950 0.98883 -0.02257 -0.23317 -0.15089 0.96039
1661398708.445145845 -1.82954 5.82419 0.98860 -0.02282 -0.23357 -0.15108 0.96026
1661398708.455146074 -1.82609 5.82886 0.98842 -0.02296 -0.23399 -0.15124 0.96013
1661398708.465146065 -1.82267 5.83351 0.98828 -0.02299 -0.23443 -0.15139 0.96000
1661398708.475146055 -1.81926 5.83815 0.98819 -0.02293 -0.23490 -0.15152 0.95987
1661398708.485146046 -1.81587 5.84276 0.98814 -0.02276 -0.23538 -0.15164 0.95973
1661398708.495146036 -1.81248 5.84735 0.98812 -0.02249 -0.23587 -0.15175 0.95960
1661398708.505146027 -1.80910 5.85192 0.98812 -0.02213 -0.23638 -0.15188 0.95946
1661398708.515146017 -1.80570 5.85646 0.98815 -0.02167 -0.23689 -0.15201 0.95933
1661398708.525146008 -1.80230 5.86098 0.98819 -0.02111 -0.23742 -0.15216 0.95918
1661398708.535145998 -1.79888 5.86548 0.98824 -0.02046 -0.23795 -0.15233 0.95904
1661398708.545145988 -1.79543 5.86995 0.98830 -0.01972 -0.23849 -0.15253 0.95889
1661398708.555145979 -1.79196 5.87439 0.98836 -0.01890 -0.23902 -0.15276 0.95874
1661398708.565145969 -1.78847 5.87880 0.98842 -0.01800 -0.23955 -0.15302 0.95858
1661398708.575146198 -1.78497 5.88316 0.98851 -0.01707 -0.24006 -0.15329 0.95843
1661398708.585145950 -1.78146 5.88748 0.98863 -0.01612 -0.24054 -0.15358 0.95828
1661398708.595146179 -1.77797 5.89174 0.98878 -0.01517 -0.24099 -0.15387 0.95813
1661398708.605145931 -1.77448 5.89593 0.98899 -0.01426 -0.24140 -0.15415 0.95800
1661398708.615146160 -1.77103 5.90006 0.98924 -0.01339 -0.24175 -0.15442 0.95788
1661398708.625145912 -1.76761 5.90410 0.98957 -0.01261 -0.24203 -0.15466 0.95778
1661398708.635146141 -1.76423 5.90806 0.98997 -0.01193 -0.24224 -0.15488 0.95770
1661398708.645145893 -1.76091 5.91193 0.99046 -0.01138 -0.24238 -0.15505 0.95764
1661398708.655146122 -1.75765 5.91571 0.99103 -0.01097 -0.24242 -0.15518 0.95762
1661398708.665145874 -1.75444 5.91939 0.99168 -0.01070 -0.24239 -0.15526 0.95761
1661398708.675146103 -1.75127 5.92300 0.99239 -0.01055 -0.24231 -0.15530 0.95763
1661398708.685145855 -1.74814 5.92655 0.99313 -0.01051 -0.24218 -0.15529 0.95767
1661398708.695146084 -1.74502 5.93005 0.99389 -0.01057 -0.24203 -0.15525 0.95771
1661398708.705146074 -1.74192 5.93352 0.99464 -0.01072 -0.24187 -0.15516 0.95776
1661398708.715146065 -1.73882 5.93696 0.99537 -0.01093 -0.24172 -0.15504 0.95782
1661398708.725146055 -1.73572 5.94040 0.99606 -0.01120 -0.24159 -0.15488 0.95787
1661398708.735146046 -1.73259 5.94383 0.99669 -0.01152 -0.24151 -0.15469 0.95792
1661398708.745146036 -1.72944 5.94729 0.99724 -0.01187 -0.24148 -0.15447 0.95796
1661398708.755146027 -1.72625 5.95076 0.99769 -0.01224 -0.24153 -0.15422 0.95798
1661398708.765146017 -1.72303 5.95426 0.99805 -0.01262 -0.24163 -0.15395 0.95800
1661398708.775146008 -1.71979 5.95778 0.99834 -0.01303 -0.24175 -0.15367 0.95800
1661398708.785145998 -1.71653 5.96130 0.99857 -0.01347 -0.24188 -0.15339 0.95801
1661398708.795145988 -1.71327 5.96483 0.99875 -0.01393 -0.24198 -0.15311 0.95802
1661398708.805145979 -1.71002 5.96835 0.99890 -0.01441 -0.24205 -0.15285 0.95804
1661398708.815145969 -1.70677 5.97186 0.99903 -0.01493 -0.24204 -0.15262 0.95807
1661398708.825145960 -1.70354 5.97535 0.99915 -0.01548 -0.24194 -0.15242 0.95812
1661398708.835146189 -1.70035 5.97882 0.99928 -0.01607 -0.24173 -0.15227 0.95819
1661398708.845145941 -1.69719 5.98226 0.99943 -0.01670 -0.24138 -0.15217 0.95828
1661398708.855146170 -1.69407 5.98566 0.99961 -0.01736 -0.24087 -0.15213 0.95840
1661398708.865145922 -1.69100 5.98902 0.99981 -0.01805 -0.24023 -0.15214 0.95855
1661398708.875146151 -1.68798 5.99235 1.00004 -0.01877 -0.23949 -0.15220 0.95871
1661398708.885145903 -1.68500 5.99566 1.00029 -0.01949 -0.23868 -0.15229 0.95888
1661398708.895146132 -1.68208 5.99893 1.00054 -0.02022 -0.23784 -0.15241 0.95906
1661398708.905145884 -1.67921 6.00218 1.00081 -0.02093 -0.23700 -0.15255 0.95923
1661398708.915146112 -1.67639 6.00541 1.00107 -0.02163 -0.23619 -0.15269 0.95939
1661398708.925145864 -1.67362 6.00862 1.00132 -0.02229 -0.23544 -0.15283 0.95954
1661398708.935146093 -1.67092 6.01181 1.00157 -0.02292 -0.23478 -0.15296 0.95966
1661398708.945145845 -1.66827 6.01499 1.00180 -0.02350 -0.23426 -0.15308 0.95976
1661398708.955146074 -1.66567 6.01816 1.00200 -0.02403 -0.23388 -0.15316 0.95982
1661398708.965146065 -1.66313 6.02132 1.00219 -0.02451 -0.23365 -0.15323 0.95986
1661398708.975146055 -1.66064 6.02448 1.00235 -0.02494 -0.23355 -0.15329 0.95986
1661398708.985146046 -1.65819 6.02764 1.00249 -0.02535 -0.23355 -0.15335 0.95984
1661398708.995146036 -1.65577 6.03081 1.00261 -0.02574 -0.23365 -0.15343 0.95979
1661398709.005146027 -1.65338 6.03399 1.00271 -0.02612 -0.23382 -0.15353 0.95973
1661398709.015146017 -1.65102 6.03719 1.00279 -0.02650 -0.23404 -0.15366 0.95964
1661398709.025146008 -1.64867 6.04041 1.00286 -0.02689 -0.23431 -0.15384 0.95954
1661398709.035145998 -1.64632 6.04366 1.00290 -0.02729 -0.23459 -0.15408 0.95942
1661398709.045145988 -1.64399 6.04694 1.00293 -0.02773 -0.23489 -0.15438 0.95929
1661398709.055145979 -1.64165 6.05025 1.00294 -0.02820 -0.23517 -0.15475 0.95914
1661398709.065145969 -1.63931 6.05360 1.00293 -0.02871 -0.23543 -0.15518 0.95899
1661398709.075146198 -1.63698 6.05700 1.00290 -0.02925 -0.23567 -0.15567 0.95884
1661398709.085145950 -1.63464 6.06043 1.00286 -0.02983 -0.23590 -0.15620 0.95868
1661398709.095146179 -1.63230 6.06392 1.00279 -0.03044 -0.23609 -0.15677 0.95852
1661398709.105145931 -1.62997 6.06745 1.00270 -0.03108 -0.23626 -0.15735 0.95836
1661398709.115146160 -1.62765 6.07104 1.00259 -0.03175 -0.23640 -0.15794 0.95821
1661398709.125145912 -1.62533 6.07468 1.00245 -0.03246 -0.23650 -0.15852 0.95806
1661398709.135146141 -1.62302 6.07839 1.00228 -0.03319 -0.23656 -0.15909 0.95793
1661398709.145145893 -1.62071 6.08215 1.00210 -0.03395 -0.23658 -0.15964 0.95781
1661398709.155146122 -1.61841 6.08597 1.00188 -0.03473 -0.23656 -0.16015 0.95770
1661398709.165145874 -1.61613 6.08986 1.00165 -0.03552 -0.23650 -0.16063 0.95760
1661398709.175146103 -1.61385 6.09380 1.00141 -0.03630 -0.23641 -0.16109 0.95752
1661398709.185145855 -1.61157 6.09779 1.00118 -0.03704 -0.23628 -0.16154 0.95745
1661398709.195146084 -1.60931 6.10183 1.00097 -0.03772 -0.23613 -0.16198 0.95738
1661398709.205146074 -1.60704 6.10591 1.00078 -0.03833 -0.23597 -0.16242 0.95732
1661398709.215146065 -1.60478 6.11002 1.00064 -0.03885 -0.23579 -0.16288 0.95727
1661398709.225146055 -1.60253 6.11417 1.00054 -0.03924 -0.23560 -0.16336 0.95722
1661398709.235146046 -1.60028 6.11835 1.00050 -0.03950 -0.23541 -0.16387 0.95717
1661398709.245146036 -1.59802 6.12255 1.00054 -0.03960 -0.23523 -0.16441 0.95712
1661398709.255146027 -1.59577 6.12677 1.00065 -0.03953 -0.23504 -0.16500 0.95706
1661398709.265146017 -1.59352 6.13101 1.00084 -0.03929 -0.23487 -0.16563 0.95701
1661398709.275146008 -1.59128 6.13528 1.00110 -0.03892 -0.23469 -0.16630 0.95695
1661398709.285145998 -1.58903 6.13958 1.00141 -0.03841 -0.23452 -0.16702 0.95688
1661398709.295145988 -1.58680 6.14392 1.00178 -0.03780 -0.23434 -0.16779 0.95682
1661398709.305145979 -1.58456 6.14829 1.00218 -0.03710 -0.23416 -0.16860 0.95675
1661398709.315145969 -1.58234 6.15271 1.00263 -0.03632 -0.23396 -0.16945 0.95668
1661398709.325145960 -1.58012 6.15718 1.00309 -0.03549 -0.23376 -0.17035 0.95660
1661398709.335146189 -1.57790 6.16170 1.00358 -0.03461 -0.23354 -0.17129 0.95651
1661398709.345145941 -1.57570 6.16628 1.00407 -0.03372 -0.23330 -0.17228 0.95643
1661398709.355146170 -1.57351 6.17091 1.00457 -0.03282 -0.23304 -0.17331 0.95633
1661398709.365145922 -1.57134 6.17559 1.00508 -0.03192 -0.23276 -0.17438 0.95624
1661398709.375146151 -1.56918 6.18032 1.00560 -0.03102 -0.23246 -0.17546 0.95614
1661398709.385145903 -1.56704 6.18509 1.00613 -0.03014 -0.23213 -0.17656 0.95605
1661398709.395146132 -1.56493 6.18988 1.00669 -0.02928 -0.23178 -0.17766 0.95596
1661398709.405145884 -1.56286 6.19469 1.00726 -0.02843 -0.23140 -0.17874 0.95588
1661398709.415146112 -1.56081 6.19951 1.00788 -0.02761 -0.23098 -0.17980 0.95580
1661398709.425145864 -1.55881 6.20433 1.00852 -0.02683 -0.23054 -0.18083 0.95574
1661398709.435146093 -1.55685 6.20915 1.00921 -0.02608 -0.23006 -0.18180 0.95569
1661398709.445145845 -1.55494 6.21395 1.00994 -0.02538 -0.22955 -0.18273 0.95565
1661398709.455146074 -1.55308 6.21873 1.01071 -0.02472 -0.22900 -0.18358 0.95564
1661398709.465146065 -1.55125 6.22351 1.01153 -0.02410 -0.22843 -0.18437 0.95564
1661398709.475146055 -1.54946 6.22829 1.01237 -0.02351 -0.22783 -0.18511 0.95565
1661398709.485146046 -1.54768 6.23308 1.01324 -0.02295 -0.22722 -0.18580 0.95568
1661398709.495146036 -1.54591 6.23790 1.01411 -0.02241 -0.22660 -0.18645 0.95571
1661398709.505146027 -1.54413 6.24277 1.01498 -0.02188 -0.22599 -0.18706 0.95575
1661398709.515146017 -1.54233 6.24768 1.01584 -0.02135 -0.22538 -0.18765 0.95579
1661398709.525146008 -1.54050 6.25266 1.01667 -0.02081 -0.22479 -0.18821 0.95583
1661398709.535145998 -1.53863 6.25773 1.01748 -0.02027 -0.22423 -0.18876 0.95587
1661398709.545145988 -1.53670 6.26288 1.01824 -0.01970 -0.22370 -0.18931 0.95589
1661398709.555145979 -1.53471 6.26813 1.01895 -0.01911 -0.22320 -0.18985 0.95591
1661398709.565145969 -1.53267 6.27347 1.01962 -0.01850 -0.22274 -0.19039 0.95593
1661398709.575146198 -1.53059 6.27888 1.02025 -0.01786 -0.22230 -0.19092 0.95594
1661398709.585145950 -1.52849 6.28435 1.02085 -0.01721 -0.22188 -0.19144 0.95594
1661398709.595146179 -1.52637 6.28987 1.02143 -0.01655 -0.22147 -0.19194 0.95595
1661398709.605145931 -1.52426 6.29541 1.02200 -0.01588 -0.22106 -0.19241 0.95596
1661398709.615146160 -1.52216 6.30097 1.02256 -0.01520 -0.22064 -0.19286 0.95598
1661398709.625145912 -1.52008 6.30652 1.02313 -0.01452 -0.22021 -0.19327 0.95600
1661398709.635146141 -1.51805 6.31206 1.02372 -0.01384 -0.21977 -0.19365 0.95604
1661398709.645145893 -1.51607 6.31756 1.02432 -0.01317 -0.21929 -0.19399 0.95609
1661398709.655146122 -1.51416 6.32302 1.02495 -0.01250 -0.21878 -0.19428 0.95616
1661398709.665145874 -1.51230 6.32843 1.02560 -0.01185 -0.21824 -0.19453 0.95624
1661398709.675146103 -1.51048 6.33380 1.02625 -0.01120 -0.21768 -0.19474 0.95633
1661398709.685145855 -1.50868 6.33914 1.02690 -0.01057 -0.21710 -0.19493 0.95643
1661398709.695146084 -1.50689 6.34443 1.02754 -0.00995 -0.21650 -0.19509 0.95654
1661398709.705146074 -1.50509 6.34969 1.02814 -0.00934 -0.21589 -0.19522 0.95666
1661398709.715146065 -1.50326 6.35492 1.02871 -0.00874 -0.21529 -0.19535 0.95677
1661398709.725146055 -1.50140 6.36012 1.02922 -0.00815 -0.21468 -0.19546 0.95689
1661398709.735146046 -1.49949 6.36529 1.02967 -0.00758 -0.21409 -0.19557 0.95701
1661398709.745146036 -1.49751 6.37044 1.03005 -0.00702 -0.21351 -0.19569 0.95712
1661398709.755146027 -1.49545 6.37557 1.03035 -0.00648 -0.21295 -0.19580 0.95722
1661398709.765146017 -1.49332 6.38067 1.03057 -0.00596 -0.21241 -0.19591 0.95732
1661398709.775146008 -1.49113 6.38575 1.03073 -0.00546 -0.21191 -0.19601 0.95742
1661398709.785145998 -1.48889 6.39080 1.03082 -0.00500 -0.21145 -0.19608 0.95751
1661398709.795145988 -1.48660 6.39583 1.03087 -0.00457 -0.21103 -0.19612 0.95759
1661398709.805145979 -1.48429 6.40082 1.03088 -0.00418 -0.21067 -0.19611 0.95768
1661398709.815145969 -1.48195 6.40579 1.03086 -0.00383 -0.21037 -0.19604 0.95776
1661398709.825145960 -1.47961 6.41072 1.03082 -0.00354 -0.21014 -0.19590 0.95784
1661398709.835146189 -1.47727 6.41561 1.03076 -0.00330 -0.20997 -0.19569 0.95792
1661398709.845145941 -1.47495 6.42047 1.03071 -0.00312 -0.20990 -0.19538 0.95800
1661398709.855146170 -1.47264 6.42528 1.03066 -0.00301 -0.20990 -0.19498 0.95808
1661398709.865145922 -1.47036 6.43006 1.03061 -0.00297 -0.20997 -0.19450 0.95816
1661398709.875146151 -1.46808 6.43478 1.03058 -0.00301 -0.21011 -0.19394 0.95825
1661398709.885145903 -1.46582 6.43944 1.03055 -0.00311 -0.21028 -0.19332 0.95833
1661398709.895146132 -1.46356 6.44404 1.03054 -0.00330 -0.21047 -0.19266 0.95842
1661398709.905145884 -1.46129 6.44857 1.03053 -0.00357 -0.21068 -0.19196 0.95852
1661398709.915146112 -1.45902 6.45302 1.03054 -0.00392 -0.21088 -0.19125 0.95861
1661398709.925145864 -1.45674 6.45740 1.03057 -0.00436 -0.21105 -0.19053 0.95872
1661398709.935146093 -1.45444 6.46168 1.03061 -0.00488 -0.21119 -0.18982 0.95882
1661398709.945145845 -1.45211 6.46587 1.03067 -0.00550 -0.21127 -0.18914 0.95894
1661398709.955146074 -1.44976 6.46996 1.03074 -0.00622 -0.21128 -0.18849 0.95906
1661398709.965146065 -1.44738 6.47394 1.03082 -0.00701 -0.21124 -0.18788 0.95918
1661398709.975146055 -1.44496 6.47783 1.03091 -0.00785 -0.21115 -0.18731 0.95931
1661398709.985146046 -1.44249 6.48162 1.03099 -0.00873 -0.21103 -0.18679 0.95943
1661398709.995146036 -1.43998 6.48531 1.03106 -0.00962 -0.21089 -0.18631 0.95954
1661398710.005146027 -1.43742 6.48890 1.03111 -0.01050 -0.21073 -0.18589 0.95965
1661398710.015146017 -1.43479 6.49240 1.03114 -0.01136 -0.21057 -0.18552 0.95975
1661398710.025146008 -1.43211 6.49579 1.03113 -0.01217 -0.21043 -0.18520 0.95983
1661398710.035145998 -1.42936 6.49909 1.03108 -0.01291 -0.21031 -0.18494 0.95990
1661398710.045145988 -1.42654 6.50230 1.03098 -0.01357 -0.21022 -0.18475 0.95994
1661398710.055145979 -1.42364 6.50540 1.03083 -0.01412 -0.21018 -0.18461 0.95997
1661398710.065145969 -1.42068 6.50843 1.03064 -0.01458 -0.21020 -0.18453 0.95997
1661398710.075146198 -1.41765 6.51138 1.03041 -0.01497 -0.21029 -0.18450 0.95996
1661398710.085145950 -1.41457 6.51427 1.03015 -0.01530 -0.21044 -0.18449 0.95992
1661398710.095146179 -1.41145 6.51711 1.02989 -0.01560 -0.21068 -0.18451 0.95986
1661398710.105145931 -1.40829 6.51990 1.02961 -0.01588 -0.21100 -0.18453 0.95978
1661398710.115146160 -1.40511 6.52267 1.02935 -0.01616 -0.21142 -0.18456 0.95968
1661398710.125145912 -1.40190 6.52543 1.02910 -0.01646 -0.21194 -0.18458 0.95955
1661398710.135146141 -1.39869 6.52817 1.02888 -0.01679 -0.21257 -0.18457 0.95941
1661398710.145145893 -1.39547 6.53092 1.02869 -0.01719 -0.21332 -0.18454 0.95924
1661398710.155146122 -1.39226 6.53369 1.02855 -0.01765 -0.21419 -0.18446 0.95905
1661398710.165145874 -1.38903 6.53647 1.02845 -0.01816 -0.21517 -0.18435 0.95885
1661398710.175146103 -1.38578 6.53926 1.02837 -0.01872 -0.21623 -0.18421 0.95862
1661398710.185145855 -1.38250 6.54206 1.02830 -0.01929 -0.21735 -0.18406 0.95839
1661398710.195146084 -1.37915 6.54487 1.02824 -0.01987 -0.21851 -0.18389 0.95815
1661398710.205146074 -1.37574 6.54769 1.02816 -0.02043 -0.21968 -0.18373 0.95790
1661398710.215146065 -1.37225 6.55052 1.02807 -0.02096 -0.22085 -0.18357 0.95765
1661398710.225146055 -1.36865 6.55335 1.02794 -0.02144 -0.22199 -0.18344 0.95740
1661398710.235146046 -1.36494 6.55618 1.02776 -0.02186 -0.22308 -0.18333 0.95716
1661398710.245146036 -1.36110 6.55902 1.02753 -0.02219 -0.22410 -0.18325 0.95693
1661398710.255146027 -1.35713 6.56185 1.02723 -0.02241 -0.22503 -0.18322 0.95671
1661398710.265146017 -1.35303 6.56468 1.02689 -0.02254 -0.22588 -0.18322 0.95650
1661398710.275146008 -1.34882 6.56751 1.02650 -0.02257 -0.22665 -0.18326 0.95631
1661398710.285145998 -1.34452 6.57032 1.02608 -0.02249 -0.22735 -0.18332 0.95614
1661398710.295145988 -1.34016 6.57312 1.02566 -0.02232 -0.22800 -0.18341 0.95597
1661398710.305145979 -1.33574 6.57591 1.02524 -0.02206 -0.22860 -0.18352 0.95581
1661398710.315145969 -1.33130 6.57868 1.02484 -0.02169 -0.22916 -0.18364 0.95566
1661398710.325145960 -1.32685 6.58143 1.02448 -0.02124 -0.22968 -0.18376 0.95552
1661398710.335146189 -1.32240 6.58416 1.02416 -0.02069 -0.23019 -0.18389 0.95539
1661398710.345145941 -1.31799 6.58686 1.02390 -0.02005 -0.23069 -0.18401 0.95526
1661398710.355146170 -1.31361 6.58953 1.02372 -0.01932 -0.23118 -0.18413 0.95513
1661398710.365145922 -1.30928 6.59216 1.02361 -0.01855 -0.23167 -0.18423 0.95501
1661398710.375146151 -1.30500 6.59476 1.02356 -0.01775 -0.23215 -0.18433 0.95489
1661398710.385145903 -1.30077 6.59732 1.02357 -0.01697 -0.23264 -0.18441 0.95477
1661398710.395146132 -1.29659 6.59982 1.02362 -0.01624 -0.23312 -0.18449 0.95465
1661398710.405145884 -1.29246 6.60228 1.02372 -0.01559 -0.23360 -0.18455 0.95453
1661398710.415146112 -1.28837 6.60468 1.02385 -0.01508 -0.23409 -0.18460 0.95441
1661398710.425145864 -1.28434 6.60701 1.02401 -0.01471 -0.23457 -0.18465 0.95429
1661398710.435146093 -1.28037 6.60928 1.02418 -0.01455 -0.23506 -0.18468 0.95416
1661398710.445145845 -1.27644 6.61148 1.02437 -0.01461 -0.23555 -0.18471 0.95404
1661398710.455146074 -1.27257 6.61361 1.02457 -0.01493 -0.23604 -0.18473 0.95391
1661398710.465146065 -1.26875 6.61568 1.02478 -0.01548 -0.23653 -0.18473 0.95378
1661398710.475146055 -1.26497 6.61771 1.02499 -0.01622 -0.23701 -0.18474 0.95364
1661398710.485146046 -1.26123 6.61971 1.02522 -0.01713 -0.23749 -0.18474 0.95351
1661398710.495146036 -1.25753 6.62169 1.02546 -0.01817 -0.23795 -0.18475 0.95337
1661398710.505146027 -1.25387 6.62369 1.02572 -0.01930 -0.23839 -0.18476 0.95324
1661398710.515146017 -1.25023 6.62570 1.02599 -0.02049 -0.23881 -0.18479 0.95310
1661398710.525146008 -1.24661 6.62774 1.02629 -0.02171 -0.23920 -0.18482 0.95297
1661398710.535145998 -1.24302 6.62984 1.02661 -0.02292 -0.23956 -0.18487 0.95284
1661398710.545145988 -1.23944 6.63201 1.02695 -0.02409 -0.23989 -0.18494 0.95272
1661398710.555145979 -1.23587 6.63426 1.02731 -0.02518 -0.24018 -0.18503 0.95260
1661398710.565145969 -1.23232 6.63657 1.02770 -0.02620 -0.24041 -0.18514 0.95249
1661398710.575146198 -1.22879 6.63893 1.02810 -0.02715 -0.24059 -0.18525 0.95240
1661398710.585145950 -1.22530 6.64133 1.02851 -0.02802 -0.24070 -0.18536 0.95232
1661398710.595146179 -1.22184 6.64375 1.02891 -0.02882 -0.24073 -0.18546 0.95227
1661398710.605145931 -1.21843 6.64617 1.02931 -0.02954 -0.24068 -0.18554 0.95225
1661398710.615146160 -1.21507 6.64858 1.02970 -0.03020 -0.24053 -0.18559 0.95226
1661398710.625145912 -1.21176 6.65096 1.03006 -0.03078 -0.24027 -0.18561 0.95230
1661398710.635146141 -1.20853 6.65329 1.03040 -0.03129 -0.23990 -0.18558 0.95238
1661398710.645145893 -1.20536 6.65556 1.03071 -0.03173 -0.23940 -0.18551 0.95251
1661398710.655146122 -1.20227 6.65775 1.03098 -0.03210 -0.23878 -0.18537 0.95268
1661398710.665145874 -1.19925 6.65987 1.03121 -0.03242 -0.23805 -0.18519 0.95288
1661398710.675146103 -1.19630 6.66193 1.03140 -0.03268 -0.23724 -0.18498 0.95312
1661398710.685145855 -1.19342 6.66394 1.03155 -0.03289 -0.23639 -0.18474 0.95337
1661398710.695146084 -1.19059 6.66589 1.03166 -0.03307 -0.23551 -0.18450 0.95362
1661398710.705146074 -1.18782 6.66781 1.03174 -0.03322 -0.23465 -0.18425 0.95388
1661398710.715146065 -1.18509 6.66969 1.03177 -0.03335 -0.23384 -0.18403 0.95412
1661398710.725146055 -1.18241 6.67155 1.03177 -0.03347 -0.23309 -0.18383 0.95433
1661398710.735146046 -1.17977 6.67339 1.03173 -0.03359 -0.23244 -0.18368 0.95452
1661398710.745146036 -1.17716 6.67521 1.03166 -0.03371 -0.23192 -0.18358 0.95466
1661398710.755146027 -1.17458 6.67704 1.03155 -0.03384 -0.23155 -0.18355 0.95475
1661398710.765146017 -1.17203 6.67887 1.03141 -0.03399 -0.23131 -0.18359 0.95480
1661398710.775146008 -1.16951 6.68071 1.03123 -0.03417 -0.23118 -0.18369 0.95480
1661398710.785145998 -1.16701 6.68256 1.03103 -0.03437 -0.23113 -0.18385 0.95478
1661398710.795145988 -1.16455 6.68443 1.03080 -0.03461 -0.23113 -0.18408 0.95472
1661398710.805145979 -1.16211 6.68634 1.03055 -0.03489 -0.23117 -0.18436 0.95465
1661398710.815145969 -1.15971 6.68828 1.03029 -0.03522 -0.23121 -0.18471 0.95456
1661398710.825145960 -1.15733 6.69026 1.03000 -0.03560 -0.23123 -0.18511 0.95446
1661398710.835146189 -1.15498 6.69228 1.02971 -0.03604 -0.23120 -0.18556 0.95437
1661398710.845145941 -1.15266 6.69436 1.02940 -0.03654 -0.23110 -0.18607 0.95427
1661398710.855146170 -1.15037 6.69650 1.02909 -0.03711 -0.23091 -0.18663 0.95419
1661398710.865145922 -1.14810 6.69870 1.02877 -0.03773 -0.23063 -0.18723 0.95411
1661398710.875146151 -1.14587 6.70095 1.02845 -0.03838 -0.23029 -0.18787 0.95404
1661398710.885145903 -1.14366 6.70326 1.02813 -0.03905 -0.22990 -0.18854 0.95398
1661398710.895146132 -1.14148 6.70562 1.02781 -0.03973 -0.22946 -0.18924 0.95392
1661398710.905145884 -1.13932 6.70803 1.02750 -0.04038 -0.22901 -0.18996 0.95385
1661398710.915146112 -1.13719 6.71050 1.02719 -0.04101 -0.22856 -0.19069 0.95379
1661398710.925145864 -1.13509 6.71301 1.02689 -0.04158 -0.22811 -0.19142 0.95373
1661398710.935146093 -1.13301 6.71557 1.02661 -0.04209 -0.22769 -0.19215 0.95366
1661398710.945145845 -1.13096 6.71818 1.02634 -0.04251 -0.22731 -0.19287 0.95358
1661398710.955146074 -1.12893 6.72083 1.02609 -0.04284 -0.22699 -0.19358 0.95350
1661398710.965146065 -1.12691 6.72353 1.02585 -0.04308 -0.22671 -0.19429 0.95341
1661398710.975146055 -1.12492 6.72627 1.02561 -0.04324 -0.22648 -0.19498 0.95332
1661398710.985146046 -1.12294 6.72907 1.02538 -0.04333 -0.22628 -0.19567 0.95322
1661398710.995146036 -1.12097 6.73191 1.02515 -0.04337 -0.22610 -0.19637 0.95312
1661398711.005146027 -1.11901 6.73480 1.02490 -0.04337 -0.22594 -0.19707 0.95301
1661398711.015146017 -1.11705 6.73774 1.02465 -0.04334 -0.22579 -0.19778 0.95290
1661398711.025146008 -1.11509 6.74074 1.02438 -0.04329 -0.22564 -0.19851 0.95279
1661398711.035145998 -1.11313 6.74379 1.02408 -0.04324 -0.22548 -0.19925 0.95267
1661398711.045145988 -1.11117 6.74690 1.02376 -0.04319 -0.22530 -0.20002 0.95256
1661398711.055145979 -1.10919 6.75006 1.02341 -0.04316 -0.22510 -0.20081 0.95244
1661398711.065145969 -1.10721 6.75329 1.02304 -0.04314 -0.22488 -0.20163 0.95232
1661398711.075146198 -1.10522 6.75659 1.02266 -0.04312 -0.22465 -0.20245 0.95220
1661398711.085145950 -1.10323 6.75997 1.02228 -0.04312 -0.22442 -0.20329 0.95208
1661398711.095146179 -1.10124 6.76343 1.02192 -0.04311 -0.22420 -0.20413 0.95195
1661398711.105145931 -1.09925 6.76698 1.02159 -0.04310 -0.22399 -0.20496 0.95182
1661398711.115146160 -1.09726 6.77063 1.02130 -0.04309 -0.22380 -0.20578 0.95169
1661398711.125145912 -1.09528 6.77439 1.02107 -0.04306 -0.22363 -0.20659 0.95155
1661398711.135146141 -1.09331 6.77826 1.02090 -0.04302 -0.22350 -0.20737 0.95142
1661398711.145145893 -1.09134 6.78225 1.02081 -0.04296 -0.22342 -0.20813 0.95127
1661398711.155146122 -1.08939 6.78636 1.02081 -0.04287 -0.22338 -0.20885 0.95113
1661398711.165145874 -1.08745 6.79059 1.02089 -0.04276 -0.22339 -0.20954 0.95098
1661398711.175146103 -1.08552 6.79491 1.02104 -0.04264 -0.22343 -0.21020 0.95083
1661398711.185145855 -1.08359 6.79932 1.02125 -0.04250 -0.22351 -0.21085 0.95067
1661398711.195146084 -1.08167 6.80380 1.02152 -0.04234 -0.22361 -0.21147 0.95052
1661398711.205146074 -1.07976 6.80834 1.02183 -0.04217 -0.22373 -0.21208 0.95036
1661398711.215146065 -1.07785 6.81292 1.02217 -0.04199 -0.22386 -0.21268 0.95021
1661398711.225146055 -1.07594 6.81752 1.02254 -0.04181 -0.22400 -0.21327 0.95005
1661398711.235146046 -1.07404 6.82214 1.02293 -0.04162 -0.22414 -0.21386 0.94989
1661398711.245146036 -1.07213 6.82676 1.02333 -0.04143 -0.22428 -0.21446 0.94973
1661398711.255146027 -1.07022 6.83137 1.02372 -0.04124 -0.22440 -0.21506 0.94958
1661398711.265146017 -1.06831 6.83597 1.02412 -0.04105 -0.22451 -0.21566 0.94942
1661398711.275146008 -1.06640 6.84056 1.02451 -0.04088 -0.22461 -0.21627 0.94927
1661398711.285145998 -1.06448 6.84514 1.02491 -0.04072 -0.22469 -0.21687 0.94912
1661398711.295145988 -1.06256 6.84971 1.02530 -0.04057 -0.22476 -0.21745 0.94897
1661398711.305145979 -1.06064 6.85429 1.02570 -0.04046 -0.22481 -0.21803 0.94883
1661398711.315145969 -1.05871 6.85886 1.02610 -0.04037 -0.22484 -0.21859 0.94870
1661398711.325145960 -1.05677 6.86343 1.02650 -0.04031 -0.22486 -0.21913 0.94858
1661398711.335146189 -1.05482 6.86801 1.02691 -0.04029 -0.22486 -0.21964 0.94846
1661398711.345145941 -1.05287 6.87259 1.02732 -0.04032 -0.22485 -0.22012 0.94835
1661398711.355146170 -1.05091 6.87718 1.02774 -0.04039 -0.22481 -0.22057 0.94825
1661398711.365145922 -1.04894 6.88179 1.02817 -0.04049 -0.22475 -0.22099 0.94816
1661398711.375146151 -1.04696 6.88640 1.02861 -0.04062 -0.22466 -0.22138 0.94809
1661398711.385145903 -1.04497 6.89104 1.02907 -0.04076 -0.22453 -0.22174 0.94803
1661398711.395146132 -1.04298 6.89569 1.02955 -0.04089 -0.22437 -0.22208 0.94798
1661398711.405145884 -1.04098 6.90036 1.03007 -0.04102 -0.22416 -0.22240 0.94795
1661398711.415146112 -1.03896 6.90505 1.03061 -0.04112 -0.22391 -0.22269 0.94794
1661398711.425145864 -1.03694 6.90977 1.03119 -0.04118 -0.22360 -0.22297 0.94794
1661398711.435146093 -1.03492 6.91451 1.03182 -0.04119 -0.22323 -0.22323 0.94797
1661398711.445145845 -1.03288 6.91928 1.03249 -0.04115 -0.22280 -0.22348 0.94801
1661398711.455146074 -1.03084 6.92409 1.03321 -0.04103 -0.22230 -0.22372 0.94808
1661398711.465146065 -1.02879 6.92893 1.03396 -0.04086 -0.22176 -0.22394 0.94816
1661398711.475146055 -1.02675 6.93379 1.03473 -0.04065 -0.22120 -0.22412 0.94825
1661398711.485146046 -1.02473 6.93868 1.03551 -0.04042 -0.22065 -0.22427 0.94836
1661398711.495146036 -1.02273 6.94360 1.03627 -0.04018 -0.22013 -0.22437 0.94846
1661398711.505146027 -1.02076 6.94853 1.03701 -0.03996 -0.21967 -0.22442 0.94857
1661398711.515146017 -1.01883 6.95349 1.03771 -0.03977 -0.21930 -0.22439 0.94867
1661398711.525146008 -1.01695 6.95847 1.03835 -0.03962 -0.21903 -0.22430 0.94876
1661398711.535145998 -1.01512 6.96347 1.03891 -0.03954 -0.21890 -0.22411 0.94884
1661398711.545145988 -1.01335 6.96848 1.03939 -0.03954 -0.21893 -0.22384 0.94889
1661398711.555145979 -1.01164 6.97351 1.03976 -0.03962 -0.21914 -0.22347 0.94893
1661398711.565145969 -1.00998 6.97854 1.04003 -0.03975 -0.21946 -0.22303 0.94895
1661398711.575146198 -1.00833 6.98358 1.04022 -0.03989 -0.21983 -0.22256 0.94897
1661398711.585145950 -1.00667 6.98860 1.04031 -0.03996 -0.22018 -0.22209 0.94900
1661398711.595146179 -1.00496 6.99361 1.04033 -0.03993 -0.22045 -0.22166 0.94904
1661398711.605145931 -1.00320 6.99860 1.04027 -0.03976 -0.22058 -0.22129 0.94910
1661398711.615146160 -1.00139 7.00355 1.04015 -0.03943 -0.22060 -0.22096 0.94919
1661398711.625145912 -0.99956 7.00847 1.03999 -0.03895 -0.22058 -0.22065 0.94928
1661398711.635146141 -0.99775 7.01333 1.03981 -0.03832 -0.22056 -0.22034 0.94939
1661398711.645145893 -0.99597 7.01813 1.03962 -0.03755 -0.22060 -0.22000 0.94949
1661398711.655146122 -0.99424 7.02287 1.03943 -0.03663 -0.22073 -0.21961 0.94958
1661398711.665145874 -0.99256 7.02754 1.03926 -0.03560 -0.22094 -0.21919 0.94967
1661398711.675146103 -0.99092 7.03214 1.03910 -0.03447 -0.22122 -0.21874 0.94975
1661398711.685145855 -0.98931 7.03669 1.03894 -0.03328 -0.22155 -0.21827 0.94982
1661398711.695146084 -0.98771 7.04118 1.03880 -0.03206 -0.22189 -0.21781 0.94989
1661398711.705146074 -0.98612 7.04562 1.03868 -0.03083 -0.22224 -0.21736 0.94995
1661398711.715146065 -0.98451 7.05001 1.03857 -0.02962 -0.22258 -0.21695 0.95001
1661398711.725146055 -0.98289 7.05435 1.03847 -0.02845 -0.22287 -0.21657 0.95006
1661398711.735146046 -0.98124 7.05865 1.03838 -0.02735 -0.22311 -0.21625 0.95011
1661398711.745146036 -0.97954 7.06292 1.03832 -0.02636 -0.22326 -0.21600 0.95016
1661398711.755146027 -0.97779 7.06714 1.03827 -0.02549 -0.22332 -0.21583 0.95021
1661398711.765146017 -0.97599 7.07133 1.03823 -0.02476 -0.22328 -0.21573 0.95026
1661398711.775146008 -0.97413 7.07548 1.03821 -0.02417 -0.22317 -0.21570 0.95031
1661398711.785145998 -0.97220 7.07958 1.03819 -0.02375 -0.22298 -0.21571 0.95036
1661398711.795145988 -0.97022 7.08364 1.03818 -0.02350 -0.22272 -0.21575 0.95042
1661398711.805145979 -0.96818 7.08765 1.03817 -0.02343 -0.22241 -0.21582 0.95048
1661398711.815145969 -0.96606 7.09161 1.03816 -0.02355 -0.22206 -0.21589 0.95054
1661398711.825145960 -0.96389 7.09551 1.03815 -0.02387 -0.22167 -0.21597 0.95061
1661398711.835146189 -0.96164 7.09936 1.03813 -0.02441 -0.22124 -0.21602 0.95068
1661398711.845145941 -0.95932 7.10316 1.03810 -0.02517 -0.22080 -0.21605 0.95075
1661398711.855146170 -0.95693 7.10689 1.03806 -0.02617 -0.22035 -0.21605 0.95083
1661398711.865145922 -0.95447 7.11056 1.03801 -0.02735 -0.21990 -0.21601 0.95091
1661398711.875146151 -0.95195 7.11418 1.03795 -0.02870 -0.21946 -0.21596 0.95099
1661398711.885145903 -0.94938 7.11774 1.03788 -0.03018 -0.21903 -0.21589 0.95106
1661398711.895146132 -0.94677 7.12125 1.03779 -0.03174 -0.21863 -0.21583 0.95111
1661398711.905145884 -0.94411 7.12471 1.03769 -0.03334 -0.21827 -0.21578 0.95115
1661398711.915146112 -0.94143 7.12811 1.03758 -0.03496 -0.21795 -0.21575 0.95117
1661398711.925145864 -0.93872 7.13147 1.03746 -0.03655 -0.21769 -0.21575 0.95117
1661398711.935146093 -0.93599 7.13478 1.03732 -0.03808 -0.21749 -0.21579 0.95115
1661398711.945145845 -0.93325 7.13804 1.03717 -0.03950 -0.21737 -0.21589 0.95109
1661398711.955146074 -0.93051 7.14126 1.03701 -0.04080 -0.21734 -0.21605 0.95101
1661398711.965146065 -0.92775 7.14445 1.03683 -0.04196 -0.21738 -0.21627 0.95090
1661398711.975146055 -0.92497 7.14760 1.03664 -0.04300 -0.21749 -0.21653 0.95077
1661398711.985146046 -0.92217 7.15072 1.03643 -0.04394 -0.21767 -0.21684 0.95062
1661398711.995146036 -0.91933 7.15383 1.03621 -0.04477 -0.21791 -0.21717 0.95045
1661398712.005146027 -0.91645 7.15692 1.03597 -0.04551 -0.21820 -0.21753 0.95026
1661398712.015146017 -0.91352 7.16000 1.03572 -0.04616 -0.21853 -0.21790 0.95007
1661398712.025146008 -0.91053 7.16308 1.03545 -0.04675 -0.21890 -0.21827 0.94987
1661398712.035145998 -0.90748 7.16617 1.03517 -0.04727 -0.21931 -0.21864 0.94967
1661398712.045145988 -0.90435 7.16927 1.03487 -0.04773 -0.21973 -0.21901 0.94946
1661398712.055145979 -0.90114 7.17238 1.03455 -0.04815 -0.22018 -0.21935 0.94926
1661398712.065145969 -0.89787 7.17550 1.03423 -0.04853 -0.22063 -0.21968 0.94906
1661398712.075146198 -0.89453 7.17862 1.03389 -0.04886 -0.22109 -0.21999 0.94886
1661398712.085145950 -0.89115 7.18174 1.03355 -0.04915 -0.22153 -0.22030 0.94867
1661398712.095146179 -0.88773 7.18485 1.03320 -0.04940 -0.22195 -0.22061 0.94849
1661398712.105145931 -0.88429 7.18794 1.03287 -0.04961 -0.22234 -0.22091 0.94832
1661398712.115146160 -0.88083 7.19102 1.03254 -0.04978 -0.22268 -0.22123 0.94815
1661398712.125145912 -0.87737 7.19406 1.03222 -0.04991 -0.22298 -0.22155 0.94800
1661398712.135146141 -0.87392 7.19707 1.03193 -0.05001 -0.22321 -0.22188 0.94786
1661398712.145145893 -0.87048 7.20004 1.03165 -0.05007 -0.22338 -0.22223 0.94774
1661398712.155146122 -0.86708 7.20297 1.03140 -0.05010 -0.22347 -0.22260 0.94763
1661398712.165145874 -0.86369 7.20585 1.03117 -0.05009 -0.22350 -0.22299 0.94753
1661398712.175146103 -0.86034 7.20869 1.03096 -0.05006 -0.22350 -0.22340 0.94744
1661398712.185145855 -0.85700 7.21151 1.03077 -0.04999 -0.22349 -0.22383 0.94734
1661398712.195146084 -0.85367 7.21430 1.03059 -0.04991 -0.22349 -0.22427 0.94724
1661398712.205146074 -0.85035 7.21706 1.03042 -0.04980 -0.22354 -0.22473 0.94713
1661398712.215146065 -0.84703 7.21982 1.03026 -0.04967 -0.22364 -0.22520 0.94700
1661398712.225146055 -0.84372 7.22256 1.03010 -0.04953 -0.22383 -0.22568 0.94684
1661398712.235146046 -0.84040 7.22529 1.02995 -0.04937 -0.22413 -0.22617 0.94666
1661398712.245146036 -0.83708 7.22803 1.02979 -0.04920 -0.22457 -0.22667 0.94645
1661398712.255146027 -0.83375 7.23077 1.02963 -0.04902 -0.22515 -0.22718 0.94620
1661398712.265146017 -0.83041 7.23351 1.02948 -0.04883 -0.22584 -0.22770 0.94592
1661398712.275146008 -0.82708 7.23624 1.02933 -0.04865 -0.22661 -0.22824 0.94561
1661398712.285145998 -0.82376 7.23894 1.02921 -0.04847 -0.22740 -0.22880 0.94530
1661398712.295145988 -0.82047 7.24162 1.02911 -0.04830 -0.22818 -0.22939 0.94498
1661398712.305145979 -0.81721 7.24425 1.02905 -0.04814 -0.22890 -0.23001 0.94466
1661398712.315145969 -0.81399 7.24684 1.02904 -0.04800 -0.22952 -0.23067 0.94436
1661398712.325145960 -0.81082 7.24938 1.02907 -0.04789 -0.22999 -0.23137 0.94407
1661398712.335146189 -0.80772 7.25185 1.02916 -0.04780 -0.23028 -0.23212 0.94383
1661398712.345145941 -0.80468 7.25424 1.02932 -0.04775 -0.23033 -0.23292 0.94362
1661398712.355146170 -0.80171 7.25657 1.02955 -0.04773 -0.23014 -0.23377 0.94346
1661398712.365145922 -0.79877 7.25886 1.02983 -0.04777 -0.22975 -0.23463 0.94334
1661398712.375146151 -0.79578 7.26117 1.03015 -0.04786 -0.22925 -0.23545 0.94325
1661398712.385145903 -0.79269 7.26354 1.03048 -0.04804 -0.22872 -0.23619 0.94318
1661398712.395146132 -0.78944 7.26604 1.03082 -0.04830 -0.22824 -0.23680 0.94313
1661398712.405145884 -0.78601 7.26868 1.03114 -0.04865 -0.22787 -0.23725 0.94309
1661398712.415146112 -0.78244 7.27145 1.03147 -0.04907 -0.22763 -0.23757 0.94305
1661398712.425145864 -0.77883 7.27428 1.03184 -0.04953 -0.22751 -0.23779 0.94300
1661398712.435146093 -0.77527 7.27713 1.03229 -0.04999 -0.22749 -0.23797 0.94293
1661398712.445145845 -0.77183 7.27995 1.03285 -0.05042 -0.22757 -0.23816 0.94284
1661398712.455146074 -0.76860 7.28270 1.03354 -0.05079 -0.22775 -0.23837 0.94272
1661398712.465146065 -0.76555 7.28537 1.03436 -0.05111 -0.22802 -0.23863 0.94258
1661398712.475146055 -0.76268 7.28799 1.03529 -0.05138 -0.22838 -0.23891 0.94240
1661398712.485146046 -0.75994 7.29056 1.03631 -0.05162 -0.22883 -0.23921 0.94220
1661398712.495146036 -0.75732 7.29309 1.03742 -0.05183 -0.22937 -0.23953 0.94198
1661398712.505146027 -0.75480 7.29559 1.03860 -0.05202 -0.23000 -0.23985 0.94174
1661398712.515146017 -0.75234 7.29807 1.03982 -0.05220 -0.23073 -0.24016 0.94147
1661398712.525146008 -0.74992 7.30054 1.04108 -0.05239 -0.23154 -0.24046 0.94118
1661398712.535145998 -0.74751 7.30301 1.04237 -0.05257 -0.23243 -0.24075 0.94088
1661398712.545145988 -0.74510 7.30550 1.04365 -0.05278 -0.23342 -0.24100 0.94056
1661398712.555145979 -0.74266 7.30801 1.04493 -0.05300 -0.23449 -0.24122 0.94022
1661398712.565145969 -0.74018 7.31053 1.04620 -0.05326 -0.23561 -0.24140 0.93988
1661398712.575146198 -0.73768 7.31305 1.04744 -0.05355 -0.23676 -0.24155 0.93954
1661398712.585145950 -0.73514 7.31556 1.04864 -0.05387 -0.23790 -0.24165 0.93920
1661398712.595146179 -0.73258 7.31806 1.04980 -0.05423 -0.23901 -0.24172 0.93888
1661398712.605145931 -0.72999 7.32052 1.05091 -0.05463 -0.24006 -0.24174 0.93859
1661398712.615146160 -0.72738 7.32294 1.05196 -0.05507 -0.24101 -0.24173 0.93832
1661398712.625145912 -0.72474 7.32530 1.05294 -0.05556 -0.24183 -0.24168 0.93810
1661398712.635146141 -0.72208 7.32761 1.05384 -0.05610 -0.24249 -0.24158 0.93792
1661398712.645145893 -0.71941 7.32984 1.05467 -0.05670 -0.24297 -0.24144 0.93779
1661398712.655146122 -0.71672 7.33199 1.05540 -0.05735 -0.24324 -0.24126 0.93773
1661398712.665145874 -0.71402 7.33406 1.05605 -0.05804 -0.24332 -0.24105 0.93772
1661398712.675146103 -0.71132 7.33608 1.05664 -0.05876 -0.24325 -0.24080 0.93776
1661398712.685145855 -0.70863 7.33806 1.05719 -0.05950 -0.24305 -0.24052 0.93784
1661398712.695146084 -0.70596 7.34001 1.05769 -0.06024 -0.24276 -0.24021 0.93794
1661398712.705146074 -0.70332 7.34195 1.05818 -0.06096 -0.24240 -0.23988 0.93807
1661398712.715146065 -0.70072 7.34388 1.05867 -0.06166 -0.24201 -0.23953 0.93822
1661398712.725146055 -0.69816 7.34583 1.05916 -0.06232 -0.24163 -0.23916 0.93837
1661398712.735146046 -0.69566 7.34781 1.05968 -0.06292 -0.24127 -0.23879 0.93851
1661398712.745146036 -0.69323 7.34982 1.06024 -0.06345 -0.24097 -0.23841 0.93865
1661398712.755146027 -0.69087 7.35189 1.06085 -0.06390 -0.24076 -0.23803 0.93877
1661398712.765146017 -0.68858 7.35402 1.06151 -0.06428 -0.24063 -0.23765 0.93888
1661398712.775146008 -0.68636 7.35618 1.06220 -0.06459 -0.24055 -0.23729 0.93897
1661398712.785145998 -0.68419 7.35838 1.06293 -0.06486 -0.24051 -0.23695 0.93904
1661398712.795145988 -0.68208 7.36060 1.06367 -0.06508 -0.24050 -0.23663 0.93911
1661398712.805145979 -0.68002 7.36285 1.06442 -0.06528 -0.24050 -0.23636 0.93916
1661398712.815145969 -0.67800 7.36512 1.06517 -0.06545 -0.24050 -0.23613 0.93921
1661398712.825145960 -0.67602 7.36739 1.06592 -0.06562 -0.24046 -0.23596 0.93925
1661398712.835146189 -0.67407 7.36967 1.06665 -0.06580 -0.24039 -0.23585 0.93929
1661398712.845145941 -0.67216 7.37194 1.06736 -0.06598 -0.24026 -0.23580 0.93932
1661398712.855146170 -0.67026 7.37419 1.06804 -0.06619 -0.24006 -0.23584 0.93935
1661398712.865145922 -0.66839 7.37644 1.06868 -0.06643 -0.23980 -0.23593 0.93937
1661398712.875146151 -0.66655 7.37869 1.06930 -0.06668 -0.23950 -0.23608 0.93939
1661398712.885145903 -0.66472 7.38094 1.06989 -0.06694 -0.23917 -0.23626 0.93941
1661398712.895146132 -0.66291 7.38319 1.07046 -0.06722 -0.23884 -0.23647 0.93942
1661398712.905145884 -0.66112 7.38545 1.07100 -0.06751 -0.23851 -0.23669 0.93943
1661398712.915146112 -0.65934 7.38772 1.07152 -0.06780 -0.23820 -0.23691 0.93943
1661398712.925145864 -0.65759 7.39000 1.07202 -0.06810 -0.23794 -0.23711 0.93943
1661398712.935146093 -0.65585 7.39231 1.07250 -0.06839 -0.23773 -0.23727 0.93942
1661398712.945145845 -0.65412 7.39464 1.07296 -0.06868 -0.23759 -0.23740 0.93940
1661398712.955146074 -0.65241 7.39700 1.07341 -0.06896 -0.23754 -0.23747 0.93938
1661398712.965146065 -0.65070 7.39940 1.07385 -0.06924 -0.23756 -0.23750 0.93934
1661398712.975146055 -0.64900 7.40184 1.07427 -0.06953 -0.23765 -0.23750 0.93930
1661398712.985146046 -0.64730 7.40432 1.07467 -0.06982 -0.23778 -0.23748 0.93925
1661398712.995146036 -0.64559 7.40686 1.07506 -0.07013 -0.23795 -0.23747 0.93919
1661398713.005146027 -0.64387 7.40946 1.07543 -0.07046 -0.23814 -0.23746 0.93912
1661398713.015146017 -0.64214 7.41212 1.07578 -0.07082 -0.23833 -0.23748 0.93903
1661398713.025146008 -0.64038 7.41486 1.07612 -0.07122 -0.23852 -0.23753 0.93894
1661398713.035145998 -0.63861 7.41768 1.07643 -0.07165 -0.23869 -0.23765 0.93884
1661398713.045145988 -0.63680 7.42058 1.07672 -0.07213 -0.23883 -0.23782 0.93872
1661398713.055145979 -0.63496 7.42358 1.07700 -0.07266 -0.23893 -0.23808 0.93859
1661398713.065145969 -0.63309 7.42666 1.07725 -0.07324 -0.23898 -0.23840 0.93845
1661398713.075146198 -0.63119 7.42983 1.07747 -0.07386 -0.23900 -0.23877 0.93830
1661398713.085145950 -0.62925 7.43308 1.07766 -0.07451 -0.23898 -0.23919 0.93815
1661398713.095146179 -0.62727 7.43640 1.07782 -0.07520 -0.23895 -0.23964 0.93799
1661398713.105145931 -0.62527 7.43980 1.07794 -0.07592 -0.23889 -0.24010 0.93783
1661398713.115146160 -0.62323 7.44327 1.07803 -0.07667 -0.23881 -0.24057 0.93767
1661398713.125145912 -0.62115 7.44681 1.07808 -0.07744 -0.23873 -0.24102 0.93751
1661398713.135146141 -0.61904 7.45041 1.07808 -0.07822 -0.23864 -0.24146 0.93735
1661398713.145145893 -0.61690 7.45408 1.07803 -0.07902 -0.23855 -0.24186 0.93721
1661398713.155146122 -0.61472 7.45779 1.07793 -0.07982 -0.23847 -0.24221 0.93707
1661398713.165145874 -0.61251 7.46156 1.07779 -0.08063 -0.23839 -0.24252 0.93694
1661398713.175146103 -0.61027 7.46538 1.07761 -0.08142 -0.23830 -0.24280 0.93682
1661398713.185145855 -0.60801 7.46924 1.07739 -0.08221 -0.23820 -0.24305 0.93671
1661398713.195146084 -0.60574 7.47314 1.07714 -0.08297 -0.23808 -0.24329 0.93661
1661398713.205146074 -0.60344 7.47707 1.07687 -0.08371 -0.23793 -0.24351 0.93653
1661398713.215146065 -0.60114 7.48104 1.07656 -0.08440 -0.23776 -0.24373 0.93645
1661398713.225146055 -0.59882 7.48502 1.07625 -0.08506 -0.23755 -0.24395 0.93639
1661398713.235146046 -0.59651 7.48903 1.07591 -0.08566 -0.23729 -0.24418 0.93634
1661398713.245146036 -0.59419 7.49305 1.07557 -0.08621 -0.23699 -0.24443 0.93630
1661398713.255146027 -0.59188 7.49709 1.07522 -0.08669 -0.23663 -0.24471 0.93627
1661398713.265146017 -0.58957 7.50115 1.07488 -0.08710 -0.23624 -0.24501 0.93626
1661398713.275146008 -0.58727 7.50523 1.07453 -0.08745 -0.23582 -0.24533 0.93625
1661398713.285145998 -0.58499 7.50935 1.07420 -0.08771 -0.23539 -0.24567 0.93624
1661398713.295145988 -0.58272 7.51350 1.07389 -0.08789 -0.23497 -0.24604 0.93623
1661398713.305145979 -0.58047 7.51771 1.07359 -0.08800 -0.23457 -0.24643 0.93622
1661398713.315145969 -0.57824 7.52198 1.07333 -0.08801 -0.23420 -0.24684 0.93620
1661398713.325145960 -0.57603 7.52631 1.07309 -0.08794 -0.23389 -0.24728 0.93617
1661398713.335146189 -0.57386 7.53071 1.07289 -0.08777 -0.23365 -0.24773 0.93613
1661398713.345145941 -0.57171 7.53519 1.07273 -0.08751 -0.23350 -0.24820 0.93606
1661398713.355146170 -0.56960 7.53975 1.07262 -0.08715 -0.23344 -0.24869 0.93598
1661398713.365145922 -0.56751 7.54439 1.07255 -0.08671 -0.23346 -0.24920 0.93588
1661398713.375146151 -0.56545 7.54910 1.07252 -0.08620 -0.23357 -0.24973 0.93576
1661398713.385145903 -0.56342 7.55386 1.07252 -0.08565 -0.23373 -0.25027 0.93563
1661398713.395146132 -0.56140 7.55867 1.07256 -0.08508 -0.23394 -0.25083 0.93548
1661398713.405145884 -0.55940 7.56351 1.07264 -0.08449 -0.23419 -0.25142 0.93531
1661398713.415146112 -0.55742 7.56837 1.07274 -0.08391 -0.23446 -0.25202 0.93513
1661398713.425145864 -0.55544 7.57324 1.07286 -0.08336 -0.23474 -0.25263 0.93495
1661398713.435146093 -0.55347 7.57811 1.07301 -0.08285 -0.23502 -0.25327 0.93475
1661398713.445145845 -0.55150 7.58297 1.07317 -0.08241 -0.23529 -0.25392 0.93454
1661398713.455146074 -0.54954 7.58782 1.07335 -0.08204 -0.23553 -0.25459 0.93433
1661398713.465146065 -0.54756 7.59264 1.07355 -0.08174 -0.23573 -0.25527 0.93412
1661398713.475146055 -0.54559 7.59746 1.07375 -0.08150 -0.23589 -0.25595 0.93392
1661398713.485146046 -0.54360 7.60226 1.07396 -0.08129 -0.23600 -0.25663 0.93372
1661398713.495146036 -0.54160 7.60705 1.07418 -0.08110 -0.23605 -0.25730 0.93354
1661398713.505146027 -0.53959 7.61185 1.07441 -0.08091 -0.23604 -0.25796 0.93338
1661398713.515146017 -0.53757 7.61664 1.07464 -0.08072 -0.23594 -0.25859 0.93324
1661398713.525146008 -0.53552 7.62144 1.07487 -0.08051 -0.23577 -0.25920 0.93314
1661398713.535145998 -0.53345 7.62624 1.07509 -0.08025 -0.23550 -0.25977 0.93307
1661398713.545145988 -0.53136 7.63106 1.07532 -0.07995 -0.23514 -0.26029 0.93304
1661398713.555145979 -0.52924 7.63589 1.07553 -0.07958 -0.23467 -0.26077 0.93306
1661398713.565145969 -0.52710 7.64073 1.07574 -0.07914 -0.23411 -0.26121 0.93311
1661398713.575146198 -0.52493 7.64560 1.07594 -0.07865 -0.23349 -0.26159 0.93320
1661398713.585145950 -0.52274 7.65049 1.07614 -0.07811 -0.23283 -0.26193 0.93332
1661398713.595146179 -0.52052 7.65540 1.07632 -0.07753 -0.23214 -0.26222 0.93346
1661398713.605145931 -0.51829 7.66034 1.07649 -0.07691 -0.23145 -0.26247 0.93361
1661398713.615146160 -0.51603 7.66531 1.07664 -0.07626 -0.23078 -0.26267 0.93377
1661398713.625145912 -0.51376 7.67030 1.07678 -0.07558 -0.23015 -0.26282 0.93394
1661398713.635146141 -0.51147 7.67533 1.07691 -0.07489 -0.22959 -0.26293 0.93410
1661398713.645145893 -0.50916 7.68040 1.07701 -0.07419 -0.22910 -0.26300 0.93426
1661398713.655146122 -0.50684 7.68549 1.07710 -0.07348 -0.22871 -0.26303 0.93440
1661398713.665145874 -0.50451 7.69062 1.07717 -0.07277 -0.22841 -0.26302 0.93453
1661398713.675146103 -0.50216 7.69576 1.07722 -0.07206 -0.22818 -0.26298 0.93466
1661398713.685145855 -0.49981 7.70092 1.07725 -0.07137 -0.22799 -0.26292 0.93477
1661398713.695146084 -0.49745 7.70608 1.07727 -0.07071 -0.22783 -0.26283 0.93489
1661398713.705146074 -0.49508 7.71123 1.07726 -0.07006 -0.22768 -0.26274 0.93500
1661398713.715146065 -0.49270 7.71637 1.07724 -0.06945 -0.22752 -0.26263 0.93511
1661398713.725146055 -0.49033 7.72148 1.07720 -0.06887 -0.22733 -0.26253 0.93523
1661398713.735146046 -0.48795 7.72656 1.07714 -0.06834 -0.22710 -0.26243 0.93535
1661398713.745146036 -0.48557 7.73160 1.07706 -0.06787 -0.22680 -0.26234 0.93549
1661398713.755146027 -0.48320 7.73659 1.07696 -0.06744 -0.22642 -0.26226 0.93563
1661398713.765146017 -0.48083 7.74153 1.07685 -0.06707 -0.22598 -0.26220 0.93578
1661398713.775146008 -0.47848 7.74641 1.07672 -0.06676 -0.22550 -0.26214 0.93594
1661398713.785145998 -0.47614 7.75123 1.07657 -0.06649 -0.22502 -0.26207 0.93609
1661398713.795145988 -0.47382 7.75599 1.07642 -0.06628 -0.22455 -0.26200 0.93624
1661398713.805145979 -0.47152 7.76067 1.07625 -0.06611 -0.22412 -0.26192 0.93638
1661398713.815145969 -0.46925 7.76529 1.07607 -0.06599 -0.22376 -0.26181 0.93650
1661398713.825145960 -0.46701 7.76982 1.07589 -0.06591 -0.22349 -0.26167 0.93661
1661398713.835146189 -0.46481 7.77427 1.07570 -0.06588 -0.22334 -0.26150 0.93669
1661398713.845145941 -0.46266 7.77864 1.07550 -0.06589 -0.22333 -0.26129 0.93675
1661398713.855146170 -0.46054 7.78292 1.07529 -0.06594 -0.22348 -0.26104 0.93679
1661398713.865145922 -0.45846 7.78712 1.07509 -0.06602 -0.22376 -0.26075 0.93679
1661398713.875146151 -0.45640 7.79122 1.07489 -0.06615 -0.22415 -0.26042 0.93678
1661398713.885145903 -0.45435 7.79524 1.07469 -0.06633 -0.22462 -0.26008 0.93675
1661398713.895146132 -0.45230 7.79918 1.07450 -0.06654 -0.22513 -0.25972 0.93671
1661398713.905145884 -0.45023 7.80304 1.07432 -0.06681 -0.22565 -0.25936 0.93667
1661398713.915146112 -0.44814 7.80682 1.07415 -0.06712 -0.22615 -0.25900 0.93663
1661398713.925145864 -0.44600 7.81052 1.07399 -0.06747 -0.22661 -0.25865 0.93659
1661398713.935146093 -0.44382 7.81414 1.07386 -0.06788 -0.22698 -0.25832 0.93656
1661398713.945145845 -0.44157 7.81769 1.07374 -0.06834 -0.22724 -0.25801 0.93655
1661398713.955146074 -0.43925 7.82116 1.07364 -0.06885 -0.22737 -0.25774 0.93655
1661398713.965146065 -0.43687 7.82456 1.07357 -0.06941 -0.22738 -0.25751 0.93657
1661398713.975146055 -0.43442 7.82788 1.07350 -0.06999 -0.22730 -0.25730 0.93661
1661398713.985146046 -0.43193 7.83114 1.07344 -0.07060 -0.22715 -0.25711 0.93665
1661398713.995146036 -0.42939 7.83432 1.07338 -0.07122 -0.22695 -0.25694 0.93670
1661398714.005146027 -0.42682 7.83742 1.07331 -0.07185 -0.22672 -0.25678 0.93675
1661398714.015146017 -0.42423 7.84046 1.07323 -0.07246 -0.22650 -0.25664 0.93679
1661398714.025146008 -0.42162 7.84343 1.07313 -0.07306 -0.22630 -0.25649 0.93684
1661398714.035145998 -0.41900 7.84632 1.07300 -0.07363 -0.22615 -0.25635 0.93687
1661398714.045145988 -0.41638 7.84915 1.07285 -0.07416 -0.22608 -0.25620 0.93688
1661398714.055145979 -0.41376 7.85190 1.07266 -0.07465 -0.22609 -0.25605 0.93688
1661398714.065145969 -0.41115 7.85459 1.07244 -0.07511 -0.22617 -0.25589 0.93687
1661398714.075146198 -0.40853 7.85722 1.07219 -0.07554 -0.22630 -0.25572 0.93685
1661398714.085145950 -0.40589 7.85978 1.07192 -0.07596 -0.22645 -0.25556 0.93682
1661398714.095146179 -0.40322 7.86229 1.07164 -0.07639 -0.22661 -0.25540 0.93679
1661398714.105145931 -0.40053 7.86475 1.07136 -0.07684 -0.22674 -0.25525 0.93677
1661398714.115146160 -0.39779 7.86716 1.07106 -0.07732 -0.22683 -0.25512 0.93674
1661398714.125145912 -0.39500 7.86952 1.07078 -0.07784 -0.22684 -0.25499 0.93673
1661398714.135146141 -0.39216 7.87185 1.07050 -0.07843 -0.22676 -0.25489 0.93673
1661398714.145145893 -0.38925 7.87413 1.07023 -0.07908 -0.22656 -0.25481 0.93674
1661398714.155146122 -0.38626 7.87638 1.06999 -0.07981 -0.22623 -0.25475 0.93678
1661398714.165145874 -0.38321 7.87860 1.06976 -0.08060 -0.22579 -0.25471 0.93683
1661398714.175146103 -0.38007 7.88080 1.06953 -0.08142 -0.22527 -0.25468 0.93689
1661398714.185145855 -0.37686 7.88298 1.06930 -0.08226 -0.22470 -0.25464 0.93696
1661398714.195146084 -0.37357 7.88515 1.06906 -0.08310 -0.22411 -0.25459 0.93704
1661398714.205146074 -0.37020 7.88731 1.06880 -0.08390 -0.22355 -0.25453 0.93713
1661398714.215146065 -0.36675 7.88948 1.06851 -0.08465 -0.22303 -0.25443 0.93721
1661398714.225146055 -0.36321 7.89165 1.06819 -0.08532 -0.22259 -0.25430 0.93729
1661398714.235146046 -0.35959 7.89383 1.06783 -0.08589 -0.22226 -0.25412 0.93736
1661398714.245146036 -0.35589 7.89604 1.06742 -0.08633 -0.22208 -0.25388 0.93743
1661398714.255146027 -0.35210 7.89827 1.06696 -0.08664 -0.22206 -0.25358 0.93748
1661398714.265146017 -0.34823 7.90052 1.06645 -0.08681 -0.22220 -0.25323 0.93753
1661398714.275146008 -0.34429 7.90278 1.06591 -0.08687 -0.22247 -0.25285 0.93757
1661398714.285145998 -0.34028 7.90505 1.06534 -0.08683 -0.22285 -0.25243 0.93759
1661398714.295145988 -0.33622 7.90733 1.06478 -0.08671 -0.22331 -0.25200 0.93761
1661398714.305145979 -0.33211 7.90961 1.06421 -0.08651 -0.22384 -0.25157 0.93762
1661398714.315145969 -0.32795 7.91188 1.06367 -0.08626 -0.22441 -0.25114 0.93762
1661398714.325145960 -0.32376 7.91414 1.06315 -0.08598 -0.22500 -0.25074 0.93761
1661398714.335146189 -0.31954 7.91639 1.06268 -0.08567 -0.22558 -0.25038 0.93759
1661398714.345145941 -0.31530 7.91861 1.06226 -0.08536 -0.22614 -0.25006 0.93757
1661398714.355146170 -0.31105 7.92081 1.06191 -0.08505 -0.22666 -0.24980 0.93755
1661398714.365145922 -0.30680 7.92298 1.06162 -0.08476 -0.22712 -0.24960 0.93751
1661398714.375146151 -0.30258 7.92510 1.06141 -0.08449 -0.22751 -0.24947 0.93748
1661398714.385145903 -0.29840 7.92717 1.06128 -0.08426 -0.22782 -0.24940 0.93744
1661398714.395146132 -0.29427 7.92917 1.06122 -0.08406 -0.22805 -0.24940 0.93740
1661398714.405145884 -0.29022 7.93111 1.06125 -0.08391 -0.22819 -0.24947 0.93737
1661398714.415146112 -0.28627 7.93296 1.06136 -0.08381 -0.22822 -0.24961 0.93733
1661398714.425145864 -0.28243 7.93473 1.06156 -0.08377 -0.22814 -0.24983 0.93729
1661398714.435146093 -0.27872 7.93639 1.06184 -0.08380 -0.22793 -0.25013 0.93726
1661398714.445145845 -0.27515 7.93795 1.06222 -0.08390 -0.22759 -0.25051 0.93723
1661398714.455146074 -0.27174 7.93941 1.06269 -0.08408 -0.22713 -0.25096 0.93721
1661398714.465146065 -0.26841 7.94080 1.06322 -0.08431 -0.22658 -0.25146 0.93719
1661398714.475146055 -0.26508 7.94220 1.06378 -0.08456 -0.22601 -0.25199 0.93716
1661398714.485146046 -0.26167 7.94365 1.06433 -0.08480 -0.22548 -0.25251 0.93713
1661398714.495146036 -0.25810 7.94521 1.06484 -0.08500 -0.22506 -0.25300 0.93708
1661398714.505146027 -0.25430 7.94693 1.06528 -0.08513 -0.22478 -0.25344 0.93701
1661398714.515146017 -0.25033 7.94876 1.06567 -0.08520 -0.22465 -0.25384 0.93693
1661398714.525146008 -0.24623 7.95067 1.06603 -0.08523 -0.22465 -0.25421 0.93683
1661398714.535145998 -0.24208 7.95260 1.06640 -0.08521 -0.22476 -0.25457 0.93671
1661398714.545145988 -0.23794 7.95450 1.06678 -0.08516 -0.22496 -0.25494 0.93656
1661398714.555145979 -0.23386 7.95634 1.06721 -0.08509 -0.22524 -0.25534 0.93639
1661398714.565145969 -0.22985 7.95811 1.06767 -0.08501 -0.22559 -0.25575 0.93620
1661398714.575146198 -0.22590 7.95982 1.06818 -0.08492 -0.22602 -0.25617 0.93599
1661398714.585145950 -0.22202 7.96149 1.06872 -0.08482 -0.22653 -0.25658 0.93577
1661398714.595146179 -0.21819 7.96313 1.06928 -0.08473 -0.22711 -0.25697 0.93553
1661398714.605145931 -0.21441 7.96475 1.06987 -0.08464 -0.22777 -0.25734 0.93527
1661398714.615146160 -0.21068 7.96635 1.07047 -0.08456 -0.22850 -0.25767 0.93501
1661398714.625145912 -0.20699 7.96796 1.07109 -0.08450 -0.22930 -0.25794 0.93474
1661398714.635146141 -0.20334 7.96958 1.07172 -0.08446 -0.23019 -0.25816 0.93447
1661398714.645145893 -0.19973 7.97121 1.07235 -0.08445 -0.23114 -0.25831 0.93419
1661398714.655146122 -0.19615 7.97288 1.07298 -0.08446 -0.23217 -0.25837 0.93392
1661398714.665145874 -0.19261 7.97456 1.07361 -0.08451 -0.23326 -0.25837 0.93365
1661398714.675146103 -0.18913 7.97623 1.07423 -0.08458 -0.23438 -0.25829 0.93338
1661398714.685145855 -0.18572 7.97789 1.07485 -0.08466 -0.23551 -0.25815 0.93313
1661398714.695146084 -0.18239 7.97949 1.07546 -0.08477 -0.23665 -0.25796 0.93288
1661398714.705146074 -0.17916 7.98104 1.07606 -0.08488 -0.23776 -0.25772 0.93266
1661398714.715146065 -0.17604 7.98251 1.07665 -0.08501 -0.23884 -0.25744 0.93245
1661398714.725146055 -0.17303 7.98388 1.07722 -0.08514 -0.23985 -0.25713 0.93226
1661398714.735146046 -0.17017 7.98513 1.07778 -0.08527 -0.24078 -0.25679 0.93210
1661398714.745146036 -0.16745 7.98625 1.07833 -0.08539 -0.24162 -0.25644 0.93197
1661398714.755146027 -0.16487 7.98723 1.07885 -0.08551 -0.24234 -0.25608 0.93187
1661398714.765146017 -0.16239 7.98817 1.07936 -0.08564 -0.24293 -0.25574 0.93180
1661398714.775146008 -0.15992 7.98918 1.07983 -0.08578 -0.24336 -0.25543 0.93176
1661398714.785145998 -0.15739 7.99037 1.08026 -0.08595 -0.24362 -0.25520 0.93174
1661398714.795145988 -0.15473 7.99186 1.08065 -0.08616 -0.24370 -0.25507 0.93173
1661398714.805145979 -0.15189 7.99371 1.08098 -0.08641 -0.24357 -0.25505 0.93175
1661398714.815145969 -0.14890 7.99587 1.08126 -0.08670 -0.24326 -0.25512 0.93178
1661398714.825145960 -0.14582 7.99821 1.08149 -0.08702 -0.24279 -0.25526 0.93184
1661398714.835146189 -0.14269 8.00064 1.08165 -0.08736 -0.24217 -0.25543 0.93192
1661398714.845145941 -0.13959 8.00304 1.08174 -0.08772 -0.24143 -0.25562 0.93203
1661398714.855146170 -0.13655 8.00532 1.08177 -0.08808 -0.24058 -0.25579 0.93216
1661398714.865145922 -0.13357 8.00748 1.08173 -0.08843 -0.23966 -0.25596 0.93232
1661398714.875146151 -0.13066 8.00955 1.08164 -0.08880 -0.23870 -0.25611 0.93249
1661398714.885145903 -0.12781 8.01153 1.08150 -0.08916 -0.23772 -0.25627 0.93267
1661398714.895146132 -0.12501 8.01346 1.08132 -0.08952 -0.23676 -0.25643 0.93283
1661398714.905145884 -0.12227 8.01534 1.08111 -0.08989 -0.23584 -0.25660 0.93298
1661398714.915146112 -0.11958 8.01719 1.08087 -0.09025 -0.23500 -0.25679 0.93311
1661398714.925145864 -0.11692 8.01904 1.08060 -0.09062 -0.23426 -0.25700 0.93320
1661398714.935146093 -0.11431 8.02091 1.08032 -0.09099 -0.23366 -0.25725 0.93325
1661398714.945145845 -0.11174 8.02281 1.08004 -0.09136 -0.23322 -0.25752 0.93324
1661398714.955146074 -0.10919 8.02475 1.07975 -0.09172 -0.23297 -0.25784 0.93318
1661398714.965146065 -0.10668 8.02675 1.07946 -0.09209 -0.23289 -0.25819 0.93307
1661398714.975146055 -0.10420 8.02880 1.07917 -0.09244 -0.23296 -0.25857 0.93291
1661398714.985146046 -0.10174 8.03090 1.07888 -0.09279 -0.23313 -0.25898 0.93272
1661398714.995146036 -0.09931 8.03306 1.07860 -0.09312 -0.23340 -0.25942 0.93250
1661398715.005146027 -0.09690 8.03527 1.07831 -0.09343 -0.23372 -0.25987 0.93226
1661398715.015146017 -0.09451 8.03753 1.07802 -0.09373 -0.23408 -0.26034 0.93201
1661398715.025146008 -0.09214 8.03985 1.07773 -0.09399 -0.23445 -0.26081 0.93176
1661398715.035145998 -0.08978 8.04222 1.07744 -0.09422 -0.23479 -0.26130 0.93151
1661398715.045145988 -0.08745 8.04465 1.07715 -0.09442 -0.23509 -0.26178 0.93128
1661398715.055145979 -0.08512 8.04714 1.07686 -0.09459 -0.23531 -0.26226 0.93107
1661398715.065145969 -0.08280 8.04969 1.07657 -0.09472 -0.23547 -0.26274 0.93089
1661398715.075146198 -0.08049 8.05231 1.07629 -0.09482 -0.23555 -0.26321 0.93072
1661398715.085145950 -0.07818 8.05500 1.07602 -0.09489 -0.23558 -0.26368 0.93058
1661398715.095146179 -0.07585 8.05777 1.07575 -0.09493 -0.23554 -0.26415 0.93045
1661398715.105145931 -0.07352 8.06063 1.07550 -0.09495 -0.23545 -0.26461 0.93034
1661398715.115146160 -0.07117 8.06358 1.07526 -0.09496 -0.23531 -0.26506 0.93025
1661398715.125145912 -0.06879 8.06664 1.07505 -0.09494 -0.23512 -0.26551 0.93017
1661398715.135146141 -0.06638 8.06979 1.07485 -0.09492 -0.23488 -0.26595 0.93010
1661398715.145145893 -0.06394 8.07306 1.07467 -0.09488 -0.23461 -0.26638 0.93005
1661398715.155146122 -0.06147 8.07645 1.07452 -0.09484 -0.23430 -0.26681 0.93001
1661398715.165145874 -0.05896 8.07994 1.07439 -0.09479 -0.23396 -0.26723 0.92998
1661398715.175146103 -0.05642 8.08353 1.07428 -0.09474 -0.23359 -0.26765 0.92996
1661398715.185145855 -0.05385 8.08720 1.07419 -0.09469 -0.23320 -0.26807 0.92994
1661398715.195146084 -0.05127 8.09095 1.07412 -0.09463 -0.23280 -0.26848 0.92993
1661398715.205146074 -0.04867 8.09476 1.07406 -0.09458 -0.23239 -0.26889 0.92992
1661398715.215146065 -0.04606 8.09862 1.07402 -0.09452 -0.23197 -0.26931 0.92991
1661398715.225146055 -0.04344 8.10253 1.07398 -0.09447 -0.23156 -0.26973 0.92989
1661398715.235146046 -0.04083 8.10647 1.07396 -0.09442 -0.23114 -0.27016 0.92988
1661398715.245146036 -0.03822 8.11042 1.07394 -0.09438 -0.23074 -0.27059 0.92986
1661398715.255146027 -0.03561 8.11439 1.07392 -0.09435 -0.23036 -0.27103 0.92983
1661398715.265146017 -0.03301 8.11838 1.07391 -0.09431 -0.22999 -0.27148 0.92979
1661398715.275146008 -0.03042 8.12238 1.07391 -0.09425 -0.22965 -0.27193 0.92975
1661398715.285145998 -0.02782 8.12641 1.07392 -0.09417 -0.22933 -0.27240 0.92970
1661398715.295145988 -0.02522 8.13047 1.07395 -0.09405 -0.22904 -0.27287 0.92964
1661398715.305145979 -0.02262 8.13457 1.07399 -0.09388 -0.22879 -0.27335 0.92958
1661398715.315145969 -0.02000 8.13870 1.07405 -0.09365 -0.22857 -0.27384 0.92951
1661398715.325145960 -0.01738 8.14289 1.07414 -0.09335 -0.22840 -0.27434 0.92944
1661398715.335146189 -0.01474 8.14712 1.07424 -0.09296 -0.22827 -0.27484 0.92936
1661398715.345145941 -0.01208 8.15142 1.07438 -0.09248 -0.22819 -0.27536 0.92928
1661398715.355146170 -0.00940 8.15577 1.07454 -0.09190 -0.22816 -0.27588 0.92919
1661398715.365145922 -0.00670 8.16018 1.07473 -0.09123 -0.22816 -0.27641 0.92910
1661398715.375146151 -0.00398 8.16465 1.07493 -0.09050 -0.22819 -0.27694 0.92900
1661398715.385145903 -0.00123 8.16915 1.07516 -0.08973 -0.22823 -0.27746 0.92891
1661398715.395146132 0.00154 8.17370 1.07540 -0.08894 -0.22827 -0.27797 0.92883
1661398715.405145884 0.00433 8.17827 1.07564 -0.08814 -0.22830 -0.27846 0.92875
1661398715.415146112 0.00715 8.18288 1.07589 -0.08737 -0.22829 -0.27894 0.92868
1661398715.425145864 0.01000 8.18750 1.07615 -0.08664 -0.22825 -0.27939 0.92862
1661398715.435146093 0.01288 8.19213 1.07640 -0.08597 -0.22814 -0.27981 0.92858
1661398715.445145845 0.01578 8.19677 1.07665 -0.08538 -0.22797 -0.28020 0.92856
1661398715.455146074 0.01871 8.20142 1.07688 -0.08490 -0.22773 -0.28056 0.92856
1661398715.465146065 0.02167 8.20607 1.07711 -0.08451 -0.22741 -0.28088 0.92857
1661398715.475146055 0.02464 8.21073 1.07732 -0.08421 -0.22705 -0.28116 0.92860
1661398715.485146046 0.02763 8.21541 1.07753 -0.08400 -0.22667 -0.28142 0.92864
1661398715.495146036 0.03063 8.22012 1.07773 -0.08385 -0.22627 -0.28164 0.92868
1661398715.505146027 0.03362 8.22484 1.07792 -0.08377 -0.22587 -0.28184 0.92872
1661398715.515146017 0.03661 8.22961 1.07810 -0.08375 -0.22550 -0.28202 0.92876
1661398715.525146008 0.03960 8.23441 1.07827 -0.08378 -0.22518 -0.28218 0.92879
1661398715.535145998 0.04256 8.23925 1.07843 -0.08385 -0.22491 -0.28232 0.92881
1661398715.545145988 0.04551 8.24414 1.07859 -0.08395 -0.22472 -0.28244 0.92881
1661398715.555145979 0.04843 8.24908 1.07874 -0.08407 -0.22462 -0.28255 0.92879
1661398715.565145969 0.05133 8.25407 1.07888 -0.08421 -0.22459 -0.28265 0.92875
1661398715.575146198 0.05420 8.25910 1.07901 -0.08434 -0.22463 -0.28273 0.92871
1661398715.585145950 0.05704 8.26415 1.07912 -0.08446 -0.22472 -0.28279 0.92866
1661398715.595146179 0.05987 8.26923 1.07921 -0.08455 -0.22483 -0.28283 0.92861
1661398715.605145931 0.06267 8.27431 1.07928 -0.08459 -0.22496 -0.28285 0.92856
1661398715.615146160 0.06545 8.27941 1.07932 -0.08458 -0.22509 -0.28286 0.92853
1661398715.625145912 0.06821 8.28450 1.07934 -0.08450 -0.22520 -0.28283 0.92852
1661398715.635146141 0.07095 8.28958 1.07933 -0.08433 -0.22528 -0.28279 0.92853
1661398715.645145893 0.07367 8.29464 1.07929 -0.08407 -0.22530 -0.28272 0.92857
1661398715.655146122 0.07638 8.29967 1.07921 -0.08371 -0.22526 -0.28262 0.92864
1661398715.665145874 0.07907 8.30468 1.07911 -0.08324 -0.22517 -0.28251 0.92874
1661398715.675146103 0.08174 8.30966 1.07901 -0.08270 -0.22503 -0.28238 0.92886
1661398715.685145855 0.08441 8.31463 1.07890 -0.08208 -0.22485 -0.28224 0.92900
1661398715.695146084 0.08706 8.31957 1.07881 -0.08141 -0.22463 -0.28211 0.92915
1661398715.705146074 0.08971 8.32450 1.07875 -0.08070 -0.22440 -0.28198 0.92931
1661398715.715146065 0.09236 8.32942 1.07874 -0.07997 -0.22416 -0.28186 0.92947
1661398715.725146055 0.09500 8.33432 1.07878 -0.07922 -0.22391 -0.28176 0.92962
1661398715.735146046 0.09765 8.33922 1.07889 -0.07847 -0.22367 -0.28169 0.92976
1661398715.745146036 0.10030 8.34410 1.07908 -0.07773 -0.22345 -0.28166 0.92989
1661398715.755146027 0.10296 8.34899 1.07935 -0.07702 -0.22325 -0.28166 0.93000
1661398715.765146017 0.10562 8.35386 1.07971 -0.07635 -0.22307 -0.28169 0.93009
1661398715.775146008 0.10829 8.35873 1.08012 -0.07571 -0.22291 -0.28175 0.93016
1661398715.785145998 0.11096 8.36359 1.08056 -0.07510 -0.22276 -0.28184 0.93022
1661398715.795145988 0.11363 8.36844 1.08102 -0.07454 -0.22262 -0.28195 0.93026
1661398715.805145979 0.11630 8.37328 1.08147 -0.07403 -0.22249 -0.28207 0.93030
1661398715.815145969 0.11898 8.37811 1.08190 -0.07356 -0.22236 -0.28220 0.93033
1661398715.825145960 0.12165 8.38292 1.08228 -0.07314 -0.22223 -0.28233 0.93035
1661398715.835146189 0.12432 8.38771 1.08260 -0.07278 -0.22210 -0.28245 0.93037
1661398715.845145941 0.12698 8.39249 1.08283 -0.07248 -0.22195 -0.28258 0.93040
1661398715.855146170 0.12965 8.39725 1.08296 -0.07224 -0.22179 -0.28268 0.93042
1661398715.865145922 0.13230 8.40198 1.08300 -0.07206 -0.22162 -0.28278 0.93045
1661398715.875146151 0.13496 8.40667 1.08295 -0.07196 -0.22143 -0.28286 0.93047
1661398715.885145903 0.13760 8.41131 1.08282 -0.07192 -0.22122 -0.28292 0.93051
1661398715.895146132 0.14025 8.41590 1.08263 -0.07196 -0.22098 -0.28297 0.93055
1661398715.905145884 0.14289 8.42042 1.08238 -0.07209 -0.22072 -0.28300 0.93059
1661398715.915146112 0.14552 8.42487 1.08208 -0.07230 -0.22042 -0.28301 0.93064
1661398715.925145864 0.14815 8.42923 1.08174 -0.07259 -0.22010 -0.28300 0.93070
1661398715.935146093 0.15078 8.43350 1.08138 -0.07298 -0.21974 -0.28297 0.93076
1661398715.945145845 0.15340 8.43766 1.08100 -0.07347 -0.21934 -0.28292 0.93083
1661398715.955146074 0.15602 8.44172 1.08061 -0.07405 -0.21891 -0.28284 0.93091
1661398715.965146065 0.15863 8.44568 1.08021 -0.07473 -0.21844 -0.28275 0.93100
1661398715.975146055 0.16124 8.44954 1.07981 -0.07548 -0.21796 -0.28263 0.93108
1661398715.985146046 0.16385 8.45332 1.07942 -0.07629 -0.21748 -0.28249 0.93117
1661398715.995146036 0.16647 8.45703 1.07903 -0.07716 -0.21701 -0.28234 0.93125
1661398716.005146027 0.16908 8.46068 1.07865 -0.07808 -0.21657 -0.28218 0.93133
1661398716.015146017 0.17169 8.46427 1.07829 -0.07902 -0.21616 -0.28199 0.93140
1661398716.025146008 0.17431 8.46783 1.07795 -0.07999 -0.21580 -0.28180 0.93146
1661398716.035145998 0.17694 8.47135 1.07762 -0.08096 -0.21551 -0.28159 0.93151
1661398716.045145988 0.17957 8.47485 1.07733 -0.08193 -0.21529 -0.28137 0.93154
1661398716.055145979 0.18220 8.47834 1.07706 -0.08289 -0.21515 -0.28115 0.93156
1661398716.065145969 0.18485 8.48181 1.07682 -0.08383 -0.21509 -0.28092 0.93155
1661398716.075146198 0.18752 8.48528 1.07659 -0.08477 -0.21510 -0.28069 0.93154
1661398716.085145950 0.19020 8.48874 1.07638 -0.08569 -0.21517 -0.28047 0.93150
1661398716.095146179 0.19291 8.49220 1.07618 -0.08661 -0.21528 -0.28026 0.93145
1661398716.105145931 0.19564 8.49564 1.07598 -0.08752 -0.21543 -0.28007 0.93139
1661398716.115146160 0.19840 8.49909 1.07579 -0.08843 -0.21560 -0.27991 0.93132
1661398716.125145912 0.20120 8.50254 1.07558 -0.08934 -0.21578 -0.27978 0.93123
1661398716.135146141 0.20403 8.50598 1.07537 -0.09024 -0.21597 -0.27968 0.93113
1661398716.145145893 0.20691 8.50943 1.07513 -0.09115 -0.21614 -0.27962 0.93101
1661398716.155146122 0.20983 8.51287 1.07488 -0.09206 -0.21630 -0.27960 0.93089
1661398716.165145874 0.21279 8.51633 1.07460 -0.09296 -0.21645 -0.27963 0.93076
1661398716.175146103 0.21579 8.51979 1.07430 -0.09386 -0.21660 -0.27969 0.93062
1661398716.185145855 0.21883 8.52325 1.07398 -0.09473 -0.21676 -0.27979 0.93046
1661398716.195146084 0.22190 8.52673 1.07363 -0.09558 -0.21693 -0.27992 0.93030
1661398716.205146074 0.22499 8.53021 1.07326 -0.09640 -0.21712 -0.28007 0.93012
1661398716.215146065 0.22811 8.53371 1.07285 -0.09717 -0.21734 -0.28025 0.92993
1661398716.225146055 0.23124 8.53723 1.07243 -0.09790 -0.21761 -0.28044 0.92974
1661398716.235146046 0.23440 8.54075 1.07197 -0.09857 -0.21793 -0.28065 0.92953
1661398716.245146036 0.23756 8.54430 1.07149 -0.09918 -0.21830 -0.28087 0.92931
1661398716.255146027 0.24073 8.54787 1.07097 -0.09972 -0.21874 -0.28109 0.92908
1661398716.265146017 0.24392 8.55145 1.07043 -0.10018 -0.21924 -0.28131 0.92885
1661398716.275146008 0.24713 8.55505 1.06986 -0.10057 -0.21978 -0.28152 0.92862
1661398716.285145998 0.25035 8.55866 1.06927 -0.10087 -0.22036 -0.28172 0.92839
1661398716.295145988 0.25360 8.56229 1.06866 -0.10108 -0.22096 -0.28190 0.92817
1661398716.305145979 0.25688 8.56593 1.06804 -0.10120 -0.22157 -0.28206 0.92796
1661398716.315145969 0.26020 8.56958 1.06739 -0.10122 -0.22219 -0.28218 0.92777
1661398716.325145960 0.26355 8.57324 1.06673 -0.10113 -0.22280 -0.28227 0.92761
1661398716.335146189 0.26694 8.57690 1.06606 -0.10094 -0.22339 -0.28232 0.92747
1661398716.345145941 0.27038 8.58058 1.06538 -0.10063 -0.22395 -0.28231 0.92737
1661398716.355146170 0.27387 8.58425 1.06469 -0.10021 -0.22448 -0.28225 0.92731
1661398716.365145922 0.27741 8.58794 1.06400 -0.09968 -0.22495 -0.28215 0.92728
1661398716.375146151 0.28100 8.59162 1.06332 -0.09907 -0.22536 -0.28202 0.92729
1661398716.385145903 0.28464 8.59531 1.06266 -0.09837 -0.22570 -0.28188 0.92732
1661398716.395146132 0.28832 8.59900 1.06203 -0.09760 -0.22596 -0.28173 0.92739
1661398716.405145884 0.29205 8.60270 1.06143 -0.09678 -0.22613 -0.28160 0.92747
1661398716.415146112 0.29583 8.60640 1.06088 -0.09592 -0.22619 -0.28149 0.92758
1661398716.425145864 0.29964 8.61009 1.06037 -0.09503 -0.22614 -0.28143 0.92770
1661398716.435146093 0.30351 8.61379 1.05993 -0.09413 -0.22596 -0.28142 0.92784
1661398716.445145845 0.30741 8.61749 1.05956 -0.09322 -0.22565 -0.28147 0.92799
1661398716.455146074 0.31135 8.62118 1.05926 -0.09232 -0.22519 -0.28162 0.92814
1661398716.465146065 0.31530 8.62476 1.05903 -0.09142 -0.22456 -0.28193 0.92830
1661398716.475146055 0.31922 8.62814 1.05884 -0.09051 -0.22372 -0.28246 0.92843
1661398716.485146046 0.32308 8.63122 1.05869 -0.08957 -0.22264 -0.28329 0.92852
1661398716.495146036 0.32687 8.63407 1.05862 -0.08860 -0.22141 -0.28431 0.92860
1661398716.505146027 0.33060 8.63686 1.05869 -0.08761 -0.22017 -0.28534 0.92867
1661398716.515146017 0.33427 8.63974 1.05900 -0.08660 -0.21904 -0.28618 0.92877
1661398716.525146008 0.33789 8.64281 1.05955 -0.08558 -0.21812 -0.28676 0.92891
1661398716.535145998 0.34146 8.64598 1.06028 -0.08455 -0.21738 -0.28711 0.92906
1661398716.545145988 0.34500 8.64919 1.06112 -0.08352 -0.21682 -0.28734 0.92922
1661398716.555145979 0.34849 8.65238 1.06201 -0.08250 -0.21641 -0.28748 0.92936
1661398716.565145969 0.35196 8.65554 1.06292 -0.08150 -0.21614 -0.28758 0.92948
1661398716.575146198 0.35539 8.65868 1.06386 -0.08054 -0.21598 -0.28763 0.92959
1661398716.585145950 0.35880 8.66182 1.06481 -0.07963 -0.21593 -0.28764 0.92967
1661398716.595146179 0.36219 8.66498 1.06577 -0.07878 -0.21596 -0.28764 0.92974
1661398716.605145931 0.36556 8.66815 1.06672 -0.07801 -0.21606 -0.28762 0.92979
1661398716.615146160 0.36890 8.67137 1.06767 -0.07733 -0.21620 -0.28759 0.92982
1661398716.625145912 0.37224 8.67463 1.06860 -0.07675 -0.21638 -0.28757 0.92983
1661398716.635146141 0.37556 8.67795 1.06950 -0.07629 -0.21657 -0.28757 0.92983
1661398716.645145893 0.37888 8.68135 1.07038 -0.07596 -0.21676 -0.28759 0.92981
1661398716.655146122 0.38219 8.68483 1.07121 -0.07577 -0.21693 -0.28764 0.92977
1661398716.665145874 0.38551 8.68836 1.07198 -0.07574 -0.21710 -0.28771 0.92971
1661398716.675146103 0.38883 8.69190 1.07266 -0.07586 -0.21727 -0.28777 0.92964
1661398716.685145855 0.39216 8.69543 1.07324 -0.07614 -0.21746 -0.28781 0.92956
1661398716.695146084 0.39551 8.69891 1.07368 -0.07660 -0.21769 -0.28781 0.92947
1661398716.705146074 0.39887 8.70232 1.07398 -0.07722 -0.21795 -0.28775 0.92937
1661398716.715146065 0.40221 8.70565 1.07417 -0.07800 -0.21823 -0.28763 0.92928
1661398716.725146055 0.40551 8.70892 1.07429 -0.07889 -0.21850 -0.28745 0.92920
1661398716.735146046 0.40871 8.71213 1.07440 -0.07987 -0.21872 -0.28721 0.92914
1661398716.745146036 0.41178 8.71531 1.07453 -0.08092 -0.21886 -0.28691 0.92911
1661398716.755146027 0.41470 8.71846 1.07473 -0.08200 -0.21891 -0.28654 0.92911
1661398716.765146017 0.41747 8.72158 1.07500 -0.08310 -0.21887 -0.28614 0.92915
1661398716.775146008 0.42012 8.72466 1.07532 -0.08422 -0.21876 -0.28570 0.92921
1661398716.785145998 0.42268 8.72772 1.07569 -0.08535 -0.21861 -0.28525 0.92928
1661398716.795145988 0.42515 8.73075 1.07609 -0.08647 -0.21843 -0.28481 0.92935
1661398716.805145979 0.42757 8.73374 1.07652 -0.08758 -0.21825 -0.28439 0.92942
1661398716.815145969 0.42996 8.73670 1.07696 -0.08867 -0.21809 -0.28400 0.92947
1661398716.825145960 0.43234 8.73963 1.07742 -0.08974 -0.21797 -0.28367 0.92950
1661398716.835146189 0.43472 8.74253 1.07787 -0.09076 -0.21791 -0.28340 0.92949
1661398716.845145941 0.43714 8.74538 1.07831 -0.09174 -0.21793 -0.28322 0.92945
1661398716.855146170 0.43961 8.74821 1.07873 -0.09267 -0.21805 -0.28315 0.92935
1661398716.865145922 0.44213 8.75100 1.07914 -0.09353 -0.21826 -0.28316 0.92921
1661398716.875146151 0.44469 8.75376 1.07952 -0.09433 -0.21856 -0.28326 0.92903
1661398716.885145903 0.44727 8.75648 1.07988 -0.09506 -0.21893 -0.28342 0.92882
1661398716.895146132 0.44988 8.75918 1.08023 -0.09572 -0.21938 -0.28365 0.92858
1661398716.905145884 0.45250 8.76185 1.08055 -0.09630 -0.21989 -0.28393 0.92831
1661398716.915146112 0.45512 8.76450 1.08085 -0.09680 -0.22045 -0.28425 0.92803
1661398716.925145864 0.45773 8.76712 1.08114 -0.09721 -0.22106 -0.28460 0.92773
1661398716.935146093 0.46034 8.76972 1.08140 -0.09753 -0.22172 -0.28497 0.92743
1661398716.945145845 0.46292 8.77230 1.08165 -0.09775 -0.22240 -0.28535 0.92712
1661398716.955146074 0.46547 8.77486 1.08188 -0.09787 -0.22311 -0.28573 0.92682
1661398716.965146065 0.46799 8.77741 1.08208 -0.09791 -0.22383 -0.28612 0.92653
1661398716.975146055 0.47049 8.77995 1.08225 -0.09787 -0.22455 -0.28651 0.92624
1661398716.985146046 0.47297 8.78249 1.08240 -0.09777 -0.22525 -0.28691 0.92595
1661398716.995146036 0.47543 8.78504 1.08250 -0.09763 -0.22593 -0.28733 0.92567
1661398717.005146027 0.47788 8.78760 1.08257 -0.09745 -0.22657 -0.28777 0.92540
1661398717.015146017 0.48032 8.79018 1.08259 -0.09726 -0.22715 -0.28824 0.92513
1661398717.025146008 0.48276 8.79279 1.08255 -0.09707 -0.22766 -0.28874 0.92487
1661398717.035145998 0.48519 8.79543 1.08247 -0.09688 -0.22809 -0.28927 0.92462
1661398717.045145988 0.48762 8.79811 1.08232 -0.09672 -0.22842 -0.28984 0.92437
1661398717.055145979 0.49005 8.80083 1.08212 -0.09660 -0.22865 -0.29046 0.92413
1661398717.065145969 0.49250 8.80359 1.08186 -0.09651 -0.22878 -0.29111 0.92390
1661398717.075146198 0.49496 8.80640 1.08157 -0.09646 -0.22882 -0.29181 0.92368
1661398717.085145950 0.49745 8.80925 1.08125 -0.09642 -0.22876 -0.29254 0.92347
1661398717.095146179 0.49996 8.81214 1.08092 -0.09642 -0.22863 -0.29330 0.92326
1661398717.105145931 0.50251 8.81507 1.08060 -0.09642 -0.22842 -0.29410 0.92306
1661398717.115146160 0.50510 8.81804 1.08029 -0.09645 -0.22814 -0.29493 0.92286
1661398717.125145912 0.50774 8.82104 1.08001 -0.09648 -0.22780 -0.29578 0.92267
1661398717.135146141 0.51043 8.82409 1.07977 -0.09652 -0.22740 -0.29666 0.92248
1661398717.145145893 0.51318 8.82717 1.07958 -0.09656 -0.22696 -0.29756 0.92229
1661398717.155146122 0.51599 8.83028 1.07946 -0.09660 -0.22647 -0.29848 0.92211
1661398717.165145874 0.51887 8.83344 1.07939 -0.09663 -0.22595 -0.29941 0.92194
1661398717.175146103 0.52180 8.83664 1.07937 -0.09664 -0.22541 -0.30034 0.92176
1661398717.185145855 0.52479 8.83989 1.07937 -0.09664 -0.22485 -0.30128 0.92159
1661398717.195146084 0.52783 8.84319 1.07939 -0.09662 -0.22430 -0.30221 0.92143
1661398717.205146074 0.53092 8.84656 1.07942 -0.09657 -0.22375 -0.30312 0.92126
1661398717.215146065 0.53405 8.85000 1.07944 -0.09649 -0.22323 -0.30402 0.92110
1661398717.225146055 0.53722 8.85350 1.07943 -0.09638 -0.22274 -0.30489 0.92095
1661398717.235146046 0.54044 8.85709 1.07939 -0.09622 -0.22228 -0.30572 0.92080
1661398717.245146036 0.54369 8.86075 1.07930 -0.09602 -0.22188 -0.30651 0.92065
1661398717.255146027 0.54697 8.86450 1.07916 -0.09576 -0.22154 -0.30726 0.92051
1661398717.265146017 0.55028 8.86834 1.07896 -0.09546 -0.22125 -0.30797 0.92038
1661398717.275146008 0.55363 8.87225 1.07872 -0.09512 -0.22099 -0.30863 0.92025
1661398717.285145998 0.55701 8.87623 1.07845 -0.09473 -0.22076 -0.30926 0.92014
1661398717.295145988 0.56043 8.88028 1.07816 -0.09429 -0.22054 -0.30985 0.92003
1661398717.305145979 0.56388 8.88438 1.07786 -0.09382 -0.22032 -0.31042 0.91994
1661398717.315145969 0.56736 8.88855 1.07755 -0.09330 -0.22009 -0.31095 0.91987
1661398717.325145960 0.57088 8.89276 1.07724 -0.09275 -0.21983 -0.31146 0.91982
1661398717.335146189 0.57443 8.89702 1.07695 -0.09217 -0.21953 -0.31196 0.91978
1661398717.345145941 0.57802 8.90132 1.07668 -0.09155 -0.21917 -0.31243 0.91977
1661398717.355146170 0.58165 8.90566 1.07645 -0.09090 -0.21876 -0.31289 0.91977
1661398717.365145922 0.58530 8.91001 1.07625 -0.09023 -0.21829 -0.31333 0.91980
1661398717.375146151 0.58898 8.91439 1.07608 -0.08955 -0.21778 -0.31377 0.91984
1661398717.385145903 0.59266 8.91878 1.07594 -0.08888 -0.21723 -0.31419 0.91989
1661398717.395146132 0.59635 8.92316 1.07583 -0.08822 -0.21666 -0.31461 0.91994
1661398717.405145884 0.60002 8.92754 1.07575 -0.08759 -0.21606 -0.31503 0.92000
1661398717.415146112 0.60369 8.93191 1.07570 -0.08701 -0.21546 -0.31544 0.92006
1661398717.425145864 0.60732 8.93625 1.07567 -0.08647 -0.21487 -0.31585 0.92011
1661398717.435146093 0.61093 8.94055 1.07567 -0.08600 -0.21428 -0.31626 0.92015
1661398717.445145845 0.61449 8.94482 1.07570 -0.08561 -0.21371 -0.31667 0.92017
1661398717.455146074 0.61800 8.94904 1.07575 -0.08530 -0.21318 -0.31709 0.92018
1661398717.465146065 0.62147 8.95322 1.07582 -0.08506 -0.21266 -0.31751 0.92018
1661398717.475146055 0.62491 8.95738 1.07591 -0.08488 -0.21214 -0.31793 0.92017
1661398717.485146046 0.62831 8.96152 1.07602 -0.08474 -0.21163 -0.31833 0.92016
1661398717.495146036 0.63169 8.96565 1.07615 -0.08462 -0.21109 -0.31873 0.92016
1661398717.505146027 0.63506 8.96979 1.07629 -0.08451 -0.21053 -0.31910 0.92017
1661398717.515146017 0.63842 8.97395 1.07644 -0.08439 -0.20993 -0.31946 0.92019
1661398717.525146008 0.64178 8.97814 1.07661 -0.08424 -0.20927 -0.31978 0.92024
1661398717.535145998 0.64515 8.98237 1.07679 -0.08405 -0.20855 -0.32008 0.92032
1661398717.545145988 0.64853 8.98666 1.07697 -0.08381 -0.20776 -0.32034 0.92043
1661398717.555145979 0.65192 8.99100 1.07717 -0.08349 -0.20688 -0.32056 0.92058
1661398717.565145969 0.65534 8.99540 1.07736 -0.08312 -0.20595 -0.32073 0.92076
1661398717.575146198 0.65877 8.99985 1.07756 -0.08271 -0.20498 -0.32086 0.92097
1661398717.585145950 0.66221 9.00435 1.07777 -0.08228 -0.20403 -0.32095 0.92119
1661398717.595146179 0.66566 9.00888 1.07797 -0.08185 -0.20310 -0.32099 0.92142
1661398717.605145931 0.66912 9.01345 1.07817 -0.08143 -0.20224 -0.32097 0.92165
1661398717.615146160 0.67257 9.01805 1.07836 -0.08104 -0.20148 -0.32091 0.92188
1661398717.625145912 0.67603 9.02267 1.07856 -0.08070 -0.20084 -0.32079 0.92209
1661398717.635146141 0.67948 9.02730 1.07874 -0.08043 -0.20035 -0.32062 0.92228
1661398717.645145893 0.68292 9.03194 1.07892 -0.08025 -0.20006 -0.32039 0.92244
1661398717.655146122 0.68635 9.03658 1.07909 -0.08016 -0.19997 -0.32010 0.92256
1661398717.665145874 0.68976 9.04123 1.07925 -0.08017 -0.20007 -0.31976 0.92266
1661398717.675146103 0.69315 9.04588 1.07941 -0.08024 -0.20035 -0.31937 0.92273
1661398717.685145855 0.69651 9.05052 1.07956 -0.08037 -0.20078 -0.31893 0.92278
1661398717.695146084 0.69984 9.05517 1.07972 -0.08054 -0.20133 -0.31845 0.92281
1661398717.705146074 0.70313 9.05981 1.07989 -0.08074 -0.20198 -0.31792 0.92283
1661398717.715146065 0.70637 9.06444 1.08006 -0.08095 -0.20272 -0.31737 0.92284
1661398717.725146055 0.70957 9.06907 1.08024 -0.08116 -0.20352 -0.31678 0.92285
1661398717.735146046 0.71271 9.07369 1.08044 -0.08134 -0.20435 -0.31616 0.92286
1661398717.745146036 0.71579 9.07830 1.08066 -0.08149 -0.20519 -0.31551 0.92288
1661398717.755146027 0.71880 9.08289 1.08089 -0.08160 -0.20602 -0.31484 0.92291
1661398717.765146017 0.72177 9.08747 1.08114 -0.08166 -0.20684 -0.31416 0.92296
1661398717.775146008 0.72469 9.09202 1.08139 -0.08170 -0.20762 -0.31346 0.92302
1661398717.785145998 0.72759 9.09652 1.08165 -0.08172 -0.20836 -0.31275 0.92309
1661398717.795145988 0.73048 9.10098 1.08190 -0.08175 -0.20905 -0.31203 0.92317
1661398717.805145979 0.73338 9.10539 1.08213 -0.08178 -0.20968 -0.31131 0.92327
1661398717.815145969 0.73629 9.10972 1.08235 -0.08183 -0.21024 -0.31059 0.92338
1661398717.825145960 0.73924 9.11398 1.08254 -0.08192 -0.21071 -0.30988 0.92351
1661398717.835146189 0.74223 9.11816 1.08269 -0.08205 -0.21110 -0.30917 0.92365
1661398717.845145941 0.74527 9.12224 1.08281 -0.08224 -0.21138 -0.30847 0.92380
1661398717.855146170 0.74839 9.12622 1.08288 -0.08251 -0.21155 -0.30779 0.92396
1661398717.865145922 0.75157 9.13010 1.08291 -0.08283 -0.21162 -0.30712 0.92414
1661398717.875146151 0.75481 9.13388 1.08289 -0.08323 -0.21160 -0.30646 0.92433
1661398717.885145903 0.75808 9.13756 1.08284 -0.08368 -0.21150 -0.30581 0.92453
1661398717.895146132 0.76138 9.14115 1.08275 -0.08418 -0.21132 -0.30516 0.92473
1661398717.905145884 0.76471 9.14464 1.08263 -0.08474 -0.21109 -0.30452 0.92495
1661398717.915146112 0.76804 9.14805 1.08248 -0.08534 -0.21081 -0.30387 0.92517
1661398717.925145864 0.77138 9.15137 1.08230 -0.08599 -0.21049 -0.30322 0.92539
1661398717.935146093 0.77470 9.15460 1.08209 -0.08667 -0.21015 -0.30257 0.92562
1661398717.945145845 0.77800 9.15776 1.08186 -0.08740 -0.20979 -0.30191 0.92585
1661398717.955146074 0.78126 9.16083 1.08161 -0.08815 -0.20942 -0.30123 0.92608
1661398717.965146065 0.78451 9.16383 1.08135 -0.08892 -0.20906 -0.30056 0.92631
1661398717.975146055 0.78774 9.16677 1.08107 -0.08971 -0.20872 -0.29989 0.92653
1661398717.985146046 0.79096 9.16966 1.08078 -0.09051 -0.20841 -0.29923 0.92673
1661398717.995146036 0.79418 9.17251 1.08048 -0.09129 -0.20813 -0.29859 0.92693
1661398718.005146027 0.79741 9.17532 1.08019 -0.09207 -0.20791 -0.29798 0.92710
1661398718.015146017 0.80066 9.17811 1.07989 -0.09282 -0.20775 -0.29740 0.92724
1661398718.025146008 0.80394 9.18089 1.07959 -0.09353 -0.20767 -0.29686 0.92736
1661398718.035145998 0.80725 9.18366 1.07930 -0.09420 -0.20768 -0.29637 0.92745
1661398718.045145988 0.81061 9.18644 1.07903 -0.09483 -0.20778 -0.29594 0.92750
1661398718.055145979 0.81402 9.18923 1.07876 -0.09539 -0.20799 -0.29556 0.92751
1661398718.065145969 0.81748 9.19202 1.07851 -0.09589 -0.20828 -0.29525 0.92750
1661398718.075146198 0.82100 9.19481 1.07826 -0.09634 -0.20865 -0.29498 0.92745
1661398718.085145950 0.82456 9.19759 1.07801 -0.09674 -0.20905 -0.29476 0.92739
1661398718.095146179 0.82817 9.20036 1.07776 -0.09709 -0.20948 -0.29457 0.92732
1661398718.105145931 0.83184 9.20309 1.07750 -0.09739 -0.20991 -0.29441 0.92724
1661398718.115146160 0.83555 9.20580 1.07724 -0.09766 -0.21031 -0.29427 0.92717
1661398718.125145912 0.83930 9.20846 1.07696 -0.09788 -0.21068 -0.29414 0.92710
1661398718.135146141 0.84311 9.21107 1.07666 -0.09807 -0.21097 -0.29401 0.92705
1661398718.145145893 0.84696 9.21362 1.07634 -0.09822 -0.21118 -0.29389 0.92703
1661398718.155146122 0.85085 9.21610 1.07600 -0.09834 -0.21129 -0.29375 0.92704
1661398718.165145874 0.85479 9.21853 1.07563 -0.09843 -0.21131 -0.29360 0.92707
1661398718.175146103 0.85877 9.22089 1.07525 -0.09848 -0.21129 -0.29343 0.92712
1661398718.185145855 0.86279 9.22319 1.07485 -0.09848 -0.21123 -0.29325 0.92719
1661398718.195146084 0.86685 9.22545 1.07445 -0.09844 -0.21118 -0.29304 0.92728
1661398718.205146074 0.87095 9.22765 1.07405 -0.09836 -0.21115 -0.29280 0.92737
1661398718.215146065 0.87509 9.22981 1.07364 -0.09821 -0.21118 -0.29253 0.92746
1661398718.225146055 0.87927 9.23193 1.07325 -0.09801 -0.21129 -0.29222 0.92755
1661398718.235146046 0.88349 9.23401 1.07287 -0.09774 -0.21152 -0.29188 0.92764
1661398718.245146036 0.88774 9.23605 1.07250 -0.09741 -0.21188 -0.29149 0.92771
1661398718.255146027 0.89202 9.23806 1.07215 -0.09701 -0.21240 -0.29106 0.92777
1661398718.265146017 0.89634 9.24005 1.07182 -0.09655 -0.21307 -0.29059 0.92781
1661398718.275146008 0.90069 9.24201 1.07151 -0.09604 -0.21386 -0.29010 0.92784
1661398718.285145998 0.90508 9.24395 1.07121 -0.09549 -0.21476 -0.28960 0.92784
1661398718.295145988 0.90949 9.24588 1.07092 -0.09492 -0.21575 -0.28910 0.92783
1661398718.305145979 0.91394 9.24779 1.07064 -0.09434 -0.21679 -0.28862 0.92779
1661398718.315145969 0.91841 9.24969 1.07036 -0.09375 -0.21789 -0.28816 0.92774
1661398718.325145960 0.92292 9.25160 1.07009 -0.09318 -0.21901 -0.28774 0.92766
1661398718.335146189 0.92745 9.25350 1.06982 -0.09262 -0.22013 -0.28737 0.92757
1661398718.345145941 0.93201 9.25540 1.06954 -0.09209 -0.22124 -0.28706 0.92745
1661398718.355146170 0.93659 9.25731 1.06926 -0.09161 -0.22231 -0.28682 0.92732
1661398718.365145922 0.94120 9.25922 1.06898 -0.09116 -0.22333 -0.28665 0.92717
1661398718.375146151 0.94582 9.26111 1.06871 -0.09074 -0.22428 -0.28655 0.92701
1661398718.385145903 0.95046 9.26299 1.06845 -0.09034 -0.22513 -0.28651 0.92686
1661398718.395146132 0.95512 9.26484 1.06821 -0.08996 -0.22588 -0.28654 0.92670
1661398718.405145884 0.95979 9.26666 1.06801 -0.08960 -0.22650 -0.28662 0.92656
1661398718.415146112 0.96446 9.26843 1.06784 -0.08923 -0.22697 -0.28676 0.92644
1661398718.425145864 0.96914 9.27015 1.06770 -0.08886 -0.22728 -0.28695 0.92634
1661398718.435146093 0.97383 9.27181 1.06762 -0.08848 -0.22741 -0.28719 0.92627
1661398718.445145845 0.97851 9.27340 1.06759 -0.08808 -0.22733 -0.28748 0.92624
1661398718.455146074 0.98318 9.27492 1.06763 -0.08766 -0.22705 -0.28780 0.92625
1661398718.465146065 0.98785 9.27636 1.06771 -0.08723 -0.22660 -0.28817 0.92628
1661398718.475146055 0.99250 9.27775 1.06785 -0.08682 -0.22601 -0.28857 0.92634
1661398718.485146046 0.99712 9.27908 1.06803 -0.08644 -0.22535 -0.28899 0.92641
1661398718.495146036 1.00170 9.28038 1.06826 -0.08611 -0.22464 -0.28945 0.92647
1661398718.505146027 1.00625 9.28163 1.06851 -0.08585 -0.22395 -0.28992 0.92651
1661398718.515146017 1.01075 9.28286 1.06879 -0.08568 -0.22330 -0.29042 0.92653
1661398718.525146008 1.01519 9.28408 1.06909 -0.08561 -0.22276 -0.29092 0.92651
1661398718.535145998 1.01958 9.28529 1.06941 -0.08568 -0.22236 -0.29144 0.92643
1661398718.545145988 1.02389 9.28650 1.06974 -0.08588 -0.22215 -0.29196 0.92630
1661398718.555145979 1.02812 9.28771 1.07007 -0.08625 -0.22216 -0.29249 0.92610
1661398718.565145969 1.03228 9.28894 1.07041 -0.08674 -0.22238 -0.29301 0.92583
1661398718.575146198 1.03637 9.29018 1.07074 -0.08733 -0.22277 -0.29354 0.92552
1661398718.585145950 1.04038 9.29144 1.07108 -0.08798 -0.22331 -0.29408 0.92515
1661398718.595146179 1.04432 9.29271 1.07142 -0.08865 -0.22396 -0.29462 0.92476
1661398718.605145931 1.04818 9.29399 1.07176 -0.08932 -0.22470 -0.29518 0.92434
1661398718.615146160 1.05198 9.29529 1.07209 -0.08995 -0.22549 -0.29574 0.92391
1661398718.625145912 1.05570 9.29661 1.07242 -0.09050 -0.22630 -0.29631 0.92347
1661398718.635146141 1.05935 9.29794 1.07275 -0.09094 -0.22712 -0.29690 0.92304
1661398718.645145893 1.06293 9.29930 1.07307 -0.09124 -0.22789 -0.29749 0.92263
1661398718.655146122 1.06645 9.30068 1.07339 -0.09137 -0.22861 -0.29811 0.92224
1661398718.665145874 1.06989 9.30207 1.07369 -0.09135 -0.22925 -0.29872 0.92188
1661398718.675146103 1.07326 9.30345 1.07399 -0.09121 -0.22982 -0.29934 0.92155
1661398718.685145855 1.07656 9.30483 1.07426 -0.09098 -0.23029 -0.29993 0.92127
1661398718.695146084 1.07978 9.30620 1.07452 -0.09068 -0.23067 -0.30050 0.92101
1661398718.705146074 1.08292 9.30753 1.07476 -0.09035 -0.23094 -0.30104 0.92080
1661398718.715146065 1.08598 9.30882 1.07497 -0.09001 -0.23110 -0.30153 0.92063
1661398718.725146055 1.08896 9.31007 1.07515 -0.08969 -0.23114 -0.30197 0.92051
1661398718.735146046 1.09185 9.31126 1.07531 -0.08943 -0.23105 -0.30233 0.92044
1661398718.745146036 1.09466 9.31238 1.07542 -0.08924 -0.23083 -0.30263 0.92042
1661398718.755146027 1.09738 9.31342 1.07550 -0.08915 -0.23046 -0.30284 0.92045
1661398718.765146017 1.10002 9.31441 1.07555 -0.08917 -0.22996 -0.30297 0.92053
1661398718.775146008 1.10260 9.31536 1.07557 -0.08926 -0.22936 -0.30303 0.92065
1661398718.785145998 1.10513 9.31629 1.07556 -0.08944 -0.22866 -0.30303 0.92081
1661398718.795145988 1.10762 9.31722 1.07554 -0.08968 -0.22790 -0.30299 0.92099
1661398718.805145979 1.11009 9.31817 1.07549 -0.08997 -0.22707 -0.30290 0.92119
1661398718.815145969 1.11254 9.31916 1.07543 -0.09031 -0.22621 -0.30277 0.92141
1661398718.825145960 1.11499 9.32020 1.07537 -0.09068 -0.22533 -0.30262 0.92164
1661398718.835146189 1.11745 9.32133 1.07530 -0.09108 -0.22445 -0.30246 0.92187
1661398718.845145941 1.11993 9.32256 1.07523 -0.09149 -0.22358 -0.30229 0.92210
1661398718.855146170 1.12245 9.32390 1.07517 -0.09190 -0.22275 -0.30212 0.92231
1661398718.865145922 1.12500 9.32535 1.07510 -0.09231 -0.22195 -0.30196 0.92252
1661398718.875146151 1.12758 9.32689 1.07503 -0.09271 -0.22117 -0.30180 0.92272
1661398718.885145903 1.13019 9.32852 1.07494 -0.09309 -0.22042 -0.30165 0.92291
1661398718.895146132 1.13282 9.33023 1.07483 -0.09345 -0.21968 -0.30151 0.92309
1661398718.905145884 1.13547 9.33200 1.07469 -0.09378 -0.21896 -0.30138 0.92327
1661398718.915146112 1.13814 9.33382 1.07451 -0.09407 -0.21826 -0.30126 0.92345
1661398718.925145864 1.14082 9.33569 1.07430 -0.09432 -0.21756 -0.30116 0.92362
1661398718.935146093 1.14351 9.33759 1.07404 -0.09452 -0.21687 -0.30107 0.92379
1661398718.945145845 1.14621 9.33951 1.07372 -0.09467 -0.21617 -0.30100 0.92396
1661398718.955146074 1.14891 9.34144 1.07335 -0.09475 -0.21548 -0.30095 0.92413
1661398718.965146065 1.15161 9.34339 1.07293 -0.09479 -0.21478 -0.30092 0.92430
1661398718.975146055 1.15432 9.34535 1.07246 -0.09478 -0.21409 -0.30091 0.92447
1661398718.985146046 1.15704 9.34734 1.07197 -0.09476 -0.21340 -0.30092 0.92463
1661398718.995146036 1.15975 9.34934 1.07145 -0.09472 -0.21270 -0.30094 0.92478
1661398719.005146027 1.16247 9.35137 1.07092 -0.09469 -0.21202 -0.30099 0.92492
1661398719.015146017 1.16520 9.35343 1.07040 -0.09467 -0.21134 -0.30106 0.92506
1661398719.025146008 1.16793 9.35551 1.06988 -0.09467 -0.21067 -0.30115 0.92518
1661398719.035145998 1.17067 9.35763 1.06938 -0.09472 -0.21001 -0.30125 0.92530
1661398719.045145988 1.17342 9.35979 1.06891 -0.09483 -0.20936 -0.30138 0.92539
1661398719.055145979 1.17617 9.36198 1.06847 -0.09499 -0.20872 -0.30152 0.92547
1661398719.065145969 1.17893 9.36421 1.06807 -0.09521 -0.20811 -0.30169 0.92553
1661398719.075146198 1.18171 9.36647 1.06770 -0.09546 -0.20753 -0.30188 0.92557
1661398719.085145950 1.18450 9.36877 1.06736 -0.09574 -0.20698 -0.30210 0.92560
1661398719.095146179 1.18732 9.37110 1.06704 -0.09601 -0.20649 -0.30235 0.92560
1661398719.105145931 1.19016 9.37346 1.06674 -0.09628 -0.20605 -0.30262 0.92558
1661398719.115146160 1.19303 9.37584 1.06646 -0.09653 -0.20567 -0.30294 0.92553
1661398719.125145912 1.19594 9.37826 1.06619 -0.09673 -0.20537 -0.30329 0.92546
1661398719.135146141 1.19889 9.38070 1.06593 -0.09688 -0.20516 -0.30368 0.92537
1661398719.145145893 1.20188 9.38316 1.06568 -0.09695 -0.20503 -0.30411 0.92525
1661398719.155146122 1.20491 9.38565 1.06543 -0.09694 -0.20501 -0.30458 0.92510
1661398719.165145874 1.20799 9.38816 1.06519 -0.09685 -0.20507 -0.30510 0.92492
1661398719.175146103 1.21111 9.39070 1.06495 -0.09669 -0.20520 -0.30565 0.92473
1661398719.185145855 1.21426 9.39327 1.06473 -0.09645 -0.20540 -0.30623 0.92452
1661398719.195146084 1.21745 9.39588 1.06452 -0.09614 -0.20564 -0.30683 0.92429
1661398719.205146074 1.22067 9.39852 1.06433 -0.09578 -0.20592 -0.30746 0.92406
1661398719.215146065 1.22392 9.40119 1.06416 -0.09535 -0.20622 -0.30811 0.92382
1661398719.225146055 1.22719 9.40391 1.06402 -0.09488 -0.20652 -0.30877 0.92358
1661398719.235146046 1.23048 9.40668 1.06390 -0.09436 -0.20682 -0.30944 0.92334
1661398719.245146036 1.23379 9.40949 1.06381 -0.09380 -0.20710 -0.31012 0.92311
1661398719.255146027 1.23711 9.41234 1.06376 -0.09321 -0.20736 -0.31080 0.92289
1661398719.265146017 1.24044 9.41525 1.06374 -0.09259 -0.20757 -0.31147 0.92267
1661398719.275146008 1.24379 9.41821 1.06376 -0.09195 -0.20776 -0.31215 0.92247
1661398719.285145998 1.24714 9.42122 1.06381 -0.09130 -0.20791 -0.31282 0.92227
1661398719.295145988 1.25051 9.42429 1.06389 -0.09065 -0.20803 -0.31348 0.92208
1661398719.305145979 1.25387 9.42740 1.06401 -0.09001 -0.20812 -0.31413 0.92190
1661398719.315145969 1.25724 9.43057 1.06417 -0.08939 -0.20817 -0.31477 0.92173
1661398719.325145960 1.26062 9.43379 1.06437 -0.08879 -0.20819 -0.31541 0.92157
1661398719.335146189 1.26399 9.43707 1.06460 -0.08822 -0.20818 -0.31602 0.92142
1661398719.345145941 1.26736 9.44040 1.06487 -0.08770 -0.20813 -0.31662 0.92127
1661398719.355146170 1.27073 9.44379 1.06517 -0.08722 -0.20805 -0.31721 0.92113
1661398719.365145922 1.27410 9.44723 1.06551 -0.08679 -0.20794 -0.31777 0.92101
1661398719.375146151 1.27747 9.45072 1.06587 -0.08641 -0.20780 -0.31832 0.92088
1661398719.385145903 1.28084 9.45426 1.06626 -0.08606 -0.20766 -0.31884 0.92077
1661398719.395146132 1.28423 9.45784 1.06667 -0.08575 -0.20751 -0.31933 0.92066
1661398719.405145884 1.28762 9.46147 1.06709 -0.08548 -0.20735 -0.31980 0.92056
1661398719.415146112 1.29103 9.46513 1.06752 -0.08524 -0.20721 -0.32023 0.92046
1661398719.425145864 1.29446 9.46883 1.06795 -0.08503 -0.20707 -0.32064 0.92037
1661398719.435146093 1.29790 9.47257 1.06838 -0.08484 -0.20696 -0.32101 0.92028
1661398719.445145845 1.30137 9.47633 1.06880 -0.08468 -0.20687 -0.32135 0.92020
1661398719.455146074 1.30487 9.48013 1.06922 -0.08453 -0.20681 -0.32165 0.92012
1661398719.465146065 1.30838 9.48395 1.06963 -0.08439 -0.20678 -0.32192 0.92005
1661398719.475146055 1.31192 9.48781 1.07004 -0.08426 -0.20676 -0.32216 0.91998
1661398719.485146046 1.31546 9.49170 1.07046 -0.08412 -0.20675 -0.32239 0.91991
1661398719.495146036 1.31900 9.49562 1.07088 -0.08396 -0.20674 -0.32261 0.91985
1661398719.505146027 1.32255 9.49959 1.07132 -0.08377 -0.20671 -0.32283 0.91980
1661398719.515146017 1.32608 9.50359 1.07179 -0.08356 -0.20667 -0.32305 0.91975
1661398719.525146008 1.32961 9.50763 1.07227 -0.08330 -0.20660 -0.32328 0.91971
1661398719.535145998 1.33312 9.51172 1.07279 -0.08300 -0.20649 -0.32353 0.91967
1661398719.545145988 1.33660 9.51585 1.07334 -0.08263 -0.20634 -0.32381 0.91964
1661398719.555145979 1.34006 9.52002 1.07393 -0.08220 -0.20613 -0.32411 0.91962
1661398719.565145969 1.34350 9.52423 1.07456 -0.08172 -0.20588 -0.32444 0.91961
1661398719.575146198 1.34690 9.52847 1.07520 -0.08118 -0.20561 -0.32477 0.91960
1661398719.585145950 1.35029 9.53272 1.07587 -0.08062 -0.20531 -0.32511 0.91959
1661398719.595146179 1.35366 9.53699 1.07654 -0.08002 -0.20502 -0.32544 0.91959
1661398719.605145931 1.35700 9.54124 1.07721 -0.07941 -0.20473 -0.32576 0.91960
1661398719.615146160 1.36033 9.54549 1.07787 -0.07879 -0.20446 -0.32605 0.91961
1661398719.625145912 1.36365 9.54971 1.07852 -0.07818 -0.20423 -0.32630 0.91962
1661398719.635146141 1.36695 9.55390 1.07914 -0.07758 -0.20404 -0.32651 0.91964
1661398719.645145893 1.37024 9.55805 1.07973 -0.07700 -0.20391 -0.32666 0.91967
1661398719.655146122 1.37352 9.56215 1.08028 -0.07645 -0.20386 -0.32675 0.91969
1661398719.665145874 1.37678 9.56620 1.08078 -0.07594 -0.20387 -0.32678 0.91972
1661398719.675146103 1.38003 9.57021 1.08126 -0.07544 -0.20394 -0.32677 0.91975
1661398719.685145855 1.38326 9.57419 1.08169 -0.07497 -0.20406 -0.32672 0.91978
1661398719.695146084 1.38646 9.57813 1.08210 -0.07450 -0.20424 -0.32664 0.91980
1661398719.705146074 1.38963 9.58204 1.08248 -0.07404 -0.20446 -0.32654 0.91983
1661398719.715146065 1.39277 9.58594 1.08284 -0.07358 -0.20472 -0.32643 0.91985
1661398719.725146055 1.39587 9.58981 1.08317 -0.07312 -0.20501 -0.32632 0.91986
1661398719.735146046 1.39893 9.59368 1.08348 -0.07264 -0.20533 -0.32622 0.91986
1661398719.745146036 1.40194 9.59754 1.08377 -0.07215 -0.20568 -0.32614 0.91985
1661398719.755146027 1.40490 9.60139 1.08405 -0.07163 -0.20603 -0.32607 0.91983
1661398719.765146017 1.40782 9.60524 1.08431 -0.07110 -0.20640 -0.32603 0.91981
1661398719.775146008 1.41069 9.60908 1.08455 -0.07056 -0.20675 -0.32600 0.91978
1661398719.785145998 1.41351 9.61291 1.08478 -0.07001 -0.20708 -0.32597 0.91976
1661398719.795145988 1.41629 9.61671 1.08499 -0.06946 -0.20739 -0.32594 0.91974
1661398719.805145979 1.41903 9.62049 1.08517 -0.06892 -0.20765 -0.32590 0.91974
1661398719.815145969 1.42173 9.62424 1.08534 -0.06838 -0.20785 -0.32584 0.91976
1661398719.825145960 1.42439 9.62796 1.08548 -0.06786 -0.20799 -0.32575 0.91979
1661398719.835146189 1.42702 9.63164 1.08560 -0.06737 -0.20805 -0.32564 0.91986
1661398719.845145941 1.42961 9.63528 1.08569 -0.06689 -0.20802 -0.32549 0.91995
1661398719.855146170 1.43217 9.63886 1.08575 -0.06645 -0.20789 -0.32529 0.92008
1661398719.865145922 1.43470 9.64240 1.08579 -0.06604 -0.20767 -0.32505 0.92025
1661398719.875146151 1.43720 9.64588 1.08579 -0.06565 -0.20735 -0.32477 0.92044
1661398719.885145903 1.43966 9.64929 1.08576 -0.06528 -0.20696 -0.32445 0.92067
1661398719.895146132 1.44210 9.65264 1.08568 -0.06493 -0.20648 -0.32409 0.92093
1661398719.905145884 1.44450 9.65591 1.08557 -0.06459 -0.20594 -0.32369 0.92122
1661398719.915146112 1.44687 9.65911 1.08540 -0.06425 -0.20533 -0.32325 0.92153
1661398719.925145864 1.44922 9.66222 1.08519 -0.06392 -0.20466 -0.32279 0.92187
1661398719.935146093 1.45153 9.66524 1.08492 -0.06358 -0.20394 -0.32229 0.92222
1661398719.945145845 1.45381 9.66817 1.08460 -0.06324 -0.20318 -0.32176 0.92260
1661398719.955146074 1.45606 9.67100 1.08421 -0.06289 -0.20238 -0.32121 0.92299
1661398719.965146065 1.45829 9.67374 1.08378 -0.06255 -0.20153 -0.32063 0.92340
1661398719.975146055 1.46051 9.67639 1.08330 -0.06220 -0.20065 -0.32004 0.92382
1661398719.985146046 1.46273 9.67897 1.08279 -0.06188 -0.19971 -0.31945 0.92425
1661398719.995146036 1.46495 9.68148 1.08224 -0.06158 -0.19873 -0.31887 0.92468
1661398720.005146027 1.46718 9.68393 1.08168 -0.06131 -0.19770 -0.31829 0.92512
1661398720.015146017 1.46944 9.68633 1.08110 -0.06109 -0.19662 -0.31774 0.92555
1661398720.025146008 1.47172 9.68869 1.08052 -0.06092 -0.19547 -0.31722 0.92599
1661398720.035145998 1.47405 9.69101 1.07994 -0.06081 -0.19428 -0.31673 0.92641
1661398720.045145988 1.47643 9.69330 1.07937 -0.06077 -0.19302 -0.31629 0.92683
1661398720.055145979 1.47886 9.69556 1.07882 -0.06080 -0.19170 -0.31591 0.92723
1661398720.065145969 1.48134 9.69780 1.07829 -0.06090 -0.19034 -0.31557 0.92762
1661398720.075146198 1.48385 9.70000 1.07779 -0.06105 -0.18897 -0.31527 0.92799
1661398720.085145950 1.48639 9.70215 1.07732 -0.06125 -0.18761 -0.31502 0.92834
1661398720.095146179 1.48893 9.70426 1.07690 -0.06148 -0.18627 -0.31479 0.92867
1661398720.105145931 1.49147 9.70630 1.07652 -0.06173 -0.18499 -0.31460 0.92898
1661398720.115146160 1.49400 9.70827 1.07618 -0.06198 -0.18379 -0.31443 0.92925
1661398720.125145912 1.49649 9.71016 1.07591 -0.06224 -0.18268 -0.31428 0.92951
1661398720.135146141 1.49895 9.71196 1.07569 -0.06247 -0.18171 -0.31414 0.92973
1661398720.145145893 1.50135 9.71367 1.07555 -0.06268 -0.18087 -0.31402 0.92992
1661398720.155146122 1.50370 9.71528 1.07547 -0.06286 -0.18021 -0.31390 0.93008
1661398720.165145874 1.50598 9.71679 1.07545 -0.06300 -0.17969 -0.31378 0.93021
1661398720.175146103 1.50821 9.71821 1.07549 -0.06312 -0.17931 -0.31366 0.93031
1661398720.185145855 1.51040 9.71953 1.07557 -0.06321 -0.17905 -0.31353 0.93040
1661398720.195146084 1.51254 9.72075 1.07569 -0.06328 -0.17888 -0.31340 0.93047
1661398720.205146074 1.51464 9.72189 1.07584 -0.06334 -0.17879 -0.31326 0.93053
1661398720.215146065 1.51671 9.72295 1.07602 -0.06340 -0.17877 -0.31310 0.93059
1661398720.225146055 1.51875 9.72392 1.07620 -0.06345 -0.17878 -0.31293 0.93064
1661398720.235146046 1.52078 9.72481 1.07639 -0.06351 -0.17882 -0.31274 0.93069
1661398720.245146036 1.52278 9.72562 1.07657 -0.06357 -0.17886 -0.31253 0.93075
1661398720.255146027 1.52478 9.72636 1.07674 -0.06365 -0.17889 -0.31229 0.93082
1661398720.265146017 1.52677 9.72704 1.07690 -0.06373 -0.17890 -0.31203 0.93090
1661398720.275146008 1.52876 9.72766 1.07705 -0.06383 -0.17891 -0.31174 0.93098
1661398720.285145998 1.53075 9.72823 1.07719 -0.06392 -0.17892 -0.31144 0.93108
1661398720.295145988 1.53274 9.72877 1.07733 -0.06401 -0.17892 -0.31113 0.93118
1661398720.305145979 1.53474 9.72929 1.07747 -0.06410 -0.17892 -0.31080 0.93128
1661398720.315145969 1.53674 9.72978 1.07760 -0.06418 -0.17893 -0.31046 0.93139
1661398720.325145960 1.53877 9.73027 1.07774 -0.06424 -0.17894 -0.31011 0.93150
1661398720.335146189 1.54081 9.73076 1.07789 -0.06428 -0.17897 -0.30975 0.93161
1661398720.345145941 1.54287 9.73126 1.07804 -0.06430 -0.17900 -0.30939 0.93172
1661398720.355146170 1.54496 9.73179 1.07820 -0.06429 -0.17905 -0.30902 0.93183
1661398720.365145922 1.54707 9.73232 1.07836 -0.06426 -0.17911 -0.30866 0.93194
1661398720.375146151 1.54921 9.73287 1.07852 -0.06422 -0.17917 -0.30829 0.93206
1661398720.385145903 1.55139 9.73343 1.07867 -0.06415 -0.17923 -0.30792 0.93217
1661398720.395146132 1.55360 9.73398 1.07881 -0.06407 -0.17928 -0.30755 0.93229
1661398720.405145884 1.55585 9.73453 1.07893 -0.06399 -0.17932 -0.30719 0.93241
1661398720.415146112 1.55814 9.73507 1.07902 -0.06389 -0.17934 -0.30682 0.93253
1661398720.425145864 1.56047 9.73559 1.07907 -0.06380 -0.17934 -0.30645 0.93266
1661398720.435146093 1.56285 9.73609 1.07909 -0.06370 -0.17930 -0.30609 0.93279
1661398720.445145845 1.56529 9.73656 1.07906 -0.06362 -0.17923 -0.30573 0.93293
1661398720.455146074 1.56777 9.73700 1.07899 -0.06353 -0.17912 -0.30537 0.93308
1661398720.465146065 1.57030 9.73741 1.07886 -0.06345 -0.17895 -0.30502 0.93323
1661398720.475146055 1.57287 9.73776 1.07871 -0.06335 -0.17873 -0.30467 0.93339
1661398720.485146046 1.57548 9.73806 1.07852 -0.06323 -0.17844 -0.30435 0.93356
1661398720.495146036 1.57813 9.73829 1.07831 -0.06308 -0.17807 -0.30404 0.93374
1661398720.505146027 1.58082 9.73845 1.07808 -0.06289 -0.17763 -0.30375 0.93393
1661398720.515146017 1.58353 9.73853 1.07785 -0.06265 -0.17709 -0.30349 0.93413
1661398720.525146008 1.58626 9.73853 1.07761 -0.06235 -0.17645 -0.30326 0.93435
1661398720.535145998 1.58901 9.73843 1.07737 -0.06197 -0.17571 -0.30306 0.93458
1661398720.545145988 1.59178 9.73822 1.07715 -0.06152 -0.17485 -0.30290 0.93482
1661398720.555145979 1.59457 9.73791 1.07694 -0.06098 -0.17387 -0.30278 0.93508
1661398720.565145969 1.59736 9.73750 1.07675 -0.06035 -0.17280 -0.30269 0.93535
1661398720.575146198 1.60017 9.73700 1.07658 -0.05967 -0.17167 -0.30263 0.93562
1661398720.585145950 1.60300 9.73642 1.07641 -0.05892 -0.17050 -0.30259 0.93589
1661398720.595146179 1.60585 9.73578 1.07626 -0.05813 -0.16933 -0.30256 0.93617
1661398720.605145931 1.60871 9.73509 1.07611 -0.05731 -0.16818 -0.30253 0.93643
1661398720.615146160 1.61160 9.73435 1.07596 -0.05647 -0.16709 -0.30250 0.93669
1661398720.625145912 1.61451 9.73358 1.07582 -0.05562 -0.16608 -0.30246 0.93693
1661398720.635146141 1.61745 9.73279 1.07568 -0.05477 -0.16519 -0.30240 0.93716
1661398720.645145893 1.62041 9.73200 1.07554 -0.05393 -0.16445 -0.30232 0.93736
1661398720.655146122 1.62340 9.73121 1.07539 -0.05312 -0.16387 -0.30221 0.93755
1661398720.665145874 1.62641 9.73042 1.07523 -0.05234 -0.16344 -0.30208 0.93771
1661398720.675146103 1.62945 9.72963 1.07506 -0.05158 -0.16313 -0.30193 0.93785
1661398720.685145855 1.63252 9.72885 1.07487 -0.05086 -0.16292 -0.30177 0.93798
1661398720.695146084 1.63560 9.72807 1.07465 -0.05017 -0.16279 -0.30161 0.93809
1661398720.705146074 1.63870 9.72730 1.07440 -0.04951 -0.16270 -0.30146 0.93819
1661398720.715146065 1.64182 9.72653 1.07412 -0.04889 -0.16263 -0.30131 0.93828
1661398720.725146055 1.64495 9.72576 1.07379 -0.04831 -0.16255 -0.30119 0.93837
1661398720.735146046 1.64809 9.72500 1.07342 -0.04777 -0.16244 -0.30109 0.93844
1661398720.745146036 1.65125 9.72423 1.07299 -0.04726 -0.16228 -0.30102 0.93852
1661398720.755146027 1.65441 9.72348 1.07252 -0.04681 -0.16204 -0.30099 0.93859
1661398720.765146017 1.65758 9.72272 1.07200 -0.04639 -0.16172 -0.30099 0.93867
1661398720.775146008 1.66075 9.72198 1.07146 -0.04603 -0.16135 -0.30101 0.93874
1661398720.785145998 1.66392 9.72124 1.07090 -0.04572 -0.16094 -0.30104 0.93882
1661398720.795145988 1.66710 9.72052 1.07035 -0.04546 -0.16049 -0.30106 0.93890
1661398720.805145979 1.67026 9.71982 1.06983 -0.04526 -0.16003 -0.30108 0.93898
1661398720.815145969 1.67343 9.71913 1.06934 -0.04513 -0.15956 -0.30108 0.93907
1661398720.825145960 1.67658 9.71847 1.06890 -0.04505 -0.15911 -0.30104 0.93916
1661398720.835146189 1.67972 9.71783 1.06853 -0.04505 -0.15867 -0.30097 0.93926
1661398720.845145941 1.68285 9.71722 1.06824 -0.04511 -0.15827 -0.30084 0.93937
1661398720.855146170 1.68596 9.71664 1.06805 -0.04525 -0.15791 -0.30066 0.93948
1661398720.865145922 1.68906 9.71609 1.06794 -0.04545 -0.15759 -0.30041 0.93960
1661398720.875146151 1.69214 9.71557 1.06789 -0.04571 -0.15731 -0.30012 0.93973
1661398720.885145903 1.69522 9.71508 1.06789 -0.04601 -0.15704 -0.29978 0.93987
1661398720.895146132 1.69828 9.71463 1.06791 -0.04635 -0.15680 -0.29940 0.94001
1661398720.905145884 1.70133 9.71420 1.06793 -0.04672 -0.15656 -0.29899 0.94017
1661398720.915146112 1.70438 9.71382 1.06794 -0.04710 -0.15632 -0.29854 0.94033
1661398720.925145864 1.70742 9.71346 1.06793 -0.04749 -0.15608 -0.29807 0.94050
1661398720.935146093 1.71045 9.71314 1.06786 -0.04788 -0.15581 -0.29757 0.94068
1661398720.945145845 1.71348 9.71286 1.06772 -0.04826 -0.15553 -0.29706 0.94087
1661398720.955146074 1.71651 9.71261 1.06751 -0.04863 -0.15521 -0.29654 0.94107
1661398720.965146065 1.71954 9.71239 1.06721 -0.04899 -0.15486 -0.29602 0.94127
1661398720.975146055 1.72257 9.71220 1.06684 -0.04937 -0.15446 -0.29550 0.94148
1661398720.985146046 1.72560 9.71204 1.06641 -0.04977 -0.15403 -0.29499 0.94169
1661398720.995146036 1.72864 9.71189 1.06592 -0.05022 -0.15354 -0.29451 0.94189
1661398721.005146027 1.73168 9.71176 1.06537 -0.05073 -0.15301 -0.29406 0.94210
1661398721.015146017 1.73472 9.71164 1.06479 -0.05131 -0.15242 -0.29365 0.94229
1661398721.025146008 1.73778 9.71153 1.06417 -0.05199 -0.15177 -0.29328 0.94247
1661398721.035145998 1.74084 9.71143 1.06352 -0.05278 -0.15106 -0.29297 0.94264
1661398721.045145988 1.74391 9.71132 1.06284 -0.05369 -0.15028 -0.29272 0.94279
1661398721.055145979 1.74700 9.71121 1.06216 -0.05474 -0.14944 -0.29255 0.94292
1661398721.065145969 1.75009 9.71109 1.06146 -0.05590 -0.14854 -0.29243 0.94302
1661398721.075146198 1.75320 9.71096 1.06077 -0.05714 -0.14760 -0.29237 0.94312
1661398721.085145950 1.75632 9.71081 1.06007 -0.05844 -0.14663 -0.29236 0.94319
1661398721.095146179 1.75944 9.71063 1.05939 -0.05977 -0.14566 -0.29239 0.94325
1661398721.105145931 1.76258 9.71043 1.05872 -0.06110 -0.14468 -0.29244 0.94330
1661398721.115146160 1.76572 9.71019 1.05808 -0.06240 -0.14372 -0.29253 0.94333
1661398721.125145912 1.76887 9.70991 1.05746 -0.06364 -0.14279 -0.29263 0.94336
1661398721.135146141 1.77203 9.70959 1.05688 -0.06480 -0.14190 -0.29274 0.94338
1661398721.145145893 1.77520 9.70921 1.05633 -0.06585 -0.14108 -0.29285 0.94340
1661398721.155146122 1.77837 9.70878 1.05583 -0.06677 -0.14032 -0.29296 0.94341
1661398721.165145874 1.78155 9.70831 1.05538 -0.06755 -0.13964 -0.29306 0.94343
1661398721.175146103 1.78473 9.70779 1.05495 -0.06821 -0.13901 -0.29316 0.94344
1661398721.185145855 1.78792 9.70723 1.05454 -0.06876 -0.13843 -0.29325 0.94346
1661398721.195146084 1.79113 9.70664 1.05416 -0.06921 -0.13790 -0.29334 0.94347
1661398721.205146074 1.79434 9.70603 1.05378 -0.06957 -0.13740 -0.29343 0.94349
1661398721.215146065 1.79756 9.70540 1.05340 -0.06984 -0.13692 -0.29352 0.94351
1661398721.225146055 1.80079 9.70475 1.05302 -0.07004 -0.13647 -0.29362 0.94354
1661398721.235146046 1.80403 9.70410 1.05262 -0.07017 -0.13603 -0.29371 0.94356
1661398721.245146036 1.80728 9.70345 1.05220 -0.07025 -0.13559 -0.29380 0.94359
1661398721.255146027 1.81054 9.70281 1.05176 -0.07028 -0.13514 -0.29390 0.94362
1661398721.265146017 1.81382 9.70216 1.05130 -0.07027 -0.13469 -0.29401 0.94365
1661398721.275146008 1.81711 9.70151 1.05082 -0.07021 -0.13424 -0.29412 0.94369
1661398721.285145998 1.82041 9.70086 1.05033 -0.07012 -0.13378 -0.29423 0.94372
1661398721.295145988 1.82373 9.70019 1.04984 -0.07000 -0.13331 -0.29436 0.94376
1661398721.305145979 1.82705 9.69951 1.04936 -0.06984 -0.13284 -0.29450 0.94379
1661398721.315145969 1.83039 9.69880 1.04890 -0.06965 -0.13236 -0.29464 0.94383
1661398721.325145960 1.83375 9.69808 1.04845 -0.06944 -0.13187 -0.29480 0.94386
1661398721.335146189 1.83712 9.69732 1.04803 -0.06920 -0.13138 -0.29497 0.94390
1661398721.345145941 1.84050 9.69654 1.04764 -0.06894 -0.13088 -0.29516 0.94393
1661398721.355146170 1.84389 9.69571 1.04730 -0.06866 -0.13037 -0.29536 0.94396
1661398721.365145922 1.84731 9.69486 1.04699 -0.06837 -0.12986 -0.29558 0.94398
1661398721.375146151 1.85074 9.69398 1.04672 -0.06808 -0.12935 -0.29582 0.94399
1661398721.385145903 1.85418 9.69309 1.04648 -0.06778 -0.12886 -0.29607 0.94400
1661398721.395146132 1.85766 9.69218 1.04626 -0.06750 -0.12837 -0.29635 0.94400
1661398721.405145884 1.86115 9.69127 1.04608 -0.06724 -0.12790 -0.29665 0.94399
1661398721.415146112 1.86467 9.69036 1.04592 -0.06699 -0.12746 -0.29698 0.94396
1661398721.425145864 1.86821 9.68945 1.04577 -0.06678 -0.12705 -0.29733 0.94392
1661398721.435146093 1.87179 9.68856 1.04565 -0.06661 -0.12667 -0.29771 0.94387
1661398721.445145845 1.87539 9.68768 1.04554 -0.06649 -0.12633 -0.29812 0.94379
1661398721.455146074 1.87903 9.68683 1.04544 -0.06641 -0.12604 -0.29856 0.94370
1661398721.465146065 1.88269 9.68600 1.04535 -0.06636 -0.12579 -0.29901 0.94359
1661398721.475146055 1.88637 9.68518 1.04529 -0.06633 -0.12559 -0.29949 0.94347
1661398721.485146046 1.89006 9.68437 1.04526 -0.06629 -0.12544 -0.29997 0.94334
1661398721.495146036 1.89376 9.68357 1.04525 -0.06622 -0.12534 -0.30044 0.94321
1661398721.505146027 1.89746 9.68277 1.04528 -0.06610 -0.12529 -0.30091 0.94307
1661398721.515146017 1.90115 9.68197 1.04535 -0.06591 -0.12530 -0.30136 0.94294
1661398721.525146008 1.90482 9.68116 1.04547 -0.06563 -0.12536 -0.30179 0.94281
1661398721.535145998 1.90847 9.68033 1.04563 -0.06524 -0.12548 -0.30219 0.94270
1661398721.545145988 1.91210 9.67949 1.04586 -0.06473 -0.12566 -0.30254 0.94260
1661398721.555145979 1.91569 9.67863 1.04614 -0.06406 -0.12590 -0.30285 0.94251
1661398721.565145969 1.91926 9.67774 1.04648 -0.06327 -0.12619 -0.30312 0.94244
1661398721.575146198 1.92280 9.67684 1.04687 -0.06237 -0.12654 -0.30334 0.94238
1661398721.585145950 1.92632 9.67593 1.04732 -0.06137 -0.12693 -0.30354 0.94233
1661398721.595146179 1.92982 9.67500 1.04781 -0.06032 -0.12736 -0.30370 0.94229
1661398721.605145931 1.93332 9.67407 1.04834 -0.05921 -0.12784 -0.30384 0.94225
1661398721.615146160 1.93681 9.67313 1.04892 -0.05808 -0.12834 -0.30396 0.94221
1661398721.625145912 1.94030 9.67219 1.04954 -0.05694 -0.12887 -0.30406 0.94218
1661398721.635146141 1.94379 9.67126 1.05019 -0.05582 -0.12943 -0.30415 0.94214
1661398721.645145893 1.94729 9.67032 1.05087 -0.05473 -0.13000 -0.30424 0.94209
1661398721.655146122 1.95081 9.66939 1.05158 -0.05370 -0.13059 -0.30433 0.94204
1661398721.665145874 1.95434 9.66847 1.05232 -0.05272 -0.13118 -0.30442 0.94199
1661398721.675146103 1.95786 9.66755 1.05308 -0.05179 -0.13176 -0.30451 0.94193
1661398721.685145855 1.96138 9.66663 1.05387 -0.05089 -0.13230 -0.30460 0.94187
1661398721.695146084 1.96489 9.66571 1.05468 -0.05003 -0.13281 -0.30469 0.94182
1661398721.705146074 1.96838 9.66479 1.05551 -0.04920 -0.13326 -0.30479 0.94177
1661398721.715146065 1.97184 9.66386 1.05636 -0.04839 -0.13365 -0.30490 0.94172
1661398721.725146055 1.97527 9.66293 1.05723 -0.04760 -0.13395 -0.30501 0.94168
1661398721.735146046 1.97866 9.66198 1.05811 -0.04682 -0.13415 -0.30512 0.94165
1661398721.745146036 1.98200 9.66103 1.05901 -0.04605 -0.13425 -0.30525 0.94164
1661398721.755146027 1.98529 9.66006 1.05992 -0.04528 -0.13422 -0.30538 0.94164
1661398721.765146017 1.98851 9.65908 1.06082 -0.04450 -0.13408 -0.30551 0.94165
1661398721.775146008 1.99165 9.65810 1.06166 -0.04371 -0.13382 -0.30562 0.94169
1661398721.785145998 1.99469 9.65710 1.06242 -0.04291 -0.13347 -0.30571 0.94175
1661398721.795145988 1.99762 9.65611 1.06306 -0.04208 -0.13302 -0.30576 0.94183
1661398721.805145979 2.00042 9.65511 1.06357 -0.04123 -0.13250 -0.30577 0.94194
1661398721.815145969 2.00312 9.65409 1.06395 -0.04039 -0.13191 -0.30574 0.94207
1661398721.825145960 2.00574 9.65305 1.06422 -0.03957 -0.13129 -0.30567 0.94221
1661398721.835146189 2.00828 9.65197 1.06442 -0.03882 -0.13066 -0.30558 0.94236
1661398721.845145941 2.01078 9.65084 1.06456 -0.03816 -0.13004 -0.30546 0.94251
1661398721.855146170 2.01325 9.64965 1.06466 -0.03762 -0.12946 -0.30532 0.94266
1661398721.865145922 2.01568 9.64839 1.06473 -0.03719 -0.12891 -0.30517 0.94280
1661398721.875146151 2.01808 9.64707 1.06477 -0.03687 -0.12840 -0.30501 0.94293
1661398721.885145903 2.02045 9.64568 1.06479 -0.03666 -0.12791 -0.30483 0.94307
1661398721.895146132 2.02277 9.64423 1.06480 -0.03654 -0.12745 -0.30465 0.94319
1661398721.905145884 2.02505 9.64270 1.06479 -0.03652 -0.12701 -0.30446 0.94331
1661398721.915146112 2.02729 9.64110 1.06477 -0.03658 -0.12659 -0.30428 0.94343
1661398721.925145864 2.02947 9.63943 1.06476 -0.03672 -0.12619 -0.30409 0.94354
1661398721.935146093 2.03161 9.63769 1.06474 -0.03694 -0.12579 -0.30390 0.94364
1661398721.945145845 2.03369 9.63587 1.06473 -0.03722 -0.12540 -0.30372 0.94374
1661398721.955146074 2.03571 9.63397 1.06473 -0.03756 -0.12502 -0.30354 0.94383
1661398721.965146065 2.03767 9.63200 1.06473 -0.03796 -0.12464 -0.30336 0.94393
1661398721.975146055 2.03958 9.62996 1.06474 -0.03840 -0.12427 -0.30318 0.94401
1661398721.985146046 2.04144 9.62785 1.06475 -0.03888 -0.12391 -0.30299 0.94410
1661398721.995146036 2.04323 9.62567 1.06477 -0.03940 -0.12357 -0.30278 0.94419
1661398722.005146027 2.04498 9.62343 1.06477 -0.03995 -0.12324 -0.30255 0.94429
1661398722.015146017 2.04667 9.62112 1.06477 -0.04052 -0.12293 -0.30229 0.94439
1661398722.025146008 2.04831 9.61875 1.06476 -0.04110 -0.12263 -0.30200 0.94449
1661398722.035145998 2.04990 9.61632 1.06474 -0.04169 -0.12236 -0.30167 0.94461
1661398722.045145988 2.05144 9.61383 1.06470 -0.04229 -0.12212 -0.30130 0.94473
1661398722.055145979 2.05293 9.61128 1.06464 -0.04288 -0.12190 -0.30087 0.94487
1661398722.065145969 2.05437 9.60869 1.06456 -0.04347 -0.12172 -0.30039 0.94502
1661398722.075146198 2.05576 9.60603 1.06447 -0.04406 -0.12159 -0.29986 0.94518
1661398722.085145950 2.05710 9.60333 1.06437 -0.04465 -0.12150 -0.29926 0.94535
1661398722.095146179 2.05839 9.60057 1.06427 -0.04525 -0.12148 -0.29859 0.94554
1661398722.105145931 2.05962 9.59777 1.06416 -0.04585 -0.12153 -0.29785 0.94573
1661398722.115146160 2.06080 9.59491 1.06405 -0.04647 -0.12166 -0.29703 0.94594
1661398722.125145912 2.06192 9.59200 1.06394 -0.04709 -0.12187 -0.29614 0.94617
1661398722.135146141 2.06299 9.58905 1.06383 -0.04772 -0.12218 -0.29517 0.94640
1661398722.145145893 2.06400 9.58604 1.06373 -0.04837 -0.12260 -0.29410 0.94664
1661398722.155146122 2.06495 9.58299 1.06364 -0.04904 -0.12313 -0.29295 0.94690
1661398722.165145874 2.06586 9.57989 1.06355 -0.04972 -0.12374 -0.29171 0.94717
1661398722.175146103 2.06671 9.57674 1.06345 -0.05042 -0.12441 -0.29039 0.94745
1661398722.185145855 2.06753 9.57352 1.06332 -0.05114 -0.12511 -0.28899 0.94774
1661398722.195146084 2.06832 9.57024 1.06316 -0.05189 -0.12582 -0.28753 0.94805
1661398722.205146074 2.06908 9.56688 1.06295 -0.05265 -0.12651 -0.28601 0.94838
1661398722.215146065 2.06982 9.56346 1.06268 -0.05345 -0.12715 -0.28443 0.94872
1661398722.225146055 2.07055 9.55995 1.06234 -0.05427 -0.12771 -0.28280 0.94909
1661398722.235146046 2.07128 9.55636 1.06192 -0.05512 -0.12817 -0.28113 0.94947
1661398722.245146036 2.07200 9.55269 1.06141 -0.05600 -0.12851 -0.27942 0.94988
1661398722.255146027 2.07273 9.54892 1.06080 -0.05691 -0.12869 -0.27769 0.95031
1661398722.265146017 2.07346 9.54506 1.06010 -0.05784 -0.12872 -0.27593 0.95076
1661398722.275146008 2.07420 9.54112 1.05935 -0.05880 -0.12862 -0.27415 0.95123
1661398722.285145998 2.07492 9.53710 1.05856 -0.05976 -0.12838 -0.27237 0.95171
1661398722.295145988 2.07564 9.53300 1.05776 -0.06072 -0.12802 -0.27060 0.95221
1661398722.305145979 2.07635 9.52884 1.05697 -0.06168 -0.12754 -0.26883 0.95271
1661398722.315145969 2.07704 9.52461 1.05621 -0.06262 -0.12696 -0.26708 0.95322
1661398722.325145960 2.07771 9.52031 1.05550 -0.06355 -0.12627 -0.26535 0.95373
1661398722.335146189 2.07835 9.51596 1.05487 -0.06444 -0.12549 -0.26366 0.95424
1661398722.345145941 2.07897 9.51156 1.05434 -0.06531 -0.12463 -0.26202 0.95475
1661398722.355146170 2.07955 9.50711 1.05393 -0.06613 -0.12369 -0.26042 0.95525
1661398722.365145922 2.08011 9.50261 1.05363 -0.06690 -0.12271 -0.25887 0.95575
1661398722.375146151 2.08063 9.49806 1.05343 -0.06762 -0.12171 -0.25737 0.95623
1661398722.385145903 2.08111 9.49347 1.05333 -0.06828 -0.12072 -0.25591 0.95670
1661398722.395146132 2.08156 9.48884 1.05332 -0.06887 -0.11976 -0.25450 0.95716
1661398722.405145884 2.08198 9.48416 1.05338 -0.06939 -0.11887 -0.25312 0.95759
1661398722.415146112 2.08236 9.47944 1.05351 -0.06984 -0.11807 -0.25178 0.95801
1661398722.425145864 2.08270 9.47468 1.05370 -0.07020 -0.11739 -0.25048 0.95841
1661398722.435146093 2.08300 9.46989 1.05395 -0.07047 -0.11685 -0.24921 0.95879
1661398722.445145845 2.08327 9.46505 1.05423 -0.07065 -0.11650 -0.24797 0.95914
1661398722.455146074 2.08350 9.46018 1.05455 -0.07073 -0.11634 -0.24676 0.95946
1661398722.465146065 2.08369 9.45528 1.05489 -0.07073 -0.11637 -0.24557 0.95977
1661398722.475146055 2.08384 9.45036 1.05525 -0.07068 -0.11658 -0.24438 0.96005
1661398722.485146046 2.08395 9.44543 1.05562 -0.07060 -0.11693 -0.24320 0.96031
1661398722.495146036 2.08401 9.44050 1.05599 -0.07051 -0.11743 -0.24202 0.96056
1661398722.505146027 2.08404 9.43558 1.05636 -0.07043 -0.11805 -0.24081 0.96079
1661398722.515146017 2.08402 9.43068 1.05671 -0.07039 -0.11877 -0.23957 0.96101
1661398722.525146008 2.08395 9.42581 1.05704 -0.07041 -0.11959 -0.23830 0.96122
1661398722.535145998 2.08384 9.42097 1.05735 -0.07052 -0.12048 -0.23699 0.96143
1661398722.545145988 2.08368 9.41619 1.05761 -0.07073 -0.12142 -0.23561 0.96163
1661398722.555145979 2.08347 9.41146 1.05784 -0.07107 -0.12240 -0.23418 0.96183
1661398722.565145969 2.08323 9.40678 1.05803 -0.07151 -0.12342 -0.23270 0.96203
1661398722.575146198 2.08295 9.40216 1.05817 -0.07203 -0.12445 -0.23117 0.96223
1661398722.585145950 2.08265 9.39761 1.05829 -0.07262 -0.12550 -0.22963 0.96242
1661398722.595146179 2.08232 9.39311 1.05837 -0.07324 -0.12654 -0.22807 0.96261
1661398722.605145931 2.08199 9.38867 1.05843 -0.07387 -0.12756 -0.22652 0.96279
1661398722.615146160 2.08166 9.38430 1.05847 -0.07449 -0.12857 -0.22498 0.96297
1661398722.625145912 2.08134 9.37998 1.05848 -0.07508 -0.12954 -0.22348 0.96314
1661398722.635146141 2.08102 9.37573 1.05848 -0.07562 -0.13047 -0.22202 0.96331
1661398722.645145893 2.08073 9.37155 1.05846 -0.07607 -0.13135 -0.22062 0.96348
1661398722.655146122 2.08046 9.36742 1.05844 -0.07642 -0.13216 -0.21929 0.96364
1661398722.665145874 2.08023 9.36335 1.05840 -0.07668 -0.13291 -0.21804 0.96380
1661398722.675146103 2.08002 9.35933 1.05837 -0.07683 -0.13359 -0.21687 0.96396
1661398722.685145855 2.07985 9.35534 1.05833 -0.07690 -0.13421 -0.21578 0.96411
1661398722.695146084 2.07972 9.35137 1.05830 -0.07686 -0.13476 -0.21478 0.96426
1661398722.705146074 2.07961 9.34742 1.05828 -0.07674 -0.13524 -0.21386 0.96441
1661398722.715146065 2.07955 9.34347 1.05827 -0.07654 -0.13565 -0.21304 0.96455
1661398722.725146055 2.07952 9.33952 1.05828 -0.07625 -0.13599 -0.21232 0.96468
1661398722.735146046 2.07954 9.33555 1.05830 -0.07588 -0.13627 -0.21169 0.96481
1661398722.745146036 2.07959 9.33155 1.05835 -0.07543 -0.13646 -0.21116 0.96493
1661398722.755146027 2.07969 9.32752 1.05842 -0.07490 -0.13659 -0.21074 0.96505
1661398722.765146017 2.07983 9.32345 1.05851 -0.07433 -0.13666 -0.21041 0.96516
1661398722.775146008 2.08002 9.31935 1.05861 -0.07371 -0.13669 -0.21016 0.96525
1661398722.785145998 2.08025 9.31520 1.05873 -0.07307 -0.13669 -0.20999 0.96534
1661398722.795145988 2.08052 9.31103 1.05885 -0.07244 -0.13667 -0.20989 0.96541
1661398722.805145979 2.08083 9.30681 1.05897 -0.07183 -0.13666 -0.20983 0.96547
1661398722.815145969 2.08119 9.30256 1.05908 -0.07125 -0.13666 -0.20982 0.96552
1661398722.825145960 2.08159 9.29828 1.05917 -0.07073 -0.13670 -0.20985 0.96554
1661398722.835146189 2.08203 9.29395 1.05925 -0.07029 -0.13678 -0.20990 0.96555
1661398722.845145941 2.08252 9.28959 1.05931 -0.06995 -0.13692 -0.20996 0.96555
1661398722.855146170 2.08306 9.28520 1.05933 -0.06971 -0.13713 -0.21003 0.96552
1661398722.865145922 2.08363 9.28077 1.05933 -0.06957 -0.13741 -0.21010 0.96547
1661398722.875146151 2.08425 9.27631 1.05929 -0.06949 -0.13774 -0.21018 0.96541
1661398722.885145903 2.08492 9.27182 1.05922 -0.06945 -0.13813 -0.21027 0.96534
1661398722.895146132 2.08563 9.26730 1.05911 -0.06944 -0.13855 -0.21036 0.96526
1661398722.905145884 2.08638 9.26275 1.05897 -0.06943 -0.13901 -0.21047 0.96517
1661398722.915146112 2.08718 9.25818 1.05878 -0.06938 -0.13948 -0.21059 0.96508
1661398722.925145864 2.08802 9.25359 1.05856 -0.06929 -0.13997 -0.21072 0.96499
1661398722.935146093 2.08890 9.24898 1.05829 -0.06913 -0.14046 -0.21086 0.96490
1661398722.945145845 2.08983 9.24436 1.05798 -0.06887 -0.14094 -0.21102 0.96481
1661398722.955146074 2.09081 9.23971 1.05762 -0.06849 -0.14141 -0.21119 0.96473
1661398722.965146065 2.09183 9.23506 1.05722 -0.06801 -0.14186 -0.21138 0.96466
1661398722.975146055 2.09291 9.23038 1.05677 -0.06744 -0.14230 -0.21156 0.96459
1661398722.985146046 2.09404 9.22568 1.05629 -0.06679 -0.14272 -0.21175 0.96454
1661398722.995146036 2.09524 9.22096 1.05578 -0.06608 -0.14311 -0.21193 0.96449
1661398723.005146027 2.09650 9.21621 1.05524 -0.06532 -0.14349 -0.21210 0.96445
1661398723.015146017 2.09783 9.21144 1.05466 -0.06452 -0.14384 -0.21225 0.96442
1661398723.025146008 2.09924 9.20663 1.05406 -0.06371 -0.14417 -0.21238 0.96439
1661398723.035145998 2.10072 9.20180 1.05344 -0.06289 -0.14447 -0.21248 0.96438
1661398723.045145988 2.10229 9.19694 1.05280 -0.06208 -0.14474 -0.21254 0.96438
1661398723.055145979 2.10394 9.19204 1.05214 -0.06130 -0.14499 -0.21256 0.96439
1661398723.065145969 2.10568 9.18710 1.05147 -0.06053 -0.14522 -0.21255 0.96440
1661398723.075146198 2.10749 9.18213 1.05079 -0.05979 -0.14542 -0.21251 0.96443
1661398723.085145950 2.10938 9.17713 1.05012 -0.05907 -0.14562 -0.21244 0.96446
1661398723.095146179 2.11133 9.17210 1.04945 -0.05836 -0.14581 -0.21236 0.96449
1661398723.105145931 2.11335 9.16702 1.04878 -0.05768 -0.14601 -0.21226 0.96452
1661398723.115146160 2.11543 9.16192 1.04814 -0.05701 -0.14620 -0.21216 0.96455
1661398723.125145912 2.11757 9.15678 1.04751 -0.05635 -0.14641 -0.21206 0.96458
1661398723.135146141 2.11976 9.15161 1.04691 -0.05571 -0.14664 -0.21197 0.96460
1661398723.145145893 2.12199 9.14640 1.04634 -0.05508 -0.14689 -0.21189 0.96462
1661398723.155146122 2.12426 9.14117 1.04581 -0.05447 -0.14717 -0.21182 0.96463
1661398723.165145874 2.12657 9.13590 1.04532 -0.05386 -0.14748 -0.21176 0.96463
1661398723.175146103 2.12889 9.13061 1.04486 -0.05327 -0.14785 -0.21171 0.96462
1661398723.185145855 2.13121 9.12529 1.04446 -0.05270 -0.14827 -0.21165 0.96459
1661398723.195146084 2.13352 9.11997 1.04410 -0.05215 -0.14876 -0.21158 0.96456
1661398723.205146074 2.13580 9.11463 1.04379 -0.05162 -0.14933 -0.21149 0.96453
1661398723.215146065 2.13804 9.10928 1.04353 -0.05112 -0.14998 -0.21137 0.96448
1661398723.225146055 2.14023 9.10393 1.04332 -0.05064 -0.15074 -0.21122 0.96442
1661398723.235146046 2.14236 9.09859 1.04317 -0.05019 -0.15160 -0.21103 0.96435
1661398723.245146036 2.14441 9.09325 1.04308 -0.04977 -0.15258 -0.21079 0.96427
1661398723.255146027 2.14636 9.08792 1.04305 -0.04938 -0.15367 -0.21049 0.96418
1661398723.265146017 2.14825 9.08260 1.04307 -0.04903 -0.15484 -0.21014 0.96408
1661398723.275146008 2.15009 9.07728 1.04313 -0.04872 -0.15602 -0.20976 0.96399
1661398723.285145998 2.15189 9.07197 1.04322 -0.04844 -0.15717 -0.20934 0.96391
1661398723.295145988 2.15369 9.06666 1.04334 -0.04820 -0.15821 -0.20890 0.96385
1661398723.305145979 2.15550 9.06135 1.04347 -0.04801 -0.15912 -0.20845 0.96381
1661398723.315145969 2.15730 9.05605 1.04363 -0.04788 -0.15993 -0.20801 0.96377
1661398723.325145960 2.15911 9.05077 1.04384 -0.04784 -0.16069 -0.20762 0.96374
1661398723.335146189 2.16090 9.04551 1.04411 -0.04792 -0.16144 -0.20729 0.96368
1661398723.345145941 2.16266 9.04029 1.04446 -0.04812 -0.16225 -0.20705 0.96358
1661398723.355146170 2.16439 9.03512 1.04490 -0.04848 -0.16314 -0.20693 0.96344
1661398723.365145922 2.16609 9.02999 1.04542 -0.04897 -0.16412 -0.20692 0.96325
1661398723.375146151 2.16775 9.02488 1.04603 -0.04956 -0.16517 -0.20702 0.96302
1661398723.385145903 2.16937 9.01980 1.04669 -0.05023 -0.16628 -0.20722 0.96275
1661398723.395146132 2.17095 9.01473 1.04742 -0.05094 -0.16743 -0.20751 0.96245
1661398723.405145884 2.17249 9.00966 1.04820 -0.05167 -0.16861 -0.20789 0.96212
1661398723.415146112 2.17398 9.00458 1.04901 -0.05239 -0.16980 -0.20835 0.96178
1661398723.425145864 2.17542 8.99949 1.04985 -0.05308 -0.17099 -0.20888 0.96141
1661398723.435146093 2.17681 8.99438 1.05071 -0.05369 -0.17217 -0.20948 0.96104
1661398723.445145845 2.17816 8.98922 1.05159 -0.05422 -0.17332 -0.21013 0.96066
1661398723.455146074 2.17945 8.98403 1.05246 -0.05462 -0.17443 -0.21084 0.96028
1661398723.465146065 2.18068 8.97880 1.05332 -0.05491 -0.17549 -0.21159 0.95990
1661398723.475146055 2.18185 8.97351 1.05417 -0.05510 -0.17650 -0.21236 0.95954
1661398723.485146046 2.18295 8.96819 1.05498 -0.05518 -0.17746 -0.21314 0.95918
1661398723.495146036 2.18398 8.96281 1.05576 -0.05518 -0.17834 -0.21392 0.95885
1661398723.505146027 2.18493 8.95738 1.05649 -0.05509 -0.17916 -0.21468 0.95853
1661398723.515146017 2.18580 8.95191 1.05716 -0.05493 -0.17990 -0.21541 0.95824
1661398723.525146008 2.18659 8.94638 1.05776 -0.05470 -0.18056 -0.21610 0.95797
1661398723.535145998 2.18728 8.94080 1.05829 -0.05441 -0.18114 -0.21673 0.95773
1661398723.545145988 2.18788 8.93517 1.05873 -0.05407 -0.18163 -0.21729 0.95754
1661398723.555145979 2.18838 8.92949 1.05908 -0.05369 -0.18202 -0.21776 0.95737
1661398723.565145969 2.18880 8.92376 1.05935 -0.05330 -0.18234 -0.21818 0.95724
1661398723.575146198 2.18915 8.91802 1.05957 -0.05293 -0.18261 -0.21855 0.95712
1661398723.585145950 2.18945 8.91226 1.05975 -0.05263 -0.18286 -0.21892 0.95701
1661398723.595146179 2.18973 8.90651 1.05993 -0.05242 -0.18310 -0.21929 0.95689
1661398723.605145931 2.18999 8.90078 1.06011 -0.05233 -0.18337 -0.21969 0.95675
1661398723.615146160 2.19022 8.89506 1.06033 -0.05236 -0.18366 -0.22008 0.95660
1661398723.625145912 2.19039 8.88932 1.06059 -0.05248 -0.18399 -0.22045 0.95645
1661398723.635146141 2.19050 8.88357 1.06091 -0.05268 -0.18437 -0.22076 0.95629
1661398723.645145893 2.19050 8.87778 1.06132 -0.05294 -0.18480 -0.22097 0.95615
1661398723.655146122 2.19041 8.87194 1.06181 -0.05325 -0.18528 -0.22106 0.95602
1661398723.665145874 2.19023 8.86608 1.06232 -0.05358 -0.18580 -0.22102 0.95591
1661398723.675146103 2.18999 8.86023 1.06280 -0.05393 -0.18633 -0.22085 0.95582
1661398723.685145855 2.18974 8.85442 1.06315 -0.05427 -0.18683 -0.22053 0.95578
1661398723.695146084 2.18948 8.84869 1.06331 -0.05458 -0.18729 -0.22007 0.95578
1661398723.705146074 2.18926 8.84305 1.06323 -0.05484 -0.18769 -0.21947 0.95582
1661398723.715146065 2.18905 8.83748 1.06295 -0.05507 -0.18799 -0.21874 0.95592
1661398723.725146055 2.18882 8.83194 1.06251 -0.05525 -0.18819 -0.21794 0.95605
1661398723.735146046 2.18856 8.82640 1.06198 -0.05540 -0.18826 -0.21708 0.95622
1661398723.745146036 2.18823 8.82082 1.06141 -0.05551 -0.18820 -0.21622 0.95643
1661398723.755146027 2.18783 8.81517 1.06085 -0.05559 -0.18798 -0.21536 0.95666
1661398723.765146017 2.18734 8.80945 1.06030 -0.05565 -0.18763 -0.21451 0.95691
1661398723.775146008 2.18678 8.80367 1.05979 -0.05568 -0.18719 -0.21366 0.95719
1661398723.785145998 2.18615 8.79783 1.05930 -0.05568 -0.18667 -0.21280 0.95748
1661398723.795145988 2.18546 8.79195 1.05884 -0.05566 -0.18610 -0.21191 0.95779
1661398723.805145979 2.18471 8.78602 1.05843 -0.05561 -0.18551 -0.21099 0.95811
1661398723.815145969 2.18392 8.78005 1.05805 -0.05554 -0.18494 -0.21002 0.95844
1661398723.825145960 2.18308 8.77406 1.05772 -0.05545 -0.18440 -0.20899 0.95877
1661398723.835146189 2.18221 8.76804 1.05744 -0.05534 -0.18392 -0.20789 0.95911
1661398723.845145941 2.18131 8.76201 1.05722 -0.05521 -0.18354 -0.20672 0.95944
1661398723.855146170 2.18038 8.75597 1.05705 -0.05507 -0.18327 -0.20545 0.95978
1661398723.865145922 2.17943 8.74992 1.05694 -0.05490 -0.18310 -0.20411 0.96010
1661398723.875146151 2.17846 8.74385 1.05687 -0.05472 -0.18302 -0.20269 0.96043
1661398723.885145903 2.17748 8.73777 1.05684 -0.05451 -0.18299 -0.20121 0.96076
1661398723.895146132 2.17647 8.73167 1.05685 -0.05429 -0.18301 -0.19968 0.96109
1661398723.905145884 2.17545 8.72554 1.05688 -0.05404 -0.18306 -0.19811 0.96142
1661398723.915146112 2.17441 8.71939 1.05694 -0.05377 -0.18310 -0.19650 0.96175
1661398723.925145864 2.17336 8.71321 1.05701 -0.05347 -0.18314 -0.19487 0.96210
1661398723.935146093 2.17230 8.70701 1.05709 -0.05315 -0.18314 -0.19322 0.96245
1661398723.945145845 2.17122 8.70077 1.05717 -0.05280 -0.18309 -0.19156 0.96281
1661398723.955146074 2.17014 8.69449 1.05724 -0.05243 -0.18297 -0.18991 0.96318
1661398723.965146065 2.16905 8.68819 1.05732 -0.05203 -0.18280 -0.18827 0.96355
1661398723.975146055 2.16795 8.68189 1.05738 -0.05161 -0.18261 -0.18665 0.96393
1661398723.985146046 2.16684 8.67559 1.05743 -0.05116 -0.18240 -0.18505 0.96430
1661398723.995146036 2.16573 8.66930 1.05746 -0.05069 -0.18221 -0.18348 0.96466
1661398724.005146027 2.16461 8.66305 1.05748 -0.05020 -0.18205 -0.18195 0.96500
1661398724.015146017 2.16350 8.65684 1.05748 -0.04968 -0.18194 -0.18046 0.96533
1661398724.025146008 2.16238 8.65070 1.05746 -0.04914 -0.18192 -0.17902 0.96563
1661398724.035145998 2.16126 8.64462 1.05741 -0.04859 -0.18199 -0.17764 0.96590
1661398724.045145988 2.16014 8.63862 1.05733 -0.04801 -0.18217 -0.17633 0.96613
1661398724.055145979 2.15902 8.63273 1.05722 -0.04742 -0.18249 -0.17508 0.96633
1661398724.065145969 2.15790 8.62692 1.05709 -0.04681 -0.18292 -0.17390 0.96649
1661398724.075146198 2.15678 8.62121 1.05694 -0.04619 -0.18342 -0.17277 0.96663
1661398724.085145950 2.15566 8.61558 1.05678 -0.04557 -0.18396 -0.17169 0.96675
1661398724.095146179 2.15454 8.61003 1.05662 -0.04494 -0.18453 -0.17065 0.96686
1661398724.105145931 2.15340 8.60456 1.05646 -0.04431 -0.18507 -0.16964 0.96696
1661398724.115146160 2.15226 8.59915 1.05631 -0.04369 -0.18556 -0.16864 0.96707
1661398724.125145912 2.15110 8.59382 1.05617 -0.04307 -0.18598 -0.16766 0.96718
1661398724.135146141 2.14994 8.58855 1.05606 -0.04247 -0.18628 -0.16669 0.96732
1661398724.145145893 2.14875 8.58333 1.05598 -0.04189 -0.18644 -0.16571 0.96748
1661398724.155146122 2.14756 8.57818 1.05593 -0.04133 -0.18644 -0.16473 0.96768
1661398724.165145874 2.14635 8.57307 1.05592 -0.04079 -0.18629 -0.16374 0.96790
1661398724.175146103 2.14514 8.56803 1.05593 -0.04028 -0.18602 -0.16275 0.96813
1661398724.185145855 2.14392 8.56304 1.05597 -0.03981 -0.18567 -0.16178 0.96838
1661398724.195146084 2.14271 8.55812 1.05604 -0.03939 -0.18526 -0.16084 0.96864
1661398724.205146074 2.14151 8.55327 1.05613 -0.03901 -0.18481 -0.15992 0.96889
1661398724.215146065 2.14032 8.54848 1.05623 -0.03868 -0.18437 -0.15904 0.96913
1661398724.225146055 2.13916 8.54377 1.05635 -0.03842 -0.18396 -0.15822 0.96936
1661398724.235146046 2.13801 8.53913 1.05649 -0.03821 -0.18360 -0.15745 0.96956
1661398724.245146036 2.13690 8.53456 1.05663 -0.03808 -0.18332 -0.15674 0.96973
1661398724.255146027 2.13582 8.53007 1.05677 -0.03802 -0.18316 -0.15611 0.96986
1661398724.265146017 2.13478 8.52564 1.05692 -0.03802 -0.18309 -0.15555 0.96997
1661398724.275146008 2.13378 8.52126 1.05706 -0.03806 -0.18310 -0.15505 0.97004
1661398724.285145998 2.13282 8.51692 1.05718 -0.03813 -0.18318 -0.15462 0.97010
1661398724.295145988 2.13191 8.51260 1.05729 -0.03821 -0.18330 -0.15424 0.97013
1661398724.305145979 2.13104 8.50829 1.05737 -0.03828 -0.18345 -0.15391 0.97015
1661398724.315145969 2.13022 8.50398 1.05743 -0.03834 -0.18361 -0.15364 0.97016
1661398724.325145960 2.12946 8.49964 1.05744 -0.03835 -0.18377 -0.15340 0.97017
1661398724.335146189 2.12874 8.49527 1.05741 -0.03832 -0.18391 -0.15321 0.97017
1661398724.345145941 2.12809 8.49085 1.05734 -0.03821 -0.18400 -0.15306 0.97018
1661398724.355146170 2.12749 8.48637 1.05721 -0.03802 -0.18404 -0.15293 0.97020
1661398724.365145922 2.12695 8.48185 1.05703 -0.03776 -0.18404 -0.15283 0.97023
1661398724.375146151 2.12646 8.47728 1.05681 -0.03743 -0.18400 -0.15276 0.97026
1661398724.385145903 2.12604 8.47269 1.05655 -0.03705 -0.18394 -0.15270 0.97030
1661398724.395146132 2.12567 8.46808 1.05626 -0.03663 -0.18386 -0.15264 0.97034
1661398724.405145884 2.12536 8.46347 1.05595 -0.03618 -0.18378 -0.15260 0.97038
1661398724.415146112 2.12510 8.45886 1.05562 -0.03571 -0.18370 -0.15255 0.97042
1661398724.425145864 2.12489 8.45427 1.05527 -0.03524 -0.18364 -0.15250 0.97045
1661398724.435146093 2.12474 8.44971 1.05493 -0.03477 -0.18361 -0.15244 0.97048
1661398724.445145845 2.12464 8.44518 1.05458 -0.03432 -0.18362 -0.15236 0.97051
1661398724.455146074 2.12459 8.44071 1.05424 -0.03390 -0.18367 -0.15227 0.97053
1661398724.465146065 2.12460 8.43628 1.05390 -0.03350 -0.18377 -0.15216 0.97054
1661398724.475146055 2.12466 8.43190 1.05355 -0.03312 -0.18389 -0.15205 0.97055
1661398724.485146046 2.12477 8.42754 1.05319 -0.03277 -0.18404 -0.15195 0.97055
1661398724.495146036 2.12493 8.42321 1.05281 -0.03243 -0.18420 -0.15186 0.97055
1661398724.505146027 2.12515 8.41890 1.05240 -0.03211 -0.18436 -0.15180 0.97054
1661398724.515146017 2.12542 8.41461 1.05196 -0.03180 -0.18452 -0.15177 0.97052
1661398724.525146008 2.12575 8.41033 1.05148 -0.03151 -0.18466 -0.15178 0.97050
1661398724.535145998 2.12613 8.40604 1.05096 -0.03122 -0.18478 -0.15184 0.97048
1661398724.545145988 2.12657 8.40175 1.05038 -0.03094 -0.18487 -0.15197 0.97045
1661398724.555145979 2.12706 8.39745 1.04975 -0.03067 -0.18492 -0.15216 0.97042
1661398724.565145969 2.12761 8.39315 1.04906 -0.03041 -0.18493 -0.15241 0.97039
1661398724.575146198 2.12821 8.38882 1.04834 -0.03018 -0.18491 -0.15272 0.97035
1661398724.585145950 2.12886 8.38449 1.04759 -0.02998 -0.18486 -0.15309 0.97031
1661398724.595146179 2.12956 8.38014 1.04682 -0.02983 -0.18479 -0.15349 0.97026
1661398724.605145931 2.13032 8.37577 1.04605 -0.02974 -0.18470 -0.15394 0.97021
1661398724.615146160 2.13112 8.37139 1.04527 -0.02971 -0.18460 -0.15442 0.97015
1661398724.625145912 2.13198 8.36699 1.04451 -0.02976 -0.18450 -0.15493 0.97009
1661398724.635146141 2.13288 8.36258 1.04377 -0.02989 -0.18438 -0.15546 0.97002
1661398724.645145893 2.13383 8.35815 1.04307 -0.03012 -0.18427 -0.15600 0.96995
1661398724.655146122 2.13483 8.35369 1.04241 -0.03046 -0.18417 -0.15655 0.96987
1661398724.665145874 2.13586 8.34922 1.04179 -0.03088 -0.18407 -0.15710 0.96978
1661398724.675146103 2.13693 8.34474 1.04121 -0.03137 -0.18399 -0.15764 0.96970
1661398724.685145855 2.13802 8.34025 1.04067 -0.03190 -0.18391 -0.15816 0.96961
1661398724.695146084 2.13912 8.33575 1.04017 -0.03245 -0.18384 -0.15864 0.96953
1661398724.705146074 2.14022 8.33125 1.03970 -0.03301 -0.18379 -0.15909 0.96945
1661398724.715146065 2.14132 8.32674 1.03928 -0.03354 -0.18375 -0.15948 0.96937
1661398724.725146055 2.14241 8.32224 1.03888 -0.03404 -0.18372 -0.15981 0.96930
1661398724.735146046 2.14348 8.31775 1.03852 -0.03448 -0.18371 -0.16007 0.96925
1661398724.745146036 2.14451 8.31326 1.03819 -0.03483 -0.18372 -0.16025 0.96920
1661398724.755146027 2.14552 8.30879 1.03789 -0.03509 -0.18375 -0.16035 0.96917
1661398724.765146017 2.14649 8.30433 1.03762 -0.03526 -0.18380 -0.16037 0.96915
1661398724.775146008 2.14743 8.29988 1.03738 -0.03538 -0.18388 -0.16032 0.96914
1661398724.785145998 2.14835 8.29545 1.03715 -0.03547 -0.18398 -0.16022 0.96914
1661398724.795145988 2.14924 8.29104 1.03695 -0.03554 -0.18411 -0.16009 0.96913
1661398724.805145979 2.15013 8.28664 1.03678 -0.03562 -0.18427 -0.15993 0.96912
1661398724.815145969 2.15100 8.28225 1.03661 -0.03574 -0.18446 -0.15976 0.96911
1661398724.825145960 2.15186 8.27789 1.03647 -0.03591 -0.18469 -0.15959 0.96909
1661398724.835146189 2.15273 8.27354 1.03633 -0.03616 -0.18496 -0.15945 0.96905
1661398724.845145941 2.15359 8.26921 1.03621 -0.03652 -0.18527 -0.15933 0.96900
1661398724.855146170 2.15446 8.26490 1.03610 -0.03699 -0.18563 -0.15925 0.96892
1661398724.865145922 2.15533 8.26061 1.03599 -0.03757 -0.18604 -0.15922 0.96883
1661398724.875146151 2.15620 8.25633 1.03590 -0.03823 -0.18652 -0.15923 0.96871
1661398724.885145903 2.15705 8.25207 1.03583 -0.03896 -0.18707 -0.15929 0.96856
1661398724.895146132 2.15788 8.24783 1.03578 -0.03974 -0.18772 -0.15940 0.96839
1661398724.905145884 2.15869 8.24360 1.03575 -0.04055 -0.18846 -0.15957 0.96818
1661398724.915146112 2.15946 8.23939 1.03574 -0.04136 -0.18932 -0.15978 0.96794
1661398724.925145864 2.16019 8.23518 1.03575 -0.04216 -0.19031 -0.16005 0.96767
1661398724.935146093 2.16088 8.23099 1.03580 -0.04294 -0.19143 -0.16038 0.96736
1661398724.945145845 2.16151 8.22681 1.03587 -0.04366 -0.19269 -0.16076 0.96702
1661398724.955146074 2.16209 8.22264 1.03598 -0.04432 -0.19411 -0.16120 0.96663
1661398724.965146065 2.16262 8.21848 1.03611 -0.04490 -0.19563 -0.16169 0.96621
1661398724.975146055 2.16310 8.21434 1.03628 -0.04540 -0.19722 -0.16222 0.96578
1661398724.985146046 2.16356 8.21022 1.03646 -0.04582 -0.19881 -0.16279 0.96534
1661398724.995146036 2.16399 8.20613 1.03666 -0.04614 -0.20038 -0.16339 0.96490
1661398725.005146027 2.16441 8.20208 1.03687 -0.04637 -0.20186 -0.16401 0.96447
1661398725.015146017 2.16483 8.19806 1.03709 -0.04649 -0.20320 -0.16464 0.96408
1661398725.025146008 2.16526 8.19408 1.03732 -0.04650 -0.20437 -0.16527 0.96372
1661398725.035145998 2.16571 8.19015 1.03755 -0.04640 -0.20530 -0.16590 0.96342
1661398725.045145988 2.16618 8.18628 1.03778 -0.04618 -0.20596 -0.16653 0.96318
1661398725.055145979 2.16668 8.18245 1.03800 -0.04584 -0.20631 -0.16713 0.96302
1661398725.065145969 2.16722 8.17866 1.03822 -0.04540 -0.20637 -0.16773 0.96292
1661398725.075146198 2.16778 8.17489 1.03844 -0.04490 -0.20618 -0.16833 0.96288
1661398725.085145950 2.16836 8.17112 1.03866 -0.04437 -0.20579 -0.16894 0.96288
1661398725.095146179 2.16896 8.16732 1.03889 -0.04384 -0.20523 -0.16957 0.96292
1661398725.105145931 2.16957 8.16349 1.03914 -0.04334 -0.20453 -0.17023 0.96297
1661398725.115146160 2.17017 8.15959 1.03940 -0.04291 -0.20375 -0.17093 0.96303
1661398725.125145912 2.17078 8.15561 1.03967 -0.04258 -0.20291 -0.17168 0.96309
1661398725.135146141 2.17137 8.15154 1.03997 -0.04238 -0.20205 -0.17248 0.96313
1661398725.145145893 2.17195 8.14734 1.04030 -0.04234 -0.20123 -0.17335 0.96315
1661398725.155146122 2.17252 8.14301 1.04065 -0.04248 -0.20046 -0.17430 0.96314
1661398725.165145874 2.17305 8.13855 1.04102 -0.04278 -0.19977 -0.17530 0.96308
1661398725.175146103 2.17355 8.13399 1.04141 -0.04321 -0.19917 -0.17633 0.96300
1661398725.185145855 2.17400 8.12933 1.04181 -0.04375 -0.19868 -0.17738 0.96288
1661398725.195146084 2.17440 8.12459 1.04221 -0.04434 -0.19832 -0.17842 0.96274
1661398725.205146074 2.17475 8.11979 1.04261 -0.04497 -0.19809 -0.17944 0.96257
1661398725.215146065 2.17502 8.11494 1.04299 -0.04561 -0.19801 -0.18040 0.96238
1661398725.225146055 2.17522 8.11006 1.04336 -0.04621 -0.19809 -0.18129 0.96216
1661398725.235146046 2.17533 8.10515 1.04371 -0.04675 -0.19836 -0.18210 0.96193
1661398725.245146036 2.17535 8.10024 1.04402 -0.04720 -0.19882 -0.18279 0.96168
1661398725.255146027 2.17527 8.09534 1.04430 -0.04753 -0.19948 -0.18335 0.96142
1661398725.265146017 2.17510 8.09044 1.04454 -0.04775 -0.20031 -0.18379 0.96115
1661398725.275146008 2.17484 8.08555 1.04475 -0.04788 -0.20127 -0.18413 0.96088
1661398725.285145998 2.17450 8.08064 1.04493 -0.04792 -0.20232 -0.18438 0.96061
1661398725.295145988 2.17408 8.07572 1.04508 -0.04789 -0.20341 -0.18455 0.96035
1661398725.305145979 2.17359 8.07078 1.04521 -0.04780 -0.20452 -0.18467 0.96010
1661398725.315145969 2.17304 8.06582 1.04531 -0.04767 -0.20560 -0.18473 0.95986
1661398725.325145960 2.17243 8.06083 1.04539 -0.04750 -0.20661 -0.18476 0.95965
1661398725.335146189 2.17176 8.05580 1.04546 -0.04733 -0.20751 -0.18478 0.95946
1661398725.345145941 2.17105 8.05072 1.04551 -0.04715 -0.20826 -0.18479 0.95930
1661398725.355146170 2.17030 8.04560 1.04555 -0.04697 -0.20883 -0.18481 0.95918
1661398725.365145922 2.16951 8.04043 1.04557 -0.04682 -0.20922 -0.18484 0.95910
1661398725.375146151 2.16869 8.03521 1.04558 -0.04667 -0.20947 -0.18489 0.95904
1661398725.385145903 2.16784 8.02993 1.04557 -0.04653 -0.20957 -0.18496 0.95901
1661398725.395146132 2.16695 8.02460 1.04554 -0.04641 -0.20954 -0.18504 0.95901
1661398725.405145884 2.16604 8.01921 1.04549 -0.04631 -0.20942 -0.18514 0.95902
1661398725.415146112 2.16510 8.01376 1.04543 -0.04622 -0.20919 -0.18526 0.95905
1661398725.425145864 2.16413 8.00824 1.04534 -0.04614 -0.20890 -0.18540 0.95909
1661398725.435146093 2.16315 8.00267 1.04523 -0.04608 -0.20854 -0.18557 0.95914
1661398725.445145845 2.16215 7.99703 1.04510 -0.04603 -0.20815 -0.18576 0.95919
1661398725.455146074 2.16113 7.99132 1.04494 -0.04601 -0.20772 -0.18598 0.95924
1661398725.465146065 2.16009 7.98555 1.04476 -0.04600 -0.20727 -0.18621 0.95930
1661398725.475146055 2.15904 7.97972 1.04456 -0.04600 -0.20681 -0.18643 0.95935
1661398725.485146046 2.15798 7.97382 1.04433 -0.04603 -0.20633 -0.18664 0.95941
1661398725.495146036 2.15690 7.96787 1.04409 -0.04606 -0.20585 -0.18681 0.95948
1661398725.505146027 2.15580 7.96186 1.04382 -0.04611 -0.20537 -0.18693 0.95956
1661398725.515146017 2.15469 7.95580 1.04354 -0.04618 -0.20490 -0.18699 0.95964
1661398725.525146008 2.15356 7.94968 1.04325 -0.04626 -0.20444 -0.18697 0.95974
1661398725.535145998 2.15242 7.94352 1.04294 -0.04635 -0.20399 -0.18685 0.95986
1661398725.545145988 2.15126 7.93730 1.04261 -0.04646 -0.20357 -0.18661 0.95999
1661398725.555145979 2.15009 7.93105 1.04228 -0.04657 -0.20317 -0.18626 0.96013
1661398725.565145969 2.14890 7.92475 1.04193 -0.04670 -0.20281 -0.18580 0.96029
1661398725.575146198 2.14769 7.91842 1.04158 -0.04685 -0.20250 -0.18526 0.96046
1661398725.585145950 2.14646 7.91207 1.04123 -0.04701 -0.20225 -0.18465 0.96062
1661398725.595146179 2.14520 7.90571 1.04087 -0.04719 -0.20206 -0.18400 0.96078
1661398725.605145931 2.14391 7.89934 1.04052 -0.04739 -0.20194 -0.18332 0.96092
1661398725.615146160 2.14259 7.89296 1.04017 -0.04760 -0.20191 -0.18264 0.96104
1661398725.625145912 2.14124 7.88660 1.03983 -0.04784 -0.20198 -0.18198 0.96114
1661398725.635146141 2.13985 7.88025 1.03950 -0.04810 -0.20215 -0.18137 0.96121
1661398725.645145893 2.13842 7.87392 1.03918 -0.04839 -0.20243 -0.18081 0.96124
1661398725.655146122 2.13695 7.86763 1.03888 -0.04870 -0.20283 -0.18033 0.96123
1661398725.665145874 2.13545 7.86137 1.03859 -0.04902 -0.20333 -0.17992 0.96119
1661398725.675146103 2.13390 7.85515 1.03833 -0.04934 -0.20389 -0.17957 0.96112
1661398725.685145855 2.13233 7.84899 1.03808 -0.04966 -0.20448 -0.17928 0.96103
1661398725.695146084 2.13072 7.84288 1.03786 -0.04995 -0.20508 -0.17904 0.96093
1661398725.705146074 2.12908 7.83683 1.03765 -0.05021 -0.20565 -0.17884 0.96084
1661398725.715146065 2.12743 7.83086 1.03747 -0.05043 -0.20616 -0.17867 0.96075
1661398725.725146055 2.12575 7.82496 1.03732 -0.05060 -0.20659 -0.17852 0.96067
1661398725.735146046 2.12406 7.81915 1.03718 -0.05070 -0.20690 -0.17839 0.96062
1661398725.745146036 2.12235 7.81343 1.03708 -0.05073 -0.20707 -0.17826 0.96061
1661398725.755146027 2.12063 7.80780 1.03700 -0.05067 -0.20707 -0.17813 0.96064
1661398725.765146017 2.11890 7.80226 1.03694 -0.05055 -0.20692 -0.17799 0.96070
1661398725.775146008 2.11716 7.79679 1.03689 -0.05039 -0.20666 -0.17786 0.96079
1661398725.785145998 2.11543 7.79139 1.03684 -0.05021 -0.20631 -0.17772 0.96090
1661398725.795145988 2.11369 7.78605 1.03678 -0.05004 -0.20591 -0.17758 0.96102
1661398725.805145979 2.11195 7.78075 1.03670 -0.04990 -0.20548 -0.17745 0.96115
1661398725.815145969 2.11022 7.77549 1.03659 -0.04981 -0.20505 -0.17731 0.96127
1661398725.825145960 2.10849 7.77025 1.03644 -0.04980 -0.20465 -0.17718 0.96138
1661398725.835146189 2.10677 7.76502 1.03624 -0.04988 -0.20432 -0.17705 0.96147
1661398725.845145941 2.10507 7.75980 1.03599 -0.05009 -0.20409 -0.17693 0.96153
1661398725.855146170 2.10338 7.75457 1.03567 -0.05044 -0.20397 -0.17681 0.96156
1661398725.865145922 2.10170 7.74934 1.03529 -0.05091 -0.20397 -0.17669 0.96155
1661398725.875146151 2.10003 7.74412 1.03487 -0.05147 -0.20411 -0.17658 0.96151
1661398725.885145903 2.09837 7.73892 1.03442 -0.05209 -0.20439 -0.17648 0.96144
1661398725.895146132 2.09672 7.73374 1.03395 -0.05275 -0.20480 -0.17638 0.96134
1661398725.905145884 2.09507 7.72859 1.03347 -0.05341 -0.20535 -0.17629 0.96120
1661398725.915146112 2.09342 7.72349 1.03299 -0.05405 -0.20606 -0.17620 0.96103
1661398725.925145864 2.09178 7.71843 1.03252 -0.05464 -0.20691 -0.17612 0.96082
1661398725.935146093 2.09013 7.71342 1.03208 -0.05515 -0.20792 -0.17605 0.96059
1661398725.945145845 2.08847 7.70848 1.03168 -0.05556 -0.20909 -0.17598 0.96032
1661398725.955146074 2.08681 7.70361 1.03133 -0.05583 -0.21042 -0.17593 0.96003
1661398725.965146065 2.08516 7.69880 1.03103 -0.05598 -0.21188 -0.17587 0.95971
1661398725.975146055 2.08351 7.69406 1.03077 -0.05600 -0.21343 -0.17583 0.95937
1661398725.985146046 2.08189 7.68936 1.03056 -0.05591 -0.21506 -0.17578 0.95902
1661398725.995146036 2.08031 7.68472 1.03040 -0.05571 -0.21672 -0.17574 0.95867
1661398726.005146027 2.07876 7.68012 1.03029 -0.05540 -0.21838 -0.17569 0.95832
1661398726.015146017 2.07727 7.67555 1.03023 -0.05499 -0.22001 -0.17565 0.95798
1661398726.025146008 2.07584 7.67102 1.03021 -0.05449 -0.22159 -0.17559 0.95765
1661398726.035145998 2.07449 7.66651 1.03024 -0.05390 -0.22307 -0.17554 0.95735
1661398726.045145988 2.07321 7.66203 1.03031 -0.05323 -0.22443 -0.17547 0.95708
1661398726.055145979 2.07203 7.65755 1.03043 -0.05249 -0.22564 -0.17540 0.95685
1661398726.065145969 2.07094 7.65310 1.03058 -0.05170 -0.22671 -0.17531 0.95666
1661398726.075146198 2.06995 7.64867 1.03074 -0.05089 -0.22765 -0.17520 0.95650
1661398726.085145950 2.06906 7.64428 1.03091 -0.05007 -0.22848 -0.17506 0.95637
1661398726.095146179 2.06827 7.63992 1.03108 -0.04928 -0.22921 -0.17488 0.95627
1661398726.105145931 2.06759 7.63560 1.03121 -0.04854 -0.22986 -0.17466 0.95619
1661398726.115146160 2.06702 7.63133 1.03131 -0.04788 -0.23044 -0.17439 0.95613
1661398726.125145912 2.06657 7.62710 1.03136 -0.04731 -0.23097 -0.17407 0.95609
1661398726.135146141 2.06623 7.62294 1.03135 -0.04687 -0.23146 -0.17368 0.95607
1661398726.145145893 2.06602 7.61884 1.03125 -0.04658 -0.23192 -0.17322 0.95605
1661398726.155146122 2.06592 7.61480 1.03107 -0.04645 -0.23237 -0.17268 0.95605
1661398726.165145874 2.06591 7.61079 1.03082 -0.04645 -0.23284 -0.17209 0.95604
1661398726.175146103 2.06596 7.60678 1.03052 -0.04652 -0.23333 -0.17144 0.95604
1661398726.185145855 2.06604 7.60273 1.03018 -0.04662 -0.23386 -0.17075 0.95602
1661398726.195146084 2.06612 7.59861 1.02983 -0.04669 -0.23445 -0.17005 0.95600
1661398726.205146074 2.06618 7.59439 1.02949 -0.04670 -0.23512 -0.16933 0.95596
1661398726.215146065 2.06622 7.59008 1.02913 -0.04663 -0.23581 -0.16861 0.95592
1661398726.225146055 2.06628 7.58574 1.02876 -0.04647 -0.23648 -0.16789 0.95589
1661398726.235146046 2.06638 7.58137 1.02834 -0.04622 -0.23709 -0.16716 0.95588
1661398726.245146036 2.06655 7.57702 1.02787 -0.04586 -0.23758 -0.16644 0.95590
1661398726.255146027 2.06679 7.57271 1.02733 -0.04540 -0.23792 -0.16572 0.95596
1661398726.265146017 2.06713 7.56844 1.02672 -0.04486 -0.23812 -0.16500 0.95606
1661398726.275146008 2.06755 7.56419 1.02605 -0.04425 -0.23821 -0.16429 0.95619
1661398726.285145998 2.06806 7.55997 1.02532 -0.04359 -0.23821 -0.16359 0.95635
1661398726.295145988 2.06866 7.55577 1.02454 -0.04291 -0.23814 -0.16289 0.95651
1661398726.305145979 2.06934 7.55157 1.02371 -0.04223 -0.23804 -0.16220 0.95669
1661398726.315145969 2.07012 7.54737 1.02283 -0.04157 -0.23792 -0.16151 0.95686
1661398726.325145960 2.07098 7.54315 1.02192 -0.04094 -0.23782 -0.16084 0.95702
1661398726.335146189 2.07192 7.53892 1.02097 -0.04037 -0.23776 -0.16018 0.95717
1661398726.345145941 2.07296 7.53467 1.01999 -0.03989 -0.23777 -0.15954 0.95730
1661398726.355146170 2.07408 7.53038 1.01899 -0.03950 -0.23786 -0.15890 0.95740
1661398726.365145922 2.07529 7.52606 1.01796 -0.03920 -0.23802 -0.15827 0.95748
1661398726.375146151 2.07657 7.52169 1.01692 -0.03898 -0.23823 -0.15764 0.95754
1661398726.385145903 2.07794 7.51728 1.01588 -0.03882 -0.23849 -0.15701 0.95758
1661398726.395146132 2.07938 7.51282 1.01482 -0.03872 -0.23876 -0.15637 0.95762
1661398726.405145884 2.08089 7.50831 1.01378 -0.03865 -0.23903 -0.15572 0.95767
1661398726.415146112 2.08246 7.50374 1.01274 -0.03861 -0.23928 -0.15504 0.95771
1661398726.425145864 2.08411 7.49912 1.01171 -0.03859 -0.23950 -0.15433 0.95778
1661398726.435146093 2.08581 7.49444 1.01070 -0.03857 -0.23966 -0.15359 0.95785
1661398726.445145845 2.08757 7.48969 1.00972 -0.03853 -0.23975 -0.15281 0.95796
1661398726.455146074 2.08939 7.48487 1.00877 -0.03848 -0.23976 -0.15199 0.95809
1661398726.465146065 2.09125 7.47999 1.00785 -0.03840 -0.23971 -0.15111 0.95824
1661398726.475146055 2.09314 7.47505 1.00697 -0.03830 -0.23965 -0.15019 0.95841
1661398726.485146046 2.09505 7.47005 1.00613 -0.03817 -0.23961 -0.14921 0.95858
1661398726.495146036 2.09696 7.46500 1.00534 -0.03802 -0.23962 -0.14817 0.95874
1661398726.505146027 2.09887 7.45991 1.00459 -0.03784 -0.23972 -0.14706 0.95889
1661398726.515146017 2.10077 7.45477 1.00389 -0.03763 -0.23995 -0.14589 0.95902
1661398726.525146008 2.10263 7.44959 1.00324 -0.03739 -0.24034 -0.14465 0.95912
1661398726.535145998 2.10445 7.44438 1.00265 -0.03712 -0.24093 -0.14333 0.95918
1661398726.545145988 2.10621 7.43913 1.00212 -0.03683 -0.24176 -0.14194 0.95919
1661398726.555145979 2.10791 7.43387 1.00164 -0.03650 -0.24284 -0.14047 0.95915
1661398726.565145969 2.10955 7.42861 1.00124 -0.03613 -0.24404 -0.13894 0.95908
1661398726.575146198 2.11113 7.42338 1.00090 -0.03572 -0.24524 -0.13739 0.95901
1661398726.585145950 2.11265 7.41823 1.00064 -0.03525 -0.24629 -0.13584 0.95898
1661398726.595146179 2.11412 7.41317 1.00046 -0.03471 -0.24706 -0.13432 0.95902
1661398726.605145931 2.11554 7.40823 1.00035 -0.03412 -0.24744 -0.13285 0.95914
1661398726.615146160 2.11691 7.40339 1.00032 -0.03350 -0.24752 -0.13145 0.95934
1661398726.625145912 2.11823 7.39865 1.00036 -0.03292 -0.24740 -0.13011 0.95957
1661398726.635146141 2.11951 7.39399 1.00046 -0.03242 -0.24721 -0.12884 0.95981
1661398726.645145893 2.12074 7.38937 1.00062 -0.03206 -0.24707 -0.12765 0.96002
1661398726.655146122 2.12193 7.38479 1.00083 -0.03188 -0.24706 -0.12654 0.96017
1661398726.665145874 2.12306 7.38025 1.00109 -0.03186 -0.24722 -0.12549 0.96027
1661398726.675146103 2.12413 7.37575 1.00138 -0.03199 -0.24752 -0.12452 0.96031
1661398726.685145855 2.12513 7.37129 1.00171 -0.03223 -0.24797 -0.12361 0.96031
1661398726.695146084 2.12605 7.36688 1.00205 -0.03257 -0.24856 -0.12275 0.96025
1661398726.705146074 2.12688 7.36251 1.00242 -0.03298 -0.24929 -0.12195 0.96015
1661398726.715146065 2.12761 7.35819 1.00279 -0.03343 -0.25016 -0.12118 0.96001
1661398726.725146055 2.12823 7.35392 1.00317 -0.03392 -0.25114 -0.12046 0.95983
1661398726.735146046 2.12874 7.34971 1.00354 -0.03440 -0.25226 -0.11976 0.95961
1661398726.745146036 2.12912 7.34555 1.00390 -0.03486 -0.25348 -0.11909 0.95935
1661398726.755146027 2.12936 7.34146 1.00425 -0.03527 -0.25482 -0.11844 0.95906
1661398726.765146017 2.12948 7.33742 1.00457 -0.03564 -0.25623 -0.11780 0.95875
1661398726.775146008 2.12949 7.33343 1.00488 -0.03594 -0.25767 -0.11719 0.95843
1661398726.785145998 2.12939 7.32949 1.00516 -0.03618 -0.25910 -0.11658 0.95810
1661398726.795145988 2.12918 7.32561 1.00542 -0.03635 -0.26049 -0.11600 0.95779
1661398726.805145979 2.12889 7.32176 1.00566 -0.03645 -0.26180 -0.11542 0.95750
1661398726.815145969 2.12852 7.31796 1.00587 -0.03647 -0.26298 -0.11486 0.95724
1661398726.825145960 2.12808 7.31420 1.00606 -0.03640 -0.26401 -0.11431 0.95703
1661398726.835146189 2.12758 7.31048 1.00621 -0.03625 -0.26483 -0.11377 0.95687
1661398726.845145941 2.12703 7.30679 1.00634 -0.03599 -0.26540 -0.11324 0.95679
1661398726.855146170 2.12643 7.30313 1.00645 -0.03564 -0.26572 -0.11272 0.95677
1661398726.865145922 2.12578 7.29950 1.00652 -0.03521 -0.26578 -0.11221 0.95683
1661398726.875146151 2.12507 7.29591 1.00656 -0.03471 -0.26563 -0.11169 0.95695
1661398726.885145903 2.12430 7.29234 1.00658 -0.03418 -0.26530 -0.11118 0.95712
1661398726.895146132 2.12345 7.28881 1.00657 -0.03363 -0.26483 -0.11067 0.95733
1661398726.905145884 2.12253 7.28531 1.00653 -0.03309 -0.26423 -0.11015 0.95758
1661398726.915146112 2.12152 7.28185 1.00646 -0.03257 -0.26356 -0.10963 0.95784
1661398726.925145864 2.12041 7.27842 1.00638 -0.03209 -0.26284 -0.10909 0.95812
1661398726.935146093 2.11921 7.27502 1.00626 -0.03168 -0.26210 -0.10855 0.95839
1661398726.945145845 2.11789 7.27166 1.00612 -0.03136 -0.26138 -0.10799 0.95866
1661398726.955146074 2.11646 7.26833 1.00596 -0.03115 -0.26070 -0.10741 0.95892
1661398726.965146065 2.11492 7.26502 1.00578 -0.03103 -0.26008 -0.10683 0.95916
1661398726.975146055 2.11327 7.26173 1.00559 -0.03102 -0.25952 -0.10624 0.95938
1661398726.985146046 2.11152 7.25846 1.00540 -0.03109 -0.25901 -0.10565 0.95958
1661398726.995146036 2.10967 7.25518 1.00521 -0.03125 -0.25857 -0.10506 0.95975
1661398727.005146027 2.10771 7.25189 1.00502 -0.03149 -0.25819 -0.10449 0.95991
1661398727.015146017 2.10567 7.24859 1.00484 -0.03179 -0.25789 -0.10394 0.96004
1661398727.025146008 2.10353 7.24526 1.00469 -0.03217 -0.25766 -0.10341 0.96015
1661398727.035145998 2.10131 7.24189 1.00456 -0.03260 -0.25751 -0.10291 0.96023
1661398727.045145988 2.09900 7.23848 1.00446 -0.03309 -0.25743 -0.10244 0.96028
1661398727.055145979 2.09661 7.23502 1.00440 -0.03362 -0.25744 -0.10202 0.96031
1661398727.065145969 2.09415 7.23151 1.00437 -0.03419 -0.25751 -0.10164 0.96031
1661398727.075146198 2.09162 7.22796 1.00436 -0.03479 -0.25761 -0.10132 0.96029
1661398727.085145950 2.08902 7.22435 1.00437 -0.03543 -0.25774 -0.10105 0.96026
1661398727.095146179 2.08636 7.22070 1.00439 -0.03608 -0.25786 -0.10085 0.96023
1661398727.105145931 2.08363 7.21701 1.00442 -0.03674 -0.25796 -0.10072 0.96019
1661398727.115146160 2.08085 7.21327 1.00444 -0.03740 -0.25801 -0.10067 0.96015
1661398727.125145912 2.07802 7.20950 1.00445 -0.03807 -0.25800 -0.10070 0.96013
1661398727.135146141 2.07515 7.20569 1.00444 -0.03872 -0.25789 -0.10082 0.96012
1661398727.145145893 2.07223 7.20184 1.00441 -0.03936 -0.25767 -0.10103 0.96013
1661398727.155146122 2.06927 7.19795 1.00435 -0.03998 -0.25733 -0.10134 0.96016
1661398727.165145874 2.06626 7.19403 1.00428 -0.04056 -0.25688 -0.10171 0.96022
1661398727.175146103 2.06320 7.19008 1.00419 -0.04109 -0.25635 -0.10212 0.96030
1661398727.185145855 2.06007 7.18610 1.00412 -0.04156 -0.25576 -0.10252 0.96039
1661398727.195146084 2.05687 7.18209 1.00407 -0.04195 -0.25514 -0.10289 0.96050
1661398727.205146074 2.05359 7.17804 1.00405 -0.04226 -0.25451 -0.10318 0.96062
1661398727.215146065 2.05022 7.17397 1.00407 -0.04247 -0.25390 -0.10336 0.96075
1661398727.225146055 2.04676 7.16987 1.00416 -0.04256 -0.25334 -0.10340 0.96089
1661398727.235146046 2.04320 7.16574 1.00431 -0.04253 -0.25286 -0.10327 0.96104
1661398727.245146036 2.03952 7.16158 1.00455 -0.04236 -0.25247 -0.10292 0.96118
1661398727.255146027 2.03572 7.15740 1.00489 -0.04204 -0.25219 -0.10234 0.96133
1661398727.265146017 2.03181 7.15321 1.00531 -0.04160 -0.25202 -0.10154 0.96148
1661398727.275146008 2.02779 7.14900 1.00582 -0.04107 -0.25194 -0.10056 0.96163
1661398727.285145998 2.02367 7.14480 1.00639 -0.04048 -0.25191 -0.09943 0.96178
1661398727.295145988 2.01945 7.14060 1.00703 -0.03986 -0.25193 -0.09819 0.96193
1661398727.305145979 2.01514 7.13642 1.00771 -0.03925 -0.25197 -0.09686 0.96207
1661398727.315145969 2.01075 7.13227 1.00845 -0.03867 -0.25202 -0.09548 0.96222
1661398727.325145960 2.00628 7.12815 1.00922 -0.03815 -0.25205 -0.09409 0.96237
1661398727.335146189 2.00174 7.12407 1.01001 -0.03773 -0.25204 -0.09270 0.96253
1661398727.345145941 1.99713 7.12004 1.01083 -0.03744 -0.25198 -0.09136 0.96268
1661398727.355146170 1.99247 7.11606 1.01165 -0.03730 -0.25185 -0.09010 0.96284
1661398727.365145922 1.98775 7.11214 1.01249 -0.03730 -0.25166 -0.08891 0.96300
1661398727.375146151 1.98298 7.10827 1.01333 -0.03742 -0.25142 -0.08779 0.96316
1661398727.385145903 1.97816 7.10445 1.01417 -0.03763 -0.25115 -0.08674 0.96332
1661398727.395146132 1.97329 7.10066 1.01503 -0.03793 -0.25085 -0.08575 0.96347
1661398727.405145884 1.96839 7.09692 1.01588 -0.03829 -0.25054 -0.08482 0.96362
1661398727.415146112 1.96344 7.09320 1.01674 -0.03868 -0.25024 -0.08396 0.96376
1661398727.425145864 1.95847 7.08952 1.01760 -0.03910 -0.24995 -0.08314 0.96389
1661398727.435146093 1.95346 7.08586 1.01847 -0.03951 -0.24969 -0.08238 0.96401
1661398727.445145845 1.94843 7.08222 1.01933 -0.03991 -0.24948 -0.08166 0.96411
1661398727.455146074 1.94337 7.07860 1.02019 -0.04027 -0.24932 -0.08098 0.96419
1661398727.465146065 1.93829 7.07499 1.02105 -0.04059 -0.24921 -0.08035 0.96426
1661398727.475146055 1.93319 7.07140 1.02191 -0.04086 -0.24917 -0.07976 0.96431
1661398727.485146046 1.92808 7.06783 1.02277 -0.04110 -0.24918 -0.07921 0.96434
1661398727.495146036 1.92295 7.06428 1.02363 -0.04128 -0.24925 -0.07869 0.96435
1661398727.505146027 1.91781 7.06075 1.02448 -0.04142 -0.24938 -0.07821 0.96435
1661398727.515146017 1.91266 7.05724 1.02533 -0.04151 -0.24957 -0.07777 0.96434
1661398727.525146008 1.90750 7.05376 1.02618 -0.04155 -0.24982 -0.07736 0.96430
1661398727.535145998 1.90233 7.05029 1.02703 -0.04153 -0.25014 -0.07698 0.96425
1661398727.545145988 1.89715 7.04685 1.02787 -0.04146 -0.25052 -0.07663 0.96418
1661398727.555145979 1.89197 7.04343 1.02871 -0.04134 -0.25096 -0.07631 0.96410
1661398727.565145969 1.88679 7.04005 1.02954 -0.04117 -0.25145 -0.07602 0.96400
1661398727.575146198 1.88160 7.03670 1.03036 -0.04096 -0.25201 -0.07574 0.96389
1661398727.585145950 1.87639 7.03339 1.03117 -0.04072 -0.25260 -0.07547 0.96376
1661398727.595146179 1.87118 7.03012 1.03195 -0.04045 -0.25323 -0.07521 0.96363
1661398727.605145931 1.86594 7.02691 1.03272 -0.04018 -0.25390 -0.07494 0.96349
1661398727.615146160 1.86069 7.02375 1.03345 -0.03991 -0.25459 -0.07466 0.96334
1661398727.625145912 1.85541 7.02066 1.03416 -0.03964 -0.25531 -0.07436 0.96318
1661398727.635146141 1.85011 7.01764 1.03483 -0.03938 -0.25604 -0.07405 0.96302
1661398727.645145893 1.84479 7.01469 1.03546 -0.03916 -0.25677 -0.07370 0.96286
1661398727.655146122 1.83943 7.01181 1.03605 -0.03896 -0.25751 -0.07331 0.96270
1661398727.665145874 1.83405 7.00901 1.03661 -0.03879 -0.25823 -0.07290 0.96255
1661398727.675146103 1.82864 7.00629 1.03715 -0.03865 -0.25894 -0.07245 0.96240
1661398727.685145855 1.82320 7.00363 1.03767 -0.03853 -0.25962 -0.07197 0.96225
1661398727.695146084 1.81774 7.00104 1.03819 -0.03843 -0.26026 -0.07147 0.96212
1661398727.705146074 1.81226 6.99851 1.03871 -0.03834 -0.26084 -0.07094 0.96201
1661398727.715146065 1.80676 6.99604 1.03926 -0.03825 -0.26137 -0.07039 0.96191
1661398727.725146055 1.80124 6.99362 1.03983 -0.03818 -0.26182 -0.06981 0.96183
1661398727.735146046 1.79571 6.99126 1.04044 -0.03810 -0.26219 -0.06923 0.96178
1661398727.745146036 1.79016 6.98895 1.04109 -0.03802 -0.26247 -0.06862 0.96175
1661398727.755146027 1.78459 6.98669 1.04180 -0.03793 -0.26265 -0.06801 0.96174
1661398727.765146017 1.77902 6.98446 1.04256 -0.03782 -0.26275 -0.06739 0.96177
1661398727.775146008 1.77343 6.98228 1.04335 -0.03769 -0.26278 -0.06677 0.96181
1661398727.785145998 1.76782 6.98013 1.04418 -0.03754 -0.26276 -0.06616 0.96186
1661398727.795145988 1.76220 6.97800 1.04503 -0.03734 -0.26272 -0.06556 0.96192
1661398727.805145979 1.75657 6.97590 1.04588 -0.03711 -0.26267 -0.06498 0.96198
1661398727.815145969 1.75093 6.97383 1.04674 -0.03682 -0.26263 -0.06444 0.96204
1661398727.825145960 1.74527 6.97176 1.04760 -0.03648 -0.26263 -0.06392 0.96209
1661398727.835146189 1.73960 6.96971 1.04843 -0.03607 -0.26267 -0.06345 0.96212
1661398727.845145941 1.73391 6.96767 1.04925 -0.03559 -0.26278 -0.06302 0.96214
1661398727.855146170 1.72822 6.96563 1.05003 -0.03504 -0.26296 -0.06265 0.96213
1661398727.865145922 1.72251 6.96359 1.05078 -0.03442 -0.26320 -0.06234 0.96211
1661398727.875146151 1.71680 6.96155 1.05152 -0.03375 -0.26344 -0.06209 0.96209
1661398727.885145903 1.71109 6.95949 1.05224 -0.03304 -0.26364 -0.06189 0.96207
1661398727.895146132 1.70538 6.95742 1.05296 -0.03231 -0.26377 -0.06177 0.96206
1661398727.905145884 1.69968 6.95533 1.05368 -0.03156 -0.26379 -0.06170 0.96209
1661398727.915146112 1.69400 6.95322 1.05440 -0.03081 -0.26365 -0.06171 0.96215
1661398727.925145864 1.68833 6.95107 1.05514 -0.03008 -0.26332 -0.06178 0.96226
1661398727.935146093 1.68268 6.94890 1.05591 -0.02937 -0.26275 -0.06193 0.96243
1661398727.945145845 1.67705 6.94669 1.05670 -0.02871 -0.26190 -0.06215 0.96266
1661398727.955146074 1.67146 6.94443 1.05752 -0.02808 -0.26075 -0.06245 0.96297
1661398727.965146065 1.66587 6.94210 1.05837 -0.02747 -0.25930 -0.06282 0.96336
1661398727.975146055 1.66029 6.93967 1.05922 -0.02682 -0.25757 -0.06327 0.96381
1661398727.985146046 1.65469 6.93712 1.06006 -0.02608 -0.25557 -0.06379 0.96433
1661398727.995146036 1.64906 6.93440 1.06088 -0.02523 -0.25332 -0.06438 0.96491
1661398728.005146027 1.64339 6.93151 1.06166 -0.02422 -0.25086 -0.06504 0.96553
1661398728.015146017 1.63767 6.92848 1.06244 -0.02312 -0.24836 -0.06573 0.96616
1661398728.025146008 1.63190 6.92533 1.06325 -0.02199 -0.24602 -0.06641 0.96674
1661398728.035145998 1.62607 6.92213 1.06412 -0.02091 -0.24400 -0.06703 0.96723
1661398728.045145988 1.62019 6.91889 1.06510 -0.01995 -0.24252 -0.06757 0.96758
1661398728.055145979 1.61426 6.91566 1.06620 -0.01918 -0.24171 -0.06798 0.96777
1661398728.065145969 1.60828 6.91245 1.06742 -0.01858 -0.24151 -0.06828 0.96781
1661398728.075146198 1.60225 6.90927 1.06872 -0.01814 -0.24181 -0.06849 0.96773
1661398728.085145950 1.59619 6.90611 1.07009 -0.01786 -0.24250 -0.06864 0.96756
1661398728.095146179 1.59010 6.90300 1.07150 -0.01771 -0.24346 -0.06874 0.96731
1661398728.105145931 1.58400 6.89992 1.07293 -0.01769 -0.24460 -0.06882 0.96702
1661398728.115146160 1.57788 6.89689 1.07434 -0.01776 -0.24579 -0.06890 0.96671
1661398728.125145912 1.57177 6.89392 1.07573 -0.01793 -0.24692 -0.06900 0.96641
1661398728.135146141 1.56565 6.89101 1.07706 -0.01818 -0.24789 -0.06914 0.96615
1661398728.145145893 1.55955 6.88816 1.07830 -0.01848 -0.24858 -0.06935 0.96595
1661398728.155146122 1.55347 6.88539 1.07945 -0.01883 -0.24891 -0.06965 0.96584
1661398728.165145874 1.54741 6.88267 1.08051 -0.01921 -0.24892 -0.07001 0.96580
1661398728.175146103 1.54137 6.88001 1.08149 -0.01961 -0.24865 -0.07044 0.96583
1661398728.185145855 1.53535 6.87738 1.08240 -0.02001 -0.24818 -0.07091 0.96591
1661398728.195146084 1.52935 6.87479 1.08325 -0.02039 -0.24755 -0.07140 0.96603
1661398728.205146074 1.52337 6.87222 1.08406 -0.02074 -0.24682 -0.07191 0.96617
1661398728.215146065 1.51741 6.86966 1.08484 -0.02105 -0.24606 -0.07241 0.96632
1661398728.225146055 1.51146 6.86709 1.08560 -0.02129 -0.24532 -0.07289 0.96646
1661398728.235146046 1.50554 6.86452 1.08635 -0.02147 -0.24466 -0.07334 0.96659
1661398728.245146036 1.49963 6.86192 1.08711 -0.02155 -0.24414 -0.07373 0.96669
1661398728.255146027 1.49374 6.85930 1.08788 -0.02153 -0.24381 -0.07406 0.96675
1661398728.265146017 1.48786 6.85664 1.08867 -0.02142 -0.24366 -0.07434 0.96677
1661398728.275146008 1.48199 6.85393 1.08947 -0.02125 -0.24367 -0.07456 0.96675
1661398728.285145998 1.47613 6.85117 1.09028 -0.02103 -0.24383 -0.07473 0.96670
1661398728.295145988 1.47026 6.84836 1.09110 -0.02078 -0.24413 -0.07487 0.96663
1661398728.305145979 1.46440 6.84549 1.09192 -0.02051 -0.24454 -0.07497 0.96652
1661398728.315145969 1.45853 6.84255 1.09274 -0.02026 -0.24505 -0.07506 0.96639
1661398728.325145960 1.45264 6.83953 1.09357 -0.02003 -0.24564 -0.07512 0.96624
1661398728.335146189 1.44674 6.83644 1.09438 -0.01985 -0.24630 -0.07518 0.96607
1661398728.345145941 1.44083 6.83325 1.09520 -0.01973 -0.24701 -0.07523 0.96589
1661398728.355146170 1.43489 6.82999 1.09599 -0.01969 -0.24775 -0.07528 0.96569
1661398728.365145922 1.42893 6.82666 1.09675 -0.01974 -0.24847 -0.07535 0.96550
1661398728.375146151 1.42297 6.82330 1.09743 -0.01986 -0.24913 -0.07541 0.96533
1661398728.385145903 1.41700 6.81995 1.09800 -0.02005 -0.24966 -0.07549 0.96518
1661398728.395146132 1.41104 6.81663 1.09844 -0.02032 -0.25003 -0.07558 0.96507
1661398728.405145884 1.40510 6.81337 1.09871 -0.02065 -0.25021 -0.07567 0.96501
1661398728.415146112 1.39918 6.81015 1.09882 -0.02102 -0.25022 -0.07577 0.96499
1661398728.425145864 1.39331 6.80694 1.09880 -0.02139 -0.25014 -0.07588 0.96500
1661398728.435146093 1.38751 6.80369 1.09866 -0.02173 -0.25001 -0.07598 0.96501
1661398728.445145845 1.38179 6.80039 1.09842 -0.02202 -0.24991 -0.07608 0.96503
1661398728.455146074 1.37616 6.79700 1.09810 -0.02221 -0.24987 -0.07617 0.96502
1661398728.465146065 1.37061 6.79353 1.09771 -0.02233 -0.24991 -0.07624 0.96500
1661398728.475146055 1.36513 6.78998 1.09726 -0.02239 -0.25002 -0.07629 0.96497
1661398728.485146046 1.35970 6.78636 1.09676 -0.02239 -0.25020 -0.07631 0.96492
1661398728.495146036 1.35429 6.78267 1.09622 -0.02235 -0.25044 -0.07629 0.96486
1661398728.505146027 1.34890 6.77892 1.09565 -0.02229 -0.25075 -0.07623 0.96479
1661398728.515146017 1.34351 6.77511 1.09506 -0.02223 -0.25112 -0.07612 0.96470
1661398728.525146008 1.33810 6.77126 1.09446 -0.02216 -0.25154 -0.07594 0.96461
1661398728.535145998 1.33265 6.76737 1.09386 -0.02212 -0.25202 -0.07571 0.96450
1661398728.545145988 1.32715 6.76344 1.09327 -0.02210 -0.25255 -0.07540 0.96439
1661398728.555145979 1.32157 6.75948 1.09270 -0.02214 -0.25312 -0.07501 0.96427
1661398728.565145969 1.31595 6.75549 1.09215 -0.02221 -0.25373 -0.07456 0.96414
1661398728.575146198 1.31027 6.75147 1.09162 -0.02234 -0.25437 -0.07404 0.96401
1661398728.585145950 1.30457 6.74740 1.09112 -0.02253 -0.25503 -0.07346 0.96388
1661398728.595146179 1.29886 6.74328 1.09065 -0.02276 -0.25570 -0.07283 0.96374
1661398728.605145931 1.29315 6.73911 1.09022 -0.02305 -0.25637 -0.07217 0.96360
1661398728.615146160 1.28745 6.73490 1.08982 -0.02340 -0.25703 -0.07146 0.96347
1661398728.625145912 1.28178 6.73062 1.08945 -0.02381 -0.25768 -0.07073 0.96334
1661398728.635146141 1.27615 6.72628 1.08913 -0.02427 -0.25830 -0.06999 0.96322
1661398728.645145893 1.27058 6.72187 1.08885 -0.02481 -0.25888 -0.06923 0.96310
1661398728.655146122 1.26508 6.71740 1.08861 -0.02540 -0.25943 -0.06847 0.96300
1661398728.665145874 1.25966 6.71287 1.08841 -0.02604 -0.25991 -0.06771 0.96290
1661398728.675146103 1.25430 6.70829 1.08825 -0.02673 -0.26035 -0.06697 0.96282
1661398728.685145855 1.24902 6.70369 1.08811 -0.02743 -0.26071 -0.06627 0.96275
1661398728.695146084 1.24380 6.69908 1.08801 -0.02815 -0.26100 -0.06560 0.96270
1661398728.705146074 1.23865 6.69447 1.08792 -0.02886 -0.26121 -0.06498 0.96266
1661398728.715146065 1.23357 6.68987 1.08785 -0.02955 -0.26134 -0.06443 0.96264
1661398728.725146055 1.22856 6.68531 1.08779 -0.03021 -0.26137 -0.06396 0.96264
1661398728.735146046 1.22361 6.68079 1.08773 -0.03082 -0.26129 -0.06356 0.96267
1661398728.745146036 1.21872 6.67632 1.08768 -0.03137 -0.26111 -0.06327 0.96272
1661398728.755146027 1.21390 6.67193 1.08762 -0.03186 -0.26082 -0.06308 0.96280
1661398728.765146017 1.20914 6.66761 1.08756 -0.03227 -0.26042 -0.06298 0.96290
1661398728.775146008 1.20443 6.66335 1.08750 -0.03263 -0.25993 -0.06296 0.96302
1661398728.785145998 1.19976 6.65916 1.08744 -0.03294 -0.25936 -0.06300 0.96316
1661398728.795145988 1.19512 6.65504 1.08740 -0.03321 -0.25873 -0.06308 0.96331
1661398728.805145979 1.19052 6.65097 1.08736 -0.03344 -0.25805 -0.06319 0.96348
1661398728.815145969 1.18595 6.64695 1.08733 -0.03365 -0.25733 -0.06331 0.96366
1661398728.825145960 1.18139 6.64299 1.08732 -0.03384 -0.25657 -0.06342 0.96385
1661398728.835146189 1.17685 6.63908 1.08733 -0.03403 -0.25581 -0.06350 0.96404
1661398728.845145941 1.17230 6.63521 1.08736 -0.03421 -0.25504 -0.06355 0.96423
1661398728.855146170 1.16776 6.63139 1.08741 -0.03440 -0.25429 -0.06355 0.96443
1661398728.865145922 1.16322 6.62760 1.08748 -0.03459 -0.25355 -0.06351 0.96461
1661398728.875146151 1.15867 6.62383 1.08758 -0.03478 -0.25286 -0.06344 0.96479
1661398728.885145903 1.15411 6.62009 1.08770 -0.03495 -0.25222 -0.06336 0.96496
1661398728.895146132 1.14955 6.61635 1.08784 -0.03510 -0.25165 -0.06329 0.96511
1661398728.905145884 1.14498 6.61261 1.08800 -0.03522 -0.25115 -0.06323 0.96524
1661398728.915146112 1.14041 6.60886 1.08818 -0.03531 -0.25075 -0.06322 0.96534
1661398728.925145864 1.13582 6.60510 1.08838 -0.03536 -0.25046 -0.06325 0.96541
1661398728.935146093 1.13122 6.60130 1.08860 -0.03536 -0.25028 -0.06335 0.96545
1661398728.945145845 1.12660 6.59748 1.08884 -0.03531 -0.25024 -0.06353 0.96545
1661398728.955146074 1.12198 6.59361 1.08909 -0.03520 -0.25035 -0.06380 0.96541
1661398728.965146065 1.11734 6.58970 1.08936 -0.03502 -0.25059 -0.06415 0.96533
1661398728.975146055 1.11270 6.58577 1.08965 -0.03478 -0.25095 -0.06458 0.96522
1661398728.985146046 1.10807 6.58182 1.08995 -0.03447 -0.25143 -0.06506 0.96507
1661398728.995146036 1.10343 6.57786 1.09026 -0.03409 -0.25202 -0.06559 0.96490
1661398729.005146027 1.09881 6.57390 1.09059 -0.03365 -0.25269 -0.06615 0.96470
1661398729.015146017 1.09421 6.56995 1.09093 -0.03314 -0.25344 -0.06673 0.96448
1661398729.025146008 1.08963 6.56601 1.09128 -0.03255 -0.25426 -0.06732 0.96424
1661398729.035145998 1.08508 6.56210 1.09165 -0.03190 -0.25514 -0.06790 0.96399
1661398729.045145988 1.08056 6.55823 1.09202 -0.03117 -0.25606 -0.06846 0.96373
1661398729.055145979 1.07607 6.55440 1.09240 -0.03037 -0.25701 -0.06899 0.96346
1661398729.065145969 1.07162 6.55061 1.09279 -0.02952 -0.25798 -0.06951 0.96319
1661398729.075146198 1.06721 6.54686 1.09319 -0.02864 -0.25896 -0.07001 0.96292
1661398729.085145950 1.06282 6.54315 1.09360 -0.02776 -0.25992 -0.07051 0.96265
1661398729.095146179 1.05847 6.53946 1.09402 -0.02689 -0.26085 -0.07102 0.96239
1661398729.105145931 1.05413 6.53582 1.09445 -0.02607 -0.26173 -0.07155 0.96213
1661398729.115146160 1.04983 6.53220 1.09489 -0.02532 -0.26256 -0.07211 0.96189
1661398729.125145912 1.04554 6.52860 1.09535 -0.02465 -0.26330 -0.07271 0.96165
1661398729.135146141 1.04127 6.52503 1.09581 -0.02410 -0.26396 -0.07337 0.96144
1661398729.145145893 1.03702 6.52148 1.09629 -0.02369 -0.26450 -0.07408 0.96124
1661398729.155146122 1.03278 6.51795 1.09678 -0.02342 -0.26493 -0.07486 0.96107
1661398729.165145874 1.02855 6.51444 1.09727 -0.02331 -0.26527 -0.07569 0.96091
1661398729.175146103 1.02431 6.51096 1.09772 -0.02332 -0.26557 -0.07658 0.96076
1661398729.185145855 1.02007 6.50749 1.09813 -0.02344 -0.26585 -0.07751 0.96061
1661398729.195146084 1.01581 6.50406 1.09848 -0.02367 -0.26615 -0.07846 0.96044
1661398729.205146074 1.01153 6.50065 1.09874 -0.02398 -0.26652 -0.07944 0.96025
1661398729.215146065 1.00722 6.49727 1.09890 -0.02436 -0.26699 -0.08042 0.96003
1661398729.225146055 1.00286 6.49392 1.09893 -0.02479 -0.26759 -0.08139 0.95977
1661398729.235146046 0.99846 6.49061 1.09882 -0.02526 -0.26837 -0.08235 0.95946
1661398729.245146036 0.99401 6.48733 1.09855 -0.02576 -0.26936 -0.08328 0.95909
1661398729.255146027 0.98950 6.48409 1.09811 -0.02627 -0.27056 -0.08419 0.95865
1661398729.265146017 0.98495 6.48086 1.09754 -0.02680 -0.27189 -0.08506 0.95819
1661398729.275146008 0.98041 6.47763 1.09689 -0.02737 -0.27319 -0.08591 0.95772
1661398729.285145998 0.97588 6.47438 1.09621 -0.02799 -0.27435 -0.08675 0.95730
1661398729.295145988 0.97141 6.47109 1.09555 -0.02867 -0.27523 -0.08758 0.95695
1661398729.305145979 0.96702 6.46774 1.09496 -0.02943 -0.27573 -0.08840 0.95671
1661398729.315145969 0.96270 6.46434 1.09442 -0.03024 -0.27589 -0.08922 0.95656
1661398729.325145960 0.95845 6.46090 1.09389 -0.03109 -0.27579 -0.08999 0.95649
1661398729.335146189 0.95427 6.45743 1.09336 -0.03195 -0.27549 -0.09071 0.95648
1661398729.345145941 0.95014 6.45392 1.09278 -0.03281 -0.27507 -0.09135 0.95651
1661398729.355146170 0.94607 6.45040 1.09214 -0.03365 -0.27459 -0.09191 0.95657
1661398729.365145922 0.94205 6.44685 1.09144 -0.03445 -0.27406 -0.09239 0.95664
1661398729.375146151 0.93808 6.44328 1.09069 -0.03523 -0.27348 -0.09282 0.95674
1661398729.385145903 0.93416 6.43967 1.08990 -0.03598 -0.27286 -0.09320 0.95685
1661398729.395146132 0.93031 6.43603 1.08907 -0.03670 -0.27219 -0.09356 0.95698
1661398729.405145884 0.92650 6.43236 1.08821 -0.03739 -0.27147 -0.09392 0.95712
1661398729.415146112 0.92276 6.42863 1.08734 -0.03806 -0.27071 -0.09428 0.95728
1661398729.425145864 0.91908 6.42486 1.08646 -0.03869 -0.26990 -0.09467 0.95744
1661398729.435146093 0.91546 6.42104 1.08558 -0.03929 -0.26905 -0.09511 0.95761
1661398729.445145845 0.91190 6.41717 1.08470 -0.03986 -0.26816 -0.09561 0.95779
1661398729.455146074 0.90839 6.41323 1.08385 -0.04040 -0.26721 -0.09619 0.95798
1661398729.465146065 0.90493 6.40924 1.08304 -0.04086 -0.26614 -0.09683 0.95819
1661398729.475146055 0.90148 6.40521 1.08232 -0.04123 -0.26487 -0.09753 0.95845
1661398729.485146046 0.89803 6.40115 1.08170 -0.04147 -0.26334 -0.09828 0.95879
1661398729.495146036 0.89454 6.39706 1.08123 -0.04153 -0.26146 -0.09907 0.95922
1661398729.505146027 0.89100 6.39296 1.08092 -0.04140 -0.25920 -0.09988 0.95975
1661398729.515146017 0.88740 6.38882 1.08077 -0.04108 -0.25674 -0.10069 0.96034
1661398729.525146008 0.88373 6.38465 1.08075 -0.04061 -0.25432 -0.10145 0.96093
1661398729.535145998 0.88000 6.38042 1.08084 -0.04000 -0.25217 -0.10214 0.96145
1661398729.545145988 0.87619 6.37612 1.08102 -0.03928 -0.25051 -0.10272 0.96185
1661398729.555145979 0.87231 6.37175 1.08128 -0.03846 -0.24953 -0.10318 0.96209
1661398729.565145969 0.86836 6.36731 1.08161 -0.03758 -0.24919 -0.10351 0.96217
1661398729.575146198 0.86435 6.36281 1.08200 -0.03665 -0.24941 -0.10375 0.96213
1661398729.585145950 0.86030 6.35826 1.08244 -0.03568 -0.25012 -0.10392 0.96196
1661398729.595146179 0.85622 6.35367 1.08292 -0.03471 -0.25122 -0.10402 0.96170
1661398729.605145931 0.85212 6.34905 1.08343 -0.03374 -0.25263 -0.10409 0.96135
1661398729.615146160 0.84801 6.34440 1.08398 -0.03280 -0.25427 -0.10415 0.96095
1661398729.625145912 0.84390 6.33974 1.08454 -0.03190 -0.25606 -0.10422 0.96050
1661398729.635146141 0.83981 6.33508 1.08511 -0.03107 -0.25791 -0.10431 0.96002
1661398729.645145893 0.83574 6.33042 1.08569 -0.03033 -0.25974 -0.10445 0.95953
1661398729.655146122 0.83170 6.32578 1.08627 -0.02969 -0.26147 -0.10465 0.95906
1661398729.665145874 0.82770 6.32110 1.08682 -0.02913 -0.26305 -0.10493 0.95862
1661398729.675146103 0.82374 6.31637 1.08733 -0.02863 -0.26442 -0.10527 0.95822
1661398729.685145855 0.81980 6.31155 1.08777 -0.02817 -0.26553 -0.10569 0.95788
1661398729.695146084 0.81590 6.30658 1.08814 -0.02772 -0.26632 -0.10617 0.95762
1661398729.705146074 0.81203 6.30145 1.08840 -0.02727 -0.26678 -0.10672 0.95744
1661398729.715146065 0.80818 6.29614 1.08856 -0.02683 -0.26699 -0.10729 0.95733
1661398729.725146055 0.80435 6.29063 1.08858 -0.02641 -0.26706 -0.10786 0.95726
1661398729.735146046 0.80052 6.28492 1.08847 -0.02602 -0.26711 -0.10838 0.95720
1661398729.745146036 0.79670 6.27898 1.08820 -0.02569 -0.26724 -0.10882 0.95712
1661398729.755146027 0.79286 6.27284 1.08778 -0.02542 -0.26754 -0.10913 0.95701
1661398729.765146017 0.78904 6.26652 1.08725 -0.02522 -0.26798 -0.10932 0.95687
1661398729.775146008 0.78522 6.26007 1.08667 -0.02506 -0.26848 -0.10940 0.95672
1661398729.785145998 0.78143 6.25356 1.08608 -0.02495 -0.26898 -0.10937 0.95659
1661398729.795145988 0.77769 6.24704 1.08555 -0.02488 -0.26942 -0.10923 0.95649
1661398729.805145979 0.77399 6.24053 1.08511 -0.02484 -0.26974 -0.10900 0.95642
1661398729.815145969 0.77032 6.23404 1.08475 -0.02485 -0.26999 -0.10867 0.95639
1661398729.825145960 0.76668 6.22754 1.08441 -0.02493 -0.27022 -0.10825 0.95637
1661398729.835146189 0.76302 6.22100 1.08405 -0.02509 -0.27050 -0.10773 0.95634
1661398729.845145941 0.75935 6.21441 1.08365 -0.02534 -0.27089 -0.10713 0.95629
1661398729.855146170 0.75565 6.20774 1.08315 -0.02571 -0.27143 -0.10644 0.95621
1661398729.865145922 0.75191 6.20099 1.08259 -0.02616 -0.27212 -0.10567 0.95609
1661398729.875146151 0.74814 6.19417 1.08196 -0.02668 -0.27294 -0.10481 0.95593
1661398729.885145903 0.74434 6.18730 1.08129 -0.02724 -0.27389 -0.10385 0.95575
1661398729.895146132 0.74051 6.18037 1.08060 -0.02782 -0.27495 -0.10281 0.95554
1661398729.905145884 0.73667 6.17339 1.07991 -0.02838 -0.27609 -0.10167 0.95532
1661398729.915146112 0.73281 6.16638 1.07923 -0.02890 -0.27732 -0.10044 0.95508
1661398729.925145864 0.72893 6.15933 1.07858 -0.02936 -0.27861 -0.09911 0.95482
1661398729.935146093 0.72504 6.15227 1.07799 -0.02973 -0.27996 -0.09769 0.95457
1661398729.945145845 0.72114 6.14518 1.07746 -0.02999 -0.28133 -0.09616 0.95431
1661398729.955146074 0.71723 6.13810 1.07702 -0.03012 -0.28270 -0.09455 0.95406
1661398729.965146065 0.71322 6.13110 1.07668 -0.03016 -0.28388 -0.09293 0.95387
1661398729.975146055 0.70905 6.12426 1.07648 -0.03018 -0.28466 -0.09137 0.95379
1661398729.985146046 0.70464 6.11767 1.07644 -0.03022 -0.28487 -0.08996 0.95386
1661398729.995146036 0.70010 6.11122 1.07651 -0.03031 -0.28458 -0.08864 0.95406
1661398730.005146027 0.69564 6.10474 1.07666 -0.03042 -0.28406 -0.08730 0.95434
1661398730.015146017 0.69146 6.09802 1.07683 -0.03056 -0.28357 -0.08580 0.95462
1661398730.025146008 0.68766 6.09100 1.07701 -0.03071 -0.28323 -0.08412 0.95486
1661398730.035145998 0.68412 6.08379 1.07725 -0.03087 -0.28300 -0.08231 0.95508
1661398730.045145988 0.68071 6.07653 1.07761 -0.03106 -0.28281 -0.08046 0.95529
1661398730.055145979 0.67732 6.06932 1.07815 -0.03126 -0.28259 -0.07865 0.95550
1661398730.065145969 0.67394 6.06220 1.07885 -0.03148 -0.28234 -0.07687 0.95571
1661398730.075146198 0.67056 6.05515 1.07969 -0.03171 -0.28208 -0.07511 0.95592
1661398730.085145950 0.66718 6.04819 1.08066 -0.03193 -0.28181 -0.07337 0.95613
1661398730.095146179 0.66381 6.04132 1.08172 -0.03214 -0.28156 -0.07162 0.95633
1661398730.105145931 0.66045 6.03453 1.08285 -0.03234 -0.28133 -0.06985 0.95652
1661398730.115146160 0.65709 6.02784 1.08404 -0.03252 -0.28114 -0.06805 0.95670
1661398730.125145912 0.65374 6.02123 1.08526 -0.03266 -0.28099 -0.06621 0.95687
1661398730.135146141 0.65040 6.01473 1.08649 -0.03276 -0.28091 -0.06432 0.95702
1661398730.145145893 0.64707 6.00831 1.08771 -0.03282 -0.28089 -0.06236 0.95715
1661398730.155146122 0.64375 6.00200 1.08889 -0.03282 -0.28096 -0.06032 0.95726
1661398730.165145874 0.64044 5.99579 1.09004 -0.03276 -0.28110 -0.05822 0.95735
1661398730.175146103 0.63716 5.98968 1.09115 -0.03264 -0.28130 -0.05609 0.95742
1661398730.185145855 0.63389 5.98368 1.09223 -0.03246 -0.28155 -0.05394 0.95748
1661398730.195146084 0.63065 5.97779 1.09327 -0.03222 -0.28184 -0.05180 0.95752
1661398730.205146074 0.62745 5.97201 1.09429 -0.03190 -0.28215 -0.04969 0.95755
1661398730.215146065 0.62428 5.96634 1.09527 -0.03151 -0.28248 -0.04763 0.95757
1661398730.225146055 0.62115 5.96079 1.09622 -0.03105 -0.28281 -0.04565 0.95759
1661398730.235146046 0.61806 5.95536 1.09715 -0.03051 -0.28313 -0.04376 0.95760
1661398730.245146036 0.61502 5.95004 1.09804 -0.02989 -0.28343 -0.04199 0.95761
1661398730.255146027 0.61204 5.94485 1.09891 -0.02919 -0.28370 -0.04035 0.95762
1661398730.265146017 0.60909 5.93977 1.09973 -0.02843 -0.28394 -0.03880 0.95763
1661398730.275146008 0.60619 5.93478 1.10048 -0.02763 -0.28417 -0.03730 0.95765
1661398730.285145998 0.60332 5.92986 1.10115 -0.02681 -0.28439 -0.03579 0.95767
1661398730.295145988 0.60046 5.92501 1.10172 -0.02600 -0.28460 -0.03423 0.95768
1661398730.305145979 0.59763 5.92021 1.10217 -0.02523 -0.28481 -0.03258 0.95770
1661398730.315145969 0.59480 5.91546 1.10251 -0.02451 -0.28502 -0.03089 0.95771
1661398730.325145960 0.59197 5.91077 1.10277 -0.02389 -0.28524 -0.02919 0.95771
1661398730.335146189 0.58912 5.90614 1.10295 -0.02339 -0.28545 -0.02753 0.95771
1661398730.345145941 0.58625 5.90156 1.10307 -0.02305 -0.28567 -0.02598 0.95770
1661398730.355146170 0.58335 5.89706 1.10315 -0.02289 -0.28589 -0.02455 0.95767
1661398730.365145922 0.58043 5.89261 1.10319 -0.02290 -0.28611 -0.02325 0.95764
1661398730.375146151 0.57749 5.88822 1.10319 -0.02305 -0.28633 -0.02207 0.95760
1661398730.385145903 0.57453 5.88387 1.10316 -0.02333 -0.28655 -0.02098 0.95755
1661398730.395146132 0.57157 5.87955 1.10310 -0.02370 -0.28678 -0.01999 0.95750
1661398730.405145884 0.56861 5.87525 1.10300 -0.02415 -0.28700 -0.01906 0.95744
1661398730.415146112 0.56566 5.87097 1.10288 -0.02466 -0.28723 -0.01818 0.95737
1661398730.425145864 0.56272 5.86669 1.10274 -0.02520 -0.28745 -0.01734 0.95731
1661398730.435146093 0.55980 5.86241 1.10257 -0.02575 -0.28768 -0.01653 0.95724
1661398730.445145845 0.55690 5.85813 1.10238 -0.02628 -0.28790 -0.01573 0.95717
1661398730.455146074 0.55404 5.85382 1.10217 -0.02679 -0.28813 -0.01493 0.95710
1661398730.465146065 0.55120 5.84949 1.10195 -0.02726 -0.28834 -0.01414 0.95704
1661398730.475146055 0.54839 5.84513 1.10169 -0.02769 -0.28853 -0.01335 0.95698
1661398730.485146046 0.54560 5.84074 1.10141 -0.02808 -0.28868 -0.01258 0.95693
1661398730.495146036 0.54283 5.83631 1.10110 -0.02843 -0.28878 -0.01184 0.95690
1661398730.505146027 0.54007 5.83184 1.10074 -0.02874 -0.28882 -0.01113 0.95689
1661398730.515146017 0.53731 5.82733 1.10035 -0.02901 -0.28879 -0.01047 0.95690
1661398730.525146008 0.53456 5.82277 1.09992 -0.02924 -0.28867 -0.00985 0.95693
1661398730.535145998 0.53181 5.81816 1.09944 -0.02942 -0.28846 -0.00929 0.95699
1661398730.545145988 0.52905 5.81349 1.09890 -0.02955 -0.28814 -0.00879 0.95709
1661398730.555145979 0.52628 5.80877 1.09832 -0.02964 -0.28771 -0.00836 0.95722
1661398730.565145969 0.52350 5.80399 1.09769 -0.02969 -0.28717 -0.00801 0.95738
1661398730.575146198 0.52070 5.79917 1.09702 -0.02970 -0.28657 -0.00772 0.95757
1661398730.585145950 0.51787 5.79431 1.09633 -0.02969 -0.28592 -0.00750 0.95776
1661398730.595146179 0.51501 5.78941 1.09563 -0.02965 -0.28525 -0.00734 0.95797
1661398730.605145931 0.51212 5.78448 1.09492 -0.02959 -0.28457 -0.00725 0.95817
1661398730.615146160 0.50919 5.77954 1.09421 -0.02952 -0.28393 -0.00722 0.95836
1661398730.625145912 0.50621 5.77458 1.09352 -0.02944 -0.28333 -0.00724 0.95854
1661398730.635146141 0.50319 5.76961 1.09285 -0.02936 -0.28281 -0.00733 0.95870
1661398730.645145893 0.50011 5.76465 1.09222 -0.02928 -0.28239 -0.00748 0.95882
1661398730.655146122 0.49697 5.75969 1.09162 -0.02921 -0.28209 -0.00768 0.95891
1661398730.665145874 0.49379 5.75473 1.09107 -0.02916 -0.28189 -0.00793 0.95897
1661398730.675146103 0.49056 5.74977 1.09056 -0.02912 -0.28176 -0.00822 0.95901
1661398730.685145855 0.48730 5.74480 1.09009 -0.02909 -0.28169 -0.00855 0.95903
1661398730.695146084 0.48403 5.73983 1.08966 -0.02907 -0.28165 -0.00892 0.95904
1661398730.705146074 0.48074 5.73484 1.08926 -0.02907 -0.28161 -0.00931 0.95904
1661398730.715146065 0.47744 5.72985 1.08890 -0.02908 -0.28155 -0.00972 0.95906
1661398730.725146055 0.47416 5.72483 1.08856 -0.02911 -0.28145 -0.01015 0.95908
1661398730.735146046 0.47089 5.71980 1.08827 -0.02916 -0.28129 -0.01059 0.95912
1661398730.745146036 0.46765 5.71474 1.08800 -0.02923 -0.28104 -0.01103 0.95919
1661398730.755146027 0.46444 5.70965 1.08775 -0.02931 -0.28068 -0.01148 0.95928
1661398730.765146017 0.46127 5.70454 1.08754 -0.02941 -0.28022 -0.01192 0.95941
1661398730.775146008 0.45812 5.69941 1.08735 -0.02953 -0.27968 -0.01236 0.95956
1661398730.785145998 0.45501 5.69427 1.08720 -0.02965 -0.27907 -0.01281 0.95973
1661398730.795145988 0.45191 5.68912 1.08706 -0.02979 -0.27840 -0.01326 0.95991
1661398730.805145979 0.44885 5.68396 1.08696 -0.02993 -0.27768 -0.01371 0.96011
1661398730.815145969 0.44580 5.67881 1.08688 -0.03008 -0.27694 -0.01416 0.96031
1661398730.825145960 0.44277 5.67365 1.08683 -0.03022 -0.27618 -0.01462 0.96052
1661398730.835146189 0.43975 5.66851 1.08681 -0.03037 -0.27541 -0.01509 0.96073
1661398730.845145941 0.43675 5.66338 1.08681 -0.03051 -0.27466 -0.01556 0.96093
1661398730.855146170 0.43375 5.65826 1.08684 -0.03065 -0.27393 -0.01604 0.96113
1661398730.865145922 0.43078 5.65315 1.08689 -0.03077 -0.27322 -0.01652 0.96132
1661398730.875146151 0.42782 5.64804 1.08696 -0.03087 -0.27253 -0.01698 0.96150
1661398730.885145903 0.42489 5.64292 1.08704 -0.03095 -0.27184 -0.01742 0.96169
1661398730.895146132 0.42200 5.63777 1.08713 -0.03099 -0.27115 -0.01782 0.96187
1661398730.905145884 0.41915 5.63258 1.08723 -0.03098 -0.27045 -0.01819 0.96206
1661398730.915146112 0.41634 5.62736 1.08733 -0.03092 -0.26974 -0.01849 0.96226
1661398730.925145864 0.41358 5.62208 1.08743 -0.03081 -0.26902 -0.01874 0.96246
1661398730.935146093 0.41088 5.61673 1.08752 -0.03063 -0.26827 -0.01891 0.96267
1661398730.945145845 0.40825 5.61131 1.08761 -0.03038 -0.26749 -0.01899 0.96290
1661398730.955146074 0.40568 5.60581 1.08768 -0.03005 -0.26667 -0.01899 0.96313
1661398730.965146065 0.40316 5.60022 1.08774 -0.02965 -0.26586 -0.01890 0.96337
1661398730.975146055 0.40067 5.59456 1.08781 -0.02919 -0.26509 -0.01873 0.96360
1661398730.985146046 0.39819 5.58884 1.08788 -0.02867 -0.26440 -0.01849 0.96381
1661398730.995146036 0.39569 5.58304 1.08797 -0.02810 -0.26382 -0.01819 0.96399
1661398731.005146027 0.39316 5.57719 1.08808 -0.02749 -0.26339 -0.01783 0.96413
1661398731.015146017 0.39057 5.57128 1.08821 -0.02685 -0.26316 -0.01744 0.96422
1661398731.025146008 0.38792 5.56532 1.08838 -0.02618 -0.26316 -0.01701 0.96425
1661398731.035145998 0.38516 5.55932 1.08860 -0.02550 -0.26343 -0.01656 0.96420
1661398731.045145988 0.38229 5.55328 1.08886 -0.02481 -0.26400 -0.01609 0.96407
1661398731.055145979 0.37928 5.54721 1.08918 -0.02412 -0.26490 -0.01561 0.96385
1661398731.065145969 0.37617 5.54110 1.08953 -0.02343 -0.26610 -0.01511 0.96354
1661398731.075146198 0.37296 5.53495 1.08991 -0.02275 -0.26755 -0.01461 0.96316
1661398731.085145950 0.36968 5.52878 1.09030 -0.02209 -0.26921 -0.01409 0.96273
1661398731.095146179 0.36636 5.52256 1.09067 -0.02146 -0.27101 -0.01356 0.96224
1661398731.105145931 0.36301 5.51632 1.09102 -0.02085 -0.27292 -0.01301 0.96172
1661398731.115146160 0.35967 5.51004 1.09133 -0.02028 -0.27489 -0.01243 0.96118
1661398731.125145912 0.35634 5.50372 1.09157 -0.01975 -0.27687 -0.01184 0.96063
1661398731.135146141 0.35307 5.49737 1.09174 -0.01928 -0.27881 -0.01122 0.96009
1661398731.145145893 0.34986 5.49099 1.09182 -0.01885 -0.28066 -0.01057 0.95956
1661398731.155146122 0.34674 5.48457 1.09179 -0.01849 -0.28239 -0.00990 0.95907
1661398731.165145874 0.34370 5.47811 1.09166 -0.01817 -0.28399 -0.00919 0.95861
1661398731.175146103 0.34076 5.47163 1.09146 -0.01790 -0.28546 -0.00845 0.95819
1661398731.185145855 0.33789 5.46510 1.09119 -0.01767 -0.28679 -0.00768 0.95780
1661398731.195146084 0.33509 5.45854 1.09087 -0.01746 -0.28799 -0.00686 0.95745
1661398731.205146074 0.33237 5.45194 1.09052 -0.01726 -0.28906 -0.00601 0.95714
1661398731.215146065 0.32971 5.44531 1.09015 -0.01707 -0.28999 -0.00512 0.95686
1661398731.225146055 0.32712 5.43864 1.08977 -0.01688 -0.29079 -0.00417 0.95663
1661398731.235146046 0.32459 5.43194 1.08941 -0.01667 -0.29145 -0.00319 0.95643
1661398731.245146036 0.32211 5.42520 1.08908 -0.01645 -0.29198 -0.00215 0.95628
1661398731.255146027 0.31968 5.41842 1.08878 -0.01620 -0.29238 -0.00106 0.95616
1661398731.265146017 0.31730 5.41161 1.08853 -0.01594 -0.29267 0.00007 0.95608
1661398731.275146008 0.31496 5.40477 1.08833 -0.01568 -0.29287 0.00123 0.95602
1661398731.285145998 0.31266 5.39790 1.08818 -0.01545 -0.29301 0.00239 0.95598
1661398731.295145988 0.31039 5.39102 1.08809 -0.01524 -0.29312 0.00356 0.95595
1661398731.305145979 0.30814 5.38412 1.08806 -0.01509 -0.29321 0.00471 0.95592
1661398731.315145969 0.30591 5.37720 1.08808 -0.01501 -0.29332 0.00584 0.95588
1661398731.325145960 0.30369 5.37028 1.08817 -0.01501 -0.29348 0.00692 0.95582
1661398731.335146189 0.30149 5.36336 1.08833 -0.01511 -0.29369 0.00794 0.95575
1661398731.345145941 0.29928 5.35644 1.08857 -0.01533 -0.29400 0.00890 0.95564
1661398731.355146170 0.29708 5.34952 1.08887 -0.01568 -0.29442 0.00978 0.95550
1661398731.365145922 0.29487 5.34262 1.08923 -0.01614 -0.29492 0.01059 0.95533
1661398731.375146151 0.29266 5.33574 1.08964 -0.01669 -0.29548 0.01134 0.95513
1661398731.385145903 0.29043 5.32889 1.09009 -0.01731 -0.29608 0.01204 0.95493
1661398731.395146132 0.28819 5.32209 1.09055 -0.01799 -0.29667 0.01269 0.95473
1661398731.405145884 0.28593 5.31534 1.09103 -0.01871 -0.29724 0.01331 0.95453
1661398731.415146112 0.28366 5.30864 1.09150 -0.01943 -0.29776 0.01392 0.95434
1661398731.425145864 0.28136 5.30202 1.09195 -0.02015 -0.29819 0.01451 0.95418
1661398731.435146093 0.27903 5.29547 1.09236 -0.02085 -0.29851 0.01510 0.95406
1661398731.445145845 0.27668 5.28902 1.09273 -0.02150 -0.29869 0.01569 0.95398
1661398731.455146074 0.27429 5.28265 1.09305 -0.02209 -0.29871 0.01631 0.95395
1661398731.465146065 0.27188 5.27638 1.09330 -0.02261 -0.29858 0.01692 0.95397
1661398731.475146055 0.26944 5.27019 1.09351 -0.02306 -0.29834 0.01754 0.95402
1661398731.485146046 0.26698 5.26408 1.09366 -0.02343 -0.29799 0.01813 0.95411
1661398731.495146036 0.26450 5.25805 1.09377 -0.02373 -0.29758 0.01870 0.95422
1661398731.505146027 0.26200 5.25209 1.09383 -0.02395 -0.29711 0.01922 0.95435
1661398731.515146017 0.25950 5.24620 1.09384 -0.02410 -0.29661 0.01969 0.95449
1661398731.525146008 0.25698 5.24036 1.09382 -0.02415 -0.29611 0.02009 0.95464
1661398731.535145998 0.25446 5.23458 1.09376 -0.02413 -0.29564 0.02041 0.95478
1661398731.545145988 0.25193 5.22885 1.09367 -0.02401 -0.29520 0.02064 0.95491
1661398731.555145979 0.24941 5.22316 1.09354 -0.02381 -0.29482 0.02076 0.95503
1661398731.565145969 0.24689 5.21752 1.09339 -0.02351 -0.29451 0.02079 0.95513
1661398731.575146198 0.24437 5.21193 1.09322 -0.02314 -0.29425 0.02073 0.95522
1661398731.585145950 0.24185 5.20639 1.09303 -0.02268 -0.29403 0.02058 0.95530
1661398731.595146179 0.23934 5.20091 1.09283 -0.02214 -0.29386 0.02036 0.95537
1661398731.605145931 0.23683 5.19549 1.09263 -0.02152 -0.29373 0.02006 0.95544
1661398731.615146160 0.23433 5.19013 1.09243 -0.02083 -0.29363 0.01969 0.95549
1661398731.625145912 0.23184 5.18484 1.09223 -0.02007 -0.29355 0.01926 0.95554
1661398731.635146141 0.22935 5.17961 1.09205 -0.01923 -0.29349 0.01878 0.95558
1661398731.645145893 0.22687 5.17446 1.09188 -0.01834 -0.29344 0.01825 0.95563
1661398731.655146122 0.22440 5.16937 1.09173 -0.01738 -0.29340 0.01768 0.95567
1661398731.665145874 0.22193 5.16436 1.09160 -0.01638 -0.29336 0.01706 0.95571
1661398731.675146103 0.21948 5.15940 1.09148 -0.01537 -0.29332 0.01641 0.95575
1661398731.685145855 0.21703 5.15450 1.09137 -0.01436 -0.29327 0.01572 0.95579
1661398731.695146084 0.21458 5.14964 1.09125 -0.01338 -0.29319 0.01499 0.95584
1661398731.705146074 0.21215 5.14482 1.09112 -0.01246 -0.29310 0.01422 0.95590
1661398731.715146065 0.20972 5.14003 1.09099 -0.01161 -0.29297 0.01343 0.95596
1661398731.725146055 0.20729 5.13526 1.09083 -0.01086 -0.29281 0.01260 0.95603
1661398731.735146046 0.20487 5.13051 1.09065 -0.01023 -0.29260 0.01174 0.95611
1661398731.745146036 0.20246 5.12576 1.09043 -0.00976 -0.29235 0.01084 0.95620
1661398731.755146027 0.20004 5.12102 1.09018 -0.00944 -0.29204 0.00993 0.95631
1661398731.765146017 0.19763 5.11629 1.08990 -0.00927 -0.29170 0.00899 0.95642
1661398731.775146008 0.19520 5.11157 1.08957 -0.00923 -0.29133 0.00804 0.95655
1661398731.785145998 0.19276 5.10686 1.08920 -0.00930 -0.29095 0.00709 0.95667
1661398731.795145988 0.19030 5.10217 1.08880 -0.00945 -0.29057 0.00613 0.95679
1661398731.805145979 0.18781 5.09751 1.08835 -0.00967 -0.29022 0.00519 0.95690
1661398731.815145969 0.18528 5.09288 1.08785 -0.00994 -0.28990 0.00427 0.95700
1661398731.825145960 0.18271 5.08829 1.08732 -0.01022 -0.28963 0.00338 0.95708
1661398731.835146189 0.18009 5.08374 1.08673 -0.01051 -0.28943 0.00252 0.95714
1661398731.845145941 0.17741 5.07923 1.08610 -0.01077 -0.28930 0.00170 0.95718
1661398731.855146170 0.17468 5.07477 1.08543 -0.01100 -0.28926 0.00093 0.95719
1661398731.865145922 0.17189 5.07036 1.08472 -0.01120 -0.28930 0.00021 0.95717
1661398731.875146151 0.16905 5.06599 1.08398 -0.01138 -0.28940 -0.00045 0.95714
1661398731.885145903 0.16617 5.06167 1.08323 -0.01153 -0.28952 -0.00105 0.95710
1661398731.895146132 0.16325 5.05738 1.08248 -0.01167 -0.28967 -0.00159 0.95705
1661398731.905145884 0.16030 5.05314 1.08174 -0.01181 -0.28981 -0.00207 0.95701
1661398731.915146112 0.15732 5.04892 1.08102 -0.01196 -0.28992 -0.00248 0.95697
1661398731.925145864 0.15433 5.04474 1.08034 -0.01211 -0.28999 -0.00281 0.95695
1661398731.935146093 0.15133 5.04059 1.07970 -0.01229 -0.29000 -0.00308 0.95694
1661398731.945145845 0.14832 5.03646 1.07912 -0.01249 -0.28993 -0.00327 0.95696
1661398731.955146074 0.14531 5.03235 1.07860 -0.01272 -0.28975 -0.00338 0.95701
1661398731.965146065 0.14232 5.02826 1.07814 -0.01298 -0.28947 -0.00342 0.95709
1661398731.975146055 0.13934 5.02418 1.07773 -0.01327 -0.28908 -0.00340 0.95721
1661398731.985146046 0.13639 5.02011 1.07736 -0.01358 -0.28858 -0.00334 0.95736
1661398731.995146036 0.13347 5.01604 1.07702 -0.01391 -0.28796 -0.00324 0.95754
1661398732.005146027 0.13060 5.01196 1.07670 -0.01425 -0.28722 -0.00312 0.95775
1661398732.015146017 0.12778 5.00786 1.07639 -0.01461 -0.28637 -0.00298 0.95800
1661398732.025146008 0.12502 5.00375 1.07607 -0.01498 -0.28539 -0.00284 0.95829
1661398732.035145998 0.12233 4.99961 1.07575 -0.01536 -0.28428 -0.00271 0.95861
1661398732.045145988 0.11972 4.99545 1.07541 -0.01573 -0.28305 -0.00260 0.95897
1661398732.055145979 0.11719 4.99125 1.07504 -0.01611 -0.28168 -0.00252 0.95937
1661398732.065145969 0.11474 4.98701 1.07465 -0.01648 -0.28021 -0.00246 0.95979
1661398732.075146198 0.11236 4.98274 1.07425 -0.01684 -0.27864 -0.00243 0.96024
1661398732.085145950 0.11003 4.97844 1.07386 -0.01719 -0.27701 -0.00243 0.96071
1661398732.095146179 0.10776 4.97411 1.07347 -0.01751 -0.27533 -0.00244 0.96119
1661398732.105145931 0.10552 4.96975 1.07310 -0.01781 -0.27362 -0.00247 0.96167
1661398732.115146160 0.10332 4.96537 1.07276 -0.01808 -0.27191 -0.00251 0.96215
1661398732.125145912 0.10113 4.96096 1.07246 -0.01832 -0.27021 -0.00256 0.96262
1661398732.135146141 0.09896 4.95653 1.07220 -0.01852 -0.26855 -0.00263 0.96309
1661398732.145145893 0.09679 4.95208 1.07201 -0.01867 -0.26694 -0.00270 0.96353
1661398732.155146122 0.09461 4.94761 1.07188 -0.01877 -0.26542 -0.00277 0.96395
1661398732.165145874 0.09243 4.94312 1.07181 -0.01883 -0.26399 -0.00284 0.96434
1661398732.175146103 0.09024 4.93861 1.07178 -0.01883 -0.26265 -0.00291 0.96470
1661398732.185145855 0.08805 4.93409 1.07180 -0.01877 -0.26143 -0.00297 0.96504
1661398732.195146084 0.08586 4.92955 1.07185 -0.01866 -0.26033 -0.00302 0.96534
1661398732.205146074 0.08368 4.92500 1.07191 -0.01849 -0.25935 -0.00306 0.96560
1661398732.215146065 0.08150 4.92043 1.07198 -0.01826 -0.25852 -0.00309 0.96583
1661398732.225146055 0.07934 4.91586 1.07205 -0.01796 -0.25784 -0.00309 0.96602
1661398732.235146046 0.07718 4.91127 1.07211 -0.01760 -0.25732 -0.00308 0.96616
1661398732.245146036 0.07504 4.90667 1.07215 -0.01717 -0.25696 -0.00304 0.96626
1661398732.255146027 0.07292 4.90206 1.07217 -0.01668 -0.25678 -0.00297 0.96632
1661398732.265146017 0.07082 4.89745 1.07214 -0.01611 -0.25676 -0.00286 0.96634
1661398732.275146008 0.06874 4.89282 1.07209 -0.01547 -0.25686 -0.00271 0.96632
1661398732.285145998 0.06669 4.88818 1.07200 -0.01476 -0.25707 -0.00252 0.96628
1661398732.295145988 0.06468 4.88353 1.07186 -0.01399 -0.25735 -0.00226 0.96621
1661398732.305145979 0.06270 4.87886 1.07169 -0.01314 -0.25769 -0.00194 0.96614
1661398732.315145969 0.06077 4.87418 1.07147 -0.01222 -0.25805 -0.00156 0.96605
1661398732.325145960 0.05889 4.86947 1.07121 -0.01124 -0.25841 -0.00109 0.96597
1661398732.335146189 0.05705 4.86475 1.07090 -0.01019 -0.25874 -0.00053 0.96589
1661398732.345145941 0.05528 4.86001 1.07054 -0.00906 -0.25902 0.00011 0.96583
1661398732.355146170 0.05356 4.85525 1.07013 -0.00788 -0.25923 0.00086 0.96578
1661398732.365145922 0.05190 4.85047 1.06967 -0.00664 -0.25938 0.00168 0.96575
1661398732.375146151 0.05031 4.84565 1.06917 -0.00538 -0.25950 0.00256 0.96573
1661398732.385145903 0.04876 4.84082 1.06862 -0.00410 -0.25959 0.00349 0.96570
1661398732.395146132 0.04727 4.83595 1.06804 -0.00284 -0.25969 0.00445 0.96568
1661398732.405145884 0.04583 4.83104 1.06743 -0.00161 -0.25982 0.00540 0.96564
1661398732.415146112 0.04445 4.82611 1.06679 -0.00043 -0.25998 0.00634 0.96559
1661398732.425145864 0.04311 4.82113 1.06612 0.00068 -0.26021 0.00725 0.96553
1661398732.435146093 0.04182 4.81612 1.06543 0.00170 -0.26052 0.00811 0.96543
1661398732.445145845 0.04058 4.81107 1.06473 0.00261 -0.26093 0.00889 0.96531
1661398732.455146074 0.03938 4.80597 1.06401 0.00339 -0.26146 0.00959 0.96516
1661398732.465146065 0.03822 4.80083 1.06329 0.00405 -0.26209 0.01020 0.96498
1661398732.475146055 0.03711 4.79564 1.06256 0.00458 -0.26280 0.01075 0.96478
1661398732.485146046 0.03605 4.79041 1.06183 0.00500 -0.26357 0.01123 0.96456
1661398732.495146036 0.03503 4.78513 1.06110 0.00530 -0.26436 0.01167 0.96434
1661398732.505146027 0.03405 4.77980 1.06038 0.00549 -0.26516 0.01207 0.96411
1661398732.515146017 0.03312 4.77443 1.05968 0.00557 -0.26595 0.01244 0.96389
1661398732.525146008 0.03224 4.76901 1.05899 0.00555 -0.26671 0.01279 0.96368
1661398732.535145998 0.03140 4.76354 1.05832 0.00544 -0.26740 0.01314 0.96348
1661398732.545145988 0.03060 4.75802 1.05767 0.00523 -0.26800 0.01349 0.96331
1661398732.555145979 0.02985 4.75245 1.05705 0.00493 -0.26851 0.01385 0.96316
1661398732.565145969 0.02914 4.74684 1.05646 0.00455 -0.26893 0.01423 0.96304
1661398732.575146198 0.02848 4.74118 1.05588 0.00412 -0.26927 0.01462 0.96294
1661398732.585145950 0.02785 4.73547 1.05532 0.00363 -0.26957 0.01502 0.96286
1661398732.595146179 0.02727 4.72973 1.05477 0.00312 -0.26982 0.01543 0.96278
1661398732.605145931 0.02672 4.72396 1.05423 0.00259 -0.27005 0.01586 0.96271
1661398732.615146160 0.02620 4.71815 1.05369 0.00206 -0.27028 0.01630 0.96264
1661398732.625145912 0.02571 4.71230 1.05314 0.00155 -0.27053 0.01676 0.96257
1661398732.635146141 0.02526 4.70643 1.05259 0.00106 -0.27080 0.01723 0.96248
1661398732.645145893 0.02483 4.70054 1.05203 0.00061 -0.27113 0.01771 0.96238
1661398732.655146122 0.02444 4.69462 1.05145 0.00022 -0.27152 0.01820 0.96226
1661398732.665145874 0.02406 4.68868 1.05087 -0.00011 -0.27195 0.01871 0.96213
1661398732.675146103 0.02372 4.68272 1.05028 -0.00039 -0.27240 0.01924 0.96199
1661398732.685145855 0.02339 4.67673 1.04971 -0.00062 -0.27285 0.01979 0.96185
1661398732.695146084 0.02309 4.67071 1.04916 -0.00078 -0.27327 0.02036 0.96172
1661398732.705146074 0.02282 4.66468 1.04863 -0.00089 -0.27365 0.02097 0.96160
1661398732.715146065 0.02256 4.65861 1.04815 -0.00095 -0.27397 0.02160 0.96150
1661398732.725146055 0.02233 4.65252 1.04771 -0.00096 -0.27419 0.02227 0.96142
1661398732.735146046 0.02211 4.64641 1.04733 -0.00091 -0.27430 0.02297 0.96137
1661398732.745146036 0.02192 4.64026 1.04701 -0.00081 -0.27427 0.02372 0.96136
1661398732.755146027 0.02174 4.63409 1.04676 -0.00066 -0.27409 0.02450 0.96139
1661398732.765146017 0.02158 4.62790 1.04658 -0.00046 -0.27379 0.02532 0.96146
1661398732.775146008 0.02142 4.62170 1.04645 -0.00022 -0.27340 0.02616 0.96154
1661398732.785145998 0.02127 4.61549 1.04636 0.00005 -0.27296 0.02703 0.96165
1661398732.795145988 0.02111 4.60928 1.04630 0.00034 -0.27250 0.02790 0.96175
1661398732.805145979 0.02094 4.60308 1.04627 0.00066 -0.27206 0.02877 0.96185
1661398732.815145969 0.02076 4.59689 1.04624 0.00099 -0.27166 0.02963 0.96194
1661398732.825145960 0.02056 4.59073 1.04621 0.00134 -0.27136 0.03048 0.96199
1661398732.835146189 0.02033 4.58459 1.04617 0.00168 -0.27117 0.03130 0.96202
1661398732.845145941 0.02007 4.57848 1.04611 0.00203 -0.27115 0.03208 0.96200
1661398732.855146170 0.01977 4.57242 1.04601 0.00236 -0.27130 0.03283 0.96193
1661398732.865145922 0.01943 4.56641 1.04589 0.00269 -0.27162 0.03353 0.96182
1661398732.875146151 0.01905 4.56044 1.04574 0.00301 -0.27206 0.03419 0.96167
1661398732.885145903 0.01864 4.55453 1.04556 0.00333 -0.27260 0.03481 0.96149
1661398732.895146132 0.01818 4.54868 1.04537 0.00365 -0.27321 0.03539 0.96129
1661398732.905145884 0.01769 4.54290 1.04517 0.00398 -0.27386 0.03593 0.96109
1661398732.915146112 0.01715 4.53717 1.04495 0.00430 -0.27451 0.03643 0.96088
1661398732.925145864 0.01658 4.53153 1.04473 0.00463 -0.27514 0.03689 0.96068
1661398732.935146093 0.01596 4.52595 1.04451 0.00497 -0.27571 0.03731 0.96050
1661398732.945145845 0.01530 4.52046 1.04429 0.00532 -0.27620 0.03769 0.96035
1661398732.955146074 0.01460 4.51505 1.04407 0.00568 -0.27656 0.03804 0.96023
1661398732.965146065 0.01387 4.50972 1.04385 0.00605 -0.27681 0.03835 0.96014
1661398732.975146055 0.01314 4.50447 1.04364 0.00642 -0.27693 0.03862 0.96009
1661398732.985146046 0.01240 4.49929 1.04344 0.00681 -0.27692 0.03887 0.96008
1661398732.995146036 0.01168 4.49418 1.04324 0.00720 -0.27678 0.03908 0.96011
1661398733.005146027 0.01100 4.48914 1.04304 0.00759 -0.27650 0.03926 0.96018
1661398733.015146017 0.01037 4.48416 1.04284 0.00798 -0.27608 0.03942 0.96029
1661398733.025146008 0.00980 4.47924 1.04265 0.00836 -0.27551 0.03955 0.96045
1661398733.035145998 0.00931 4.47438 1.04246 0.00875 -0.27479 0.03965 0.96064
1661398733.045145988 0.00892 4.46957 1.04228 0.00913 -0.27393 0.03974 0.96089
1661398733.055145979 0.00863 4.46481 1.04210 0.00950 -0.27291 0.03980 0.96117
1661398733.065145969 0.00844 4.46010 1.04192 0.00986 -0.27179 0.03985 0.96148
1661398733.075146198 0.00833 4.45543 1.04174 0.01022 -0.27061 0.03989 0.96181
1661398733.085145950 0.00830 4.45081 1.04157 0.01057 -0.26943 0.03993 0.96213
1661398733.095146179 0.00834 4.44622 1.04140 0.01092 -0.26829 0.03996 0.96245
1661398733.105145931 0.00842 4.44166 1.04124 0.01126 -0.26724 0.04000 0.96273
1661398733.115146160 0.00854 4.43714 1.04108 0.01160 -0.26633 0.04004 0.96298
1661398733.125145912 0.00869 4.43265 1.04093 0.01193 -0.26562 0.04010 0.96317
1661398733.135146141 0.00885 4.42818 1.04079 0.01226 -0.26515 0.04018 0.96329
1661398733.145145893 0.00902 4.42374 1.04066 0.01259 -0.26498 0.04028 0.96333
1661398733.155146122 0.00918 4.41932 1.04053 0.01292 -0.26514 0.04040 0.96328
1661398733.165145874 0.00933 4.41493 1.04043 0.01325 -0.26559 0.04054 0.96314
1661398733.175146103 0.00947 4.41057 1.04034 0.01359 -0.26631 0.04067 0.96293
1661398733.185145855 0.00961 4.40627 1.04028 0.01393 -0.26724 0.04077 0.96267
1661398733.195146084 0.00974 4.40201 1.04025 0.01428 -0.26835 0.04082 0.96235
1661398733.205146074 0.00986 4.39783 1.04026 0.01464 -0.26958 0.04082 0.96200
1661398733.215146065 0.00998 4.39371 1.04032 0.01502 -0.27091 0.04073 0.96163
1661398733.225146055 0.01009 4.38967 1.04044 0.01541 -0.27228 0.04054 0.96124
1661398733.235146046 0.01020 4.38572 1.04061 0.01582 -0.27366 0.04023 0.96086
1661398733.245146036 0.01030 4.38187 1.04084 0.01626 -0.27499 0.03978 0.96049
1661398733.255146027 0.01041 4.37811 1.04114 0.01672 -0.27625 0.03920 0.96014
1661398733.265146017 0.01052 4.37444 1.04147 0.01719 -0.27739 0.03851 0.95983
1661398733.275146008 0.01066 4.37082 1.04178 0.01767 -0.27840 0.03780 0.95956
1661398733.285145998 0.01084 4.36723 1.04203 0.01816 -0.27925 0.03711 0.95933
1661398733.295145988 0.01106 4.36363 1.04217 0.01864 -0.27990 0.03650 0.95915
1661398733.305145979 0.01134 4.36002 1.04218 0.01910 -0.28034 0.03603 0.95903
1661398733.315145969 0.01169 4.35640 1.04205 0.01953 -0.28062 0.03567 0.95896
1661398733.325145960 0.01209 4.35277 1.04181 0.01992 -0.28081 0.03538 0.95890
1661398733.335146189 0.01255 4.34914 1.04145 0.02023 -0.28096 0.03515 0.95886
1661398733.345145941 0.01306 4.34554 1.04101 0.02046 -0.28114 0.03492 0.95881
1661398733.355146170 0.01363 4.34195 1.04047 0.02058 -0.28139 0.03469 0.95875
1661398733.365145922 0.01425 4.33839 1.03986 0.02060 -0.28172 0.03444 0.95866
1661398733.375146151 0.01494 4.33485 1.03916 0.02052 -0.28213 0.03419 0.95855
1661398733.385145903 0.01569 4.33134 1.03838 0.02032 -0.28260 0.03396 0.95842
1661398733.395146132 0.01651 4.32784 1.03750 0.02002 -0.28313 0.03375 0.95828
1661398733.405145884 0.01740 4.32436 1.03654 0.01960 -0.28371 0.03358 0.95812
1661398733.415146112 0.01835 4.32089 1.03551 0.01907 -0.28431 0.03342 0.95796
1661398733.425145864 0.01936 4.31741 1.03444 0.01841 -0.28490 0.03327 0.95780
1661398733.435146093 0.02042 4.31392 1.03333 0.01761 -0.28546 0.03311 0.95766
1661398733.445145845 0.02151 4.31041 1.03222 0.01667 -0.28596 0.03293 0.95753
1661398733.455146074 0.02263 4.30686 1.03113 0.01559 -0.28637 0.03271 0.95743
1661398733.465146065 0.02379 4.30328 1.03005 0.01438 -0.28670 0.03246 0.95736
1661398733.475146055 0.02498 4.29967 1.02897 0.01308 -0.28696 0.03219 0.95731
1661398733.485146046 0.02623 4.29603 1.02790 0.01172 -0.28716 0.03193 0.95728
1661398733.495146036 0.02752 4.29237 1.02683 0.01033 -0.28732 0.03167 0.95725
1661398733.505146027 0.02887 4.28869 1.02577 0.00894 -0.28746 0.03144 0.95724
1661398733.515146017 0.03028 4.28499 1.02469 0.00758 -0.28757 0.03125 0.95722
1661398733.525146008 0.03176 4.28128 1.02361 0.00627 -0.28767 0.03111 0.95720
1661398733.535145998 0.03332 4.27756 1.02252 0.00506 -0.28778 0.03103 0.95718
1661398733.545145988 0.03495 4.27382 1.02141 0.00397 -0.28791 0.03104 0.95715
1661398733.555145979 0.03667 4.27008 1.02028 0.00302 -0.28807 0.03113 0.95710
1661398733.565145969 0.03847 4.26633 1.01914 0.00222 -0.28823 0.03130 0.95705
1661398733.575146198 0.04035 4.26256 1.01799 0.00154 -0.28839 0.03155 0.95699
1661398733.585145950 0.04230 4.25877 1.01684 0.00099 -0.28853 0.03185 0.95694
1661398733.595146179 0.04433 4.25495 1.01570 0.00054 -0.28862 0.03221 0.95690
1661398733.605145931 0.04642 4.25109 1.01456 0.00019 -0.28866 0.03261 0.95688
1661398733.615146160 0.04859 4.24720 1.01344 -0.00007 -0.28861 0.03304 0.95688
1661398733.625145912 0.05081 4.24325 1.01234 -0.00025 -0.28847 0.03348 0.95690
1661398733.635146141 0.05310 4.23926 1.01127 -0.00036 -0.28821 0.03394 0.95697
1661398733.645145893 0.05545 4.23521 1.01023 -0.00042 -0.28782 0.03440 0.95707
1661398733.655146122 0.05784 4.23110 1.00923 -0.00043 -0.28728 0.03485 0.95721
1661398733.665145874 0.06029 4.22692 1.00827 -0.00040 -0.28663 0.03530 0.95739
1661398733.675146103 0.06277 4.22269 1.00736 -0.00034 -0.28592 0.03575 0.95759
1661398733.685145855 0.06527 4.21840 1.00648 -0.00026 -0.28517 0.03622 0.95779
1661398733.695146084 0.06779 4.21406 1.00565 -0.00017 -0.28445 0.03670 0.95799
1661398733.705146074 0.07031 4.20966 1.00487 -0.00007 -0.28378 0.03721 0.95817
1661398733.715146065 0.07283 4.20522 1.00414 0.00003 -0.28320 0.03776 0.95832
1661398733.725146055 0.07533 4.20072 1.00346 0.00011 -0.28277 0.03835 0.95842
1661398733.735146046 0.07780 4.19619 1.00283 0.00018 -0.28253 0.03899 0.95847
1661398733.745146036 0.08025 4.19160 1.00225 0.00022 -0.28250 0.03968 0.95844
1661398733.755146027 0.08264 4.18699 1.00174 0.00022 -0.28273 0.04043 0.95835
1661398733.765146017 0.08498 4.18235 1.00130 0.00019 -0.28314 0.04120 0.95819
1661398733.775146008 0.08724 4.17771 1.00098 0.00010 -0.28366 0.04195 0.95801
1661398733.785145998 0.08941 4.17310 1.00079 -0.00005 -0.28421 0.04263 0.95781
1661398733.795145988 0.09148 4.16854 1.00077 -0.00027 -0.28470 0.04320 0.95764
1661398733.805145979 0.09344 4.16404 1.00093 -0.00055 -0.28508 0.04362 0.95751
1661398733.815145969 0.09529 4.15960 1.00124 -0.00085 -0.28535 0.04393 0.95742
1661398733.825145960 0.09707 4.15521 1.00167 -0.00110 -0.28553 0.04417 0.95735
1661398733.835146189 0.09878 4.15087 1.00219 -0.00125 -0.28564 0.04437 0.95731
1661398733.845145941 0.10045 4.14656 1.00275 -0.00125 -0.28570 0.04459 0.95728
1661398733.855146170 0.10210 4.14227 1.00333 -0.00104 -0.28574 0.04485 0.95726
1661398733.865145922 0.10370 4.13801 1.00391 -0.00065 -0.28576 0.04515 0.95724
1661398733.875146151 0.10528 4.13376 1.00450 -0.00010 -0.28577 0.04548 0.95722
1661398733.885145903 0.10681 4.12952 1.00509 0.00056 -0.28580 0.04583 0.95719
1661398733.895146132 0.10829 4.12529 1.00569 0.00129 -0.28584 0.04618 0.95716
1661398733.905145884 0.10973 4.12105 1.00627 0.00208 -0.28592 0.04652 0.95712
1661398733.915146112 0.11110 4.11682 1.00686 0.00288 -0.28604 0.04683 0.95707
1661398733.925145864 0.11241 4.11257 1.00744 0.00365 -0.28622 0.04712 0.95700
1661398733.935146093 0.11366 4.10830 1.00800 0.00437 -0.28646 0.04735 0.95691
1661398733.945145845 0.11482 4.10401 1.00856 0.00499 -0.28678 0.04753 0.95680
1661398733.955146074 0.11592 4.09970 1.00910 0.00550 -0.28718 0.04763 0.95668
1661398733.965146065 0.11693 4.09537 1.00963 0.00590 -0.28765 0.04767 0.95653
1661398733.975146055 0.11788 4.09102 1.01013 0.00619 -0.28815 0.04764 0.95638
1661398733.985146046 0.11876 4.08665 1.01060 0.00640 -0.28868 0.04753 0.95622
1661398733.995146036 0.11958 4.08227 1.01105 0.00652 -0.28919 0.04737 0.95608
1661398734.005146027 0.12034 4.07788 1.01146 0.00659 -0.28968 0.04714 0.95594
1661398734.015146017 0.12105 4.07349 1.01183 0.00660 -0.29010 0.04684 0.95583
1661398734.025146008 0.12171 4.06909 1.01216 0.00657 -0.29045 0.04649 0.95574
1661398734.035145998 0.12232 4.06470 1.01244 0.00651 -0.29068 0.04607 0.95569
1661398734.045145988 0.12289 4.06032 1.01268 0.00644 -0.29079 0.04560 0.95568
1661398734.055145979 0.12343 4.05595 1.01286 0.00637 -0.29074 0.04507 0.95572
1661398734.065145969 0.12393 4.05159 1.01298 0.00629 -0.29056 0.04449 0.95580
1661398734.075146198 0.12441 4.04723 1.01305 0.00623 -0.29025 0.04387 0.95593
1661398734.085145950 0.12486 4.04289 1.01307 0.00618 -0.28982 0.04323 0.95608
1661398734.095146179 0.12530 4.03856 1.01303 0.00615 -0.28930 0.04257 0.95627
1661398734.105145931 0.12573 4.03423 1.01293 0.00614 -0.28870 0.04189 0.95648
1661398734.115146160 0.12615 4.02992 1.01278 0.00616 -0.28804 0.04122 0.95671
1661398734.125145912 0.12657 4.02561 1.01257 0.00621 -0.28732 0.04056 0.95696
1661398734.135146141 0.12699 4.02131 1.01231 0.00631 -0.28656 0.03992 0.95721
1661398734.145145893 0.12742 4.01702 1.01199 0.00645 -0.28579 0.03930 0.95747
1661398734.155146122 0.12786 4.01274 1.01162 0.00663 -0.28500 0.03872 0.95772
1661398734.165145874 0.12828 4.00842 1.01120 0.00683 -0.28423 0.03818 0.95797
1661398734.175146103 0.12866 4.00405 1.01074 0.00701 -0.28348 0.03765 0.95821
1661398734.185145855 0.12896 3.99959 1.01025 0.00713 -0.28276 0.03715 0.95844
1661398734.195146084 0.12917 3.99501 1.00974 0.00716 -0.28210 0.03665 0.95866
1661398734.205146074 0.12925 3.99027 1.00922 0.00708 -0.28152 0.03616 0.95885
1661398734.215146065 0.12923 3.98539 1.00867 0.00690 -0.28105 0.03568 0.95900
1661398734.225146055 0.12911 3.98039 1.00809 0.00669 -0.28076 0.03521 0.95911
1661398734.235146046 0.12892 3.97529 1.00748 0.00647 -0.28068 0.03478 0.95915
1661398734.245146036 0.12868 3.97009 1.00680 0.00629 -0.28089 0.03439 0.95910
1661398734.255146027 0.12839 3.96482 1.00607 0.00619 -0.28139 0.03403 0.95897
1661398734.265146017 0.12806 3.95947 1.00528 0.00617 -0.28216 0.03372 0.95875
1661398734.275146008 0.12771 3.95404 1.00444 0.00621 -0.28314 0.03345 0.95848
1661398734.285145998 0.12733 3.94853 1.00355 0.00630 -0.28425 0.03320 0.95815
1661398734.295145988 0.12692 3.94294 1.00261 0.00643 -0.28544 0.03298 0.95781
1661398734.305145979 0.12649 3.93727 1.00163 0.00660 -0.28665 0.03278 0.95745
1661398734.315145969 0.12605 3.93151 1.00061 0.00679 -0.28782 0.03259 0.95711
1661398734.325145960 0.12559 3.92566 0.99955 0.00700 -0.28888 0.03242 0.95679
1661398734.335146189 0.12513 3.91971 0.99847 0.00721 -0.28978 0.03225 0.95652
1661398734.345145941 0.12466 3.91367 0.99736 0.00741 -0.29045 0.03208 0.95632
1661398734.355146170 0.12419 3.90753 0.99622 0.00759 -0.29085 0.03190 0.95621
1661398734.365145922 0.12371 3.90132 0.99508 0.00774 -0.29099 0.03173 0.95617
1661398734.375146151 0.12322 3.89503 0.99392 0.00785 -0.29091 0.03157 0.95620
1661398734.385145903 0.12271 3.88868 0.99278 0.00792 -0.29063 0.03143 0.95629
1661398734.395146132 0.12219 3.88230 0.99166 0.00792 -0.29019 0.03133 0.95642
1661398734.405145884 0.12164 3.87589 0.99056 0.00785 -0.28963 0.03126 0.95660
1661398734.415146112 0.12106 3.86946 0.98950 0.00770 -0.28896 0.03125 0.95680
1661398734.425145864 0.12045 3.86304 0.98848 0.00746 -0.28823 0.03129 0.95702
1661398734.435146093 0.11980 3.85662 0.98753 0.00712 -0.28746 0.03141 0.95725
1661398734.445145845 0.11912 3.85024 0.98664 0.00666 -0.28669 0.03160 0.95748
1661398734.455146074 0.11838 3.84390 0.98582 0.00609 -0.28594 0.03188 0.95770
1661398734.465146065 0.11761 3.83759 0.98508 0.00541 -0.28525 0.03224 0.95790
1661398734.475146055 0.11679 3.83130 0.98440 0.00466 -0.28463 0.03268 0.95807
1661398734.485146046 0.11592 3.82502 0.98378 0.00384 -0.28411 0.03321 0.95821
1661398734.495146036 0.11502 3.81875 0.98321 0.00298 -0.28371 0.03381 0.95831
1661398734.505146027 0.11408 3.81247 0.98269 0.00211 -0.28346 0.03449 0.95836
1661398734.515146017 0.11309 3.80616 0.98220 0.00124 -0.28339 0.03525 0.95836
1661398734.525146008 0.11207 3.79983 0.98175 0.00039 -0.28351 0.03608 0.95829
1661398734.535145998 0.11102 3.79346 0.98131 -0.00041 -0.28385 0.03697 0.95815
1661398734.545145988 0.10993 3.78705 0.98090 -0.00114 -0.28444 0.03794 0.95794
1661398734.555145979 0.10880 3.78057 0.98050 -0.00180 -0.28528 0.03897 0.95765
1661398734.565145969 0.10764 3.77405 0.98011 -0.00238 -0.28634 0.04005 0.95729
1661398734.575146198 0.10646 3.76750 0.97974 -0.00291 -0.28755 0.04117 0.95687
1661398734.585145950 0.10524 3.76093 0.97938 -0.00342 -0.28887 0.04230 0.95643
1661398734.595146179 0.10400 3.75435 0.97904 -0.00392 -0.29023 0.04344 0.95596
1661398734.605145931 0.10274 3.74778 0.97872 -0.00444 -0.29159 0.04456 0.95549
1661398734.615146160 0.10145 3.74124 0.97842 -0.00499 -0.29288 0.04565 0.95505
1661398734.625145912 0.10015 3.73473 0.97814 -0.00560 -0.29406 0.04669 0.95463
1661398734.635146141 0.09883 3.72826 0.97789 -0.00628 -0.29506 0.04766 0.95427
1661398734.645145893 0.09749 3.72186 0.97766 -0.00707 -0.29583 0.04855 0.95398
1661398734.655146122 0.09614 3.71554 0.97746 -0.00796 -0.29633 0.04935 0.95378
1661398734.665145874 0.09477 3.70928 0.97728 -0.00894 -0.29661 0.05006 0.95364
1661398734.675146103 0.09339 3.70309 0.97713 -0.01000 -0.29671 0.05068 0.95357
1661398734.685145855 0.09199 3.69696 0.97699 -0.01110 -0.29669 0.05123 0.95353
1661398734.695146084 0.09058 3.69089 0.97687 -0.01223 -0.29659 0.05170 0.95352
1661398734.705146074 0.08914 3.68487 0.97676 -0.01335 -0.29648 0.05211 0.95352
1661398734.715146065 0.08769 3.67890 0.97667 -0.01444 -0.29641 0.05246 0.95351
1661398734.725146055 0.08621 3.67297 0.97658 -0.01549 -0.29642 0.05276 0.95347
1661398734.735146046 0.08471 3.66707 0.97649 -0.01646 -0.29658 0.05302 0.95339
1661398734.745146036 0.08319 3.66121 0.97641 -0.01734 -0.29693 0.05324 0.95326
1661398734.755146027 0.08164 3.65539 0.97633 -0.01810 -0.29752 0.05342 0.95305
1661398734.765146017 0.08007 3.64959 0.97625 -0.01875 -0.29833 0.05356 0.95277
1661398734.775146008 0.07845 3.64384 0.97616 -0.01929 -0.29934 0.05366 0.95244
1661398734.785145998 0.07680 3.63812 0.97607 -0.01974 -0.30052 0.05369 0.95206
1661398734.795145988 0.07509 3.63246 0.97596 -0.02010 -0.30184 0.05366 0.95164
1661398734.805145979 0.07333 3.62685 0.97585 -0.02038 -0.30328 0.05355 0.95118
1661398734.815145969 0.07151 3.62131 0.97572 -0.02059 -0.30480 0.05335 0.95070
1661398734.825145960 0.06962 3.61582 0.97557 -0.02074 -0.30639 0.05306 0.95020
1661398734.835146189 0.06766 3.61041 0.97540 -0.02083 -0.30802 0.05267 0.94969
1661398734.845145941 0.06562 3.60508 0.97521 -0.02088 -0.30965 0.05216 0.94919
1661398734.855146170 0.06349 3.59982 0.97500 -0.02088 -0.31128 0.05153 0.94869
1661398734.865145922 0.06128 3.59464 0.97477 -0.02086 -0.31288 0.05080 0.94820
1661398734.875146151 0.05900 3.58954 0.97451 -0.02080 -0.31446 0.04999 0.94773
1661398734.885145903 0.05665 3.58452 0.97424 -0.02071 -0.31601 0.04912 0.94726
1661398734.895146132 0.05423 3.57957 0.97394 -0.02061 -0.31752 0.04821 0.94680
1661398734.905145884 0.05175 3.57468 0.97363 -0.02049 -0.31900 0.04728 0.94635
1661398734.915146112 0.04921 3.56987 0.97330 -0.02036 -0.32043 0.04634 0.94592
1661398734.925145864 0.04662 3.56513 0.97296 -0.02022 -0.32182 0.04542 0.94549
1661398734.935146093 0.04399 3.56045 0.97260 -0.02007 -0.32316 0.04455 0.94508
1661398734.945145845 0.04131 3.55584 0.97223 -0.01993 -0.32445 0.04373 0.94468
1661398734.955146074 0.03860 3.55128 0.97185 -0.01980 -0.32568 0.04299 0.94430
1661398734.965146065 0.03587 3.54679 0.97145 -0.01967 -0.32685 0.04231 0.94393
1661398734.975146055 0.03312 3.54235 0.97106 -0.01954 -0.32795 0.04169 0.94357
1661398734.985146046 0.03038 3.53797 0.97065 -0.01943 -0.32900 0.04111 0.94323
1661398734.995146036 0.02765 3.53364 0.97025 -0.01932 -0.32998 0.04056 0.94292
1661398735.005146027 0.02495 3.52937 0.96984 -0.01922 -0.33090 0.04003 0.94262
1661398735.015146017 0.02228 3.52514 0.96944 -0.01913 -0.33175 0.03951 0.94235
1661398735.025146008 0.01967 3.52095 0.96904 -0.01904 -0.33253 0.03897 0.94209
1661398735.035145998 0.01712 3.51682 0.96865 -0.01897 -0.33324 0.03842 0.94187
1661398735.045145988 0.01465 3.51272 0.96827 -0.01891 -0.33388 0.03784 0.94167
1661398735.055145979 0.01227 3.50866 0.96790 -0.01885 -0.33444 0.03722 0.94149
1661398735.065145969 0.00995 3.50464 0.96755 -0.01881 -0.33494 0.03657 0.94134
1661398735.075146198 0.00769 3.50065 0.96721 -0.01877 -0.33537 0.03590 0.94121
1661398735.085145950 0.00547 3.49668 0.96689 -0.01873 -0.33575 0.03523 0.94111
1661398735.095146179 0.00327 3.49272 0.96659 -0.01868 -0.33608 0.03456 0.94101
1661398735.105145931 0.00107 3.48878 0.96630 -0.01863 -0.33636 0.03390 0.94094
1661398735.115146160 -0.00115 3.48485 0.96605 -0.01857 -0.33660 0.03328 0.94088
1661398735.125145912 -0.00340 3.48091 0.96581 -0.01849 -0.33680 0.03269 0.94083
1661398735.135146141 -0.00570 3.47697 0.96561 -0.01840 -0.33698 0.03216 0.94078
1661398735.145145893 -0.00807 3.47302 0.96543 -0.01828 -0.33713 0.03170 0.94075
1661398735.155146122 -0.01052 3.46906 0.96528 -0.01814 -0.33726 0.03131 0.94072
1661398735.165145874 -0.01304 3.46507 0.96515 -0.01798 -0.33736 0.03098 0.94069
1661398735.175146103 -0.01562 3.46107 0.96505 -0.01781 -0.33744 0.03070 0.94068
1661398735.185145855 -0.01826 3.45703 0.96496 -0.01762 -0.33747 0.03046 0.94068
1661398735.195146084 -0.02093 3.45297 0.96489 -0.01743 -0.33745 0.03023 0.94069
1661398735.205146074 -0.02362 3.44888 0.96482 -0.01724 -0.33739 0.03001 0.94073
1661398735.215146065 -0.02633 3.44475 0.96475 -0.01705 -0.33725 0.02978 0.94079
1661398735.225146055 -0.02904 3.44059 0.96468 -0.01687 -0.33705 0.02952 0.94087
1661398735.235146046 -0.03174 3.43638 0.96460 -0.01670 -0.33678 0.02922 0.94098
1661398735.245146036 -0.03441 3.43213 0.96451 -0.01655 -0.33642 0.02887 0.94113
1661398735.255146027 -0.03705 3.42783 0.96440 -0.01641 -0.33597 0.02845 0.94130
1661398735.265146017 -0.03967 3.42348 0.96427 -0.01630 -0.33544 0.02797 0.94151
1661398735.275146008 -0.04228 3.41909 0.96413 -0.01620 -0.33483 0.02742 0.94174
1661398735.285145998 -0.04489 3.41465 0.96398 -0.01612 -0.33416 0.02679 0.94200
1661398735.295145988 -0.04751 3.41015 0.96381 -0.01603 -0.33344 0.02610 0.94227
1661398735.305145979 -0.05015 3.40560 0.96364 -0.01596 -0.33267 0.02535 0.94257
1661398735.315145969 -0.05282 3.40100 0.96345 -0.01588 -0.33187 0.02452 0.94287
1661398735.325145960 -0.05554 3.39635 0.96325 -0.01579 -0.33103 0.02363 0.94319
1661398735.335146189 -0.05832 3.39164 0.96305 -0.01570 -0.33018 0.02268 0.94351
1661398735.345145941 -0.06116 3.38687 0.96284 -0.01560 -0.32932 0.02165 0.94384
1661398735.355146170 -0.06408 3.38205 0.96263 -0.01548 -0.32846 0.02057 0.94417
1661398735.365145922 -0.06708 3.37717 0.96242 -0.01535 -0.32760 0.01942 0.94449
1661398735.375146151 -0.07014 3.37225 0.96220 -0.01523 -0.32677 0.01823 0.94480
1661398735.385145903 -0.07326 3.36730 0.96199 -0.01513 -0.32597 0.01701 0.94511
1661398735.395146132 -0.07642 3.36230 0.96179 -0.01506 -0.32521 0.01576 0.94539
1661398735.405145884 -0.07963 3.35728 0.96159 -0.01503 -0.32449 0.01450 0.94566
1661398735.415146112 -0.08288 3.35224 0.96140 -0.01504 -0.32384 0.01324 0.94590
1661398735.425145864 -0.08615 3.34717 0.96123 -0.01512 -0.32326 0.01198 0.94611
1661398735.435146093 -0.08944 3.34210 0.96107 -0.01528 -0.32276 0.01074 0.94630
1661398735.445145845 -0.09274 3.33702 0.96093 -0.01551 -0.32235 0.00953 0.94644
1661398735.455146074 -0.09605 3.33194 0.96081 -0.01584 -0.32204 0.00836 0.94656
1661398735.465146065 -0.09936 3.32686 0.96071 -0.01624 -0.32179 0.00723 0.94664
1661398735.475146055 -0.10265 3.32178 0.96064 -0.01668 -0.32159 0.00615 0.94671
1661398735.485146046 -0.10593 3.31670 0.96059 -0.01714 -0.32138 0.00512 0.94678
1661398735.495146036 -0.10918 3.31161 0.96056 -0.01758 -0.32115 0.00416 0.94686
1661398735.505146027 -0.11240 3.30652 0.96056 -0.01799 -0.32086 0.00325 0.94695
1661398735.515146017 -0.11559 3.30143 0.96058 -0.01834 -0.32048 0.00242 0.94708
1661398735.525146008 -0.11872 3.29633 0.96064 -0.01860 -0.31997 0.00166 0.94724
1661398735.535145998 -0.12181 3.29122 0.96072 -0.01874 -0.31930 0.00098 0.94747
1661398735.545145988 -0.12483 3.28611 0.96083 -0.01874 -0.31845 0.00038 0.94775
1661398735.555145979 -0.12779 3.28099 0.96096 -0.01857 -0.31738 -0.00013 0.94812
1661398735.565145969 -0.13069 3.27587 0.96113 -0.01827 -0.31612 -0.00056 0.94854
1661398735.575146198 -0.13353 3.27076 0.96134 -0.01783 -0.31467 -0.00091 0.94903
1661398735.585145950 -0.13631 3.26566 0.96158 -0.01730 -0.31307 -0.00119 0.94957
1661398735.595146179 -0.13905 3.26058 0.96185 -0.01669 -0.31132 -0.00141 0.95016
1661398735.605145931 -0.14175 3.25553 0.96216 -0.01603 -0.30947 -0.00157 0.95077
1661398735.615146160 -0.14441 3.25052 0.96252 -0.01534 -0.30751 -0.00168 0.95142
1661398735.625145912 -0.14703 3.24555 0.96291 -0.01464 -0.30548 -0.00174 0.95208
1661398735.635146141 -0.14963 3.24062 0.96334 -0.01396 -0.30340 -0.00177 0.95276
1661398735.645145893 -0.15220 3.23576 0.96382 -0.01331 -0.30128 -0.00177 0.95344
1661398735.655146122 -0.15476 3.23096 0.96435 -0.01272 -0.29916 -0.00173 0.95412
1661398735.665145874 -0.15730 3.22621 0.96491 -0.01217 -0.29706 -0.00167 0.95478
1661398735.675146103 -0.15982 3.22150 0.96551 -0.01164 -0.29500 -0.00156 0.95542
1661398735.685145855 -0.16233 3.21682 0.96614 -0.01111 -0.29304 -0.00141 0.95604
1661398735.695146084 -0.16481 3.21217 0.96680 -0.01055 -0.29119 -0.00120 0.95661
1661398735.705146074 -0.16729 3.20753 0.96748 -0.00996 -0.28948 -0.00094 0.95713
1661398735.715146065 -0.16975 3.20289 0.96818 -0.00930 -0.28795 -0.00060 0.95760
1661398735.725146055 -0.17219 3.19823 0.96889 -0.00855 -0.28664 -0.00019 0.95800
1661398735.735146046 -0.17462 3.19356 0.96961 -0.00770 -0.28556 0.00030 0.95833
1661398735.745146036 -0.17704 3.18886 0.97033 -0.00672 -0.28476 0.00088 0.95857
1661398735.755146027 -0.17944 3.18412 0.97105 -0.00561 -0.28424 0.00155 0.95874
1661398735.765146017 -0.18183 3.17938 0.97176 -0.00442 -0.28389 0.00227 0.95884
1661398735.775146008 -0.18420 3.17468 0.97245 -0.00319 -0.28360 0.00299 0.95893
1661398735.785145998 -0.18655 3.17006 0.97310 -0.00200 -0.28324 0.00367 0.95904
1661398735.795145988 -0.18888 3.16555 0.97372 -0.00090 -0.28268 0.00425 0.95920
1661398735.805145979 -0.19118 3.16120 0.97428 0.00006 -0.28183 0.00470 0.95945
1661398735.815145969 -0.19347 3.15697 0.97480 0.00091 -0.28073 0.00505 0.95977
1661398735.825145960 -0.19575 3.15283 0.97529 0.00170 -0.27945 0.00531 0.96014
1661398735.835146189 -0.19803 3.14875 0.97575 0.00245 -0.27807 0.00552 0.96054
1661398735.845145941 -0.20031 3.14470 0.97620 0.00322 -0.27666 0.00572 0.96095
1661398735.855146170 -0.20261 3.14064 0.97664 0.00403 -0.27527 0.00592 0.96134
1661398735.865145922 -0.20493 3.13657 0.97707 0.00488 -0.27394 0.00613 0.96172
1661398735.875146151 -0.20725 3.13249 0.97749 0.00574 -0.27266 0.00635 0.96207
1661398735.885145903 -0.20958 3.12840 0.97788 0.00660 -0.27144 0.00657 0.96241
1661398735.895146132 -0.21190 3.12428 0.97824 0.00745 -0.27029 0.00679 0.96273
1661398735.905145884 -0.21423 3.12015 0.97857 0.00825 -0.26923 0.00701 0.96302
1661398735.915146112 -0.21655 3.11599 0.97885 0.00900 -0.26824 0.00722 0.96328
1661398735.925145864 -0.21886 3.11181 0.97909 0.00967 -0.26735 0.00742 0.96352
1661398735.935146093 -0.22116 3.10760 0.97927 0.01024 -0.26656 0.00761 0.96373
1661398735.945145845 -0.22344 3.10335 0.97940 0.01070 -0.26588 0.00779 0.96391
1661398735.955146074 -0.22570 3.09907 0.97947 0.01104 -0.26531 0.00795 0.96407
1661398735.965146065 -0.22794 3.09477 0.97947 0.01125 -0.26484 0.00809 0.96419
1661398735.975146055 -0.23017 3.09043 0.97942 0.01136 -0.26446 0.00823 0.96429
1661398735.985146046 -0.23239 3.08606 0.97933 0.01138 -0.26415 0.00837 0.96438
1661398735.995146036 -0.23460 3.08167 0.97919 0.01132 -0.26390 0.00851 0.96445
1661398736.005146027 -0.23682 3.07726 0.97901 0.01120 -0.26369 0.00865 0.96450
1661398736.015146017 -0.23903 3.07282 0.97881 0.01102 -0.26351 0.00881 0.96455
1661398736.025146008 -0.24126 3.06837 0.97858 0.01080 -0.26334 0.00899 0.96460
1661398736.035145998 -0.24350 3.06390 0.97833 0.01056 -0.26317 0.00918 0.96465
1661398736.045145988 -0.24575 3.05941 0.97807 0.01030 -0.26299 0.00941 0.96470
1661398736.055145979 -0.24803 3.05492 0.97780 0.01004 -0.26277 0.00967 0.96476
1661398736.065145969 -0.25032 3.05039 0.97752 0.00979 -0.26253 0.00996 0.96482
1661398736.075146198 -0.25262 3.04583 0.97725 0.00955 -0.26225 0.01029 0.96490
1661398736.085145950 -0.25494 3.04122 0.97698 0.00932 -0.26194 0.01066 0.96498
1661398736.095146179 -0.25726 3.03654 0.97672 0.00912 -0.26158 0.01107 0.96508
1661398736.105145931 -0.25959 3.03178 0.97648 0.00893 -0.26118 0.01153 0.96518
1661398736.115146160 -0.26193 3.02693 0.97625 0.00878 -0.26073 0.01204 0.96530
1661398736.125145912 -0.26426 3.02197 0.97605 0.00865 -0.26023 0.01259 0.96543
1661398736.135146141 -0.26659 3.01690 0.97587 0.00857 -0.25968 0.01320 0.96557
1661398736.145145893 -0.26892 3.01170 0.97573 0.00852 -0.25907 0.01386 0.96572
1661398736.155146122 -0.27123 3.00635 0.97562 0.00852 -0.25841 0.01457 0.96589
1661398736.165145874 -0.27354 3.00088 0.97553 0.00856 -0.25772 0.01534 0.96606
1661398736.175146103 -0.27584 2.99529 0.97547 0.00863 -0.25700 0.01616 0.96624
1661398736.185145855 -0.27814 2.98959 0.97543 0.00873 -0.25629 0.01702 0.96641
1661398736.195146084 -0.28042 2.98380 0.97539 0.00885 -0.25560 0.01793 0.96658
1661398736.205146074 -0.28271 2.97793 0.97535 0.00897 -0.25495 0.01888 0.96673
1661398736.215146065 -0.28498 2.97201 0.97530 0.00911 -0.25437 0.01986 0.96686
1661398736.225146055 -0.28725 2.96603 0.97524 0.00924 -0.25387 0.02087 0.96697
1661398736.235146046 -0.28951 2.96001 0.97516 0.00936 -0.25348 0.02192 0.96705
1661398736.245146036 -0.29177 2.95397 0.97504 0.00946 -0.25321 0.02299 0.96709
1661398736.255146027 -0.29402 2.94792 0.97490 0.00954 -0.25308 0.02408 0.96710
1661398736.265146017 -0.29627 2.94186 0.97473 0.00960 -0.25305 0.02519 0.96708
1661398736.275146008 -0.29850 2.93580 0.97454 0.00964 -0.25306 0.02633 0.96704
1661398736.285145998 -0.30071 2.92972 0.97434 0.00965 -0.25309 0.02749 0.96701
1661398736.295145988 -0.30289 2.92364 0.97414 0.00964 -0.25307 0.02867 0.96698
1661398736.305145979 -0.30505 2.91755 0.97394 0.00961 -0.25296 0.02987 0.96697
1661398736.315145969 -0.30718 2.91146 0.97376 0.00955 -0.25272 0.03110 0.96699
1661398736.325145960 -0.30927 2.90535 0.97361 0.00947 -0.25229 0.03234 0.96706
1661398736.335146189 -0.31131 2.89925 0.97348 0.00937 -0.25164 0.03361 0.96719
1661398736.345145941 -0.31331 2.89314 0.97340 0.00924 -0.25070 0.03490 0.96739
1661398736.355146170 -0.31526 2.88703 0.97336 0.00909 -0.24947 0.03622 0.96766
1661398736.365145922 -0.31716 2.88091 0.97337 0.00892 -0.24797 0.03754 0.96800
1661398736.375146151 -0.31902 2.87480 0.97340 0.00874 -0.24626 0.03886 0.96838
1661398736.385145903 -0.32085 2.86871 0.97346 0.00855 -0.24441 0.04018 0.96880
1661398736.395146132 -0.32266 2.86262 0.97352 0.00837 -0.24248 0.04147 0.96923
1661398736.405145884 -0.32444 2.85655 0.97359 0.00821 -0.24053 0.04274 0.96966
1661398736.415146112 -0.32622 2.85051 0.97365 0.00806 -0.23862 0.04397 0.97008
1661398736.425145864 -0.32799 2.84449 0.97369 0.00794 -0.23680 0.04514 0.97048
1661398736.435146093 -0.32976 2.83850 0.97370 0.00785 -0.23515 0.04625 0.97083
1661398736.445145845 -0.33155 2.83255 0.97367 0.00781 -0.23371 0.04729 0.97112
1661398736.455146074 -0.33334 2.82664 0.97360 0.00780 -0.23254 0.04826 0.97136
1661398736.465146065 -0.33516 2.82077 0.97350 0.00784 -0.23160 0.04914 0.97154
1661398736.475146055 -0.33698 2.81495 0.97336 0.00792 -0.23084 0.04996 0.97167
1661398736.485146046 -0.33880 2.80920 0.97320 0.00802 -0.23023 0.05072 0.97178
1661398736.495146036 -0.34063 2.80350 0.97303 0.00815 -0.22970 0.05143 0.97187
1661398736.505146027 -0.34246 2.79788 0.97286 0.00829 -0.22921 0.05210 0.97195
1661398736.515146017 -0.34429 2.79233 0.97269 0.00844 -0.22871 0.05273 0.97203
1661398736.525146008 -0.34611 2.78686 0.97253 0.00859 -0.22816 0.05332 0.97212
1661398736.535145998 -0.34792 2.78148 0.97240 0.00874 -0.22750 0.05390 0.97225
1661398736.545145988 -0.34972 2.77620 0.97229 0.00888 -0.22669 0.05446 0.97240
1661398736.555145979 -0.35150 2.77101 0.97223 0.00900 -0.22570 0.05502 0.97260
1661398736.565145969 -0.35327 2.76591 0.97220 0.00912 -0.22456 0.05556 0.97283
1661398736.575146198 -0.35501 2.76089 0.97220 0.00923 -0.22333 0.05608 0.97308
1661398736.585145950 -0.35674 2.75593 0.97223 0.00936 -0.22207 0.05657 0.97334
1661398736.595146179 -0.35845 2.75104 0.97228 0.00950 -0.22083 0.05703 0.97360
1661398736.605145931 -0.36013 2.74619 0.97236 0.00966 -0.21967 0.05745 0.97383
1661398736.615146160 -0.36179 2.74139 0.97245 0.00986 -0.21865 0.05782 0.97404
1661398736.625145912 -0.36343 2.73661 0.97256 0.01010 -0.21782 0.05813 0.97420
1661398736.635146141 -0.36503 2.73184 0.97267 0.01039 -0.21723 0.05839 0.97432
1661398736.645145893 -0.36661 2.72708 0.97280 0.01073 -0.21696 0.05857 0.97436
1661398736.655146122 -0.36817 2.72233 0.97293 0.01114 -0.21703 0.05868 0.97434
1661398736.665145874 -0.36970 2.71757 0.97306 0.01160 -0.21741 0.05872 0.97424
1661398736.675146103 -0.37123 2.71283 0.97320 0.01212 -0.21807 0.05869 0.97409
1661398736.685145855 -0.37275 2.70810 0.97334 0.01268 -0.21895 0.05859 0.97389
1661398736.695146084 -0.37429 2.70340 0.97350 0.01328 -0.22002 0.05844 0.97365
1661398736.705146074 -0.37584 2.69873 0.97366 0.01391 -0.22122 0.05823 0.97339
1661398736.715146065 -0.37743 2.69409 0.97384 0.01457 -0.22251 0.05797 0.97310
1661398736.725146055 -0.37906 2.68950 0.97403 0.01524 -0.22384 0.05767 0.97280
1661398736.735146046 -0.38073 2.68496 0.97424 0.01592 -0.22517 0.05732 0.97250
1661398736.745146036 -0.38247 2.68047 0.97446 0.01660 -0.22646 0.05693 0.97221
1661398736.755146027 -0.38428 2.67605 0.97470 0.01729 -0.22766 0.05650 0.97195
1661398736.765146017 -0.38614 2.67170 0.97496 0.01796 -0.22877 0.05605 0.97170
1661398736.775146008 -0.38806 2.66741 0.97525 0.01862 -0.22979 0.05559 0.97147
1661398736.785145998 -0.39002 2.66319 0.97555 0.01925 -0.23070 0.05513 0.97127
1661398736.795145988 -0.39201 2.65903 0.97589 0.01986 -0.23151 0.05467 0.97109
1661398736.805145979 -0.39403 2.65494 0.97624 0.02042 -0.23221 0.05424 0.97094
1661398736.815145969 -0.39605 2.65092 0.97663 0.02095 -0.23281 0.05384 0.97081
1661398736.825145960 -0.39808 2.64697 0.97705 0.02142 -0.23329 0.05348 0.97070
1661398736.835146189 -0.40011 2.64308 0.97749 0.02184 -0.23366 0.05317 0.97062
1661398736.845145941 -0.40212 2.63926 0.97797 0.02220 -0.23391 0.05293 0.97056
1661398736.855146170 -0.40411 2.63551 0.97848 0.02248 -0.23404 0.05276 0.97053
1661398736.865145922 -0.40608 2.63182 0.97902 0.02271 -0.23409 0.05266 0.97052
1661398736.875146151 -0.40805 2.62816 0.97958 0.02288 -0.23409 0.05262 0.97052
1661398736.885145903 -0.41003 2.62452 0.98016 0.02299 -0.23408 0.05263 0.97052
1661398736.895146132 -0.41202 2.62089 0.98073 0.02307 -0.23410 0.05268 0.97051
1661398736.905145884 -0.41404 2.61725 0.98131 0.02311 -0.23417 0.05276 0.97049
1661398736.915146112 -0.41610 2.61359 0.98187 0.02311 -0.23434 0.05286 0.97044
1661398736.925145864 -0.41821 2.60989 0.98242 0.02310 -0.23465 0.05297 0.97036
1661398736.935146093 -0.42037 2.60613 0.98295 0.02307 -0.23512 0.05309 0.97024
1661398736.945145845 -0.42261 2.60230 0.98344 0.02303 -0.23581 0.05320 0.97007
1661398736.955146074 -0.42492 2.59839 0.98390 0.02298 -0.23672 0.05330 0.96984
1661398736.965146065 -0.42730 2.59441 0.98432 0.02293 -0.23781 0.05341 0.96957
1661398736.975146055 -0.42975 2.59036 0.98469 0.02286 -0.23904 0.05352 0.96926
1661398736.985146046 -0.43225 2.58626 0.98503 0.02279 -0.24035 0.05365 0.96893
1661398736.995146036 -0.43480 2.58212 0.98533 0.02269 -0.24168 0.05382 0.96860
1661398737.005146027 -0.43738 2.57796 0.98559 0.02257 -0.24298 0.05404 0.96826
1661398737.015146017 -0.44000 2.57378 0.98582 0.02243 -0.24420 0.05432 0.96794
1661398737.025146008 -0.44265 2.56960 0.98600 0.02226 -0.24528 0.05468 0.96765
1661398737.035145998 -0.44530 2.56543 0.98614 0.02205 -0.24616 0.05512 0.96741
1661398737.045145988 -0.44797 2.56128 0.98624 0.02181 -0.24679 0.05566 0.96722
1661398737.055145979 -0.45063 2.55717 0.98631 0.02153 -0.24714 0.05630 0.96710
1661398737.065145969 -0.45330 2.55308 0.98634 0.02121 -0.24721 0.05704 0.96705
1661398737.075146198 -0.45597 2.54902 0.98633 0.02087 -0.24706 0.05786 0.96705
1661398737.085145950 -0.45865 2.54498 0.98630 0.02051 -0.24670 0.05875 0.96709
1661398737.095146179 -0.46134 2.54095 0.98625 0.02013 -0.24618 0.05968 0.96718
1661398737.105145931 -0.46405 2.53694 0.98617 0.01975 -0.24553 0.06065 0.96729
1661398737.115146160 -0.46677 2.53294 0.98608 0.01937 -0.24478 0.06164 0.96742
1661398737.125145912 -0.46952 2.52894 0.98598 0.01900 -0.24397 0.06263 0.96757
1661398737.135146141 -0.47229 2.52494 0.98587 0.01865 -0.24314 0.06362 0.96772
1661398737.145145893 -0.47508 2.52094 0.98576 0.01831 -0.24231 0.06457 0.96788
1661398737.155146122 -0.47791 2.51693 0.98565 0.01801 -0.24152 0.06548 0.96802
1661398737.165145874 -0.48076 2.51291 0.98554 0.01774 -0.24078 0.06635 0.96815
1661398737.175146103 -0.48364 2.50887 0.98543 0.01750 -0.24010 0.06717 0.96826
1661398737.185145855 -0.48653 2.50481 0.98532 0.01730 -0.23950 0.06794 0.96836
1661398737.195146084 -0.48943 2.50072 0.98521 0.01713 -0.23898 0.06866 0.96844
1661398737.205146074 -0.49234 2.49660 0.98510 0.01701 -0.23855 0.06932 0.96850
1661398737.215146065 -0.49526 2.49245 0.98498 0.01692 -0.23822 0.06992 0.96854
1661398737.225146055 -0.49817 2.48825 0.98486 0.01689 -0.23801 0.07046 0.96856
1661398737.235146046 -0.50108 2.48401 0.98474 0.01689 -0.23792 0.07093 0.96854
1661398737.245146036 -0.50398 2.47973 0.98461 0.01695 -0.23796 0.07134 0.96850
1661398737.255146027 -0.50687 2.47539 0.98447 0.01706 -0.23814 0.07168 0.96843
1661398737.265146017 -0.50974 2.47100 0.98434 0.01721 -0.23842 0.07196 0.96834
1661398737.275146008 -0.51259 2.46658 0.98423 0.01741 -0.23879 0.07219 0.96823
1661398737.285145998 -0.51543 2.46213 0.98413 0.01764 -0.23919 0.07237 0.96811
1661398737.295145988 -0.51824 2.45766 0.98406 0.01791 -0.23961 0.07251 0.96799
1661398737.305145979 -0.52102 2.45318 0.98402 0.01821 -0.23999 0.07263 0.96788
1661398737.315145969 -0.52378 2.44870 0.98404 0.01854 -0.24032 0.07273 0.96779
1661398737.325145960 -0.52651 2.44422 0.98410 0.01889 -0.24056 0.07282 0.96772
1661398737.335146189 -0.52921 2.43975 0.98423 0.01926 -0.24067 0.07290 0.96767
1661398737.345145941 -0.53187 2.43530 0.98443 0.01965 -0.24062 0.07299 0.96767
1661398737.355146170 -0.53450 2.43089 0.98471 0.02005 -0.24039 0.07310 0.96771
1661398737.365145922 -0.53710 2.42649 0.98506 0.02046 -0.24000 0.07321 0.96779
1661398737.375146151 -0.53966 2.42211 0.98547 0.02089 -0.23949 0.07332 0.96790
1661398737.385145903 -0.54219 2.41773 0.98595 0.02134 -0.23889 0.07343 0.96803
1661398737.395146132 -0.54470 2.41336 0.98648 0.02182 -0.23825 0.07352 0.96817
1661398737.405145884 -0.54717 2.40897 0.98705 0.02232 -0.23759 0.07359 0.96832
1661398737.415146112 -0.54962 2.40457 0.98767 0.02285 -0.23696 0.07364 0.96846
1661398737.425145864 -0.55205 2.40014 0.98832 0.02342 -0.23638 0.07365 0.96858
1661398737.435146093 -0.55446 2.39568 0.98900 0.02402 -0.23590 0.07362 0.96869
1661398737.445145845 -0.55684 2.39118 0.98970 0.02465 -0.23556 0.07353 0.96876
1661398737.455146074 -0.55921 2.38663 0.99041 0.02533 -0.23538 0.07340 0.96880
1661398737.465146065 -0.56155 2.38204 0.99113 0.02605 -0.23536 0.07321 0.96880
1661398737.475146055 -0.56387 2.37740 0.99185 0.02679 -0.23549 0.07298 0.96876
1661398737.485146046 -0.56617 2.37272 0.99255 0.02756 -0.23578 0.07270 0.96869
1661398737.495146036 -0.56844 2.36801 0.99324 0.02835 -0.23621 0.07238 0.96859
1661398737.505146027 -0.57068 2.36327 0.99389 0.02914 -0.23678 0.07204 0.96845
1661398737.515146017 -0.57290 2.35850 0.99451 0.02994 -0.23749 0.07166 0.96828
1661398737.525146008 -0.57507 2.35370 0.99508 0.03075 -0.23832 0.07125 0.96808
1661398737.535145998 -0.57722 2.34888 0.99559 0.03154 -0.23927 0.07082 0.96785
1661398737.545145988 -0.57932 2.34404 0.99604 0.03232 -0.24034 0.07038 0.96759
1661398737.555145979 -0.58139 2.33918 0.99642 0.03309 -0.24151 0.06992 0.96731
1661398737.565145969 -0.58341 2.33430 0.99673 0.03386 -0.24276 0.06946 0.96700
1661398737.575146198 -0.58538 2.32939 0.99698 0.03466 -0.24405 0.06900 0.96668
1661398737.585145950 -0.58728 2.32446 0.99719 0.03551 -0.24535 0.06855 0.96636
1661398737.595146179 -0.58911 2.31950 0.99734 0.03644 -0.24662 0.06813 0.96603
1661398737.605145931 -0.59086 2.31449 0.99746 0.03746 -0.24784 0.06773 0.96570
1661398737.615146160 -0.59252 2.30945 0.99755 0.03861 -0.24897 0.06736 0.96540
1661398737.625145912 -0.59408 2.30436 0.99762 0.03990 -0.24997 0.06704 0.96511
1661398737.635146141 -0.59554 2.29922 0.99767 0.04135 -0.25081 0.06678 0.96484
1661398737.645145893 -0.59688 2.29403 0.99771 0.04300 -0.25146 0.06657 0.96462
1661398737.655146122 -0.59810 2.28878 0.99774 0.04486 -0.25190 0.06644 0.96443
1661398737.665145874 -0.59920 2.28347 0.99778 0.04687 -0.25214 0.06635 0.96427
1661398737.675146103 -0.60019 2.27811 0.99782 0.04898 -0.25221 0.06630 0.96415
1661398737.685145855 -0.60106 2.27268 0.99786 0.05115 -0.25214 0.06626 0.96406
1661398737.695146084 -0.60181 2.26720 0.99791 0.05331 -0.25194 0.06621 0.96400
1661398737.705146074 -0.60246 2.26165 0.99797 0.05541 -0.25166 0.06614 0.96396
1661398737.715146065 -0.60300 2.25605 0.99804 0.05740 -0.25131 0.06603 0.96395
1661398737.725146055 -0.60343 2.25039 0.99812 0.05921 -0.25092 0.06586 0.96395
1661398737.735146046 -0.60376 2.24467 0.99821 0.06080 -0.25051 0.06560 0.96397
1661398737.745146036 -0.60399 2.23890 0.99831 0.06211 -0.25012 0.06525 0.96401
1661398737.755146027 -0.60412 2.23306 0.99844 0.06310 -0.24978 0.06479 0.96407
1661398737.765146017 -0.60417 2.22716 0.99858 0.06378 -0.24949 0.06425 0.96414
1661398737.775146008 -0.60414 2.22119 0.99873 0.06417 -0.24927 0.06364 0.96421
1661398737.785145998 -0.60406 2.21515 0.99891 0.06429 -0.24915 0.06301 0.96427
1661398737.795145988 -0.60394 2.20903 0.99910 0.06417 -0.24913 0.06237 0.96433
1661398737.805145979 -0.60378 2.20283 0.99930 0.06384 -0.24923 0.06176 0.96436
1661398737.815145969 -0.60361 2.19655 0.99952 0.06330 -0.24948 0.06121 0.96437
1661398737.825145960 -0.60343 2.19018 0.99976 0.06260 -0.24988 0.06074 0.96434
1661398737.835146189 -0.60327 2.18372 1.00001 0.06175 -0.25044 0.06038 0.96427
1661398737.845145941 -0.60313 2.17717 1.00027 0.06078 -0.25120 0.06016 0.96415
1661398737.855146170 -0.60303 2.17051 1.00055 0.05970 -0.25215 0.06011 0.96397
1661398737.865145922 -0.60296 2.16376 1.00084 0.05856 -0.25326 0.06020 0.96375
1661398737.875146151 -0.60293 2.15692 1.00115 0.05738 -0.25451 0.06043 0.96347
1661398737.885145903 -0.60293 2.14998 1.00146 0.05621 -0.25585 0.06076 0.96317
1661398737.895146132 -0.60295 2.14297 1.00179 0.05507 -0.25726 0.06119 0.96283
1661398737.905145884 -0.60299 2.13587 1.00213 0.05400 -0.25871 0.06169 0.96247
1661398737.915146112 -0.60306 2.12869 1.00248 0.05303 -0.26014 0.06223 0.96210
1661398737.925145864 -0.60314 2.12144 1.00283 0.05220 -0.26154 0.06281 0.96173
1661398737.935146093 -0.60324 2.11412 1.00320 0.05155 -0.26287 0.06340 0.96137
1661398737.945145845 -0.60335 2.10674 1.00357 0.05110 -0.26409 0.06398 0.96102
1661398737.955146074 -0.60347 2.09930 1.00395 0.05088 -0.26518 0.06454 0.96069
1661398737.965146065 -0.60359 2.09181 1.00432 0.05088 -0.26613 0.06506 0.96039
1661398737.975146055 -0.60371 2.08429 1.00469 0.05107 -0.26695 0.06553 0.96012
1661398737.985146046 -0.60381 2.07675 1.00504 0.05141 -0.26765 0.06596 0.95988
1661398737.995146036 -0.60390 2.06922 1.00537 0.05189 -0.26821 0.06634 0.95967
1661398738.005146027 -0.60396 2.06170 1.00567 0.05248 -0.26866 0.06665 0.95949
1661398738.015146017 -0.60399 2.05422 1.00592 0.05316 -0.26900 0.06689 0.95934
1661398738.025146008 -0.60399 2.04678 1.00614 0.05388 -0.26922 0.06706 0.95923
1661398738.035145998 -0.60394 2.03940 1.00629 0.05464 -0.26934 0.06714 0.95915
1661398738.045145988 -0.60384 2.03211 1.00639 0.05540 -0.26935 0.06713 0.95910
1661398738.055145979 -0.60368 2.02491 1.00642 0.05613 -0.26926 0.06702 0.95909
1661398738.065145969 -0.60348 2.01780 1.00639 0.05684 -0.26908 0.06683 0.95911
1661398738.075146198 -0.60323 2.01079 1.00631 0.05751 -0.26884 0.06655 0.95916
1661398738.085145950 -0.60296 2.00387 1.00619 0.05814 -0.26854 0.06620 0.95923
1661398738.095146179 -0.60266 1.99705 1.00603 0.05873 -0.26819 0.06577 0.95932
1661398738.105145931 -0.60234 1.99032 1.00585 0.05926 -0.26782 0.06528 0.95943
1661398738.115146160 -0.60202 1.98369 1.00565 0.05973 -0.26744 0.06474 0.95954
1661398738.125145912 -0.60170 1.97716 1.00545 0.06014 -0.26706 0.06415 0.95966
1661398738.135146141 -0.60140 1.97072 1.00525 0.06048 -0.26670 0.06351 0.95978
1661398738.145145893 -0.60111 1.96438 1.00506 0.06074 -0.26636 0.06284 0.95990
1661398738.155146122 -0.60085 1.95814 1.00489 0.06093 -0.26607 0.06215 0.96002
1661398738.165145874 -0.60061 1.95198 1.00474 0.06103 -0.26580 0.06144 0.96013
1661398738.175146103 -0.60038 1.94592 1.00459 0.06106 -0.26552 0.06073 0.96025
1661398738.185145855 -0.60015 1.93995 1.00446 0.06101 -0.26521 0.06004 0.96038
1661398738.195146084 -0.59993 1.93406 1.00433 0.06088 -0.26484 0.05939 0.96053
1661398738.205146074 -0.59968 1.92824 1.00420 0.06068 -0.26439 0.05879 0.96071
1661398738.215146065 -0.59942 1.92251 1.00406 0.06040 -0.26383 0.05825 0.96091
1661398738.225146055 -0.59913 1.91685 1.00392 0.06006 -0.26314 0.05780 0.96115
1661398738.235146046 -0.59880 1.91125 1.00377 0.05964 -0.26228 0.05744 0.96143
1661398738.245146036 -0.59843 1.90573 1.00360 0.05915 -0.26124 0.05720 0.96176
1661398738.255146027 -0.59800 1.90026 1.00341 0.05860 -0.25999 0.05708 0.96214
1661398738.265146017 -0.59753 1.89486 1.00320 0.05799 -0.25859 0.05707 0.96256
1661398738.275146008 -0.59701 1.88952 1.00298 0.05734 -0.25707 0.05715 0.96300
1661398738.285145998 -0.59646 1.88425 1.00274 0.05666 -0.25550 0.05730 0.96345
1661398738.295145988 -0.59588 1.87903 1.00249 0.05597 -0.25392 0.05750 0.96389
1661398738.305145979 -0.59526 1.87387 1.00223 0.05527 -0.25239 0.05772 0.96432
1661398738.315145969 -0.59463 1.86878 1.00196 0.05459 -0.25096 0.05795 0.96472
1661398738.325145960 -0.59399 1.86374 1.00169 0.05393 -0.24968 0.05817 0.96507
1661398738.335146189 -0.59333 1.85876 1.00141 0.05331 -0.24861 0.05836 0.96537
1661398738.345145941 -0.59267 1.85384 1.00112 0.05274 -0.24779 0.05850 0.96561
1661398738.355146170 -0.59201 1.84898 1.00084 0.05224 -0.24727 0.05857 0.96576
1661398738.365145922 -0.59135 1.84419 1.00055 0.05182 -0.24702 0.05858 0.96585
1661398738.375146151 -0.59069 1.83946 1.00026 0.05150 -0.24702 0.05854 0.96587
1661398738.385145903 -0.59004 1.83480 0.99997 0.05129 -0.24723 0.05846 0.96583
1661398738.395146132 -0.58940 1.83023 0.99969 0.05122 -0.24762 0.05836 0.96574
1661398738.405145884 -0.58876 1.82573 0.99940 0.05130 -0.24814 0.05824 0.96561
1661398738.415146112 -0.58813 1.82133 0.99911 0.05154 -0.24878 0.05812 0.96544
1661398738.425145864 -0.58752 1.81702 0.99883 0.05197 -0.24949 0.05801 0.96524
1661398738.435146093 -0.58691 1.81281 0.99855 0.05259 -0.25024 0.05792 0.96502
1661398738.445145845 -0.58632 1.80871 0.99827 0.05343 -0.25100 0.05786 0.96478
1661398738.455146074 -0.58574 1.80471 0.99799 0.05449 -0.25174 0.05784 0.96453
1661398738.465146065 -0.58517 1.80080 0.99772 0.05574 -0.25245 0.05787 0.96427
1661398738.475146055 -0.58460 1.79698 0.99743 0.05712 -0.25313 0.05793 0.96401
1661398738.485146046 -0.58403 1.79322 0.99713 0.05859 -0.25378 0.05803 0.96374
1661398738.495146036 -0.58345 1.78952 0.99681 0.06010 -0.25439 0.05815 0.96348
1661398738.505146027 -0.58285 1.78584 0.99646 0.06159 -0.25497 0.05831 0.96322
1661398738.515146017 -0.58223 1.78219 0.99608 0.06303 -0.25551 0.05849 0.96297
1661398738.525146008 -0.58159 1.77854 0.99567 0.06436 -0.25601 0.05869 0.96274
1661398738.535145998 -0.58091 1.77488 0.99521 0.06554 -0.25647 0.05892 0.96253
1661398738.545145988 -0.58020 1.77120 0.99470 0.06651 -0.25689 0.05915 0.96233
1661398738.555145979 -0.57944 1.76748 0.99414 0.06725 -0.25727 0.05940 0.96216
1661398738.565145969 -0.57864 1.76372 0.99353 0.06777 -0.25762 0.05966 0.96202
1661398738.575146198 -0.57780 1.75993 0.99288 0.06812 -0.25796 0.05993 0.96189
1661398738.585145950 -0.57692 1.75611 0.99219 0.06833 -0.25829 0.06021 0.96176
1661398738.595146179 -0.57601 1.75227 0.99146 0.06844 -0.25864 0.06050 0.96164
1661398738.605145931 -0.57507 1.74840 0.99070 0.06850 -0.25902 0.06080 0.96152
1661398738.615146160 -0.57409 1.74450 0.98993 0.06853 -0.25944 0.06111 0.96138
1661398738.625145912 -0.57310 1.74059 0.98913 0.06859 -0.25992 0.06143 0.96123
1661398738.635146141 -0.57207 1.73667 0.98832 0.06870 -0.26047 0.06175 0.96105
1661398738.645145893 -0.57103 1.73274 0.98750 0.06891 -0.26111 0.06208 0.96084
1661398738.655146122 -0.56997 1.72879 0.98668 0.06924 -0.26184 0.06241 0.96060
1661398738.665145874 -0.56889 1.72483 0.98585 0.06968 -0.26266 0.06275 0.96032
1661398738.675146103 -0.56779 1.72085 0.98502 0.07021 -0.26354 0.06311 0.96002
1661398738.685145855 -0.56668 1.71683 0.98418 0.07079 -0.26447 0.06350 0.95970
1661398738.695146084 -0.56554 1.71277 0.98333 0.07140 -0.26543 0.06391 0.95936
1661398738.705146074 -0.56439 1.70866 0.98247 0.07201 -0.26640 0.06435 0.95901
1661398738.715146065 -0.56323 1.70449 0.98160 0.07260 -0.26737 0.06483 0.95866
1661398738.725146055 -0.56205 1.70026 0.98072 0.07314 -0.26833 0.06536 0.95832
1661398738.735146046 -0.56085 1.69594 0.97982 0.07361 -0.26924 0.06593 0.95799
1661398738.745146036 -0.55963 1.69154 0.97890 0.07397 -0.27011 0.06656 0.95767
1661398738.755146027 -0.55840 1.68706 0.97797 0.07421 -0.27090 0.06726 0.95738
1661398738.765146017 -0.55716 1.68249 0.97703 0.07434 -0.27163 0.06801 0.95711
1661398738.775146008 -0.55591 1.67784 0.97607 0.07437 -0.27231 0.06884 0.95686
1661398738.785145998 -0.55464 1.67315 0.97510 0.07433 -0.27294 0.06974 0.95662
1661398738.795145988 -0.55337 1.66840 0.97412 0.07423 -0.27352 0.07072 0.95639
1661398738.805145979 -0.55210 1.66362 0.97314 0.07408 -0.27407 0.07177 0.95616
1661398738.815145969 -0.55082 1.65881 0.97216 0.07391 -0.27458 0.07292 0.95594
1661398738.825145960 -0.54954 1.65399 0.97118 0.07373 -0.27508 0.07415 0.95572
1661398738.835146189 -0.54826 1.64917 0.97020 0.07356 -0.27556 0.07548 0.95549
1661398738.845145941 -0.54699 1.64436 0.96922 0.07341 -0.27603 0.07690 0.95525
1661398738.855146170 -0.54573 1.63956 0.96826 0.07331 -0.27650 0.07842 0.95500
1661398738.865145922 -0.54447 1.63478 0.96731 0.07325 -0.27696 0.08002 0.95474
1661398738.875146151 -0.54323 1.62999 0.96639 0.07324 -0.27742 0.08167 0.95446
1661398738.885145903 -0.54202 1.62518 0.96550 0.07329 -0.27788 0.08337 0.95418
1661398738.895146132 -0.54083 1.62035 0.96465 0.07339 -0.27833 0.08507 0.95389
1661398738.905145884 -0.53967 1.61547 0.96386 0.07356 -0.27879 0.08677 0.95359
1661398738.915146112 -0.53855 1.61053 0.96313 0.07380 -0.27923 0.08845 0.95329
1661398738.925145864 -0.53747 1.60552 0.96246 0.07410 -0.27968 0.09007 0.95298
1661398738.935146093 -0.53644 1.60042 0.96188 0.07448 -0.28012 0.09162 0.95268
1661398738.945145845 -0.53547 1.59523 0.96138 0.07494 -0.28055 0.09308 0.95237
1661398738.955146074 -0.53454 1.58993 0.96097 0.07547 -0.28098 0.09443 0.95207
1661398738.965146065 -0.53367 1.58454 0.96065 0.07605 -0.28138 0.09567 0.95178
1661398738.975146055 -0.53284 1.57907 0.96040 0.07665 -0.28174 0.09680 0.95151
1661398738.985146046 -0.53205 1.57353 0.96021 0.07724 -0.28204 0.09785 0.95127
1661398738.995146036 -0.53127 1.56793 0.96008 0.07778 -0.28225 0.09880 0.95106
1661398739.005146027 -0.53052 1.56230 0.96000 0.07824 -0.28237 0.09968 0.95090
1661398739.015146017 -0.52976 1.55665 0.95995 0.07858 -0.28237 0.10048 0.95079
1661398739.025146008 -0.52901 1.55098 0.95992 0.07879 -0.28223 0.10121 0.95073
1661398739.035145998 -0.52825 1.54533 0.95991 0.07881 -0.28194 0.10187 0.95075
1661398739.045145988 -0.52747 1.53969 0.95990 0.07863 -0.28147 0.10249 0.95084
1661398739.055145979 -0.52666 1.53408 0.95988 0.07821 -0.28082 0.10305 0.95100
1661398739.065145969 -0.52583 1.52851 0.95986 0.07761 -0.28001 0.10357 0.95123
1661398739.075146198 -0.52499 1.52294 0.95984 0.07687 -0.27909 0.10404 0.95151
1661398739.085145950 -0.52413 1.51739 0.95983 0.07603 -0.27810 0.10448 0.95182
1661398739.095146179 -0.52326 1.51184 0.95982 0.07516 -0.27707 0.10489 0.95215
1661398739.105145931 -0.52240 1.50629 0.95982 0.07431 -0.27604 0.10528 0.95247
1661398739.115146160 -0.52154 1.50071 0.95983 0.07351 -0.27506 0.10563 0.95277
1661398739.125145912 -0.52068 1.49512 0.95987 0.07284 -0.27417 0.10597 0.95305
1661398739.135146141 -0.51984 1.48949 0.95992 0.07233 -0.27340 0.10630 0.95327
1661398739.145145893 -0.51902 1.48382 0.96000 0.07204 -0.27280 0.10661 0.95343
1661398739.155146122 -0.51822 1.47810 0.96010 0.07200 -0.27239 0.10693 0.95351
1661398739.165145874 -0.51745 1.47234 0.96022 0.07222 -0.27217 0.10724 0.95352
1661398739.175146103 -0.51670 1.46655 0.96036 0.07266 -0.27210 0.10756 0.95347
1661398739.185145855 -0.51598 1.46073 0.96049 0.07331 -0.27217 0.10791 0.95337
1661398739.195146084 -0.51528 1.45489 0.96061 0.07415 -0.27234 0.10829 0.95321
1661398739.205146074 -0.51460 1.44904 0.96072 0.07515 -0.27258 0.10870 0.95301
1661398739.215146065 -0.51395 1.44319 0.96081 0.07629 -0.27288 0.10916 0.95278
1661398739.225146055 -0.51333 1.43733 0.96085 0.07756 -0.27321 0.10967 0.95253
1661398739.235146046 -0.51273 1.43149 0.96086 0.07893 -0.27354 0.11025 0.95225
1661398739.245146036 -0.51216 1.42567 0.96081 0.08038 -0.27385 0.11091 0.95197
1661398739.255146027 -0.51161 1.41986 0.96070 0.08189 -0.27412 0.11164 0.95168
1661398739.265146017 -0.51108 1.41409 0.96053 0.08339 -0.27436 0.11243 0.95138
1661398739.275146008 -0.51058 1.40833 0.96029 0.08484 -0.27460 0.11326 0.95109
1661398739.285145998 -0.51009 1.40260 0.95998 0.08616 -0.27487 0.11412 0.95079
1661398739.295145988 -0.50962 1.39689 0.95961 0.08730 -0.27520 0.11499 0.95049
1661398739.305145979 -0.50917 1.39120 0.95916 0.08821 -0.27559 0.11585 0.95018
1661398739.315145969 -0.50871 1.38550 0.95866 0.08888 -0.27603 0.11672 0.94989
1661398739.325145960 -0.50826 1.37976 0.95811 0.08935 -0.27648 0.11760 0.94960
1661398739.335146189 -0.50779 1.37394 0.95752 0.08961 -0.27691 0.11851 0.94934
1661398739.345145941 -0.50729 1.36803 0.95691 0.08968 -0.27729 0.11946 0.94910
1661398739.355146170 -0.50677 1.36199 0.95629 0.08958 -0.27760 0.12047 0.94889
1661398739.365145922 -0.50623 1.35582 0.95567 0.08934 -0.27785 0.12152 0.94871
1661398739.375146151 -0.50568 1.34954 0.95504 0.08898 -0.27806 0.12260 0.94854
1661398739.385145903 -0.50511 1.34316 0.95441 0.08855 -0.27826 0.12369 0.94838
1661398739.395146132 -0.50455 1.33667 0.95380 0.08806 -0.27847 0.12477 0.94822
1661398739.405145884 -0.50400 1.33010 0.95319 0.08755 -0.27871 0.12583 0.94806
1661398739.415146112 -0.50346 1.32344 0.95260 0.08706 -0.27901 0.12686 0.94788
1661398739.425145864 -0.50295 1.31670 0.95203 0.08661 -0.27938 0.12783 0.94768
1661398739.435146093 -0.50247 1.30990 0.95148 0.08623 -0.27986 0.12874 0.94745
1661398739.445145845 -0.50203 1.30305 0.95096 0.08595 -0.28045 0.12956 0.94719
1661398739.455146074 -0.50164 1.29614 0.95047 0.08581 -0.28119 0.13029 0.94689
1661398739.465146065 -0.50129 1.28918 0.95001 0.08577 -0.28202 0.13094 0.94655
1661398739.475146055 -0.50097 1.28218 0.94959 0.08583 -0.28292 0.13152 0.94620
1661398739.485146046 -0.50067 1.27515 0.94921 0.08597 -0.28383 0.13205 0.94584
1661398739.495146036 -0.50038 1.26807 0.94886 0.08615 -0.28472 0.13254 0.94549
1661398739.505146027 -0.50010 1.26097 0.94854 0.08637 -0.28554 0.13301 0.94515
1661398739.515146017 -0.49981 1.25383 0.94827 0.08659 -0.28625 0.13348 0.94485
1661398739.525146008 -0.49951 1.24667 0.94803 0.08680 -0.28681 0.13395 0.94460
1661398739.535145998 -0.49919 1.23949 0.94783 0.08698 -0.28717 0.13446 0.94440
1661398739.545145988 -0.49885 1.23229 0.94768 0.08710 -0.28729 0.13501 0.94427
1661398739.555145979 -0.49846 1.22508 0.94756 0.08716 -0.28714 0.13561 0.94423
1661398739.565145969 -0.49805 1.21787 0.94748 0.08714 -0.28677 0.13626 0.94425
1661398739.575146198 -0.49761 1.21067 0.94744 0.08705 -0.28622 0.13693 0.94433
1661398739.585145950 -0.49716 1.20349 0.94743 0.08688 -0.28554 0.13761 0.94445
1661398739.595146179 -0.49670 1.19636 0.94746 0.08665 -0.28480 0.13828 0.94459
1661398739.605145931 -0.49624 1.18929 0.94751 0.08634 -0.28404 0.13894 0.94476
1661398739.615146160 -0.49580 1.18228 0.94759 0.08597 -0.28331 0.13955 0.94492
1661398739.625145912 -0.49536 1.17535 0.94769 0.08552 -0.28268 0.14011 0.94507
1661398739.635146141 -0.49496 1.16852 0.94781 0.08502 -0.28218 0.14059 0.94519
1661398739.645145893 -0.49458 1.16180 0.94795 0.08444 -0.28189 0.14099 0.94527
1661398739.655146122 -0.49424 1.15520 0.94811 0.08381 -0.28183 0.14129 0.94530
1661398739.665145874 -0.49394 1.14871 0.94828 0.08312 -0.28200 0.14149 0.94528
1661398739.675146103 -0.49367 1.14232 0.94847 0.08239 -0.28239 0.14160 0.94521
1661398739.685145855 -0.49342 1.13601 0.94869 0.08163 -0.28299 0.14163 0.94509
1661398739.695146084 -0.49319 1.12977 0.94892 0.08085 -0.28377 0.14158 0.94493
1661398739.705146074 -0.49298 1.12359 0.94917 0.08006 -0.28474 0.14146 0.94472
1661398739.715146065 -0.49278 1.11746 0.94944 0.07928 -0.28586 0.14128 0.94448
1661398739.725146055 -0.49259 1.11135 0.94974 0.07852 -0.28712 0.14104 0.94419
1661398739.735146046 -0.49239 1.10526 0.95006 0.07779 -0.28852 0.14075 0.94387
1661398739.745146036 -0.49220 1.09917 0.95040 0.07710 -0.29003 0.14042 0.94351
1661398739.755146027 -0.49199 1.09308 0.95077 0.07646 -0.29165 0.14006 0.94312
1661398739.765146017 -0.49178 1.08699 0.95117 0.07586 -0.29335 0.13967 0.94270
1661398739.775146008 -0.49157 1.08092 0.95159 0.07531 -0.29513 0.13926 0.94225
1661398739.785145998 -0.49136 1.07486 0.95204 0.07480 -0.29696 0.13884 0.94177
1661398739.795145988 -0.49116 1.06884 0.95251 0.07433 -0.29885 0.13842 0.94128
1661398739.805145979 -0.49096 1.06286 0.95300 0.07389 -0.30077 0.13800 0.94076
1661398739.815145969 -0.49077 1.05693 0.95352 0.07347 -0.30271 0.13760 0.94023
1661398739.825145960 -0.49059 1.05107 0.95406 0.07308 -0.30466 0.13721 0.93969
1661398739.835146189 -0.49044 1.04528 0.95463 0.07271 -0.30661 0.13686 0.93914
1661398739.845145941 -0.49030 1.03958 0.95521 0.07235 -0.30853 0.13654 0.93858
1661398739.855146170 -0.49019 1.03398 0.95582 0.07200 -0.31043 0.13627 0.93802
1661398739.865145922 -0.49010 1.02847 0.95645 0.07166 -0.31229 0.13602 0.93747
1661398739.875146151 -0.49003 1.02305 0.95711 0.07131 -0.31410 0.13579 0.93692
1661398739.885145903 -0.49000 1.01774 0.95779 0.07096 -0.31586 0.13555 0.93639
1661398739.895146132 -0.48999 1.01252 0.95849 0.07058 -0.31755 0.13528 0.93588
1661398739.905145884 -0.49001 1.00739 0.95922 0.07019 -0.31918 0.13498 0.93540
1661398739.915146112 -0.49007 1.00237 0.95997 0.06977 -0.32074 0.13462 0.93495
1661398739.925145864 -0.49016 0.99744 0.96075 0.06932 -0.32221 0.13418 0.93454
1661398739.935146093 -0.49028 0.99261 0.96155 0.06882 -0.32359 0.13366 0.93418
1661398739.945145845 -0.49044 0.98787 0.96239 0.06828 -0.32488 0.13302 0.93386
1661398739.955146074 -0.49063 0.98322 0.96324 0.06770 -0.32606 0.13227 0.93360
1661398739.965146065 -0.49085 0.97864 0.96410 0.06709 -0.32715 0.13143 0.93338
1661398739.975146055 -0.49108 0.97408 0.96493 0.06651 -0.32815 0.13054 0.93319
1661398739.985146046 -0.49131 0.96951 0.96570 0.06599 -0.32909 0.12965 0.93303
1661398739.995146036 -0.49153 0.96489 0.96640 0.06557 -0.32996 0.12880 0.93287
1661398740.005146027 -0.49172 0.96020 0.96699 0.06526 -0.33078 0.12801 0.93271
1661398740.015146017 -0.49192 0.95552 0.96748 0.06506 -0.33149 0.12730 0.93257
1661398740.025146008 -0.49215 0.95094 0.96787 0.06490 -0.33203 0.12669 0.93247
1661398740.035145998 -0.49245 0.94653 0.96819 0.06476 -0.33234 0.12617 0.93243
1661398740.045145988 -0.49284 0.94240 0.96842 0.06459 -0.33237 0.12577 0.93249
1661398740.055145979 -0.49334 0.93859 0.96859 0.06437 -0.33207 0.12548 0.93265
1661398740.065145969 -0.49395 0.93500 0.96868 0.06411 -0.33149 0.12529 0.93290
1661398740.075146198 -0.49461 0.93151 0.96871 0.06384 -0.33067 0.12518 0.93323
1661398740.085145950 -0.49531 0.92796 0.96866 0.06357 -0.32969 0.12513 0.93360
1661398740.095146179 -0.49601 0.92423 0.96855 0.06335 -0.32860 0.12513 0.93400
1661398740.105145931 -0.49668 0.92022 0.96836 0.06320 -0.32744 0.12515 0.93441
1661398740.115146160 -0.49733 0.91596 0.96810 0.06312 -0.32628 0.12521 0.93481
1661398740.125145912 -0.49796 0.91154 0.96776 0.06314 -0.32516 0.12530 0.93519
1661398740.135146141 -0.49857 0.90703 0.96734 0.06328 -0.32411 0.12542 0.93553
1661398740.145145893 -0.49916 0.90251 0.96685 0.06354 -0.32318 0.12558 0.93581
1661398740.155146122 -0.49975 0.89804 0.96628 0.06394 -0.32241 0.12579 0.93603
1661398740.165145874 -0.50033 0.89362 0.96564 0.06446 -0.32179 0.12603 0.93617
1661398740.175146103 -0.50090 0.88926 0.96495 0.06508 -0.32132 0.12631 0.93625
1661398740.185145855 -0.50148 0.88493 0.96422 0.06578 -0.32100 0.12663 0.93627
1661398740.195146084 -0.50207 0.88064 0.96346 0.06653 -0.32082 0.12697 0.93623
1661398740.205146074 -0.50267 0.87637 0.96268 0.06733 -0.32077 0.12734 0.93614
1661398740.215146065 -0.50329 0.87211 0.96189 0.06814 -0.32084 0.12773 0.93600
1661398740.225146055 -0.50392 0.86786 0.96111 0.06895 -0.32104 0.12814 0.93582
1661398740.235146046 -0.50459 0.86361 0.96036 0.06973 -0.32134 0.12856 0.93560
1661398740.245146036 -0.50528 0.85935 0.95963 0.07046 -0.32176 0.12900 0.93534
1661398740.255146027 -0.50600 0.85507 0.95894 0.07114 -0.32227 0.12945 0.93505
1661398740.265146017 -0.50676 0.85077 0.95829 0.07174 -0.32286 0.12992 0.93474
1661398740.275146008 -0.50754 0.84646 0.95767 0.07228 -0.32350 0.13040 0.93441
1661398740.285145998 -0.50836 0.84213 0.95707 0.07276 -0.32418 0.13091 0.93406
1661398740.295145988 -0.50921 0.83780 0.95648 0.07317 -0.32488 0.13144 0.93372
1661398740.305145979 -0.51008 0.83346 0.95590 0.07351 -0.32556 0.13201 0.93337
1661398740.315145969 -0.51098 0.82912 0.95531 0.07379 -0.32622 0.13261 0.93303
1661398740.325145960 -0.51191 0.82478 0.95471 0.07401 -0.32682 0.13325 0.93271
1661398740.335146189 -0.51286 0.82045 0.95409 0.07416 -0.32735 0.13394 0.93242
1661398740.345145941 -0.51384 0.81611 0.95344 0.07426 -0.32779 0.13468 0.93215
1661398740.355146170 -0.51483 0.81179 0.95275 0.07429 -0.32811 0.13547 0.93192
1661398740.365145922 -0.51584 0.80747 0.95204 0.07426 -0.32832 0.13632 0.93172
1661398740.375146151 -0.51687 0.80317 0.95130 0.07419 -0.32842 0.13722 0.93156
1661398740.385145903 -0.51790 0.79887 0.95055 0.07407 -0.32842 0.13817 0.93143
1661398740.395146132 -0.51894 0.79458 0.94978 0.07391 -0.32832 0.13917 0.93133
1661398740.405145884 -0.51998 0.79029 0.94900 0.07371 -0.32813 0.14021 0.93126
1661398740.415146112 -0.52102 0.78602 0.94823 0.07349 -0.32786 0.14131 0.93120
1661398740.425145864 -0.52205 0.78175 0.94747 0.07325 -0.32750 0.14245 0.93118
1661398740.435146093 -0.52306 0.77749 0.94671 0.07298 -0.32706 0.14363 0.93117
1661398740.445145845 -0.52406 0.77324 0.94598 0.07271 -0.32656 0.14486 0.93118
1661398740.455146074 -0.52504 0.76900 0.94527 0.07243 -0.32599 0.14613 0.93120
1661398740.465146065 -0.52599 0.76477 0.94459 0.07214 -0.32535 0.14744 0.93124
1661398740.475146055 -0.52693 0.76055 0.94395 0.07186 -0.32467 0.14877 0.93129
1661398740.485146046 -0.52784 0.75633 0.94336 0.07158 -0.32393 0.15013 0.93135
1661398740.495146036 -0.52873 0.75214 0.94281 0.07130 -0.32315 0.15150 0.93142
1661398740.505146027 -0.52959 0.74795 0.94231 0.07104 -0.32234 0.15288 0.93149
1661398740.515146017 -0.53044 0.74379 0.94187 0.07078 -0.32149 0.15427 0.93158
1661398740.525146008 -0.53125 0.73963 0.94150 0.07054 -0.32062 0.15565 0.93166
1661398740.535145998 -0.53205 0.73550 0.94120 0.07032 -0.31973 0.15702 0.93176
1661398740.545145988 -0.53282 0.73139 0.94097 0.07012 -0.31884 0.15838 0.93185
1661398740.555145979 -0.53357 0.72729 0.94083 0.06994 -0.31793 0.15971 0.93194
1661398740.565145969 -0.53429 0.72322 0.94075 0.06979 -0.31703 0.16102 0.93204
1661398740.575146198 -0.53499 0.71916 0.94075 0.06967 -0.31616 0.16230 0.93212
1661398740.585145950 -0.53566 0.71512 0.94080 0.06957 -0.31531 0.16356 0.93220
1661398740.595146179 -0.53631 0.71109 0.94091 0.06950 -0.31451 0.16478 0.93226
1661398740.605145931 -0.53694 0.70707 0.94106 0.06947 -0.31376 0.16597 0.93230
1661398740.615146160 -0.53755 0.70307 0.94125 0.06947 -0.31308 0.16712 0.93232
1661398740.625145912 -0.53814 0.69908 0.94147 0.06950 -0.31249 0.16824 0.93232
1661398740.635146141 -0.53871 0.69510 0.94171 0.06957 -0.31199 0.16932 0.93228
1661398740.645145893 -0.53925 0.69112 0.94196 0.06967 -0.31159 0.17035 0.93222
1661398740.655146122 -0.53978 0.68715 0.94223 0.06981 -0.31132 0.17135 0.93212
1661398740.665145874 -0.54028 0.68319 0.94250 0.06998 -0.31115 0.17230 0.93199
1661398740.675146103 -0.54077 0.67925 0.94277 0.07016 -0.31110 0.17322 0.93182
1661398740.685145855 -0.54123 0.67533 0.94305 0.07034 -0.31116 0.17411 0.93162
1661398740.695146084 -0.54168 0.67143 0.94333 0.07050 -0.31131 0.17497 0.93140
1661398740.705146074 -0.54210 0.66755 0.94362 0.07064 -0.31157 0.17580 0.93114
1661398740.715146065 -0.54250 0.66371 0.94390 0.07073 -0.31191 0.17662 0.93087
1661398740.725146055 -0.54287 0.65990 0.94419 0.07077 -0.31235 0.17742 0.93057
1661398740.735146046 -0.54322 0.65613 0.94448 0.07074 -0.31287 0.17822 0.93024
1661398740.745146036 -0.54355 0.65241 0.94476 0.07063 -0.31347 0.17900 0.92990
1661398740.755146027 -0.54385 0.64873 0.94505 0.07043 -0.31414 0.17978 0.92953
1661398740.765146017 -0.54412 0.64509 0.94533 0.07015 -0.31488 0.18056 0.92916
1661398740.775146008 -0.54434 0.64147 0.94562 0.06981 -0.31566 0.18133 0.92877
1661398740.785145998 -0.54452 0.63787 0.94590 0.06942 -0.31647 0.18209 0.92837
1661398740.795145988 -0.54465 0.63427 0.94619 0.06900 -0.31729 0.18283 0.92798
1661398740.805145979 -0.54471 0.63066 0.94648 0.06857 -0.31810 0.18357 0.92758
1661398740.815145969 -0.54469 0.62704 0.94679 0.06813 -0.31890 0.18429 0.92720
1661398740.825145960 -0.54460 0.62339 0.94709 0.06772 -0.31967 0.18500 0.92682
1661398740.835146189 -0.54441 0.61969 0.94741 0.06734 -0.32038 0.18568 0.92647
1661398740.845145941 -0.54413 0.61595 0.94774 0.06700 -0.32103 0.18635 0.92614
1661398740.855146170 -0.54375 0.61215 0.94808 0.06673 -0.32160 0.18700 0.92583
1661398740.865145922 -0.54327 0.60828 0.94843 0.06651 -0.32210 0.18763 0.92554
1661398740.875146151 -0.54269 0.60436 0.94879 0.06636 -0.32254 0.18824 0.92527
1661398740.885145903 -0.54201 0.60038 0.94916 0.06625 -0.32293 0.18885 0.92502
1661398740.895146132 -0.54125 0.59634 0.94954 0.06619 -0.32329 0.18946 0.92477
1661398740.905145884 -0.54040 0.59224 0.94992 0.06617 -0.32362 0.19007 0.92453
1661398740.915146112 -0.53946 0.58809 0.95031 0.06619 -0.32394 0.19068 0.92429
1661398740.925145864 -0.53844 0.58389 0.95070 0.06624 -0.32426 0.19131 0.92405
1661398740.935146093 -0.53735 0.57964 0.95110 0.06632 -0.32459 0.19196 0.92379
1661398740.945145845 -0.53618 0.57533 0.95150 0.06642 -0.32494 0.19263 0.92352
1661398740.955146074 -0.53495 0.57097 0.95190 0.06654 -0.32532 0.19332 0.92324
1661398740.965146065 -0.53365 0.56658 0.95230 0.06667 -0.32572 0.19403 0.92294
1661398740.975146055 -0.53230 0.56216 0.95270 0.06680 -0.32613 0.19477 0.92263
1661398740.985146046 -0.53090 0.55773 0.95309 0.06691 -0.32655 0.19551 0.92231
1661398740.995146036 -0.52947 0.55330 0.95347 0.06700 -0.32695 0.19627 0.92200
1661398741.005146027 -0.52800 0.54888 0.95385 0.06705 -0.32734 0.19702 0.92170
1661398741.015146017 -0.52652 0.54449 0.95422 0.06706 -0.32769 0.19778 0.92141
1661398741.025146008 -0.52502 0.54013 0.95458 0.06701 -0.32801 0.19853 0.92114
1661398741.035145998 -0.52351 0.53582 0.95492 0.06690 -0.32828 0.19927 0.92090
1661398741.045145988 -0.52201 0.53158 0.95525 0.06671 -0.32848 0.19999 0.92068
1661398741.055145979 -0.52052 0.52741 0.95556 0.06643 -0.32862 0.20069 0.92050
1661398741.065145969 -0.51903 0.52330 0.95585 0.06608 -0.32870 0.20138 0.92035
1661398741.075146198 -0.51756 0.51924 0.95612 0.06566 -0.32872 0.20205 0.92022
1661398741.085145950 -0.51609 0.51523 0.95636 0.06518 -0.32868 0.20271 0.92012
1661398741.095146179 -0.51463 0.51124 0.95657 0.06465 -0.32861 0.20336 0.92005
1661398741.105145931 -0.51317 0.50728 0.95675 0.06407 -0.32849 0.20400 0.91998
1661398741.115146160 -0.51172 0.50332 0.95689 0.06347 -0.32835 0.20464 0.91994
1661398741.125145912 -0.51028 0.49937 0.95700 0.06284 -0.32817 0.20528 0.91990
1661398741.135146141 -0.50884 0.49540 0.95706 0.06219 -0.32798 0.20592 0.91987
1661398741.145145893 -0.50741 0.49141 0.95708 0.06154 -0.32778 0.20657 0.91984
1661398741.155146122 -0.50597 0.48738 0.95705 0.06090 -0.32758 0.20722 0.91981
1661398741.165145874 -0.50455 0.48333 0.95698 0.06027 -0.32738 0.20788 0.91977
1661398741.175146103 -0.50314 0.47924 0.95687 0.05965 -0.32720 0.20854 0.91973
1661398741.185145855 -0.50175 0.47514 0.95672 0.05906 -0.32705 0.20921 0.91966
1661398741.195146084 -0.50038 0.47101 0.95655 0.05850 -0.32694 0.20989 0.91958
1661398741.205146074 -0.49905 0.46686 0.95635 0.05798 -0.32690 0.21057 0.91948
1661398741.215146065 -0.49775 0.46270 0.95614 0.05750 -0.32692 0.21125 0.91934
1661398741.225146055 -0.49649 0.45853 0.95590 0.05707 -0.32703 0.21193 0.91917
1661398741.235146046 -0.49529 0.45436 0.95566 0.05671 -0.32724 0.21262 0.91896
1661398741.245146036 -0.49413 0.45018 0.95541 0.05641 -0.32755 0.21330 0.91871
1661398741.255146027 -0.49304 0.44600 0.95515 0.05618 -0.32797 0.21399 0.91842
1661398741.265146017 -0.49198 0.44183 0.95489 0.05600 -0.32848 0.21467 0.91809
1661398741.275146008 -0.49095 0.43765 0.95461 0.05585 -0.32903 0.21536 0.91774
1661398741.285145998 -0.48993 0.43349 0.95431 0.05571 -0.32959 0.21605 0.91738
1661398741.295145988 -0.48891 0.42933 0.95399 0.05555 -0.33012 0.21673 0.91704
1661398741.305145979 -0.48786 0.42518 0.95364 0.05536 -0.33059 0.21742 0.91672
1661398741.315145969 -0.48677 0.42103 0.95325 0.05511 -0.33095 0.21811 0.91644
1661398741.325145960 -0.48562 0.41690 0.95282 0.05478 -0.33118 0.21879 0.91621
1661398741.335146189 -0.48440 0.41278 0.95233 0.05435 -0.33123 0.21948 0.91606
1661398741.345145941 -0.48309 0.40868 0.95180 0.05380 -0.33106 0.22016 0.91599
1661398741.355146170 -0.48169 0.40460 0.95121 0.05312 -0.33067 0.22084 0.91601
1661398741.365145922 -0.48025 0.40061 0.95056 0.05237 -0.33010 0.22149 0.91610
1661398741.375146151 -0.47883 0.39678 0.94989 0.05161 -0.32946 0.22206 0.91623
1661398741.385145903 -0.47750 0.39318 0.94919 0.05091 -0.32881 0.22252 0.91639
1661398741.395146132 -0.47632 0.38987 0.94848 0.05035 -0.32825 0.22284 0.91655
1661398741.405145884 -0.47534 0.38691 0.94776 0.04997 -0.32784 0.22298 0.91668
1661398741.415146112 -0.47451 0.38421 0.94704 0.04976 -0.32750 0.22298 0.91681
1661398741.425145864 -0.47376 0.38170 0.94631 0.04968 -0.32716 0.22285 0.91697
1661398741.435146093 -0.47303 0.37926 0.94555 0.04968 -0.32671 0.22263 0.91718
1661398741.445145845 -0.47225 0.37681 0.94476 0.04973 -0.32609 0.22234 0.91747
1661398741.455146074 -0.47136 0.37427 0.94393 0.04980 -0.32521 0.22201 0.91786
1661398741.465146065 -0.47036 0.37164 0.94306 0.04988 -0.32409 0.22165 0.91834
1661398741.475146055 -0.46927 0.36894 0.94215 0.04995 -0.32278 0.22126 0.91889
1661398741.485146046 -0.46810 0.36621 0.94119 0.05002 -0.32132 0.22084 0.91950
1661398741.495146036 -0.46686 0.36348 0.94020 0.05009 -0.31976 0.22040 0.92015
1661398741.505146027 -0.46556 0.36076 0.93915 0.05014 -0.31813 0.21994 0.92082
1661398741.515146017 -0.46422 0.35809 0.93806 0.05017 -0.31648 0.21947 0.92150
1661398741.525146008 -0.46285 0.35549 0.93692 0.05017 -0.31484 0.21899 0.92217
1661398741.535145998 -0.46146 0.35298 0.93572 0.05015 -0.31327 0.21850 0.92282
1661398741.545145988 -0.46007 0.35060 0.93448 0.05010 -0.31181 0.21800 0.92344
1661398741.555145979 -0.45869 0.34837 0.93319 0.05000 -0.31048 0.21751 0.92401
1661398741.565145969 -0.45732 0.34628 0.93184 0.04987 -0.30930 0.21701 0.92453
1661398741.575146198 -0.45596 0.34432 0.93045 0.04971 -0.30825 0.21650 0.92501
1661398741.585145950 -0.45463 0.34250 0.92903 0.04950 -0.30734 0.21597 0.92544
1661398741.595146179 -0.45333 0.34081 0.92757 0.04926 -0.30656 0.21543 0.92584
1661398741.605145931 -0.45205 0.33924 0.92608 0.04899 -0.30590 0.21486 0.92621
1661398741.615146160 -0.45082 0.33778 0.92456 0.04868 -0.30536 0.21427 0.92654
1661398741.625145912 -0.44962 0.33644 0.92303 0.04833 -0.30494 0.21363 0.92684
1661398741.635146141 -0.44847 0.33519 0.92148 0.04796 -0.30462 0.21296 0.92712
1661398741.645145893 -0.44736 0.33404 0.91992 0.04755 -0.30441 0.21225 0.92738
1661398741.655146122 -0.44631 0.33299 0.91836 0.04710 -0.30429 0.21148 0.92761
1661398741.665145874 -0.44530 0.33202 0.91680 0.04664 -0.30423 0.21067 0.92784
1661398741.675146103 -0.44432 0.33114 0.91524 0.04616 -0.30420 0.20981 0.92807
1661398741.685145855 -0.44336 0.33033 0.91368 0.04567 -0.30416 0.20891 0.92831
1661398741.695146084 -0.44242 0.32960 0.91215 0.04519 -0.30407 0.20797 0.92857
1661398741.705146074 -0.44148 0.32894 0.91062 0.04473 -0.30390 0.20699 0.92887
1661398741.715146065 -0.44053 0.32835 0.90913 0.04428 -0.30360 0.20597 0.92921
1661398741.725146055 -0.43956 0.32781 0.90765 0.04387 -0.30315 0.20492 0.92961
1661398741.735146046 -0.43856 0.32733 0.90621 0.04350 -0.30251 0.20384 0.93008
1661398741.745146036 -0.43753 0.32691 0.90481 0.04317 -0.30164 0.20273 0.93062
1661398741.755146027 -0.43644 0.32653 0.90344 0.04291 -0.30052 0.20159 0.93124
1661398741.765146017 -0.43532 0.32620 0.90211 0.04268 -0.29916 0.20041 0.93194
1661398741.775146008 -0.43415 0.32588 0.90082 0.04248 -0.29762 0.19920 0.93270
1661398741.785145998 -0.43294 0.32559 0.89955 0.04229 -0.29592 0.19794 0.93352
1661398741.795145988 -0.43171 0.32529 0.89831 0.04208 -0.29410 0.19663 0.93438
1661398741.805145979 -0.43045 0.32500 0.89709 0.04184 -0.29220 0.19526 0.93528
1661398741.815145969 -0.42916 0.32468 0.89589 0.04155 -0.29025 0.19383 0.93619
1661398741.825145960 -0.42786 0.32433 0.89470 0.04120 -0.28830 0.19233 0.93712
1661398741.835146189 -0.42654 0.32395 0.89353 0.04075 -0.28638 0.19076 0.93805
1661398741.845145941 -0.42521 0.32351 0.89236 0.04020 -0.28453 0.18911 0.93897
1661398741.855146170 -0.42388 0.32301 0.89120 0.03954 -0.28278 0.18738 0.93987
1661398741.865145922 -0.42254 0.32246 0.89004 0.03877 -0.28114 0.18559 0.94075
1661398741.875146151 -0.42120 0.32185 0.88887 0.03793 -0.27961 0.18375 0.94160
1661398741.885145903 -0.41985 0.32119 0.88770 0.03704 -0.27820 0.18190 0.94241
1661398741.895146132 -0.41851 0.32048 0.88652 0.03613 -0.27691 0.18005 0.94318
1661398741.905145884 -0.41716 0.31973 0.88533 0.03521 -0.27575 0.17822 0.94391
1661398741.915146112 -0.41582 0.31894 0.88413 0.03431 -0.27473 0.17644 0.94457
1661398741.925145864 -0.41447 0.31811 0.88291 0.03346 -0.27384 0.17473 0.94518
1661398741.935146093 -0.41313 0.31725 0.88166 0.03268 -0.27309 0.17310 0.94572
1661398741.945145845 -0.41179 0.31636 0.88040 0.03199 -0.27249 0.17159 0.94619
1661398741.955146074 -0.41045 0.31544 0.87910 0.03141 -0.27203 0.17021 0.94659
1661398741.965146065 -0.40912 0.31450 0.87779 0.03093 -0.27170 0.16894 0.94693
1661398741.975146055 -0.40779 0.31354 0.87646 0.03054 -0.27147 0.16778 0.94722
1661398741.985146046 -0.40645 0.31256 0.87512 0.03022 -0.27131 0.16669 0.94746
1661398741.995146036 -0.40511 0.31157 0.87377 0.02996 -0.27120 0.16567 0.94769
1661398742.005146027 -0.40376 0.31056 0.87243 0.02974 -0.27110 0.16469 0.94789
1661398742.015146017 -0.40240 0.30954 0.87109 0.02955 -0.27100 0.16373 0.94809
1661398742.025146008 -0.40103 0.30851 0.86977 0.02937 -0.27086 0.16279 0.94830
1661398742.035145998 -0.39965 0.30748 0.86846 0.02919 -0.27066 0.16183 0.94853
1661398742.045145988 -0.39825 0.30644 0.86718 0.02899 -0.27037 0.16085 0.94878
1661398742.055145979 -0.39683 0.30539 0.86593 0.02877 -0.26998 0.15982 0.94907
1661398742.065145969 -0.39534 0.30425 0.86472 0.02853 -0.26949 0.15876 0.94940
1661398742.075146198 -0.39376 0.30294 0.86358 0.02828 -0.26894 0.15767 0.94974
1661398742.085145950 -0.39203 0.30139 0.86251 0.02804 -0.26835 0.15656 0.95010
1661398742.095146179 -0.39011 0.29950 0.86154 0.02783 -0.26774 0.15544 0.95046
1661398742.105145931 -0.38796 0.29719 0.86069 0.02766 -0.26713 0.15431 0.95082
1661398742.115146160 -0.38555 0.29438 0.85996 0.02754 -0.26656 0.15320 0.95117
1661398742.125145912 -0.38282 0.29099 0.85939 0.02749 -0.26604 0.15210 0.95149
1661398742.135146141 -0.37973 0.28693 0.85897 0.02752 -0.26560 0.15103 0.95178
1661398742.145145893 -0.37625 0.28212 0.85874 0.02764 -0.26526 0.14999 0.95204
1661398742.155146122 -0.37235 0.27652 0.85869 0.02787 -0.26505 0.14899 0.95225
1661398742.165145874 -0.36810 0.27028 0.85879 0.02818 -0.26493 0.14803 0.95242
1661398742.175146103 -0.36358 0.26357 0.85899 0.02855 -0.26486 0.14710 0.95257
1661398742.185145855 -0.35890 0.25659 0.85924 0.02893 -0.26483 0.14619 0.95271
1661398742.195146084 -0.35412 0.24951 0.85949 0.02931 -0.26478 0.14529 0.95285
1661398742.205146074 -0.34935 0.24253 0.85970 0.02965 -0.26469 0.14440 0.95300
1661398742.215146065 -0.34466 0.23584 0.85982 0.02993 -0.26452 0.14350 0.95317
1661398742.225146055 -0.34015 0.22961 0.85980 0.03012 -0.26423 0.14260 0.95338
1661398742.235146046 -0.33591 0.22403 0.85958 0.03018 -0.26379 0.14168 0.95364
1661398742.245146036 -0.33203 0.21930 0.85913 0.03010 -0.26317 0.14074 0.95395
1661398742.255146027 -0.32856 0.21554 0.85840 0.02984 -0.26235 0.13977 0.95433
1661398742.265146017 -0.32550 0.21271 0.85742 0.02944 -0.26135 0.13877 0.95476
1661398742.275146008 -0.32280 0.21068 0.85621 0.02893 -0.26024 0.13777 0.95523
1661398742.285145998 -0.32041 0.20937 0.85480 0.02834 -0.25907 0.13676 0.95571
1661398742.295145988 -0.31830 0.20866 0.85322 0.02771 -0.25787 0.13576 0.95619
1661398742.305145979 -0.31643 0.20844 0.85151 0.02707 -0.25672 0.13477 0.95666
1661398742.315145969 -0.31475 0.20862 0.84969 0.02646 -0.25565 0.13381 0.95710
1661398742.325145960 -0.31322 0.20908 0.84779 0.02592 -0.25472 0.13289 0.95749
1661398742.335146189 -0.31180 0.20972 0.84585 0.02547 -0.25398 0.13202 0.95782
1661398742.345145941 -0.31045 0.21044 0.84388 0.02515 -0.25349 0.13120 0.95807
1661398742.355146170 -0.30913 0.21114 0.84191 0.02499 -0.25327 0.13045 0.95823
1661398742.365145922 -0.30775 0.21178 0.83990 0.02495 -0.25328 0.12976 0.95833
1661398742.375146151 -0.30622 0.21234 0.83776 0.02497 -0.25346 0.12912 0.95836
1661398742.385145903 -0.30448 0.21279 0.83544 0.02501 -0.25376 0.12852 0.95837
1661398742.395146132 -0.30243 0.21311 0.83287 0.02501 -0.25410 0.12795 0.95835
1661398742.405145884 -0.30003 0.21328 0.83002 0.02493 -0.25444 0.12740 0.95834
1661398742.415146112 -0.29730 0.21331 0.82692 0.02478 -0.25474 0.12688 0.95833
1661398742.425145864 -0.29434 0.21323 0.82365 0.02454 -0.25499 0.12637 0.95834
1661398742.435146093 -0.29122 0.21305 0.82027 0.02423 -0.25517 0.12587 0.95836
1661398742.445145845 -0.28801 0.21280 0.81685 0.02384 -0.25524 0.12537 0.95842
1661398742.455146074 -0.28477 0.21249 0.81346 0.02338 -0.25520 0.12487 0.95851
1661398742.465146065 -0.28151 0.21211 0.81011 0.02286 -0.25502 0.12437 0.95863
1661398742.475146055 -0.27823 0.21167 0.80684 0.02228 -0.25469 0.12389 0.95880
1661398742.485146046 -0.27491 0.21115 0.80364 0.02164 -0.25419 0.12341 0.95900
1661398742.495146036 -0.27155 0.21054 0.80055 0.02094 -0.25350 0.12296 0.95926
1661398742.505146027 -0.26813 0.20984 0.79758 0.02021 -0.25260 0.12254 0.95957
1661398742.515146017 -0.26467 0.20904 0.79475 0.01943 -0.25149 0.12215 0.95993
1661398742.525146008 -0.26114 0.20814 0.79207 0.01862 -0.25013 0.12179 0.96034
1661398742.535145998 -0.25754 0.20711 0.78957 0.01777 -0.24852 0.12148 0.96081
1661398742.545145988 -0.25387 0.20596 0.78725 0.01691 -0.24663 0.12122 0.96135
1661398742.555145979 -0.25011 0.20469 0.78514 0.01602 -0.24446 0.12102 0.96194
1661398742.565145969 -0.24631 0.20333 0.78318 0.01514 -0.24207 0.12087 0.96258
1661398742.575146198 -0.24250 0.20193 0.78132 0.01430 -0.23952 0.12080 0.96324
1661398742.585145950 -0.23872 0.20053 0.77950 0.01353 -0.23686 0.12080 0.96391
1661398742.595146179 -0.23500 0.19917 0.77766 0.01285 -0.23418 0.12089 0.96456
1661398742.605145931 -0.23136 0.19788 0.77576 0.01230 -0.23152 0.12105 0.96519
1661398742.615146160 -0.22781 0.19665 0.77379 0.01184 -0.22891 0.12128 0.96579
1661398742.625145912 -0.22431 0.19543 0.77174 0.01146 -0.22640 0.12152 0.96636
1661398742.635146141 -0.22083 0.19419 0.76962 0.01113 -0.22399 0.12174 0.96689
1661398742.645145893 -0.21736 0.19290 0.76742 0.01082 -0.22172 0.12191 0.96740
1661398742.655146122 -0.21388 0.19152 0.76513 0.01052 -0.21961 0.12200 0.96787
1661398742.665145874 -0.21039 0.19006 0.76277 0.01023 -0.21766 0.12201 0.96831
1661398742.675146103 -0.20690 0.18854 0.76035 0.00993 -0.21586 0.12196 0.96873
1661398742.685145855 -0.20342 0.18697 0.75786 0.00962 -0.21419 0.12184 0.96912
1661398742.695146084 -0.19996 0.18537 0.75533 0.00931 -0.21265 0.12169 0.96948
1661398742.705146074 -0.19652 0.18375 0.75275 0.00900 -0.21123 0.12149 0.96981
1661398742.715146065 -0.19311 0.18213 0.75014 0.00868 -0.20993 0.12127 0.97013
1661398742.725146055 -0.18975 0.18052 0.74751 0.00835 -0.20872 0.12104 0.97042
1661398742.735146046 -0.18644 0.17893 0.74485 0.00801 -0.20761 0.12081 0.97069
1661398742.745146036 -0.18319 0.17738 0.74219 0.00766 -0.20658 0.12058 0.97094
1661398742.755146027 -0.18000 0.17588 0.73952 0.00729 -0.20562 0.12038 0.97117
1661398742.765146017 -0.17688 0.17443 0.73685 0.00692 -0.20472 0.12019 0.97139
1661398742.775146008 -0.17381 0.17302 0.73416 0.00655 -0.20387 0.12004 0.97159
1661398742.785145998 -0.17078 0.17165 0.73146 0.00617 -0.20304 0.11991 0.97178
1661398742.795145988 -0.16779 0.17031 0.72873 0.00581 -0.20223 0.11982 0.97196
1661398742.805145979 -0.16483 0.16899 0.72597 0.00546 -0.20141 0.11977 0.97214
1661398742.815145969 -0.16190 0.16769 0.72318 0.00512 -0.20058 0.11975 0.97232
1661398742.825145960 -0.15898 0.16640 0.72035 0.00481 -0.19971 0.11979 0.97249
1661398742.835146189 -0.15606 0.16512 0.71747 0.00453 -0.19879 0.11987 0.97267
1661398742.845145941 -0.15315 0.16384 0.71454 0.00429 -0.19781 0.12000 0.97286
1661398742.855146170 -0.15022 0.16256 0.71155 0.00408 -0.19675 0.12019 0.97305
1661398742.865145922 -0.14730 0.16127 0.70851 0.00391 -0.19561 0.12042 0.97325
1661398742.875146151 -0.14437 0.15998 0.70544 0.00376 -0.19441 0.12068 0.97346
1661398742.885145903 -0.14144 0.15869 0.70233 0.00365 -0.19314 0.12095 0.97368
1661398742.895146132 -0.13852 0.15740 0.69920 0.00355 -0.19181 0.12123 0.97391
1661398742.905145884 -0.13561 0.15611 0.69605 0.00347 -0.19043 0.12149 0.97415
1661398742.915146112 -0.13272 0.15483 0.69289 0.00340 -0.18900 0.12173 0.97440
1661398742.925145864 -0.12984 0.15355 0.68974 0.00334 -0.18753 0.12193 0.97466
1661398742.935146093 -0.12699 0.15229 0.68659 0.00328 -0.18602 0.12207 0.97493
1661398742.945145845 -0.12416 0.15103 0.68346 0.00322 -0.18448 0.12215 0.97521
1661398742.955146074 -0.12136 0.14979 0.68036 0.00316 -0.18292 0.12216 0.97550
1661398742.965146065 -0.11859 0.14855 0.67727 0.00309 -0.18135 0.12210 0.97580
1661398742.975146055 -0.11586 0.14732 0.67420 0.00302 -0.17979 0.12198 0.97611
1661398742.985146046 -0.11317 0.14609 0.67115 0.00295 -0.17825 0.12183 0.97641
1661398742.995146036 -0.11052 0.14485 0.66810 0.00289 -0.17676 0.12166 0.97670
1661398743.005146027 -0.10792 0.14361 0.66506 0.00284 -0.17533 0.12147 0.97698
1661398743.015146017 -0.10537 0.14235 0.66202 0.00281 -0.17397 0.12130 0.97725
1661398743.025146008 -0.10288 0.14107 0.65897 0.00279 -0.17271 0.12114 0.97749
1661398743.035145998 -0.10045 0.13978 0.65592 0.00279 -0.17156 0.12102 0.97771
1661398743.045145988 -0.09808 0.13846 0.65286 0.00281 -0.17054 0.12094 0.97790
1661398743.055145979 -0.09577 0.13711 0.64977 0.00286 -0.16965 0.12093 0.97805
1661398743.065145969 -0.09351 0.13575 0.64665 0.00291 -0.16881 0.12094 0.97820
1661398743.075146198 -0.09128 0.13437 0.64345 0.00295 -0.16794 0.12097 0.97834
1661398743.085145950 -0.08906 0.13300 0.64017 0.00294 -0.16694 0.12099 0.97851
1661398743.095146179 -0.08684 0.13164 0.63676 0.00288 -0.16572 0.12096 0.97872
1661398743.105145931 -0.08461 0.13030 0.63322 0.00274 -0.16422 0.12088 0.97899
1661398743.115146160 -0.08236 0.12897 0.62954 0.00253 -0.16244 0.12075 0.97930
1661398743.125145912 -0.08011 0.12766 0.62573 0.00227 -0.16044 0.12059 0.97965
1661398743.135146141 -0.07784 0.12635 0.62181 0.00198 -0.15823 0.12043 0.98003
1661398743.145145893 -0.07558 0.12503 0.61777 0.00167 -0.15588 0.12029 0.98042
1661398743.155146122 -0.07331 0.12370 0.61363 0.00135 -0.15339 0.12018 0.98083
1661398743.165145874 -0.07100 0.12234 0.60937 0.00104 -0.15073 0.12008 0.98125
1661398743.175146103 -0.06857 0.12093 0.60496 0.00074 -0.14786 0.11997 0.98170
1661398743.185145855 -0.06598 0.11945 0.60040 0.00046 -0.14473 0.11982 0.98219
1661398743.195146084 -0.06327 0.11791 0.59570 0.00017 -0.14137 0.11961 0.98271
1661398743.205146074 -0.06057 0.11635 0.59089 -0.00015 -0.13786 0.11930 0.98324
1661398743.215146065 -0.05797 0.11480 0.58603 -0.00054 -0.13429 0.11886 0.98379
1661398743.225146055 -0.05555 0.11327 0.58112 -0.00099 -0.13073 0.11829 0.98434
1661398743.235146046 -0.05328 0.11178 0.57615 -0.00145 -0.12725 0.11761 0.98487
1661398743.245146036 -0.05115 0.11034 0.57107 -0.00187 -0.12391 0.11685 0.98539
1661398743.255146027 -0.04913 0.10894 0.56588 -0.00221 -0.12076 0.11605 0.98587
1661398743.265146017 -0.04720 0.10756 0.56062 -0.00249 -0.11779 0.11519 0.98633
1661398743.275146008 -0.04535 0.10618 0.55536 -0.00272 -0.11497 0.11426 0.98677
1661398743.285145998 -0.04355 0.10476 0.55014 -0.00292 -0.11228 0.11326 0.98720
1661398743.295145988 -0.04178 0.10328 0.54505 -0.00313 -0.10969 0.11217 0.98761
1661398743.305145979 -0.04003 0.10171 0.54011 -0.00335 -0.10718 0.11099 0.98802
1661398743.315145969 -0.03828 0.10008 0.53529 -0.00362 -0.10480 0.10973 0.98841
1661398743.325145960 -0.03656 0.09839 0.53053 -0.00393 -0.10261 0.10841 0.98879
1661398743.335146189 -0.03486 0.09668 0.52577 -0.00431 -0.10066 0.10706 0.98913
1661398743.345145941 -0.03318 0.09496 0.52095 -0.00477 -0.09901 0.10568 0.98945
1661398743.355146170 -0.03155 0.09326 0.51604 -0.00533 -0.09770 0.10431 0.98972
1661398743.365145922 -0.02995 0.09157 0.51102 -0.00596 -0.09670 0.10294 0.98996
1661398743.375146151 -0.02839 0.08991 0.50591 -0.00665 -0.09597 0.10157 0.99017
1661398743.385145903 -0.02686 0.08826 0.50072 -0.00739 -0.09546 0.10021 0.99035
1661398743.395146132 -0.02537 0.08664 0.49547 -0.00815 -0.09513 0.09886 0.99051
1661398743.405145884 -0.02392 0.08504 0.49017 -0.00892 -0.09494 0.09751 0.99066
1661398743.415146112 -0.02251 0.08347 0.48483 -0.00969 -0.09483 0.09617 0.99079
1661398743.425145864 -0.02114 0.08192 0.47946 -0.01043 -0.09478 0.09483 0.99092
1661398743.435146093 -0.01981 0.08041 0.47408 -0.01112 -0.09472 0.09350 0.99104
1661398743.445145845 -0.01853 0.07893 0.46871 -0.01176 -0.09463 0.09218 0.99117
1661398743.455146074 -0.01728 0.07748 0.46334 -0.01233 -0.09445 0.09087 0.99130
1661398743.465146065 -0.01607 0.07606 0.45798 -0.01281 -0.09418 0.08956 0.99144
1661398743.475146055 -0.01488 0.07467 0.45263 -0.01322 -0.09380 0.08826 0.99158
1661398743.485146046 -0.01372 0.07330 0.44728 -0.01355 -0.09330 0.08697 0.99174
1661398743.495146036 -0.01257 0.07195 0.44193 -0.01380 -0.09266 0.08567 0.99191
1661398743.505146027 -0.01143 0.07063 0.43658 -0.01397 -0.09188 0.08438 0.99209
1661398743.515146017 -0.01029 0.06931 0.43123 -0.01405 -0.09094 0.08310 0.99228
1661398743.525146008 -0.00915 0.06801 0.42587 -0.01405 -0.08984 0.08181 0.99249
1661398743.535145998 -0.00799 0.06671 0.42050 -0.01397 -0.08855 0.08051 0.99271
1661398743.545145988 -0.00681 0.06542 0.41511 -0.01380 -0.08708 0.07922 0.99295
1661398743.555145979 -0.00560 0.06413 0.40972 -0.01355 -0.08540 0.07792 0.99320
1661398743.565145969 -0.00438 0.06285 0.40430 -0.01323 -0.08356 0.07663 0.99346
1661398743.575146198 -0.00314 0.06157 0.39887 -0.01286 -0.08156 0.07534 0.99373
1661398743.585145950 -0.00190 0.06030 0.39343 -0.01245 -0.07945 0.07408 0.99400
1661398743.595146179 -0.00066 0.05904 0.38798 -0.01203 -0.07725 0.07284 0.99428
1661398743.605145931 0.00057 0.05780 0.38252 -0.01161 -0.07498 0.07163 0.99454
1661398743.615146160 0.00179 0.05658 0.37705 -0.01121 -0.07269 0.07047 0.99480
1661398743.625145912 0.00299 0.05537 0.37156 -0.01086 -0.07039 0.06935 0.99505
1661398743.635146141 0.00416 0.05419 0.36607 -0.01056 -0.06811 0.06830 0.99528
1661398743.645145893 0.00529 0.05304 0.36057 -0.01033 -0.06589 0.06731 0.99550
1661398743.655146122 0.00638 0.05191 0.35507 -0.01019 -0.06375 0.06639 0.99570
1661398743.665145874 0.00742 0.05082 0.34958 -0.01013 -0.06172 0.06555 0.99589
1661398743.675146103 0.00841 0.04975 0.34409 -0.01011 -0.05980 0.06477 0.99606
1661398743.685145855 0.00935 0.04872 0.33863 -0.01014 -0.05802 0.06406 0.99621
1661398743.695146084 0.01022 0.04771 0.33321 -0.01018 -0.05640 0.06340 0.99634
1661398743.705146074 0.01102 0.04674 0.32784 -0.01021 -0.05495 0.06280 0.99646
1661398743.715146065 0.01174 0.04581 0.32252 -0.01023 -0.05370 0.06226 0.99656
1661398743.725146055 0.01239 0.04490 0.31726 -0.01020 -0.05267 0.06176 0.99665
1661398743.735146046 0.01296 0.04404 0.31209 -0.01012 -0.05187 0.06131 0.99672
1661398743.745146036 0.01343 0.04321 0.30700 -0.00995 -0.05132 0.06091 0.99677
1661398743.755146027 0.01382 0.04242 0.30201 -0.00970 -0.05103 0.06054 0.99681
1661398743.765146017 0.01413 0.04166 0.29711 -0.00937 -0.05094 0.06019 0.99684
1661398743.775146008 0.01438 0.04092 0.29231 -0.00900 -0.05100 0.05986 0.99686
1661398743.785145998 0.01458 0.04022 0.28760 -0.00862 -0.05114 0.05951 0.99688
1661398743.795145988 0.01476 0.03953 0.28298 -0.00825 -0.05130 0.05914 0.99690
1661398743.805145979 0.01493 0.03887 0.27844 -0.00791 -0.05142 0.05874 0.99692
1661398743.815145969 0.01507 0.03828 0.27398 -0.00760 -0.05150 0.05832 0.99694
1661398743.825145960 0.01515 0.03781 0.26960 -0.00727 -0.05154 0.05793 0.99696
1661398743.835146189 0.01515 0.03753 0.26527 -0.00691 -0.05152 0.05758 0.99699
1661398743.845145941 0.01505 0.03749 0.26100 -0.00649 -0.05147 0.05731 0.99701
1661398743.855146170 0.01484 0.03770 0.25678 -0.00600 -0.05138 0.05714 0.99703
1661398743.865145922 0.01454 0.03809 0.25261 -0.00544 -0.05126 0.05706 0.99704
1661398743.875146151 0.01419 0.03852 0.24851 -0.00483 -0.05112 0.05702 0.99705
1661398743.885145903 0.01382 0.03888 0.24446 -0.00420 -0.05100 0.05702 0.99706
1661398743.895146132 0.01347 0.03904 0.24049 -0.00355 -0.05089 0.05702 0.99707
1661398743.905145884 0.01317 0.03891 0.23660 -0.00291 -0.05082 0.05699 0.99708
1661398743.915146112 0.01291 0.03854 0.23278 -0.00228 -0.05078 0.05695 0.99708
1661398743.925145864 0.01267 0.03798 0.22905 -0.00167 -0.05075 0.05688 0.99709
1661398743.935146093 0.01243 0.03732 0.22540 -0.00108 -0.05074 0.05679 0.99710
1661398743.945145845 0.01217 0.03663 0.22184 -0.00050 -0.05073 0.05669 0.99710
1661398743.955146074 0.01187 0.03597 0.21837 0.00005 -0.05072 0.05658 0.99711
1661398743.965146065 0.01154 0.03536 0.21498 0.00057 -0.05068 0.05646 0.99712
1661398743.975146055 0.01118 0.03479 0.21166 0.00105 -0.05063 0.05633 0.99713
1661398743.985146046 0.01079 0.03428 0.20840 0.00149 -0.05054 0.05620 0.99714
1661398743.995146036 0.01039 0.03382 0.20520 0.00188 -0.05040 0.05607 0.99715
1661398744.005146027 0.00998 0.03343 0.20205 0.00222 -0.05021 0.05594 0.99717
1661398744.015146017 0.00957 0.03310 0.19894 0.00250 -0.04995 0.05581 0.99719
1661398744.025146008 0.00915 0.03283 0.19586 0.00271 -0.04963 0.05569 0.99721
1661398744.035145998 0.00875 0.03264 0.19280 0.00284 -0.04921 0.05558 0.99724
1661398744.045145988 0.00836 0.03253 0.18976 0.00289 -0.04871 0.05548 0.99727
1661398744.055145979 0.00798 0.03249 0.18673 0.00286 -0.04811 0.05540 0.99730
1661398744.065145969 0.00763 0.03252 0.18370 0.00275 -0.04741 0.05534 0.99734
1661398744.075146198 0.00731 0.03262 0.18069 0.00257 -0.04661 0.05529 0.99738
1661398744.085145950 0.00702 0.03277 0.17768 0.00232 -0.04574 0.05525 0.99742
1661398744.095146179 0.00676 0.03296 0.17470 0.00201 -0.04478 0.05524 0.99747
1661398744.105145931 0.00654 0.03319 0.17173 0.00166 -0.04376 0.05524 0.99751
1661398744.115146160 0.00636 0.03345 0.16879 0.00126 -0.04266 0.05525 0.99756
1661398744.125145912 0.00622 0.03373 0.16586 0.00082 -0.04151 0.05528 0.99761
1661398744.135146141 0.00612 0.03401 0.16297 0.00036 -0.04030 0.05533 0.99765
1661398744.145145893 0.00608 0.03430 0.16010 -0.00013 -0.03904 0.05540 0.99770
1661398744.155146122 0.00609 0.03457 0.15726 -0.00063 -0.03774 0.05549 0.99775
1661398744.165145874 0.00615 0.03484 0.15445 -0.00113 -0.03639 0.05559 0.99779
1661398744.175146103 0.00625 0.03508 0.15167 -0.00163 -0.03496 0.05571 0.99783
1661398744.185145855 0.00640 0.03529 0.14892 -0.00211 -0.03347 0.05584 0.99788
1661398744.195146084 0.00658 0.03547 0.14619 -0.00258 -0.03188 0.05598 0.99792
1661398744.205146074 0.00679 0.03561 0.14349 -0.00301 -0.03019 0.05614 0.99796
1661398744.215146065 0.00704 0.03570 0.14081 -0.00340 -0.02838 0.05630 0.99800
1661398744.225146055 0.00731 0.03573 0.13815 -0.00374 -0.02646 0.05648 0.99805
1661398744.235146046 0.00760 0.03570 0.13551 -0.00402 -0.02439 0.05666 0.99809
1661398744.245146036 0.00791 0.03561 0.13289 -0.00423 -0.02218 0.05684 0.99813
1661398744.255146027 0.00823 0.03545 0.13028 -0.00437 -0.01981 0.05703 0.99817
1661398744.265146017 0.00855 0.03524 0.12769 -0.00446 -0.01730 0.05722 0.99820
1661398744.275146008 0.00886 0.03503 0.12512 -0.00453 -0.01466 0.05739 0.99823
1661398744.285145998 0.00914 0.03485 0.12256 -0.00462 -0.01191 0.05754 0.99826
1661398744.295145988 0.00937 0.03473 0.12002 -0.00475 -0.00906 0.05766 0.99828
1661398744.305145979 0.00954 0.03469 0.11749 -0.00495 -0.00612 0.05774 0.99830
1661398744.315145969 0.00966 0.03472 0.11495 -0.00522 -0.00315 0.05778 0.99831
1661398744.325145960 0.00974 0.03480 0.11240 -0.00555 -0.00018 0.05776 0.99831
1661398744.335146189 0.00976 0.03491 0.10982 -0.00594 0.00275 0.05768 0.99831
1661398744.345145941 0.00975 0.03503 0.10719 -0.00639 0.00561 0.05754 0.99831
1661398744.355146170 0.00970 0.03513 0.10451 -0.00688 0.00833 0.05732 0.99830
1661398744.365145922 0.00961 0.03522 0.10181 -0.00739 0.01083 0.05707 0.99828
1661398744.375146151 0.00946 0.03531 0.09915 -0.00790 0.01303 0.05683 0.99827
1661398744.385145903 0.00923 0.03540 0.09658 -0.00837 0.01482 0.05662 0.99825
1661398744.395146132 0.00893 0.03550 0.09414 -0.00879 0.01611 0.05650 0.99823
1661398744.405145884 0.00854 0.03561 0.09189 -0.00913 0.01685 0.05649 0.99822
1661398744.415146112 0.00806 0.03574 0.08983 -0.00937 0.01707 0.05657 0.99821
1661398744.425145864 0.00753 0.03590 0.08798 -0.00953 0.01688 0.05670 0.99820
1661398744.435146093 0.00695 0.03610 0.08634 -0.00959 0.01634 0.05685 0.99820
1661398744.445145845 0.00634 0.03632 0.08491 -0.00955 0.01554 0.05698 0.99821
1661398744.455146074 0.00571 0.03659 0.08370 -0.00942 0.01456 0.05706 0.99822
1661398744.465146065 0.00508 0.03687 0.08268 -0.00921 0.01348 0.05711 0.99823
1661398744.475146055 0.00448 0.03715 0.08181 -0.00895 0.01237 0.05713 0.99825
1661398744.485146046 0.00391 0.03742 0.08107 -0.00867 0.01129 0.05715 0.99826
1661398744.495146036 0.00339 0.03765 0.08042 -0.00838 0.01033 0.05717 0.99828
1661398744.505146027 0.00295 0.03782 0.07983 -0.00811 0.00953 0.05721 0.99828
1661398744.515146017 0.00257 0.03794 0.07929 -0.00789 0.00893 0.05727 0.99829
1661398744.525146008 0.00227 0.03801 0.07879 -0.00772 0.00853 0.05733 0.99829
1661398744.535145998 0.00203 0.03803 0.07833 -0.00764 0.00833 0.05740 0.99829
1661398744.545145988 0.00186 0.03803 0.07791 -0.00764 0.00834 0.05745 0.99828
1661398744.555145979 0.00176 0.03799 0.07750 -0.00776 0.00858 0.05748 0.99828
1661398744.565145969 0.00172 0.03792 0.07712 -0.00797 0.00901 0.05751 0.99827
1661398744.575146198 0.00173 0.03783 0.07673 -0.00827 0.00960 0.05752 0.99826
1661398744.585145950 0.00179 0.03773 0.07634 -0.00862 0.01035 0.05753 0.99825
1661398744.595146179 0.00191 0.03761 0.07593 -0.00903 0.01120 0.05755 0.99824
1661398744.605145931 0.00206 0.03748 0.07549 -0.00946 0.01215 0.05757 0.99822
1661398744.615146160 0.00226 0.03735 0.07501 -0.00990 0.01316 0.05760 0.99820
1661398744.625145912 0.00249 0.03721 0.07448 -0.01034 0.01421 0.05765 0.99818
1661398744.635146141 0.00275 0.03708 0.07389 -0.01076 0.01527 0.05772 0.99816
1661398744.645145893 0.00304 0.03696 0.07322 -0.01114 0.01631 0.05782 0.99813
1661398744.655146122 0.00335 0.03684 0.07247 -0.01146 0.01731 0.05795 0.99810
1661398744.665145874 0.00368 0.03674 0.07165 -0.01174 0.01826 0.05811 0.99807
1661398744.675146103 0.00401 0.03664 0.07077 -0.01196 0.01916 0.05829 0.99804
1661398744.685145855 0.00434 0.03654 0.06984 -0.01214 0.02000 0.05848 0.99801
1661398744.695146084 0.00465 0.03643 0.06887 -0.01228 0.02078 0.05870 0.99798
1661398744.705146074 0.00495 0.03632 0.06787 -0.01238 0.02148 0.05892 0.99795
1661398744.715146065 0.00521 0.03620 0.06685 -0.01244 0.02211 0.05914 0.99793
1661398744.725146055 0.00544 0.03606 0.06582 -0.01247 0.02266 0.05937 0.99790
1661398744.735146046 0.00561 0.03590 0.06480 -0.01248 0.02312 0.05959 0.99788
1661398744.745146036 0.00574 0.03571 0.06379 -0.01246 0.02349 0.05980 0.99786
1661398744.755146027 0.00580 0.03551 0.06280 -0.01242 0.02376 0.06000 0.99784
1661398744.765146017 0.00580 0.03527 0.06184 -0.01236 0.02394 0.06019 0.99782
1661398744.775146008 0.00577 0.03502 0.06090 -0.01227 0.02403 0.06035 0.99781
1661398744.785145998 0.00570 0.03475 0.05998 -0.01216 0.02405 0.06050 0.99780
1661398744.795145988 0.00560 0.03447 0.05908 -0.01202 0.02400 0.06062 0.99780
1661398744.805145979 0.00550 0.03418 0.05819 -0.01185 0.02388 0.06072 0.99780
1661398744.815145969 0.00539 0.03389 0.05732 -0.01166 0.02370 0.06079 0.99780
1661398744.825145960 0.00530 0.03360 0.05646 -0.01143 0.02348 0.06083 0.99781
1661398744.835146189 0.00522 0.03331 0.05561 -0.01117 0.02321 0.06084 0.99782
1661398744.845145941 0.00517 0.03302 0.05477 -0.01088 0.02290 0.06081 0.99783
1661398744.855146170 0.00517 0.03275 0.05393 -0.01055 0.02256 0.06075 0.99784
1661398744.865145922 0.00519 0.03248 0.05310 -0.01020 0.02223 0.06066 0.99786
1661398744.875146151 0.00526 0.03224 0.05227 -0.00983 0.02192 0.06055 0.99788
1661398744.885145903 0.00535 0.03201 0.05144 -0.00947 0.02166 0.06042 0.99789
1661398744.895146132 0.00546 0.03179 0.05060 -0.00912 0.02148 0.06029 0.99791
1661398744.905145884 0.00560 0.03160 0.04976 -0.00879 0.02141 0.06015 0.99792
1661398744.915146112 0.00576 0.03144 0.04891 -0.00849 0.02147 0.06002 0.99793
1661398744.925145864 0.00593 0.03129 0.04805 -0.00824 0.02170 0.05990 0.99793
1661398744.935146093 0.00611 0.03118 0.04718 -0.00804 0.02212 0.05979 0.99793
1661398744.945145845 0.00629 0.03110 0.04628 -0.00791 0.02275 0.05972 0.99792
1661398744.955146074 0.00648 0.03104 0.04537 -0.00786 0.02362 0.05967 0.99791
1661398744.965146065 0.00667 0.03102 0.04444 -0.00788 0.02470 0.05966 0.99788
1661398744.975146055 0.00685 0.03101 0.04349 -0.00797 0.02594 0.05966 0.99785
1661398744.985146046 0.00704 0.03104 0.04253 -0.00810 0.02731 0.05969 0.99781
1661398744.995146036 0.00722 0.03107 0.04155 -0.00828 0.02878 0.05973 0.99777
1661398745.005146027 0.00740 0.03113 0.04056 -0.00850 0.03029 0.05978 0.99772
1661398745.015146017 0.00756 0.03119 0.03956 -0.00874 0.03182 0.05984 0.99766
1661398745.025146008 0.00772 0.03127 0.03854 -0.00901 0.03332 0.05990 0.99761
1661398745.035145998 0.00787 0.03134 0.03752 -0.00928 0.03476 0.05995 0.99755
1661398745.045145988 0.00801 0.03142 0.03649 -0.00956 0.03609 0.06000 0.99750
1661398745.055145979 0.00814 0.03150 0.03545 -0.00983 0.03729 0.06003 0.99745
1661398745.065145969 0.00825 0.03158 0.03441 -0.01009 0.03836 0.06006 0.99741
1661398745.075146198 0.00834 0.03166 0.03337 -0.01034 0.03930 0.06007 0.99737
1661398745.085145950 0.00841 0.03175 0.03232 -0.01059 0.04013 0.06008 0.99733
1661398745.095146179 0.00846 0.03186 0.03128 -0.01082 0.04084 0.06009 0.99730
1661398745.105145931 0.00849 0.03198 0.03024 -0.01105 0.04145 0.06009 0.99727
1661398745.115146160 0.00849 0.03212 0.02921 -0.01126 0.04197 0.06009 0.99725
1661398745.125145912 0.00846 0.03228 0.02819 -0.01147 0.04240 0.06010 0.99723
1661398745.135146141 0.00840 0.03246 0.02717 -0.01167 0.04275 0.06010 0.99721
1661398745.145145893 0.00831 0.03268 0.02617 -0.01185 0.04304 0.06011 0.99719
1661398745.155146122 0.00818 0.03292 0.02518 -0.01203 0.04326 0.06012 0.99718
1661398745.165145874 0.00802 0.03320 0.02421 -0.01219 0.04342 0.06014 0.99717
1661398745.175146103 0.00784 0.03348 0.02325 -0.01233 0.04355 0.06016 0.99716
1661398745.185145855 0.00764 0.03378 0.02232 -0.01246 0.04363 0.06017 0.99716
1661398745.195146084 0.00742 0.03408 0.02141 -0.01257 0.04368 0.06018 0.99715
1661398745.205146074 0.00719 0.03436 0.02052 -0.01265 0.04372 0.06018 0.99715
1661398745.215146065 0.00695 0.03464 0.01966 -0.01271 0.04374 0.06016 0.99715
1661398745.225146055 0.00671 0.03488 0.01883 -0.01275 0.04375 0.06014 0.99715
1661398745.235146046 0.00647 0.03510 0.01803 -0.01276 0.04378 0.06009 0.99715
1661398745.245146036 0.00624 0.03527 0.01727 -0.01274 0.04381 0.06002 0.99715
1661398745.255146027 0.00602 0.03540 0.01653 -0.01269 0.04386 0.05994 0.99716
1661398745.265146017 0.00581 0.03547 0.01583 -0.01260 0.04395 0.05983 0.99716
1661398745.275146008 0.00561 0.03549 0.01516 -0.01249 0.04408 0.05971 0.99716
1661398745.285145998 0.00541 0.03544 0.01450 -0.01236 0.04426 0.05958 0.99717
1661398745.295145988 0.00521 0.03532 0.01386 -0.01220 0.04450 0.05945 0.99716
1661398745.305145979 0.00500 0.03513 0.01323 -0.01201 0.04482 0.05933 0.99716
1661398745.315145969 0.00479 0.03486 0.01260 -0.01181 0.04522 0.05921 0.99715
1661398745.325145960 0.00458 0.03451 0.01197 -0.01159 0.04572 0.05911 0.99714
1661398745.335146189 0.00435 0.03406 0.01134 -0.01135 0.04633 0.05903 0.99712
1661398745.345145941 0.00410 0.03353 0.01070 -0.01110 0.04704 0.05897 0.99709
1661398745.355146170 0.00384 0.03291 0.01004 -0.01083 0.04787 0.05894 0.99705
1661398745.365145922 0.00356 0.03224 0.00938 -0.01059 0.04871 0.05894 0.99702
1661398745.375146151 0.00327 0.03160 0.00872 -0.01039 0.04944 0.05897 0.99698
1661398745.385145903 0.00297 0.03103 0.00806 -0.01025 0.04997 0.05902 0.99695
1661398745.395146132 0.00266 0.03060 0.00742 -0.01022 0.05016 0.05909 0.99694
1661398745.405145884 0.00234 0.03035 0.00680 -0.01030 0.04993 0.05917 0.99695
1661398745.415146112 0.00201 0.03025 0.00623 -0.01047 0.04930 0.05926 0.99697
1661398745.425145864 0.00166 0.03026 0.00574 -0.01071 0.04829 0.05936 0.99701
1661398745.435146093 0.00129 0.03034 0.00535 -0.01097 0.04695 0.05947 0.99707
1661398745.445145845 0.00089 0.03046 0.00508 -0.01123 0.04530 0.05957 0.99713
1661398745.455146074 0.00045 0.03057 0.00497 -0.01146 0.04340 0.05968 0.99721
1661398745.465146065 -0.00001 0.03067 0.00499 -0.01165 0.04132 0.05977 0.99729
1661398745.475146055 -0.00048 0.03075 0.00511 -0.01182 0.03912 0.05987 0.99737
1661398745.485146046 -0.00096 0.03081 0.00532 -0.01195 0.03689 0.05995 0.99745
1661398745.495146036 -0.00143 0.03085 0.00558 -0.01206 0.03471 0.06003 0.99752
1661398745.505146027 -0.00187 0.03087 0.00587 -0.01214 0.03265 0.06009 0.99758
1661398745.515146017 -0.00229 0.03085 0.00618 -0.01220 0.03079 0.06015 0.99764
1661398745.525146008 -0.00266 0.03081 0.00646 -0.01225 0.02921 0.06019 0.99768
1661398745.535145998 -0.00297 0.03074 0.00670 -0.01228 0.02799 0.06022 0.99772
1661398745.545145988 -0.00322 0.03063 0.00687 -0.01230 0.02721 0.06023 0.99774
1661398745.555145979 -0.00339 0.03048 0.00696 -0.01230 0.02691 0.06023 0.99775
1661398745.565145969 -0.00348 0.03031 0.00695 -0.01229 0.02705 0.06021 0.99774
1661398745.575146198 -0.00351 0.03011 0.00684 -0.01223 0.02753 0.06017 0.99773
1661398745.585145950 -0.00346 0.02991 0.00664 -0.01211 0.02829 0.06011 0.99772
1661398745.595146179 -0.00336 0.02972 0.00634 -0.01192 0.02923 0.06003 0.99770
1661398745.605145931 -0.00319 0.02953 0.00594 -0.01166 0.03027 0.05994 0.99767
1661398745.615146160 -0.00300 0.02936 0.00550 -0.01134 0.03129 0.05984 0.99765
1661398745.625145912 -0.00281 0.02921 0.00503 -0.01102 0.03216 0.05975 0.99763
1661398745.635146141 -0.00265 0.02907 0.00460 -0.01073 0.03274 0.05970 0.99762
1661398745.645145893 -0.00255 0.02896 0.00423 -0.01051 0.03292 0.05969 0.99762
1661398745.655146122 -0.00254 0.02886 0.00397 -0.01039 0.03258 0.05975 0.99763
1661398745.665145874 -0.00262 0.02878 0.00380 -0.01036 0.03180 0.05986 0.99765
1661398745.675146103 -0.00277 0.02874 0.00370 -0.01042 0.03065 0.06001 0.99767
1661398745.685145855 -0.00300 0.02873 0.00365 -0.01055 0.02923 0.06021 0.99770
1661398745.695146084 -0.00328 0.02876 0.00363 -0.01073 0.02762 0.06044 0.99773
1661398745.705146074 -0.00363 0.02884 0.00362 -0.01095 0.02590 0.06069 0.99776
1661398745.715146065 -0.00402 0.02896 0.00360 -0.01120 0.02418 0.06095 0.99779
1661398745.725146055 -0.00445 0.02914 0.00354 -0.01146 0.02253 0.06121 0.99780
1661398745.735146046 -0.00491 0.02938 0.00343 -0.01172 0.02105 0.06148 0.99782
1661398745.745146036 -0.00539 0.02968 0.00324 -0.01197 0.01982 0.06173 0.99782
1661398745.755146027 -0.00589 0.03005 0.00296 -0.01220 0.01890 0.06196 0.99783
1661398745.765146017 -0.00638 0.03043 0.00259 -0.01242 0.01824 0.06219 0.99782
1661398745.775146008 -0.00684 0.03078 0.00214 -0.01265 0.01774 0.06244 0.99781
1661398745.785145998 -0.00725 0.03104 0.00161 -0.01293 0.01732 0.06272 0.99780
1661398745.795145988 -0.00757 0.03117 0.00102 -0.01327 0.01688 0.06305 0.99778
1661398745.805145979 -0.00780 0.03112 0.00038 -0.01369 0.01637 0.06345 0.99776
1661398745.815145969 -0.00795 0.03093 -0.00028 -0.01416 0.01578 0.06388 0.99773
1661398745.825145960 -0.00806 0.03064 -0.00090 -0.01466 0.01516 0.06429 0.99771
1661398745.835146189 -0.00814 0.03030 -0.00145 -0.01515 0.01451 0.06464 0.99769
1661398745.845145941 -0.00823 0.02995 -0.00188 -0.01561 0.01389 0.06490 0.99767
1661398745.855146170 -0.00835 0.02963 -0.00216 -0.01600 0.01330 0.06502 0.99767
1661398745.865145922 -0.00850 0.02934 -0.00229 -0.01633 0.01275 0.06501 0.99767
1661398745.875146151 -0.00866 0.02908 -0.00231 -0.01661 0.01225 0.06490 0.99768
1661398745.885145903 -0.00885 0.02885 -0.00224 -0.01683 0.01178 0.06470 0.99769
1661398745.895146132 -0.00905 0.02865 -0.00211 -0.01700 0.01135 0.06443 0.99771
1661398745.905145884 -0.00925 0.02848 -0.00193 -0.01714 0.01096 0.06411 0.99774
1661398745.915146112 -0.00946 0.02834 -0.00174 -0.01724 0.01060 0.06377 0.99776
1661398745.925145864 -0.00966 0.02823 -0.00155 -0.01730 0.01027 0.06341 0.99778
1661398745.935146093 -0.00985 0.02813 -0.00140 -0.01734 0.00997 0.06306 0.99781
1661398745.945145845 -0.01003 0.02807 -0.00131 -0.01736 0.00970 0.06273 0.99783
1661398745.955146074 -0.01018 0.02802 -0.00129 -0.01737 0.00946 0.06245 0.99785
1661398745.965146065 -0.01033 0.02800 -0.00134 -0.01736 0.00924 0.06221 0.99787
1661398745.975146055 -0.01046 0.02801 -0.00146 -0.01735 0.00904 0.06201 0.99788
1661398745.985146046 -0.01059 0.02803 -0.00162 -0.01733 0.00885 0.06185 0.99790
1661398745.995146036 -0.01071 0.02808 -0.00182 -0.01732 0.00866 0.06173 0.99790
1661398746.005146027 -0.01084 0.02816 -0.00204 -0.01732 0.00847 0.06165 0.99791
1661398746.015146017 -0.01097 0.02826 -0.00228 -0.01733 0.00827 0.06160 0.99792
1661398746.025146008 -0.01111 0.02838 -0.00252 -0.01735 0.00807 0.06158 0.99792
1661398746.035145998 -0.01127 0.02853 -0.00274 -0.01740 0.00784 0.06158 0.99792
1661398746.045145988 -0.01144 0.02871 -0.00295 -0.01747 0.00760 0.06162 0.99792
1661398746.055145979 -0.01164 0.02891 -0.00312 -0.01757 0.00732 0.06168 0.99791
1661398746.065145969 -0.01186 0.02913 -0.00326 -0.01769 0.00703 0.06176 0.99791
1661398746.075146198 -0.01208 0.02937 -0.00337 -0.01783 0.00672 0.06185 0.99790
1661398746.085145950 -0.01231 0.02962 -0.00345 -0.01798 0.00642 0.06195 0.99790
1661398746.095146179 -0.01254 0.02986 -0.00352 -0.01813 0.00611 0.06205 0.99789
1661398746.105145931 -0.01275 0.03010 -0.00356 -0.01828 0.00582 0.06215 0.99788
1661398746.115146160 -0.01295 0.03033 -0.00359 -0.01842 0.00555 0.06224 0.99788
1661398746.125145912 -0.01312 0.03055 -0.00360 -0.01855 0.00531 0.06231 0.99787
1661398746.135146141 -0.01326 0.03074 -0.00361 -0.01864 0.00511 0.06236 0.99787
1661398746.145145893 -0.01336 0.03090 -0.00361 -0.01871 0.00495 0.06239 0.99786
1661398746.155146122 -0.01342 0.03103 -0.00360 -0.01875 0.00485 0.06239 0.99786
1661398746.165145874 -0.01343 0.03112 -0.00359 -0.01875 0.00479 0.06236 0.99787
1661398746.175146103 -0.01341 0.03120 -0.00358 -0.01873 0.00478 0.06231 0.99787
1661398746.185145855 -0.01336 0.03125 -0.00356 -0.01869 0.00481 0.06225 0.99787
1661398746.195146084 -0.01328 0.03128 -0.00353 -0.01864 0.00487 0.06218 0.99788
1661398746.205146074 -0.01317 0.03131 -0.00350 -0.01858 0.00496 0.06211 0.99788
1661398746.215146065 -0.01304 0.03133 -0.00346 -0.01852 0.00507 0.06204 0.99789
1661398746.225146055 -0.01290 0.03135 -0.00341 -0.01847 0.00520 0.06199 0.99789
1661398746.235146046 -0.01274 0.03138 -0.00335 -0.01843 0.00534 0.06196 0.99789
1661398746.245146036 -0.01257 0.03142 -0.00328 -0.01841 0.00549 0.06194 0.99789
1661398746.255146027 -0.01240 0.03147 -0.00321 -0.01841 0.00565 0.06196 0.99789
1661398746.265146017 -0.01223 0.03154 -0.00313 -0.01843 0.00580 0.06200 0.99789
1661398746.275146008 -0.01206 0.03161 -0.00305 -0.01847 0.00595 0.06206 0.99788
1661398746.285145998 -0.01188 0.03169 -0.00298 -0.01852 0.00610 0.06213 0.99788
1661398746.295145988 -0.01171 0.03177 -0.00292 -0.01858 0.00625 0.06221 0.99787
1661398746.305145979 -0.01154 0.03185 -0.00287 -0.01865 0.00639 0.06230 0.99786
1661398746.315145969 -0.01138 0.03193 -0.00285 -0.01871 0.00653 0.06237 0.99786
1661398746.325145960 -0.01122 0.03200 -0.00286 -0.01878 0.00667 0.06244 0.99785
1661398746.335146189 -0.01107 0.03206 -0.00289 -0.01883 0.00680 0.06250 0.99784
1661398746.345145941 -0.01092 0.03211 -0.00297 -0.01888 0.00692 0.06253 0.99784
1661398746.355146170 -0.01079 0.03213 -0.00309 -0.01891 0.00703 0.06253 0.99784
1661398746.365145922 -0.01067 0.03215 -0.00324 -0.01892 0.00714 0.06252 0.99784
1661398746.375146151 -0.01056 0.03215 -0.00342 -0.01893 0.00723 0.06249 0.99784
1661398746.385145903 -0.01046 0.03214 -0.00361 -0.01892 0.00730 0.06244 0.99784
1661398746.395146132 -0.01038 0.03211 -0.00382 -0.01891 0.00736 0.06239 0.99785
1661398746.405145884 -0.01032 0.03208 -0.00403 -0.01889 0.00740 0.06233 0.99785
1661398746.415146112 -0.01027 0.03205 -0.00423 -0.01887 0.00743 0.06227 0.99785
1661398746.425145864 -0.01024 0.03200 -0.00442 -0.01884 0.00743 0.06221 0.99786
1661398746.435146093 -0.01023 0.03196 -0.00458 -0.01882 0.00740 0.06217 0.99786
1661398746.445145845 -0.01024 0.03191 -0.00471 -0.01879 0.00735 0.06214 0.99786
1661398746.455146074 -0.01027 0.03187 -0.00480 -0.01877 0.00728 0.06213 0.99787
1661398746.465146065 -0.01031 0.03182 -0.00486 -0.01874 0.00718 0.06213 0.99787
1661398746.475146055 -0.01037 0.03178 -0.00489 -0.01872 0.00707 0.06214 0.99787
1661398746.485146046 -0.01042 0.03173 -0.00489 -0.01871 0.00694 0.06217 0.99787
1661398746.495146036 -0.01047 0.03168 -0.00487 -0.01869 0.00682 0.06220 0.99787
1661398746.505146027 -0.01051 0.03163 -0.00483 -0.01867 0.00669 0.06223 0.99786
1661398746.515146017 -0.01053 0.03157 -0.00477 -0.01866 0.00657 0.06227 0.99786
1661398746.525146008 -0.01053 0.03151 -0.00471 -0.01864 0.00647 0.06230 0.99786
1661398746.535145998 -0.01050 0.03144 -0.00464 -0.01863 0.00639 0.06233 0.99786
1661398746.545145988 -0.01042 0.03137 -0.00458 -0.01861 0.00633 0.06235 0.99786
1661398746.555145979 -0.01031 0.03129 -0.00451 -0.01859 0.00630 0.06237 0.99786
1661398746.565145969 -0.01016 0.03120 -0.00446 -0.01858 0.00630 0.06237 0.99786
1661398746.575146198 -0.00998 0.03111 -0.00441 -0.01856 0.00632 0.06236 0.99786
1661398746.585145950 -0.00979 0.03100 -0.00438 -0.01854 0.00636 0.06235 0.99786
1661398746.595146179 -0.00958 0.03090 -0.00437 -0.01853 0.00641 0.06234 0.99786
1661398746.605145931 -0.00937 0.03078 -0.00438 -0.01851 0.00648 0.06232 0.99786
1661398746.615146160 -0.00916 0.03066 -0.00441 -0.01850 0.00655 0.06231 0.99786
1661398746.625145912 -0.00897 0.03052 -0.00448 -0.01850 0.00662 0.06229 0.99786
1661398746.635146141 -0.00879 0.03039 -0.00457 -0.01850 0.00668 0.06228 0.99786
1661398746.645145893 -0.00865 0.03024 -0.00470 -0.01850 0.00674 0.06228 0.99786
1661398746.655146122 -0.00853 0.03008 -0.00487 -0.01851 0.00679 0.06228 0.99786
1661398746.665145874 -0.00846 0.02993 -0.00507 -0.01853 0.00683 0.06228 0.99786
1661398746.675146103 -0.00841 0.02977 -0.00529 -0.01854 0.00685 0.06229 0.99786
1661398746.685145855 -0.00839 0.02963 -0.00552 -0.01857 0.00686 0.06230 0.99786
1661398746.695146084 -0.00839 0.02950 -0.00575 -0.01859 0.00687 0.06231 0.99786
1661398746.705146074 -0.00842 0.02940 -0.00597 -0.01862 0.00686 0.06233 0.99786
1661398746.715146065 -0.00846 0.02932 -0.00616 -0.01865 0.00685 0.06234 0.99786
1661398746.725146055 -0.00852 0.02928 -0.00633 -0.01868 0.00682 0.06234 0.99786
1661398746.735146046 -0.00858 0.02927 -0.00646 -0.01870 0.00679 0.06235 0.99786
1661398746.745146036 -0.00866 0.02931 -0.00654 -0.01873 0.00675 0.06235 0.99786
1661398746.755146027 -0.00874 0.02940 -0.00657 -0.01876 0.00671 0.06234 0.99786
1661398746.765146017 -0.00881 0.02953 -0.00654 -0.01878 0.00666 0.06232 0.99786
1661398746.775146008 -0.00889 0.02969 -0.00647 -0.01880 0.00660 0.06231 0.99786
1661398746.785145998 -0.00897 0.02986 -0.00636 -0.01882 0.00655 0.06228 0.99786
1661398746.795145988 -0.00904 0.03004 -0.00622 -0.01884 0.00650 0.06226 0.99786
1661398746.805145979 -0.00909 0.03022 -0.00606 -0.01886 0.00646 0.06224 0.99786
1661398746.815145969 -0.00914 0.03038 -0.00589 -0.01887 0.00642 0.06222 0.99786
1661398746.825145960 -0.00917 0.03051 -0.00570 -0.01889 0.00640 0.06219 0.99786
1661398746.835146189 -0.00918 0.03060 -0.00551 -0.01890 0.00638 0.06218 0.99787
1661398746.845145941 -0.00917 0.03064 -0.00533 -0.01891 0.00639 0.06216 0.99787
1661398746.855146170 -0.00914 0.03062 -0.00517 -0.01892 0.00641 0.06216 0.99787
1661398746.865145922 -0.00909 0.03055 -0.00501 -0.01893 0.00644 0.06216 0.99787
1661398746.875146151 -0.00903 0.03043 -0.00488 -0.01894 0.00649 0.06216 0.99787
1661398746.885145903 -0.00895 0.03027 -0.00477 -0.01895 0.00654 0.06216 0.99786
1661398746.895146132 -0.00886 0.03007 -0.00469 -0.01896 0.00660 0.06217 0.99786
1661398746.905145884 -0.00876 0.02985 -0.00463 -0.01897 0.00665 0.06218 0.99786
1661398746.915146112 -0.00866 0.02961 -0.00461 -0.01897 0.00671 0.06220 0.99786
1661398746.925145864 -0.00856 0.02936 -0.00462 -0.01898 0.00675 0.06221 0.99786
1661398746.935146093 -0.00846 0.02910 -0.00467 -0.01898 0.00679 0.06222 0.99786
1661398746.945145845 -0.00837 0.02885 -0.00476 -0.01899 0.00681 0.06223 0.99786
1661398746.955146074 -0.00829 0.02860 -0.00490 -0.01899 0.00682 0.06224 0.99786
1661398746.965146065 -0.00822 0.02837 -0.00506 -0.01899 0.00681 0.06225 0.99786
1661398746.975146055 -0.00816 0.02815 -0.00526 -0.01899 0.00679 0.06226 0.99786
1661398746.985146046 -0.00811 0.02795 -0.00547 -0.01900 0.00675 0.06226 0.99786
1661398746.995146036 -0.00807 0.02777 -0.00568 -0.01901 0.00671 0.06227 0.99786
1661398747.005146027 -0.00804 0.02761 -0.00590 -0.01902 0.00665 0.06227 0.99786
1661398747.015146017 -0.00803 0.02748 -0.00610 -0.01904 0.00659 0.06227 0.99786
1661398747.025146008 -0.00803 0.02738 -0.00628 -0.01906 0.00653 0.06228 0.99786
1661398747.035145998 -0.00805 0.02731 -0.00642 -0.01909 0.00646 0.06228 0.99786
1661398747.045145988 -0.00808 0.02727 -0.00653 -0.01913 0.00639 0.06228 0.99785
1661398747.055145979 -0.00813 0.02727 -0.00659 -0.01917 0.00631 0.06229 0.99785
1661398747.065145969 -0.00819 0.02730 -0.00661 -0.01923 0.00624 0.06230 0.99785
1661398747.075146198 -0.00827 0.02737 -0.00658 -0.01929 0.00618 0.06230 0.99785
1661398747.085145950 -0.00836 0.02746 -0.00653 -0.01935 0.00612 0.06231 0.99785
1661398747.095146179 -0.00846 0.02758 -0.00645 -0.01940 0.00607 0.06231 0.99785
1661398747.105145931 -0.00857 0.02773 -0.00635 -0.01946 0.00604 0.06232 0.99785
1661398747.115146160 -0.00869 0.02789 -0.00624 -0.01951 0.00601 0.06233 0.99785
1661398747.125145912 -0.00882 0.02807 -0.00612 -0.01955 0.00601 0.06233 0.99785
1661398747.135146141 -0.00896 0.02827 -0.00600 -0.01958 0.00602 0.06234 0.99785
1661398747.145145893 -0.00911 0.02849 -0.00588 -0.01959 0.00605 0.06234 0.99784
1661398747.155146122 -0.00926 0.02871 -0.00578 -0.01959 0.00610 0.06234 0.99784
1661398747.165145874 -0.00942 0.02894 -0.00568 -0.01958 0.00617 0.06234 0.99784
1661398747.175146103 -0.00958 0.02917 -0.00559 -0.01955 0.00625 0.06234 0.99784
1661398747.185145855 -0.00974 0.02941 -0.00551 -0.01952 0.00634 0.06234 0.99784
1661398747.195146084 -0.00990 0.02964 -0.00543 -0.01948 0.00643 0.06234 0.99784
1661398747.205146074 -0.01006 0.02988 -0.00536 -0.01943 0.00651 0.06234 0.99784
1661398747.215146065 -0.01022 0.03010 -0.00528 -0.01938 0.00658 0.06233 0.99785
1661398747.225146055 -0.01037 0.03032 -0.00520 -0.01933 0.00663 0.06232 0.99785
1661398747.235146046 -0.01052 0.03052 -0.00512 -0.01929 0.00666 0.06231 0.99785
1661398747.245146036 -0.01065 0.03071 -0.00504 -0.01925 0.00666 0.06230 0.99785
1661398747.255146027 -0.01078 0.03088 -0.00495 -0.01921 0.00663 0.06229 0.99785
1661398747.265146017 -0.01089 0.03104 -0.00485 -0.01918 0.00658 0.06228 0.99785
1661398747.275146008 -0.01100 0.03117 -0.00476 -0.01916 0.00650 0.06226 0.99785
1661398747.285145998 -0.01110 0.03129 -0.00465 -0.01915 0.00641 0.06225 0.99786
1661398747.295145988 -0.01119 0.03139 -0.00455 -0.01914 0.00632 0.06223 0.99786
1661398747.305145979 -0.01127 0.03146 -0.00444 -0.01913 0.00623 0.06222 0.99786
1661398747.315145969 -0.01135 0.03152 -0.00434 -0.01913 0.00615 0.06221 0.99786
1661398747.325145960 -0.01143 0.03156 -0.00423 -0.01913 0.00609 0.06220 0.99786
1661398747.335146189 -0.01150 0.03158 -0.00413 -0.01913 0.00606 0.06219 0.99786
1661398747.345145941 -0.01157 0.03157 -0.00403 -0.01914 0.00605 0.06219 0.99786
1661398747.355146170 -0.01164 0.03154 -0.00394 -0.01915 0.00609 0.06218 0.99786
1661398747.365145922 -0.01170 0.03150 -0.00385 -0.01916 0.00616 0.06218 0.99786
1661398747.375146151 -0.01176 0.03143 -0.00378 -0.01918 0.00625 0.06219 0.99786
1661398747.385145903 -0.01181 0.03134 -0.00371 -0.01919 0.00636 0.06219 0.99786
1661398747.395146132 -0.01186 0.03124 -0.00366 -0.01921 0.00648 0.06220 0.99786
1661398747.405145884 -0.01189 0.03111 -0.00362 -0.01923 0.00659 0.06221 0.99786
1661398747.415146112 -0.01191 0.03098 -0.00360 -0.01924 0.00670 0.06222 0.99785
1661398747.425145864 -0.01192 0.03082 -0.00360 -0.01926 0.00679 0.06223 0.99785
1661398747.435146093 -0.01192 0.03065 -0.00362 -0.01927 0.00686 0.06224 0.99785
1661398747.445145845 -0.01190 0.03047 -0.00367 -0.01929 0.00690 0.06226 0.99785
1661398747.455146074 -0.01186 0.03028 -0.00374 -0.01930 0.00689 0.06227 0.99785
1661398747.465146065 -0.01181 0.03008 -0.00383 -0.01932 0.00686 0.06228 0.99785
1661398747.475146055 -0.01175 0.02989 -0.00394 -0.01933 0.00680 0.06229 0.99785
1661398747.485146046 -0.01168 0.02971 -0.00406 -0.01933 0.00671 0.06229 0.99785
1661398747.495146036 -0.01161 0.02957 -0.00418 -0.01934 0.00662 0.06230 0.99785
1661398747.505146027 -0.01154 0.02945 -0.00430 -0.01934 0.00652 0.06231 0.99785
1661398747.515146017 -0.01148 0.02938 -0.00442 -0.01934 0.00642 0.06231 0.99785
1661398747.525146008 -0.01142 0.02936 -0.00452 -0.01934 0.00632 0.06231 0.99785
1661398747.535145998 -0.01138 0.02941 -0.00460 -0.01933 0.00625 0.06232 0.99785
1661398747.545145988 -0.01135 0.02953 -0.00467 -0.01931 0.00619 0.06231 0.99785
1661398747.555145979 -0.01134 0.02973 -0.00470 -0.01929 0.00617 0.06231 0.99785
1661398747.565145969 -0.01135 0.02999 -0.00471 -0.01927 0.00616 0.06231 0.99785
1661398747.575146198 -0.01137 0.03030 -0.00470 -0.01925 0.00618 0.06230 0.99785
1661398747.585145950 -0.01139 0.03064 -0.00467 -0.01922 0.00622 0.06229 0.99785
1661398747.595146179 -0.01143 0.03099 -0.00462 -0.01919 0.00626 0.06228 0.99785
1661398747.605145931 -0.01146 0.03133 -0.00456 -0.01916 0.00631 0.06228 0.99786
1661398747.615146160 -0.01150 0.03165 -0.00449 -0.01913 0.00636 0.06227 0.99786
1661398747.625145912 -0.01153 0.03192 -0.00442 -0.01910 0.00641 0.06226 0.99786
1661398747.635146141 -0.01155 0.03213 -0.00433 -0.01907 0.00646 0.06226 0.99786
1661398747.645145893 -0.01155 0.03227 -0.00425 -0.01904 0.00649 0.06225 0.99786
1661398747.655146122 -0.01155 0.03231 -0.00417 -0.01902 0.00651 0.06225 0.99786
1661398747.665145874 -0.01153 0.03227 -0.00409 -0.01900 0.00651 0.06225 0.99786
1661398747.675146103 -0.01149 0.03216 -0.00402 -0.01899 0.00650 0.06225 0.99786
1661398747.685145855 -0.01146 0.03200 -0.00396 -0.01898 0.00649 0.06225 0.99786
1661398747.695146084 -0.01141 0.03180 -0.00390 -0.01896 0.00647 0.06225 0.99786
1661398747.705146074 -0.01136 0.03158 -0.00386 -0.01896 0.00644 0.06224 0.99786
1661398747.715146065 -0.01131 0.03135 -0.00382 -0.01895 0.00641 0.06224 0.99786
1661398747.725146055 -0.01126 0.03112 -0.00380 -0.01894 0.00639 0.06224 0.99786
1661398747.735146046 -0.01122 0.03092 -0.00379 -0.01894 0.00637 0.06223 0.99786
1661398747.745146036 -0.01118 0.03075 -0.00380 -0.01893 0.00636 0.06222 0.99786
1661398747.755146027 -0.01115 0.03063 -0.00383 -0.01893 0.00636 0.06221 0.99786
1661398747.765146017 -0.01113 0.03055 -0.00387 -0.01892 0.00636 0.06220 0.99786
1661398747.775146008 -0.01111 0.03051 -0.00393 -0.01892 0.00638 0.06218 0.99787
1661398747.785145998 -0.01108 0.03051 -0.00399 -0.01891 0.00640 0.06217 0.99787
1661398747.795145988 -0.01106 0.03053 -0.00405 -0.01891 0.00642 0.06215 0.99787
1661398747.805145979 -0.01103 0.03058 -0.00412 -0.01891 0.00644 0.06214 0.99787
1661398747.815145969 -0.01098 0.03065 -0.00418 -0.01891 0.00647 0.06213 0.99787
1661398747.825145960 -0.01093 0.03072 -0.00424 -0.01892 0.00650 0.06212 0.99787
1661398747.835146189 -0.01085 0.03081 -0.00429 -0.01892 0.00653 0.06212 0.99787
1661398747.845145941 -0.01076 0.03089 -0.00432 -0.01893 0.00655 0.06212 0.99787
1661398747.855146170 -0.01064 0.03098 -0.00434 -0.01894 0.00657 0.06212 0.99787
1661398747.865145922 -0.01051 0.03106 -0.00434 -0.01896 0.00659 0.06214 0.99787
1661398747.875146151 -0.01036 0.03113 -0.00433 -0.01897 0.00660 0.06215 0.99786
1661398747.885145903 -0.01021 0.03120 -0.00431 -0.01899 0.00661 0.06217 0.99786
1661398747.895146132 -0.01005 0.03127 -0.00427 -0.01901 0.00661 0.06219 0.99786
1661398747.905145884 -0.00990 0.03133 -0.00424 -0.01903 0.00660 0.06221 0.99786
1661398747.915146112 -0.00976 0.03138 -0.00420 -0.01904 0.00659 0.06223 0.99786
1661398747.925145864 -0.00963 0.03143 -0.00415 -0.01906 0.00658 0.06225 0.99786
1661398747.935146093 -0.00952 0.03148 -0.00410 -0.01907 0.00655 0.06226 0.99786
1661398747.945145845 -0.00944 0.03152 -0.00406 -0.01909 0.00652 0.06227 0.99786
1661398747.955146074 -0.00939 0.03155 -0.00402 -0.01910 0.00648 0.06227 0.99786
1661398747.965146065 -0.00937 0.03158 -0.00398 -0.01910 0.00644 0.06226 0.99786
1661398747.975146055 -0.00937 0.03159 -0.00394 -0.01911 0.00639 0.06225 0.99786
1661398747.985146046 -0.00940 0.03158 -0.00390 -0.01911 0.00634 0.06224 0.99786
1661398747.995146036 -0.00944 0.03156 -0.00386 -0.01911 0.00630 0.06223 0.99786
1661398748.005146027 -0.00949 0.03151 -0.00381 -0.01912 0.00625 0.06222 0.99786
1661398748.015146017 -0.00956 0.03144 -0.00376 -0.01912 0.00622 0.06221 0.99786
1661398748.025146008 -0.00964 0.03133 -0.00371 -0.01913 0.00619 0.06220 0.99786
1661398748.035145998 -0.00972 0.03119 -0.00364 -0.01914 0.00617 0.06219 0.99786
1661398748.045145988 -0.00980 0.03101 -0.00357 -0.01915 0.00617 0.06219 0.99786
1661398748.055145979 -0.00988 0.03079 -0.00349 -0.01916 0.00618 0.06219 0.99786
1661398748.065145969 -0.00996 0.03054 -0.00341 -0.01918 0.00620 0.06220 0.99786
1661398748.075146198 -0.01004 0.03028 -0.00332 -0.01920 0.00623 0.06221 0.99786
1661398748.085145950 -0.01011 0.03001 -0.00324 -0.01922 0.00627 0.06223 0.99786
1661398748.095146179 -0.01018 0.02975 -0.00318 -0.01924 0.00631 0.06224 0.99786
1661398748.105145931 -0.01025 0.02951 -0.00312 -0.01925 0.00635 0.06226 0.99785
1661398748.115146160 -0.01032 0.02931 -0.00309 -0.01927 0.00639 0.06227 0.99785
1661398748.125145912 -0.01038 0.02915 -0.00308 -0.01928 0.00643 0.06228 0.99785
1661398748.135146141 -0.01043 0.02905 -0.00311 -0.01928 0.00646 0.06229 0.99785
1661398748.145145893 -0.01048 0.02903 -0.00317 -0.01928 0.00648 0.06230 0.99785
1661398748.155146122 -0.01053 0.02908 -0.00327 -0.01928 0.00648 0.06230 0.99785
1661398748.165145874 -0.01056 0.02921 -0.00340 -0.01926 0.00648 0.06229 0.99785
1661398748.175146103 -0.01060 0.02939 -0.00355 -0.01925 0.00647 0.06228 0.99785
1661398748.185145855 -0.01062 0.02963 -0.00372 -0.01923 0.00645 0.06227 0.99785
1661398748.195146084 -0.01064 0.02989 -0.00390 -0.01921 0.00642 0.06225 0.99786
1661398748.205146074 -0.01066 0.03017 -0.00408 -0.01919 0.00640 0.06223 0.99786
1661398748.215146065 -0.01066 0.03046 -0.00424 -0.01917 0.00637 0.06221 0.99786
1661398748.225146055 -0.01066 0.03074 -0.00439 -0.01915 0.00635 0.06219 0.99786
1661398748.235146046 -0.01064 0.03101 -0.00451 -0.01915 0.00633 0.06217 0.99786
1661398748.245146036 -0.01062 0.03124 -0.00460 -0.01914 0.00632 0.06215 0.99786
1661398748.255146027 -0.01059 0.03143 -0.00464 -0.01915 0.00632 0.06213 0.99786
1661398748.265146017 -0.01056 0.03157 -0.00465 -0.01916 0.00632 0.06211 0.99787
1661398748.275146008 -0.01051 0.03168 -0.00462 -0.01918 0.00633 0.06210 0.99787
1661398748.285145998 -0.01047 0.03175 -0.00456 -0.01920 0.00634 0.06208 0.99787
1661398748.295145988 -0.01042 0.03178 -0.00447 -0.01922 0.00636 0.06207 0.99787
1661398748.305145979 -0.01037 0.03178 -0.00437 -0.01925 0.00638 0.06207 0.99787
1661398748.315145969 -0.01033 0.03176 -0.00424 -0.01927 0.00639 0.06207 0.99787
1661398748.325145960 -0.01029 0.03170 -0.00411 -0.01929 0.00640 0.06207 0.99786
1661398748.335146189 -0.01025 0.03163 -0.00396 -0.01930 0.00641 0.06208 0.99786
1661398748.345145941 -0.01023 0.03153 -0.00382 -0.01931 0.00641 0.06209 0.99786
1661398748.355146170 -0.01021 0.03141 -0.00367 -0.01931 0.00640 0.06211 0.99786
1661398748.365145922 -0.01020 0.03128 -0.00353 -0.01931 0.00638 0.06213 0.99786
1661398748.375146151 -0.01020 0.03113 -0.00339 -0.01930 0.00636 0.06216 0.99786
1661398748.385145903 -0.01020 0.03098 -0.00326 -0.01928 0.00633 0.06219 0.99786
1661398748.395146132 -0.01021 0.03082 -0.00314 -0.01927 0.00631 0.06221 0.99786
1661398748.405145884 -0.01021 0.03066 -0.00303 -0.01925 0.00628 0.06224 0.99786
1661398748.415146112 -0.01022 0.03050 -0.00294 -0.01923 0.00625 0.06227 0.99785
1661398748.425145864 -0.01023 0.03034 -0.00285 -0.01921 0.00623 0.06229 0.99785
1661398748.435146093 -0.01023 0.03019 -0.00279 -0.01919 0.00621 0.06231 0.99785
1661398748.445145845 -0.01023 0.03004 -0.00274 -0.01918 0.00620 0.06232 0.99785
1661398748.455146074 -0.01023 0.02992 -0.00272 -0.01917 0.00620 0.06233 0.99785
1661398748.465146065 -0.01022 0.02980 -0.00271 -0.01916 0.00621 0.06233 0.99785
1661398748.475146055 -0.01020 0.02969 -0.00272 -0.01916 0.00622 0.06233 0.99785
1661398748.485146046 -0.01019 0.02960 -0.00274 -0.01916 0.00624 0.06232 0.99785
1661398748.495146036 -0.01018 0.02953 -0.00277 -0.01917 0.00626 0.06231 0.99785
1661398748.505146027 -0.01018 0.02946 -0.00281 -0.01917 0.00628 0.06230 0.99785
1661398748.515146017 -0.01018 0.02941 -0.00285 -0.01919 0.00631 0.06229 0.99785
1661398748.525146008 -0.01019 0.02936 -0.00290 -0.01920 0.00633 0.06228 0.99785
1661398748.535145998 -0.01021 0.02934 -0.00295 -0.01922 0.00636 0.06227 0.99785
1661398748.545145988 -0.01025 0.02932 -0.00299 -0.01925 0.00638 0.06227 0.99785
1661398748.555145979 -0.01029 0.02931 -0.00302 -0.01928 0.00640 0.06227 0.99785
1661398748.565145969 -0.01035 0.02932 -0.00305 -0.01931 0.00642 0.06227 0.99785
1661398748.575146198 -0.01042 0.02932 -0.00307 -0.01934 0.00644 0.06228 0.99785
1661398748.585145950 -0.01049 0.02932 -0.00309 -0.01937 0.00645 0.06229 0.99785
1661398748.595146179 -0.01056 0.02931 -0.00309 -0.01940 0.00646 0.06230 0.99785
1661398748.605145931 -0.01064 0.02929 -0.00309 -0.01942 0.00647 0.06231 0.99785
1661398748.615146160 -0.01070 0.02925 -0.00308 -0.01945 0.00648 0.06232 0.99785
1661398748.625145912 -0.01076 0.02919 -0.00306 -0.01946 0.00648 0.06233 0.99784
1661398748.635146141 -0.01081 0.02910 -0.00303 -0.01947 0.00649 0.06234 0.99784
1661398748.645145893 -0.01084 0.02897 -0.00299 -0.01948 0.00649 0.06234 0.99784
1661398748.655146122 -0.01086 0.02881 -0.00293 -0.01947 0.00650 0.06234 0.99784
1661398748.665145874 -0.01086 0.02861 -0.00288 -0.01945 0.00650 0.06234 0.99784
1661398748.675146103 -0.01084 0.02839 -0.00282 -0.01943 0.00650 0.06234 0.99784
1661398748.685145855 -0.01081 0.02814 -0.00276 -0.01941 0.00651 0.06233 0.99785
1661398748.695146084 -0.01075 0.02788 -0.00271 -0.01938 0.00651 0.06233 0.99785
1661398748.705146074 -0.01069 0.02762 -0.00266 -0.01935 0.00651 0.06232 0.99785
1661398748.715146065 -0.01060 0.02735 -0.00263 -0.01932 0.00651 0.06232 0.99785
1661398748.725146055 -0.01050 0.02708 -0.00262 -0.01929 0.00651 0.06232 0.99785
1661398748.735146046 -0.01039 0.02682 -0.00264 -0.01926 0.00650 0.06232 0.99785
1661398748.745146036 -0.01026 0.02658 -0.00268 -0.01924 0.00650 0.06232 0.99785
1661398748.755146027 -0.01011 0.02635 -0.00274 -0.01923 0.00650 0.06233 0.99785
1661398748.765146017 -0.00996 0.02615 -0.00284 -0.01922 0.00650 0.06234 0.99785
1661398748.775146008 -0.00979 0.02597 -0.00296 -0.01921 0.00649 0.06236 0.99785
1661398748.785145998 -0.00963 0.02580 -0.00309 -0.01921 0.00649 0.06237 0.99785
1661398748.795145988 -0.00946 0.02565 -0.00324 -0.01922 0.00648 0.06239 0.99785
1661398748.805145979 -0.00929 0.02552 -0.00340 -0.01923 0.00648 0.06240 0.99784
1661398748.815145969 -0.00914 0.02540 -0.00356 -0.01925 0.00647 0.06242 0.99784
1661398748.825145960 -0.00899 0.02530 -0.00372 -0.01927 0.00647 0.06243 0.99784
1661398748.835146189 -0.00885 0.02521 -0.00388 -0.01929 0.00647 0.06245 0.99784
1661398748.845145941 -0.00874 0.02514 -0.00403 -0.01932 0.00646 0.06245 0.99784
1661398748.855146170 -0.00864 0.02507 -0.00417 -0.01935 0.00646 0.06246 0.99784
1661398748.865145922 -0.00856 0.02502 -0.00429 -0.01938 0.00646 0.06246 0.99784
1661398748.875146151 -0.00851 0.02498 -0.00440 -0.01942 0.00646 0.06246 0.99784
1661398748.885145903 -0.00847 0.02495 -0.00450 -0.01945 0.00645 0.06245 0.99784
1661398748.895146132 -0.00846 0.02494 -0.00457 -0.01949 0.00645 0.06245 0.99784
1661398748.905145884 -0.00846 0.02494 -0.00463 -0.01952 0.00644 0.06244 0.99784
1661398748.915146112 -0.00849 0.02496 -0.00467 -0.01955 0.00643 0.06242 0.99784
1661398748.925145864 -0.00853 0.02500 -0.00469 -0.01958 0.00642 0.06241 0.99784
1661398748.935146093 -0.00859 0.02506 -0.00468 -0.01960 0.00640 0.06239 0.99784
1661398748.945145845 -0.00867 0.02513 -0.00465 -0.01962 0.00638 0.06238 0.99784
1661398748.955146074 -0.00877 0.02523 -0.00460 -0.01964 0.00635 0.06236 0.99784
1661398748.965146065 -0.00889 0.02534 -0.00453 -0.01964 0.00632 0.06234 0.99784
1661398748.975146055 -0.00901 0.02547 -0.00445 -0.01965 0.00628 0.06232 0.99784
1661398748.985146046 -0.00915 0.02561 -0.00436 -0.01964 0.00625 0.06230 0.99784
1661398748.995146036 -0.00928 0.02575 -0.00427 -0.01963 0.00622 0.06228 0.99785
1661398749.005146027 -0.00942 0.02589 -0.00419 -0.01962 0.00619 0.06227 0.99785
1661398749.015146017 -0.00956 0.02603 -0.00411 -0.01960 0.00616 0.06226 0.99785
1661398749.025146008 -0.00969 0.02616 -0.00404 -0.01958 0.00614 0.06225 0.99785
1661398749.035145998 -0.00981 0.02629 -0.00400 -0.01955 0.00612 0.06224 0.99785
1661398749.045145988 -0.00992 0.02640 -0.00399 -0.01952 0.00612 0.06224 0.99785
1661398749.055145979 -0.01000 0.02649 -0.00400 -0.01949 0.00612 0.06224 0.99785
1661398749.065145969 -0.01008 0.02657 -0.00404 -0.01945 0.00613 0.06225 0.99785
1661398749.075146198 -0.01013 0.02663 -0.00410 -0.01941 0.00615 0.06226 0.99785
1661398749.085145950 -0.01017 0.02667 -0.00417 -0.01937 0.00618 0.06227 0.99785
1661398749.095146179 -0.01019 0.02669 -0.00426 -0.01933 0.00621 0.06228 0.99785
1661398749.105145931 -0.01019 0.02670 -0.00435 -0.01929 0.00624 0.06230 0.99785
1661398749.115146160 -0.01017 0.02669 -0.00443 -0.01925 0.00628 0.06232 0.99785
1661398749.125145912 -0.01014 0.02667 -0.00451 -0.01921 0.00631 0.06234 0.99785
1661398749.135146141 -0.01008 0.02663 -0.00458 -0.01917 0.00634 0.06236 0.99785
1661398749.145145893 -0.01001 0.02657 -0.00462 -0.01914 0.00637 0.06238 0.99785
1661398749.155146122 -0.00991 0.02650 -0.00464 -0.01911 0.00640 0.06240 0.99785
1661398749.165145874 -0.00980 0.02641 -0.00465 -0.01909 0.00642 0.06241 0.99785
1661398749.175146103 -0.00969 0.02631 -0.00463 -0.01907 0.00644 0.06243 0.99785
1661398749.185145855 -0.00956 0.02620 -0.00460 -0.01906 0.00645 0.06245 0.99785
1661398749.195146084 -0.00944 0.02608 -0.00456 -0.01905 0.00646 0.06246 0.99784
1661398749.205146074 -0.00932 0.02596 -0.00451 -0.01905 0.00647 0.06247 0.99784
1661398749.215146065 -0.00922 0.02583 -0.00446 -0.01905 0.00647 0.06248 0.99784
1661398749.225146055 -0.00912 0.02570 -0.00440 -0.01906 0.00647 0.06248 0.99784
1661398749.235146046 -0.00905 0.02557 -0.00435 -0.01907 0.00646 0.06249 0.99784
1661398749.245146036 -0.00900 0.02545 -0.00431 -0.01909 0.00645 0.06249 0.99784
1661398749.255146027 -0.00898 0.02533 -0.00427 -0.01911 0.00643 0.06248 0.99784
1661398749.265146017 -0.00899 0.02522 -0.00424 -0.01914 0.00641 0.06247 0.99784
1661398749.275146008 -0.00902 0.02511 -0.00422 -0.01917 0.00639 0.06246 0.99784
1661398749.285145998 -0.00906 0.02501 -0.00421 -0.01920 0.00636 0.06245 0.99784
1661398749.295145988 -0.00911 0.02490 -0.00421 -0.01923 0.00634 0.06244 0.99784
1661398749.305145979 -0.00917 0.02480 -0.00421 -0.01927 0.00632 0.06243 0.99784
1661398749.315145969 -0.00924 0.02470 -0.00422 -0.01930 0.00630 0.06242 0.99784
1661398749.325145960 -0.00930 0.02460 -0.00423 -0.01932 0.00628 0.06241 0.99784
1661398749.335146189 -0.00936 0.02450 -0.00425 -0.01935 0.00627 0.06241 0.99784
1661398749.345145941 -0.00940 0.02440 -0.00427 -0.01936 0.00627 0.06240 0.99784
1661398749.355146170 -0.00944 0.02430 -0.00430 -0.01937 0.00627 0.06240 0.99784
1661398749.365145922 -0.00946 0.02420 -0.00433 -0.01938 0.00628 0.06240 0.99784
1661398749.375146151 -0.00947 0.02411 -0.00437 -0.01938 0.00629 0.06241 0.99784
1661398749.385145903 -0.00947 0.02402 -0.00440 -0.01938 0.00630 0.06241 0.99784
1661398749.395146132 -0.00947 0.02395 -0.00445 -0.01937 0.00631 0.06242 0.99784
1661398749.405145884 -0.00947 0.02390 -0.00449 -0.01936 0.00632 0.06243 0.99784
1661398749.415146112 -0.00948 0.02387 -0.00453 -0.01936 0.00633 0.06243 0.99784
1661398749.425145864 -0.00948 0.02387 -0.00458 -0.01935 0.00634 0.06244 0.99784
1661398749.435146093 -0.00950 0.02389 -0.00463 -0.01935 0.00633 0.06244 0.99784
1661398749.445145845 -0.00953 0.02395 -0.00467 -0.01935 0.00632 0.06245 0.99784
1661398749.455146074 -0.00956 0.02405 -0.00472 -0.01935 0.00630 0.06244 0.99784
1661398749.465146065 -0.00962 0.02417 -0.00477 -0.01936 0.00628 0.06244 0.99784
1661398749.475146055 -0.00968 0.02432 -0.00481 -0.01937 0.00625 0.06244 0.99784
1661398749.485146046 -0.00975 0.02449 -0.00486 -0.01938 0.00621 0.06243 0.99784
1661398749.495146036 -0.00983 0.02466 -0.00490 -0.01939 0.00618 0.06243 0.99784
1661398749.505146027 -0.00991 0.02483 -0.00494 -0.01940 0.00614 0.06242 0.99784
1661398749.515146017 -0.01000 0.02499 -0.00497 -0.01941 0.00611 0.06242 0.99784
1661398749.525146008 -0.01010 0.02515 -0.00500 -0.01942 0.00609 0.06243 0.99784
1661398749.535145998 -0.01020 0.02528 -0.00503 -0.01942 0.00607 0.06243 0.99784
1661398749.545145988 -0.01030 0.02538 -0.00505 -0.01942 0.00607 0.06245 0.99784
1661398749.555145979 -0.01039 0.02544 -0.00506 -0.01942 0.00608 0.06247 0.99784
1661398749.565145969 -0.01049 0.02548 -0.00507 -0.01941 0.00609 0.06249 0.99784
1661398749.575146198 -0.01060 0.02548 -0.00507 -0.01939 0.00612 0.06251 0.99784
1661398749.585145950 -0.01070 0.02546 -0.00507 -0.01938 0.00615 0.06254 0.99784
1661398749.595146179 -0.01080 0.02543 -0.00507 -0.01936 0.00618 0.06256 0.99783
1661398749.605145931 -0.01091 0.02538 -0.00506 -0.01935 0.00621 0.06258 0.99783
1661398749.615146160 -0.01102 0.02531 -0.00505 -0.01933 0.00624 0.06259 0.99783
1661398749.625145912 -0.01114 0.02524 -0.00504 -0.01932 0.00626 0.06259 0.99783
1661398749.635146141 -0.01126 0.02517 -0.00503 -0.01932 0.00627 0.06258 0.99783
1661398749.645145893 -0.01138 0.02510 -0.00502 -0.01932 0.00627 0.06256 0.99783
1661398749.655146122 -0.01152 0.02503 -0.00501 -0.01932 0.00625 0.06252 0.99784
1661398749.665145874 -0.01165 0.02497 -0.00500 -0.01934 0.00623 0.06247 0.99784
1661398749.675146103 -0.01179 0.02492 -0.00500 -0.01935 0.00620 0.06241 0.99784
1661398749.685145855 -0.01194 0.02486 -0.00499 -0.01937 0.00616 0.06234 0.99785
1661398749.695146084 -0.01208 0.02481 -0.00499 -0.01940 0.00613 0.06228 0.99785
1661398749.705146074 -0.01223 0.02477 -0.00498 -0.01942 0.00610 0.06221 0.99786
1661398749.715146065 -0.01238 0.02472 -0.00498 -0.01945 0.00609 0.06216 0.99786
1661398749.725146055 -0.01252 0.02468 -0.00498 -0.01947 0.00608 0.06212 0.99786
1661398749.735146046 -0.01267 0.02464 -0.00498 -0.01950 0.00610 0.06209 0.99786
