1661398632.415146112 0.00000 0.00000 0.00000 -0.01949 0.00389 0.00008 0.99980
1661398632.425145864 0.00000 0.00000 0.00000 -0.01949 0.00389 0.00008 0.99980
1661398632.435146093 0.00000 0.00000 0.00000 -0.01949 0.00389 0.00008 0.99980
1661398632.445145845 0.00000 0.00000 0.00000 -0.01949 0.00389 0.00008 0.99980
1661398632.455146074 0.00000 0.00000 -0.00000 -0.01949 0.00389 0.00008 0.99980
1661398632.465146065 0.00000 0.00001 -0.00000 -0.01949 0.00389 0.00008 0.99980
1661398632.475146055 0.00000 0.00002 -0.00000 -0.01949 0.00389 0.00008 0.99980
1661398632.485146046 0.00001 0.00005 -0.00000 -0.01949 0.00389 0.00007 0.99980
1661398632.495146036 0.00002 0.00010 -0.00000 -0.01949 0.00389 0.00007 0.99980
1661398632.505146027 0.00003 0.00017 -0.00001 -0.01949 0.00389 0.00007 0.99980
1661398632.515146017 0.00005 0.00028 -0.00001 -0.01949 0.00389 0.00007 0.99980
1661398632.525146008 0.00008 0.00041 -0.00002 -0.01948 0.00389 0.00007 0.99980
1661398632.535145998 0.00011 0.00059 -0.00002 -0.01948 0.00389 0.00007 0.99980
1661398632.545145988 0.00015 0.00081 -0.00003 -0.01948 0.00389 0.00006 0.99980
1661398632.555145979 0.00020 0.00107 -0.00004 -0.01947 0.00390 0.00006 0.99980
1661398632.565145969 0.00026 0.00137 -0.00006 -0.01947 0.00390 0.00005 0.99980
1661398632.575146198 0.00032 0.00170 -0.00007 -0.01947 0.00390 0.00005 0.99980
1661398632.585145950 0.00039 0.00205 -0.00008 -0.01946 0.00391 0.00004 0.99980
1661398632.595146179 0.00047 0.00240 -0.00008 -0.01946 0.00391 0.00003 0.99980
1661398632.605145931 0.00055 0.00274 -0.00009 -0.01946 0.00391 0.00003 0.99980
1661398632.615146160 0.00063 0.00308 -0.00008 -0.01946 0.00391 0.00002 0.99980
1661398632.625145912 0.00071 0.00338 -0.00008 -0.01946 0.00392 0.00001 0.99980
1661398632.635146141 0.00080 0.00365 -0.00006 -0.01946 0.00392 0.00000 0.99980
1661398632.645145893 0.00088 0.00387 -0.00003 -0.01947 0.00391 -0.00001 0.99980
1661398632.655146122 0.00096 0.00404 0.00000 -0.01948 0.00391 -0.00002 0.99980
1661398632.665145874 0.00103 0.00415 0.00005 -0.01949 0.00391 -0.00003 0.99980
1661398632.675146103 0.00109 0.00421 0.00010 -0.01951 0.00390 -0.00003 0.99980
1661398632.685145855 0.00114 0.00423 0.00016 -0.01952 0.00390 -0.00004 0.99980
1661398632.695146084 0.00116 0.00421 0.00023 -0.01953 0.00389 -0.00005 0.99980
1661398632.705146074 0.00116 0.00416 0.00031 -0.01954 0.00388 -0.00006 0.99980
1661398632.715146065 0.00112 0.00408 0.00040 -0.01954 0.00387 -0.00006 0.99980
1661398632.725146055 0.00105 0.00397 0.00049 -0.01955 0.00386 -0.00007 0.99980
1661398632.735146046 0.00094 0.00384 0.00059 -0.01954 0.00385 -0.00007 0.99980
1661398632.745146036 0.00078 0.00370 0.00069 -0.01953 0.00383 -0.00007 0.99980
1661398632.755146027 0.00058 0.00354 0.00080 -0.01951 0.00382 -0.00007 0.99980
1661398632.765146017 0.00034 0.00338 0.00091 -0.01949 0.00380 -0.00007 0.99980
1661398632.775146008 0.00008 0.00323 0.00103 -0.01946 0.00378 -0.00007 0.99980
1661398632.785145998 -0.00019 0.00308 0.00116 -0.01943 0.00377 -0.00007 0.99980
1661398632.795145988 -0.00045 0.00294 0.00129 -0.01940 0.00376 -0.00006 0.99980
1661398632.805145979 -0.00069 0.00283 0.00144 -0.01936 0.00375 -0.00006 0.99981
1661398632.815145969 -0.00090 0.00274 0.00159 -0.01933 0.00374 -0.00006 0.99981
1661398632.825145960 -0.00105 0.00269 0.00176 -0.01931 0.00374 -0.00006 0.99981
1661398632.835146189 -0.00114 0.00268 0.00194 -0.01928 0.00375 -0.00006 0.99981
1661398632.845145941 -0.00115 0.00271 0.00213 -0.01927 0.00377 -0.00006 0.99981
1661398632.855146170 -0.00106 0.00280 0.00234 -0.01926 0.00379 -0.00007 0.99981
1661398632.865145922 -0.00090 0.00292 0.00255 -0.01926 0.00382 -0.00007 0.99981
1661398632.875146151 -0.00068 0.00309 0.00276 -0.01926 0.00385 -0.00008 0.99981
1661398632.885145903 -0.00041 0.00328 0.00296 -0.01927 0.00389 -0.00009 0.99981
1661398632.895146132 -0.00010 0.00349 0.00314 -0.01928 0.00392 -0.00010 0.99981
1661398632.905145884 0.00022 0.00371 0.00330 -0.01929 0.00396 -0.00011 0.99981
1661398632.915146112 0.00054 0.00393 0.00343 -0.01931 0.00399 -0.00012 0.99981
1661398632.925145864 0.00086 0.00415 0.00351 -0.01932 0.00401 -0.00013 0.99981
1661398632.935146093 0.00114 0.00436 0.00355 -0.01933 0.00403 -0.00014 0.99980
1661398632.945145845 0.00138 0.00454 0.00354 -0.01934 0.00403 -0.00015 0.99980
1661398632.955146074 0.00157 0.00470 0.00346 -0.01935 0.00403 -0.00016 0.99980
1661398632.965146065 0.00170 0.00483 0.00333 -0.01936 0.00402 -0.00016 0.99980
1661398632.975146055 0.00180 0.00494 0.00316 -0.01936 0.00399 -0.00017 0.99980
1661398632.985146046 0.00186 0.00504 0.00296 -0.01936 0.00397 -0.00017 0.99980
1661398632.995146036 0.00189 0.00512 0.00273 -0.01936 0.00394 -0.00017 0.99980
1661398633.005146027 0.00190 0.00520 0.00249 -0.01936 0.00391 -0.00018 0.99980
1661398633.015146017 0.00191 0.00527 0.00225 -0.01935 0.00388 -0.00018 0.99981
1661398633.025146008 0.00191 0.00534 0.00201 -0.01935 0.00385 -0.00018 0.99981
1661398633.035145998 0.00192 0.00542 0.00180 -0.01934 0.00384 -0.00018 0.99981
1661398633.045145988 0.00195 0.00551 0.00161 -0.01933 0.00383 -0.00018 0.99981
1661398633.055145979 0.00199 0.00562 0.00145 -0.01932 0.00383 -0.00018 0.99981
1661398633.065145969 0.00205 0.00573 0.00133 -0.01932 0.00384 -0.00018 0.99981
1661398633.075146198 0.00212 0.00586 0.00123 -0.01931 0.00385 -0.00018 0.99981
1661398633.085145950 0.00219 0.00599 0.00115 -0.01930 0.00387 -0.00018 0.99981
1661398633.095146179 0.00225 0.00612 0.00109 -0.01929 0.00389 -0.00017 0.99981
1661398633.105145931 0.00230 0.00626 0.00103 -0.01928 0.00391 -0.00017 0.99981
1661398633.115146160 0.00233 0.00639 0.00098 -0.01927 0.00393 -0.00017 0.99981
1661398633.125145912 0.00232 0.00651 0.00092 -0.01926 0.00395 -0.00017 0.99981
1661398633.135146141 0.00227 0.00663 0.00085 -0.01925 0.00396 -0.00016 0.99981
1661398633.145145893 0.00219 0.00673 0.00076 -0.01924 0.00396 -0.00016 0.99981
1661398633.155146122 0.00205 0.00682 0.00066 -0.01923 0.00395 -0.00016 0.99981
1661398633.165145874 0.00186 0.00689 0.00054 -0.01922 0.00393 -0.00015 0.99981
1661398633.175146103 0.00164 0.00696 0.00040 -0.01921 0.00391 -0.00015 0.99981
1661398633.185145855 0.00140 0.00703 0.00026 -0.01920 0.00388 -0.00015 0.99981
1661398633.195146084 0.00113 0.00709 0.00011 -0.01919 0.00385 -0.00014 0.99981
1661398633.205146074 0.00086 0.00716 -0.00004 -0.01918 0.00382 -0.00014 0.99981
1661398633.215146065 0.00058 0.00723 -0.00019 -0.01917 0.00379 -0.00014 0.99981
1661398633.225146055 0.00032 0.00731 -0.00032 -0.01916 0.00377 -0.00014 0.99981
1661398633.235146046 0.00007 0.00740 -0.00045 -0.01915 0.00375 -0.00013 0.99981
1661398633.245146036 -0.00015 0.00751 -0.00055 -0.01914 0.00374 -0.00013 0.99981
1661398633.255146027 -0.00034 0.00763 -0.00064 -0.01913 0.00374 -0.00014 0.99981
1661398633.265146017 -0.00049 0.00777 -0.00070 -0.01912 0.00375 -0.00014 0.99981
1661398633.275146008 -0.00062 0.00792 -0.00075 -0.01911 0.00377 -0.00014 0.99981
1661398633.285145998 -0.00072 0.00806 -0.00078 -0.01910 0.00379 -0.00014 0.99981
1661398633.295145988 -0.00080 0.00820 -0.00080 -0.01909 0.00381 -0.00014 0.99981
1661398633.305145979 -0.00085 0.00832 -0.00080 -0.01908 0.00384 -0.00014 0.99981
1661398633.315145969 -0.00089 0.00842 -0.00079 -0.01908 0.00386 -0.00015 0.99981
1661398633.325145960 -0.00091 0.00849 -0.00077 -0.01907 0.00389 -0.00015 0.99981
1661398633.335146189 -0.00091 0.00852 -0.00074 -0.01907 0.00391 -0.00015 0.99981
1661398633.345145941 -0.00091 0.00851 -0.00071 -0.01907 0.00392 -0.00015 0.99981
1661398633.355146170 -0.00090 0.00845 -0.00067 -0.01907 0.00392 -0.00015 0.99981
1661398633.365145922 -0.00088 0.00835 -0.00062 -0.01907 0.00392 -0.00014 0.99981
1661398633.375146151 -0.00086 0.00822 -0.00058 -0.01908 0.00392 -0.00014 0.99981
1661398633.385145903 -0.00083 0.00806 -0.00053 -0.01908 0.00391 -0.00013 0.99981
1661398633.395146132 -0.00080 0.00789 -0.00049 -0.01909 0.00389 -0.00013 0.99981
1661398633.405145884 -0.00076 0.00771 -0.00045 -0.01910 0.00388 -0.00012 0.99981
1661398633.415146112 -0.00072 0.00753 -0.00042 -0.01910 0.00386 -0.00012 0.99981
1661398633.425145864 -0.00067 0.00736 -0.00039 -0.01911 0.00385 -0.00011 0.99981
1661398633.435146093 -0.00063 0.00720 -0.00038 -0.01912 0.00384 -0.00011 0.99981
1661398633.445145845 -0.00058 0.00707 -0.00038 -0.01912 0.00383 -0.00010 0.99981
1661398633.455146074 -0.00053 0.00698 -0.00039 -0.01913 0.00382 -0.00010 0.99981
1661398633.465146065 -0.00048 0.00691 -0.00041 -0.01914 0.00382 -0.00009 0.99981
1661398633.475146055 -0.00043 0.00688 -0.00046 -0.01914 0.00383 -0.00009 0.99981
1661398633.485146046 -0.00038 0.00687 -0.00052 -0.01914 0.00383 -0.00008 0.99981
1661398633.495146036 -0.00032 0.00688 -0.00060 -0.01914 0.00384 -0.00008 0.99981
1661398633.505146027 -0.00026 0.00692 -0.00070 -0.01914 0.00385 -0.00008 0.99981
1661398633.515146017 -0.00020 0.00697 -0.00083 -0.01914 0.00386 -0.00008 0.99981
1661398633.525146008 -0.00013 0.00704 -0.00098 -0.01914 0.00386 -0.00007 0.99981
1661398633.535145998 -0.00006 0.00712 -0.00116 -0.01913 0.00387 -0.00007 0.99981
1661398633.545145988 0.00002 0.00721 -0.00136 -0.01912 0.00387 -0.00007 0.99981
1661398633.555145979 0.00011 0.00731 -0.00160 -0.01911 0.00388 -0.00007 0.99981
1661398633.565145969 0.00019 0.00741 -0.00186 -0.01909 0.00388 -0.00007 0.99981
1661398633.575146198 0.00028 0.00752 -0.00214 -0.01908 0.00387 -0.00007 0.99981
1661398633.585145950 0.00036 0.00765 -0.00243 -0.01906 0.00387 -0.00007 0.99981
1661398633.595146179 0.00044 0.00778 -0.00272 -0.01904 0.00386 -0.00007 0.99981
1661398633.605145931 0.00050 0.00793 -0.00302 -0.01903 0.00385 -0.00007 0.99981
1661398633.615146160 0.00056 0.00809 -0.00331 -0.01901 0.00384 -0.00007 0.99981
1661398633.625145912 0.00060 0.00826 -0.00359 -0.01899 0.00382 -0.00008 0.99981
1661398633.635146141 0.00062 0.00845 -0.00385 -0.01897 0.00381 -0.00008 0.99981
1661398633.645145893 0.00062 0.00865 -0.00409 -0.01896 0.00379 -0.00009 0.99981
1661398633.655146122 0.00060 0.00886 -0.00430 -0.01894 0.00377 -0.00009 0.99981
1661398633.665145874 0.00055 0.00909 -0.00449 -0.01893 0.00376 -0.00010 0.99981
1661398633.675146103 0.00049 0.00932 -0.00465 -0.01892 0.00374 -0.00011 0.99981
1661398633.685145855 0.00042 0.00955 -0.00480 -0.01891 0.00372 -0.00012 0.99981
1661398633.695146084 0.00033 0.00976 -0.00493 -0.01890 0.00371 -0.00012 0.99981
1661398633.705146074 0.00024 0.00996 -0.00504 -0.01889 0.00369 -0.00013 0.99981
1661398633.715146065 0.00014 0.01013 -0.00515 -0.01889 0.00368 -0.00014 0.99981
1661398633.725146055 0.00005 0.01027 -0.00526 -0.01888 0.00367 -0.00014 0.99981
1661398633.735146046 -0.00004 0.01038 -0.00536 -0.01888 0.00366 -0.00014 0.99981
1661398633.745146036 -0.00012 0.01044 -0.00546 -0.01888 0.00366 -0.00015 0.99982
1661398633.755146027 -0.00019 0.01045 -0.00557 -0.01888 0.00366 -0.00014 0.99981
1661398633.765146017 -0.00025 0.01041 -0.00569 -0.01889 0.00367 -0.00014 0.99981
1661398633.775146008 -0.00030 0.01035 -0.00581 -0.01889 0.00368 -0.00014 0.99981
1661398633.785145998 -0.00034 0.01025 -0.00594 -0.01889 0.00368 -0.00013 0.99981
1661398633.795145988 -0.00038 0.01014 -0.00608 -0.01890 0.00369 -0.00012 0.99981
1661398633.805145979 -0.00042 0.01002 -0.00623 -0.01890 0.00370 -0.00011 0.99981
1661398633.815145969 -0.00045 0.00989 -0.00639 -0.01891 0.00371 -0.00011 0.99981
1661398633.825145960 -0.00048 0.00977 -0.00657 -0.01891 0.00371 -0.00010 0.99981
1661398633.835146189 -0.00052 0.00967 -0.00675 -0.01891 0.00371 -0.00009 0.99981
1661398633.845145941 -0.00056 0.00959 -0.00695 -0.01892 0.00370 -0.00009 0.99981
1661398633.855146170 -0.00060 0.00954 -0.00716 -0.01892 0.00369 -0.00009 0.99981
1661398633.865145922 -0.00064 0.00951 -0.00739 -0.01891 0.00367 -0.00009 0.99981
1661398633.875146151 -0.00069 0.00951 -0.00762 -0.01891 0.00365 -0.00009 0.99981
1661398633.885145903 -0.00073 0.00952 -0.00785 -0.01891 0.00363 -0.00009 0.99981
1661398633.895146132 -0.00077 0.00954 -0.00809 -0.01890 0.00361 -0.00009 0.99981
1661398633.905145884 -0.00081 0.00957 -0.00832 -0.01890 0.00359 -0.00010 0.99981
1661398633.915146112 -0.00084 0.00959 -0.00855 -0.01890 0.00357 -0.00010 0.99982
1661398633.925145864 -0.00086 0.00961 -0.00877 -0.01889 0.00355 -0.00010 0.99982
1661398633.935146093 -0.00087 0.00962 -0.00897 -0.01889 0.00354 -0.00010 0.99982
1661398633.945145845 -0.00087 0.00961 -0.00916 -0.01889 0.00353 -0.00010 0.99982
1661398633.955146074 -0.00086 0.00958 -0.00933 -0.01889 0.00352 -0.00010 0.99982
1661398633.965146065 -0.00084 0.00953 -0.00948 -0.01889 0.00353 -0.00010 0.99982
1661398633.975146055 -0.00080 0.00947 -0.00961 -0.01889 0.00354 -0.00010 0.99982
1661398633.985146046 -0.00077 0.00940 -0.00974 -0.01890 0.00355 -0.00010 0.99982
1661398633.995146036 -0.00073 0.00931 -0.00985 -0.01890 0.00356 -0.00010 0.99982
1661398634.005146027 -0.00069 0.00922 -0.00996 -0.01890 0.00357 -0.00009 0.99981
1661398634.015146017 -0.00065 0.00913 -0.01007 -0.01891 0.00359 -0.00009 0.99981
1661398634.025146008 -0.00062 0.00904 -0.01017 -0.01891 0.00360 -0.00008 0.99981
1661398634.035145998 -0.00060 0.00896 -0.01028 -0.01891 0.00361 -0.00008 0.99981
1661398634.045145988 -0.00059 0.00888 -0.01039 -0.01891 0.00362 -0.00007 0.99981
1661398634.055145979 -0.00059 0.00881 -0.01051 -0.01892 0.00362 -0.00007 0.99981
1661398634.065145969 -0.00061 0.00875 -0.01063 -0.01892 0.00362 -0.00006 0.99981
1661398634.075146198 -0.00063 0.00871 -0.01077 -0.01892 0.00362 -0.00006 0.99981
1661398634.085145950 -0.00066 0.00868 -0.01090 -0.01892 0.00361 -0.00006 0.99981
1661398634.095146179 -0.00068 0.00866 -0.01105 -0.01892 0.00360 -0.00005 0.99981
1661398634.105145931 -0.00071 0.00866 -0.01119 -0.01892 0.00359 -0.00005 0.99981
1661398634.115146160 -0.00073 0.00867 -0.01135 -0.01892 0.00358 -0.00005 0.99981
1661398634.125145912 -0.00073 0.00870 -0.01150 -0.01892 0.00357 -0.00005 0.99981
1661398634.135146141 -0.00073 0.00875 -0.01166 -0.01891 0.00356 -0.00005 0.99981
1661398634.145145893 -0.00071 0.00881 -0.01182 -0.01891 0.00355 -0.00005 0.99981
1661398634.155146122 -0.00067 0.00890 -0.01198 -0.01891 0.00354 -0.00006 0.99981
1661398634.165145874 -0.00062 0.00899 -0.01214 -0.01891 0.00354 -0.00006 0.99981
1661398634.175146103 -0.00056 0.00910 -0.01230 -0.01890 0.00353 -0.00007 0.99982
1661398634.185145855 -0.00049 0.00921 -0.01246 -0.01890 0.00353 -0.00007 0.99982
1661398634.195146084 -0.00043 0.00931 -0.01262 -0.01890 0.00353 -0.00008 0.99982
1661398634.205146074 -0.00037 0.00941 -0.01277 -0.01889 0.00353 -0.00009 0.99982
1661398634.215146065 -0.00032 0.00950 -0.01292 -0.01889 0.00353 -0.00009 0.99982
1661398634.225146055 -0.00028 0.00957 -0.01307 -0.01888 0.00354 -0.00010 0.99982
1661398634.235146046 -0.00027 0.00961 -0.01320 -0.01888 0.00354 -0.00010 0.99982
1661398634.245146036 -0.00028 0.00963 -0.01333 -0.01888 0.00354 -0.00011 0.99982
1661398634.255146027 -0.00032 0.00962 -0.01345 -0.01887 0.00355 -0.00011 0.99982
1661398634.265146017 -0.00039 0.00958 -0.01357 -0.01886 0.00355 -0.00011 0.99982
1661398634.275146008 -0.00048 0.00952 -0.01368 -0.01886 0.00355 -0.00011 0.99982
1661398634.285145998 -0.00058 0.00945 -0.01379 -0.01885 0.00355 -0.00011 0.99982
1661398634.295145988 -0.00068 0.00936 -0.01390 -0.01885 0.00355 -0.00011 0.99982
1661398634.305145979 -0.00079 0.00927 -0.01401 -0.01884 0.00355 -0.00011 0.99982
1661398634.315145969 -0.00090 0.00919 -0.01414 -0.01884 0.00355 -0.00010 0.99982
1661398634.325145960 -0.00100 0.00910 -0.01427 -0.01883 0.00355 -0.00010 0.99982
1661398634.335146189 -0.00108 0.00904 -0.01441 -0.01882 0.00354 -0.00010 0.99982
1661398634.345145941 -0.00113 0.00899 -0.01457 -0.01882 0.00353 -0.00010 0.99982
1661398634.355146170 -0.00117 0.00896 -0.01474 -0.01882 0.00352 -0.00009 0.99982
1661398634.365145922 -0.00118 0.00895 -0.01493 -0.01881 0.00351 -0.00009 0.99982
1661398634.375146151 -0.00117 0.00897 -0.01514 -0.01881 0.00350 -0.00009 0.99982
1661398634.385145903 -0.00115 0.00901 -0.01535 -0.01880 0.00349 -0.00009 0.99982
1661398634.395146132 -0.00112 0.00906 -0.01557 -0.01880 0.00347 -0.00009 0.99982
1661398634.405145884 -0.00108 0.00913 -0.01580 -0.01879 0.00346 -0.00009 0.99982
1661398634.415146112 -0.00105 0.00921 -0.01604 -0.01879 0.00345 -0.00009 0.99982
1661398634.425145864 -0.00101 0.00931 -0.01628 -0.01879 0.00344 -0.00009 0.99982
1661398634.435146093 -0.00099 0.00942 -0.01651 -0.01878 0.00343 -0.00009 0.99982
1661398634.445145845 -0.00098 0.00953 -0.01675 -0.01878 0.00343 -0.00009 0.99982
1661398634.455146074 -0.00098 0.00966 -0.01699 -0.01877 0.00342 -0.00009 0.99982
1661398634.465146065 -0.00099 0.00979 -0.01722 -0.01877 0.00342 -0.00010 0.99982
1661398634.475146055 -0.00101 0.00992 -0.01745 -0.01876 0.00343 -0.00010 0.99982
1661398634.485146046 -0.00104 0.01006 -0.01767 -0.01876 0.00343 -0.00010 0.99982
1661398634.495146036 -0.00106 0.01019 -0.01789 -0.01876 0.00344 -0.00011 0.99982
1661398634.505146027 -0.00108 0.01032 -0.01809 -0.01875 0.00344 -0.00011 0.99982
1661398634.515146017 -0.00109 0.01045 -0.01829 -0.01875 0.00345 -0.00011 0.99982
1661398634.525146008 -0.00109 0.01058 -0.01848 -0.01875 0.00345 -0.00012 0.99982
1661398634.535145998 -0.00106 0.01069 -0.01867 -0.01875 0.00345 -0.00012 0.99982
1661398634.545145988 -0.00102 0.01080 -0.01884 -0.01875 0.00345 -0.00012 0.99982
1661398634.555145979 -0.00094 0.01089 -0.01899 -0.01875 0.00345 -0.00012 0.99982
1661398634.565145969 -0.00085 0.01097 -0.01914 -0.01875 0.00344 -0.00013 0.99982
1661398634.575146198 -0.00074 0.01103 -0.01928 -0.01876 0.00343 -0.00013 0.99982
1661398634.585145950 -0.00062 0.01108 -0.01942 -0.01876 0.00342 -0.00013 0.99982
1661398634.595146179 -0.00050 0.01110 -0.01955 -0.01877 0.00341 -0.00013 0.99982
1661398634.605145931 -0.00038 0.01111 -0.01968 -0.01877 0.00340 -0.00013 0.99982
1661398634.615146160 -0.00027 0.01109 -0.01981 -0.01878 0.00339 -0.00013 0.99982
1661398634.625145912 -0.00018 0.01104 -0.01995 -0.01879 0.00338 -0.00013 0.99982
1661398634.635146141 -0.00011 0.01097 -0.02008 -0.01879 0.00338 -0.00013 0.99982
1661398634.645145893 -0.00006 0.01086 -0.02023 -0.01880 0.00337 -0.00013 0.99982
1661398634.655146122 -0.00005 0.01073 -0.02038 -0.01880 0.00337 -0.00013 0.99982
1661398634.665145874 -0.00007 0.01057 -0.02054 -0.01880 0.00337 -0.00013 0.99982
1661398634.675146103 -0.00011 0.01039 -0.02071 -0.01880 0.00337 -0.00013 0.99982
1661398634.685145855 -0.00017 0.01019 -0.02088 -0.01880 0.00337 -0.00012 0.99982
1661398634.695146084 -0.00025 0.01000 -0.02106 -0.01880 0.00337 -0.00012 0.99982
1661398634.705146074 -0.00033 0.00980 -0.02125 -0.01880 0.00337 -0.00012 0.99982
1661398634.715146065 -0.00041 0.00960 -0.02144 -0.01880 0.00338 -0.00011 0.99982
1661398634.725146055 -0.00049 0.00942 -0.02164 -0.01880 0.00338 -0.00011 0.99982
1661398634.735146046 -0.00056 0.00925 -0.02184 -0.01880 0.00338 -0.00011 0.99982
1661398634.745146036 -0.00062 0.00912 -0.02205 -0.01879 0.00338 -0.00011 0.99982
1661398634.755146027 -0.00066 0.00901 -0.02226 -0.01878 0.00337 -0.00011 0.99982
1661398634.765146017 -0.00068 0.00892 -0.02247 -0.01878 0.00336 -0.00010 0.99982
1661398634.775146008 -0.00068 0.00886 -0.02268 -0.01877 0.00336 -0.00010 0.99982
1661398634.785145998 -0.00067 0.00881 -0.02290 -0.01877 0.00334 -0.00010 0.99982
1661398634.795145988 -0.00064 0.00877 -0.02313 -0.01876 0.00333 -0.00010 0.99982
1661398634.805145979 -0.00060 0.00874 -0.02335 -0.01875 0.00332 -0.00010 0.99982
1661398634.815145969 -0.00054 0.00871 -0.02358 -0.01875 0.00331 -0.00010 0.99982
1661398634.825145960 -0.00048 0.00867 -0.02381 -0.01874 0.00330 -0.00010 0.99982
1661398634.835146189 -0.00040 0.00863 -0.02405 -0.01874 0.00329 -0.00010 0.99982
1661398634.845145941 -0.00031 0.00857 -0.02429 -0.01874 0.00327 -0.00009 0.99982
1661398634.855146170 -0.00021 0.00849 -0.02453 -0.01874 0.00326 -0.00009 0.99982
1661398634.865145922 -0.00010 0.00839 -0.02477 -0.01875 0.00326 -0.00008 0.99982
1661398634.875146151 0.00001 0.00829 -0.02500 -0.01875 0.00325 -0.00008 0.99982
1661398634.885145903 0.00013 0.00817 -0.02523 -0.01876 0.00324 -0.00007 0.99982
1661398634.895146132 0.00026 0.00804 -0.02545 -0.01877 0.00323 -0.00007 0.99982
1661398634.905145884 0.00040 0.00791 -0.02565 -0.01877 0.00323 -0.00006 0.99982
1661398634.915146112 0.00054 0.00779 -0.02584 -0.01878 0.00322 -0.00005 0.99982
1661398634.925145864 0.00068 0.00766 -0.02601 -0.01879 0.00322 -0.00005 0.99982
1661398634.935146093 0.00083 0.00754 -0.02615 -0.01880 0.00322 -0.00004 0.99982
1661398634.945145845 0.00098 0.00744 -0.02627 -0.01881 0.00321 -0.00004 0.99982
1661398634.955146074 0.00114 0.00734 -0.02635 -0.01881 0.00321 -0.00004 0.99982
1661398634.965146065 0.00130 0.00726 -0.02642 -0.01882 0.00321 -0.00004 0.99982
1661398634.975146055 0.00145 0.00719 -0.02646 -0.01882 0.00321 -0.00003 0.99982
1661398634.985146046 0.00160 0.00714 -0.02650 -0.01883 0.00320 -0.00003 0.99982
1661398634.995146036 0.00173 0.00709 -0.02653 -0.01883 0.00320 -0.00003 0.99982
1661398635.005146027 0.00186 0.00706 -0.02656 -0.01883 0.00320 -0.00003 0.99982
1661398635.015146017 0.00197 0.00704 -0.02660 -0.01884 0.00320 -0.00004 0.99982
1661398635.025146008 0.00206 0.00703 -0.02666 -0.01884 0.00320 -0.00004 0.99982
1661398635.035145998 0.00213 0.00703 -0.02673 -0.01884 0.00320 -0.00004 0.99982
1661398635.045145988 0.00217 0.00704 -0.02683 -0.01884 0.00320 -0.00004 0.99982
1661398635.055145979 0.00218 0.00706 -0.02697 -0.01884 0.00319 -0.00004 0.99982
1661398635.065145969 0.00217 0.00709 -0.02713 -0.01884 0.00319 -0.00004 0.99982
1661398635.075146198 0.00214 0.00712 -0.02732 -0.01884 0.00319 -0.00004 0.99982
1661398635.085145950 0.00208 0.00716 -0.02753 -0.01884 0.00319 -0.00004 0.99982
1661398635.095146179 0.00201 0.00720 -0.02777 -0.01884 0.00319 -0.00004 0.99982
1661398635.105145931 0.00193 0.00724 -0.02801 -0.01883 0.00319 -0.00005 0.99982
1661398635.115146160 0.00184 0.00728 -0.02827 -0.01883 0.00319 -0.00005 0.99982
1661398635.125145912 0.00174 0.00732 -0.02853 -0.01883 0.00319 -0.00005 0.99982
1661398635.135146141 0.00164 0.00736 -0.02880 -0.01883 0.00318 -0.00005 0.99982
1661398635.145145893 0.00154 0.00739 -0.02907 -0.01883 0.00318 -0.00005 0.99982
1661398635.155146122 0.00144 0.00741 -0.02933 -0.01882 0.00318 -0.00006 0.99982
1661398635.165145874 0.00135 0.00742 -0.02959 -0.01882 0.00317 -0.00006 0.99982
1661398635.175146103 0.00126 0.00742 -0.02984 -0.01882 0.00316 -0.00007 0.99982
1661398635.185145855 0.00119 0.00741 -0.03008 -0.01881 0.00316 -0.00007 0.99982
1661398635.195146084 0.00112 0.00739 -0.03031 -0.01881 0.00315 -0.00007 0.99982
1661398635.205146074 0.00106 0.00736 -0.03053 -0.01881 0.00314 -0.00008 0.99982
1661398635.215146065 0.00102 0.00732 -0.03073 -0.01881 0.00314 -0.00008 0.99982
1661398635.225146055 0.00099 0.00726 -0.03091 -0.01881 0.00313 -0.00008 0.99982
1661398635.235146046 0.00098 0.00719 -0.03108 -0.01881 0.00312 -0.00008 0.99982
1661398635.245146036 0.00098 0.00711 -0.03123 -0.01881 0.00312 -0.00008 0.99982
1661398635.255146027 0.00101 0.00701 -0.03135 -0.01881 0.00311 -0.00008 0.99982
1661398635.265146017 0.00106 0.00690 -0.03146 -0.01881 0.00311 -0.00008 0.99982
1661398635.275146008 0.00112 0.00679 -0.03154 -0.01882 0.00310 -0.00008 0.99982
1661398635.285145998 0.00119 0.00667 -0.03162 -0.01882 0.00310 -0.00008 0.99982
1661398635.295145988 0.00127 0.00656 -0.03168 -0.01882 0.00309 -0.00008 0.99982
1661398635.305145979 0.00136 0.00646 -0.03172 -0.01883 0.00309 -0.00007 0.99982
1661398635.315145969 0.00146 0.00638 -0.03177 -0.01883 0.00308 -0.00007 0.99982
1661398635.325145960 0.00156 0.00631 -0.03180 -0.01884 0.00308 -0.00007 0.99982
1661398635.335146189 0.00166 0.00627 -0.03183 -0.01885 0.00308 -0.00006 0.99982
1661398635.345145941 0.00176 0.00625 -0.03187 -0.01886 0.00308 -0.00006 0.99982
1661398635.355146170 0.00185 0.00627 -0.03190 -0.01887 0.00307 -0.00006 0.99982
1661398635.365145922 0.00194 0.00631 -0.03193 -0.01887 0.00307 -0.00006 0.99982
1661398635.375146151 0.00203 0.00638 -0.03197 -0.01888 0.00307 -0.00006 0.99982
1661398635.385145903 0.00211 0.00646 -0.03202 -0.01889 0.00307 -0.00006 0.99982
1661398635.395146132 0.00219 0.00655 -0.03207 -0.01890 0.00307 -0.00006 0.99982
1661398635.405145884 0.00226 0.00663 -0.03213 -0.01891 0.00307 -0.00006 0.99982
1661398635.415146112 0.00233 0.00671 -0.03220 -0.01891 0.00307 -0.00007 0.99982
1661398635.425145864 0.00240 0.00678 -0.03227 -0.01892 0.00307 -0.00007 0.99982
1661398635.435146093 0.00247 0.00683 -0.03236 -0.01892 0.00307 -0.00007 0.99982
1661398635.445145845 0.00254 0.00686 -0.03247 -0.01891 0.00306 -0.00007 0.99982
1661398635.455146074 0.00260 0.00685 -0.03258 -0.01891 0.00306 -0.00007 0.99982
1661398635.465146065 0.00267 0.00681 -0.03271 -0.01890 0.00306 -0.00007 0.99982
1661398635.475146055 0.00273 0.00675 -0.03285 -0.01889 0.00305 -0.00007 0.99982
1661398635.485146046 0.00279 0.00667 -0.03299 -0.01888 0.00305 -0.00007 0.99982
1661398635.495146036 0.00286 0.00657 -0.03314 -0.01887 0.00304 -0.00007 0.99982
1661398635.505146027 0.00292 0.00647 -0.03329 -0.01886 0.00303 -0.00007 0.99982
1661398635.515146017 0.00299 0.00635 -0.03344 -0.01885 0.00303 -0.00007 0.99982
1661398635.525146008 0.00305 0.00624 -0.03359 -0.01884 0.00302 -0.00006 0.99982
1661398635.535145998 0.00312 0.00612 -0.03373 -0.01883 0.00301 -0.00006 0.99982
1661398635.545145988 0.00320 0.00601 -0.03387 -0.01882 0.00301 -0.00005 0.99982
1661398635.555145979 0.00327 0.00591 -0.03400 -0.01881 0.00300 -0.00005 0.99982
1661398635.565145969 0.00335 0.00582 -0.03412 -0.01881 0.00299 -0.00004 0.99982
1661398635.575146198 0.00342 0.00574 -0.03423 -0.01880 0.00299 -0.00003 0.99982
1661398635.585145950 0.00348 0.00565 -0.03435 -0.01880 0.00298 -0.00002 0.99982
1661398635.595146179 0.00354 0.00557 -0.03446 -0.01880 0.00297 -0.00002 0.99982
1661398635.605145931 0.00359 0.00548 -0.03457 -0.01880 0.00296 -0.00001 0.99982
1661398635.615146160 0.00362 0.00539 -0.03469 -0.01880 0.00296 0.00000 0.99982
1661398635.625145912 0.00364 0.00528 -0.03481 -0.01881 0.00295 0.00001 0.99982
1661398635.635146141 0.00364 0.00517 -0.03494 -0.01881 0.00295 0.00001 0.99982
1661398635.645145893 0.00361 0.00503 -0.03508 -0.01882 0.00294 0.00002 0.99982
1661398635.655146122 0.00356 0.00489 -0.03523 -0.01882 0.00293 0.00002 0.99982
1661398635.665145874 0.00349 0.00473 -0.03539 -0.01883 0.00293 0.00003 0.99982
1661398635.675146103 0.00340 0.00456 -0.03556 -0.01883 0.00292 0.00003 0.99982
1661398635.685145855 0.00330 0.00438 -0.03573 -0.01884 0.00292 0.00003 0.99982
1661398635.695146084 0.00320 0.00421 -0.03590 -0.01884 0.00291 0.00003 0.99982
1661398635.705146074 0.00310 0.00404 -0.03607 -0.01885 0.00291 0.00003 0.99982
1661398635.715146065 0.00301 0.00388 -0.03623 -0.01885 0.00290 0.00003 0.99982
1661398635.725146055 0.00292 0.00374 -0.03639 -0.01886 0.00290 0.00003 0.99982
1661398635.735146046 0.00286 0.00361 -0.03654 -0.01886 0.00290 0.00003 0.99982
1661398635.745146036 0.00281 0.00351 -0.03667 -0.01886 0.00289 0.00004 0.99982
1661398635.755146027 0.00279 0.00344 -0.03678 -0.01885 0.00289 0.00004 0.99982
1661398635.765146017 0.00279 0.00339 -0.03689 -0.01885 0.00289 0.00004 0.99982
1661398635.775146008 0.00281 0.00336 -0.03698 -0.01885 0.00288 0.00004 0.99982
1661398635.785145998 0.00285 0.00335 -0.03706 -0.01884 0.00288 0.00005 0.99982
1661398635.795145988 0.00290 0.00335 -0.03713 -0.01884 0.00288 0.00005 0.99982
1661398635.805145979 0.00296 0.00336 -0.03720 -0.01883 0.00288 0.00006 0.99982
1661398635.815145969 0.00303 0.00338 -0.03727 -0.01883 0.00288 0.00006 0.99982
1661398635.825145960 0.00310 0.00341 -0.03733 -0.01883 0.00288 0.00006 0.99982
1661398635.835146189 0.00317 0.00343 -0.03740 -0.01883 0.00288 0.00007 0.99982
1661398635.845145941 0.00324 0.00345 -0.03747 -0.01883 0.00288 0.00007 0.99982
1661398635.855146170 0.00330 0.00347 -0.03755 -0.01883 0.00288 0.00007 0.99982
1661398635.865145922 0.00335 0.00347 -0.03763 -0.01884 0.00288 0.00007 0.99982
1661398635.875146151 0.00340 0.00348 -0.03771 -0.01884 0.00289 0.00007 0.99982
1661398635.885145903 0.00344 0.00347 -0.03780 -0.01885 0.00289 0.00007 0.99982
1661398635.895146132 0.00347 0.00346 -0.03788 -0.01886 0.00289 0.00006 0.99982
1661398635.905145884 0.00350 0.00345 -0.03796 -0.01887 0.00289 0.00006 0.99982
1661398635.915146112 0.00352 0.00343 -0.03803 -0.01888 0.00290 0.00006 0.99982
1661398635.925145864 0.00354 0.00341 -0.03809 -0.01889 0.00290 0.00006 0.99982
1661398635.935146093 0.00354 0.00339 -0.03814 -0.01890 0.00290 0.00006 0.99982
1661398635.945145845 0.00354 0.00336 -0.03817 -0.01891 0.00290 0.00006 0.99982
1661398635.955146074 0.00353 0.00333 -0.03819 -0.01892 0.00290 0.00006 0.99982
1661398635.965146065 0.00352 0.00330 -0.03820 -0.01892 0.00290 0.00005 0.99982
1661398635.975146055 0.00350 0.00327 -0.03820 -0.01892 0.00290 0.00005 0.99982
1661398635.985146046 0.00348 0.00324 -0.03819 -0.01893 0.00290 0.00005 0.99982
1661398635.995146036 0.00346 0.00321 -0.03818 -0.01893 0.00290 0.00005 0.99982
1661398636.005146027 0.00344 0.00318 -0.03816 -0.01893 0.00289 0.00005 0.99982
1661398636.015146017 0.00341 0.00316 -0.03815 -0.01893 0.00289 0.00005 0.99982
1661398636.025146008 0.00339 0.00313 -0.03814 -0.01893 0.00289 0.00005 0.99982
1661398636.035145998 0.00338 0.00311 -0.03814 -0.01893 0.00289 0.00005 0.99982
1661398636.045145988 0.00337 0.00309 -0.03814 -0.01894 0.00289 0.00004 0.99982
1661398636.055145979 0.00336 0.00308 -0.03816 -0.01894 0.00289 0.00004 0.99982
1661398636.065145969 0.00336 0.00306 -0.03819 -0.01894 0.00288 0.00003 0.99982
1661398636.075146198 0.00337 0.00305 -0.03823 -0.01894 0.00288 0.00003 0.99982
1661398636.085145950 0.00338 0.00304 -0.03828 -0.01894 0.00288 0.00002 0.99982
1661398636.095146179 0.00339 0.00303 -0.03833 -0.01895 0.00288 0.00001 0.99982
1661398636.105145931 0.00340 0.00301 -0.03839 -0.01895 0.00288 0.00000 0.99982
1661398636.115146160 0.00341 0.00299 -0.03845 -0.01895 0.00288 -0.00000 0.99982
1661398636.125145912 0.00341 0.00296 -0.03850 -0.01895 0.00288 -0.00001 0.99982
1661398636.135146141 0.00342 0.00293 -0.03856 -0.01895 0.00288 -0.00001 0.99982
1661398636.145145893 0.00342 0.00289 -0.03861 -0.01895 0.00288 -0.00001 0.99982
1661398636.155146122 0.00342 0.00284 -0.03866 -0.01895 0.00288 -0.00001 0.99982
1661398636.165145874 0.00341 0.00278 -0.03870 -0.01895 0.00287 -0.00001 0.99982
1661398636.175146103 0.00340 0.00271 -0.03874 -0.01894 0.00287 -0.00001 0.99982
1661398636.185145855 0.00340 0.00264 -0.03877 -0.01894 0.00287 -0.00001 0.99982
1661398636.195146084 0.00339 0.00257 -0.03880 -0.01894 0.00286 -0.00000 0.99982
1661398636.205146074 0.00339 0.00250 -0.03882 -0.01893 0.00286 0.00000 0.99982
1661398636.215146065 0.00340 0.00244 -0.03884 -0.01893 0.00285 0.00001 0.99982
1661398636.225146055 0.00341 0.00238 -0.03886 -0.01893 0.00285 0.00001 0.99982
1661398636.235146046 0.00344 0.00233 -0.03887 -0.01893 0.00285 0.00001 0.99982
1661398636.245146036 0.00347 0.00229 -0.03888 -0.01893 0.00284 0.00002 0.99982
1661398636.255146027 0.00352 0.00227 -0.03888 -0.01893 0.00284 0.00002 0.99982
1661398636.265146017 0.00358 0.00225 -0.03888 -0.01894 0.00284 0.00002 0.99982
1661398636.275146008 0.00365 0.00225 -0.03888 -0.01894 0.00284 0.00002 0.99982
1661398636.285145998 0.00373 0.00226 -0.03887 -0.01895 0.00284 0.00002 0.99982
1661398636.295145988 0.00381 0.00227 -0.03885 -0.01896 0.00284 0.00002 0.99982
1661398636.305145979 0.00389 0.00230 -0.03883 -0.01897 0.00284 0.00002 0.99982
1661398636.315145969 0.00398 0.00234 -0.03880 -0.01898 0.00284 0.00002 0.99982
1661398636.325145960 0.00406 0.00238 -0.03876 -0.01899 0.00285 0.00002 0.99982
1661398636.335146189 0.00414 0.00243 -0.03871 -0.01900 0.00285 0.00002 0.99982
1661398636.345145941 0.00422 0.00249 -0.03865 -0.01902 0.00285 0.00002 0.99982
1661398636.355146170 0.00429 0.00256 -0.03858 -0.01903 0.00286 0.00002 0.99981
1661398636.365145922 0.00435 0.00263 -0.03850 -0.01904 0.00286 0.00002 0.99981
1661398636.375146151 0.00442 0.00270 -0.03841 -0.01905 0.00287 0.00002 0.99981
1661398636.385145903 0.00448 0.00276 -0.03832 -0.01907 0.00288 0.00003 0.99981
1661398636.395146132 0.00455 0.00282 -0.03822 -0.01908 0.00288 0.00003 0.99981
1661398636.405145884 0.00463 0.00287 -0.03811 -0.01909 0.00289 0.00003 0.99981
1661398636.415146112 0.00472 0.00291 -0.03800 -0.01910 0.00290 0.00004 0.99981
1661398636.425145864 0.00482 0.00294 -0.03789 -0.01911 0.00290 0.00004 0.99981
1661398636.435146093 0.00494 0.00295 -0.03778 -0.01912 0.00291 0.00004 0.99981
1661398636.445145845 0.00508 0.00293 -0.03767 -0.01913 0.00291 0.00005 0.99981
1661398636.455146074 0.00524 0.00290 -0.03756 -0.01913 0.00292 0.00005 0.99981
1661398636.465146065 0.00541 0.00284 -0.03745 -0.01913 0.00292 0.00005 0.99981
1661398636.475146055 0.00560 0.00277 -0.03734 -0.01914 0.00292 0.00005 0.99981
1661398636.485146046 0.00579 0.00268 -0.03724 -0.01914 0.00292 0.00005 0.99981
1661398636.495146036 0.00597 0.00258 -0.03714 -0.01914 0.00292 0.00005 0.99981
1661398636.505146027 0.00614 0.00248 -0.03704 -0.01914 0.00291 0.00005 0.99981
1661398636.515146017 0.00629 0.00238 -0.03695 -0.01914 0.00291 0.00005 0.99981
1661398636.525146008 0.00641 0.00228 -0.03686 -0.01913 0.00291 0.00005 0.99981
1661398636.535145998 0.00650 0.00219 -0.03679 -0.01913 0.00290 0.00005 0.99981
1661398636.545145988 0.00655 0.00210 -0.03671 -0.01914 0.00290 0.00005 0.99981
1661398636.555145979 0.00655 0.00203 -0.03665 -0.01914 0.00289 0.00005 0.99981
1661398636.565145969 0.00651 0.00196 -0.03659 -0.01914 0.00288 0.00006 0.99981
1661398636.575146198 0.00643 0.00190 -0.03654 -0.01914 0.00288 0.00006 0.99981
1661398636.585145950 0.00634 0.00184 -0.03650 -0.01915 0.00287 0.00006 0.99981
1661398636.595146179 0.00622 0.00178 -0.03646 -0.01915 0.00286 0.00006 0.99981
1661398636.605145931 0.00608 0.00171 -0.03643 -0.01915 0.00286 0.00006 0.99981
1661398636.615146160 0.00595 0.00162 -0.03641 -0.01916 0.00285 0.00007 0.99981
1661398636.625145912 0.00581 0.00152 -0.03639 -0.01916 0.00284 0.00007 0.99981
1661398636.635146141 0.00569 0.00140 -0.03638 -0.01917 0.00284 0.00007 0.99981
1661398636.645145893 0.00558 0.00125 -0.03638 -0.01917 0.00284 0.00008 0.99981
1661398636.655146122 0.00549 0.00107 -0.03638 -0.01917 0.00283 0.00008 0.99981
1661398636.665145874 0.00542 0.00087 -0.03639 -0.01917 0.00283 0.00009 0.99981
1661398636.675146103 0.00537 0.00066 -0.03640 -0.01918 0.00283 0.00009 0.99981
1661398636.685145855 0.00533 0.00044 -0.03641 -0.01918 0.00283 0.00009 0.99981
1661398636.695146084 0.00530 0.00023 -0.03642 -0.01918 0.00284 0.00010 0.99981
1661398636.705146074 0.00528 0.00002 -0.03643 -0.01918 0.00284 0.00010 0.99981
1661398636.715146065 0.00526 -0.00017 -0.03644 -0.01918 0.00284 0.00010 0.99981
1661398636.725146055 0.00525 -0.00034 -0.03645 -0.01917 0.00284 0.00010 0.99981
1661398636.735146046 0.00522 -0.00048 -0.03644 -0.01917 0.00284 0.00010 0.99981
1661398636.745146036 0.00519 -0.00057 -0.03643 -0.01917 0.00285 0.00010 0.99981
1661398636.755146027 0.00515 -0.00062 -0.03642 -0.01917 0.00285 0.00010 0.99981
1661398636.765146017 0.00510 -0.00063 -0.03639 -0.01917 0.00285 0.00010 0.99981
1661398636.775146008 0.00505 -0.00061 -0.03635 -0.01917 0.00285 0.00009 0.99981
1661398636.785145998 0.00499 -0.00055 -0.03631 -0.01916 0.00285 0.00008 0.99981
1661398636.795145988 0.00492 -0.00048 -0.03626 -0.01916 0.00285 0.00008 0.99981
1661398636.805145979 0.00486 -0.00038 -0.03621 -0.01915 0.00285 0.00007 0.99981
1661398636.815145969 0.00479 -0.00028 -0.03614 -0.01915 0.00285 0.00007 0.99981
1661398636.825145960 0.00473 -0.00018 -0.03608 -0.01914 0.00286 0.00006 0.99981
1661398636.835146189 0.00467 -0.00008 -0.03601 -0.01913 0.00286 0.00006 0.99981
1661398636.845145941 0.00462 0.00001 -0.03593 -0.01912 0.00286 0.00005 0.99981
1661398636.855146170 0.00458 0.00008 -0.03585 -0.01911 0.00287 0.00005 0.99981
1661398636.865145922 0.00454 0.00014 -0.03577 -0.01910 0.00287 0.00005 0.99981
1661398636.875146151 0.00451 0.00018 -0.03569 -0.01908 0.00288 0.00005 0.99981
1661398636.885145903 0.00449 0.00021 -0.03561 -0.01907 0.00289 0.00005 0.99981
1661398636.895146132 0.00447 0.00023 -0.03553 -0.01906 0.00290 0.00005 0.99981
1661398636.905145884 0.00446 0.00024 -0.03545 -0.01905 0.00290 0.00005 0.99981
1661398636.915146112 0.00446 0.00024 -0.03538 -0.01904 0.00291 0.00005 0.99981
1661398636.925145864 0.00446 0.00023 -0.03531 -0.01903 0.00292 0.00005 0.99981
1661398636.935146093 0.00446 0.00021 -0.03525 -0.01903 0.00293 0.00005 0.99981
1661398636.945145845 0.00447 0.00019 -0.03520 -0.01903 0.00293 0.00005 0.99981
1661398636.955146074 0.00449 0.00016 -0.03516 -0.01903 0.00294 0.00006 0.99981
1661398636.965146065 0.00450 0.00013 -0.03512 -0.01904 0.00294 0.00006 0.99981
1661398636.975146055 0.00452 0.00009 -0.03510 -0.01905 0.00294 0.00006 0.99981
1661398636.985146046 0.00454 0.00005 -0.03507 -0.01906 0.00294 0.00006 0.99981
1661398636.995146036 0.00457 -0.00000 -0.03505 -0.01908 0.00294 0.00007 0.99981
1661398637.005146027 0.00459 -0.00006 -0.03503 -0.01909 0.00294 0.00007 0.99981
1661398637.015146017 0.00462 -0.00012 -0.03501 -0.01911 0.00294 0.00007 0.99981
1661398637.025146008 0.00465 -0.00019 -0.03499 -0.01913 0.00293 0.00008 0.99981
1661398637.035145998 0.00468 -0.00027 -0.03496 -0.01914 0.00293 0.00008 0.99981
1661398637.045145988 0.00471 -0.00035 -0.03492 -0.01916 0.00292 0.00009 0.99981
1661398637.055145979 0.00473 -0.00044 -0.03488 -0.01917 0.00292 0.00009 0.99981
1661398637.065145969 0.00476 -0.00054 -0.03483 -0.01918 0.00291 0.00010 0.99981
1661398637.075146198 0.00479 -0.00064 -0.03480 -0.01919 0.00290 0.00010 0.99981
1661398637.085145950 0.00482 -0.00075 -0.03478 -0.01920 0.00290 0.00011 0.99981
1661398637.095146179 0.00484 -0.00086 -0.03480 -0.01920 0.00289 0.00012 0.99981
1661398637.105145931 0.00486 -0.00097 -0.03484 -0.01921 0.00288 0.00012 0.99981
1661398637.115146160 0.00488 -0.00108 -0.03494 -0.01921 0.00287 0.00013 0.99981
1661398637.125145912 0.00489 -0.00119 -0.03509 -0.01921 0.00286 0.00013 0.99981
1661398637.135146141 0.00491 -0.00130 -0.03530 -0.01920 0.00285 0.00013 0.99981
1661398637.145145893 0.00491 -0.00141 -0.03558 -0.01920 0.00284 0.00013 0.99981
1661398637.155146122 0.00492 -0.00151 -0.03594 -0.01919 0.00283 0.00013 0.99981
1661398637.165145874 0.00491 -0.00161 -0.03638 -0.01918 0.00282 0.00013 0.99981
1661398637.175146103 0.00490 -0.00171 -0.03689 -0.01917 0.00281 0.00013 0.99981
1661398637.185145855 0.00489 -0.00180 -0.03745 -0.01916 0.00280 0.00012 0.99981
1661398637.195146084 0.00487 -0.00190 -0.03807 -0.01915 0.00279 0.00012 0.99981
1661398637.205146074 0.00485 -0.00199 -0.03873 -0.01914 0.00279 0.00011 0.99981
1661398637.215146065 0.00481 -0.00208 -0.03944 -0.01913 0.00278 0.00011 0.99981
1661398637.225146055 0.00478 -0.00217 -0.04017 -0.01912 0.00278 0.00010 0.99981
1661398637.235146046 0.00473 -0.00226 -0.04093 -0.01911 0.00278 0.00010 0.99981
1661398637.245146036 0.00468 -0.00235 -0.04171 -0.01911 0.00278 0.00009 0.99981
1661398637.255146027 0.00461 -0.00244 -0.04250 -0.01911 0.00278 0.00009 0.99981
1661398637.265146017 0.00455 -0.00254 -0.04329 -0.01911 0.00278 0.00008 0.99981
1661398637.275146008 0.00448 -0.00263 -0.04408 -0.01911 0.00279 0.00008 0.99981
1661398637.285145998 0.00440 -0.00272 -0.04486 -0.01912 0.00280 0.00007 0.99981
1661398637.295145988 0.00433 -0.00281 -0.04564 -0.01912 0.00281 0.00007 0.99981
1661398637.305145979 0.00425 -0.00290 -0.04639 -0.01913 0.00282 0.00007 0.99981
1661398637.315145969 0.00418 -0.00298 -0.04711 -0.01914 0.00283 0.00007 0.99981
1661398637.325145960 0.00411 -0.00306 -0.04780 -0.01914 0.00283 0.00006 0.99981
1661398637.335146189 0.00405 -0.00314 -0.04846 -0.01914 0.00284 0.00006 0.99981
1661398637.345145941 0.00400 -0.00321 -0.04907 -0.01914 0.00285 0.00006 0.99981
1661398637.355146170 0.00395 -0.00327 -0.04963 -0.01914 0.00285 0.00005 0.99981
1661398637.365145922 0.00392 -0.00333 -0.05015 -0.01914 0.00285 0.00005 0.99981
1661398637.375146151 0.00389 -0.00338 -0.05062 -0.01913 0.00286 0.00005 0.99981
1661398637.385145903 0.00387 -0.00343 -0.05105 -0.01912 0.00285 0.00005 0.99981
1661398637.395146132 0.00385 -0.00347 -0.05143 -0.01911 0.00285 0.00004 0.99981
1661398637.405145884 0.00385 -0.00351 -0.05178 -0.01910 0.00285 0.00004 0.99981
1661398637.415146112 0.00384 -0.00354 -0.05210 -0.01909 0.00284 0.00004 0.99981
1661398637.425145864 0.00385 -0.00358 -0.05238 -0.01908 0.00284 0.00004 0.99981
1661398637.435146093 0.00385 -0.00360 -0.05263 -0.01908 0.00283 0.00004 0.99981
1661398637.445145845 0.00386 -0.00363 -0.05286 -0.01907 0.00282 0.00004 0.99981
1661398637.455146074 0.00387 -0.00365 -0.05306 -0.01906 0.00281 0.00004 0.99981
1661398637.465146065 0.00389 -0.00367 -0.05323 -0.01906 0.00280 0.00004 0.99981
1661398637.475146055 0.00390 -0.00369 -0.05339 -0.01905 0.00278 0.00005 0.99981
1661398637.485146046 0.00392 -0.00371 -0.05353 -0.01905 0.00277 0.00005 0.99981
1661398637.495146036 0.00394 -0.00373 -0.05365 -0.01905 0.00276 0.00005 0.99981
1661398637.505146027 0.00396 -0.00374 -0.05375 -0.01905 0.00275 0.00005 0.99981
1661398637.515146017 0.00398 -0.00375 -0.05384 -0.01905 0.00274 0.00006 0.99981
1661398637.525146008 0.00400 -0.00377 -0.05392 -0.01904 0.00273 0.00006 0.99981
1661398637.535145998 0.00402 -0.00377 -0.05400 -0.01904 0.00273 0.00006 0.99981
1661398637.545145988 0.00405 -0.00378 -0.05406 -0.01904 0.00272 0.00006 0.99981
1661398637.555145979 0.00407 -0.00379 -0.05412 -0.01904 0.00272 0.00006 0.99981
1661398637.565145969 0.00409 -0.00379 -0.05417 -0.01904 0.00272 0.00006 0.99982
1661398637.575146198 0.00411 -0.00379 -0.05422 -0.01904 0.00272 0.00006 0.99982
1661398637.585145950 0.00413 -0.00379 -0.05427 -0.01904 0.00273 0.00007 0.99982
1661398637.595146179 0.00415 -0.00379 -0.05431 -0.01903 0.00273 0.00006 0.99982
1661398637.605145931 0.00417 -0.00379 -0.05434 -0.01903 0.00273 0.00006 0.99982
1661398637.615146160 0.00418 -0.00379 -0.05438 -0.01903 0.00273 0.00006 0.99982
1661398637.625145912 0.00419 -0.00379 -0.05441 -0.01903 0.00273 0.00006 0.99982
1661398637.635146141 0.00420 -0.00378 -0.05443 -0.01904 0.00272 0.00006 0.99982
1661398637.645145893 0.00420 -0.00378 -0.05446 -0.01904 0.00271 0.00006 0.99982
1661398637.655146122 0.00421 -0.00377 -0.05448 -0.01905 0.00269 0.00006 0.99981
1661398637.665145874 0.00420 -0.00376 -0.05450 -0.01905 0.00268 0.00006 0.99981
1661398637.675146103 0.00420 -0.00376 -0.05452 -0.01906 0.00266 0.00006 0.99981
1661398637.685145855 0.00420 -0.00375 -0.05453 -0.01906 0.00263 0.00006 0.99981
1661398637.695146084 0.00419 -0.00375 -0.05454 -0.01907 0.00261 0.00006 0.99981
1661398637.705146074 0.00419 -0.00374 -0.05455 -0.01908 0.00259 0.00006 0.99981
1661398637.715146065 0.00419 -0.00374 -0.05456 -0.01908 0.00257 0.00006 0.99981
1661398637.725146055 0.00419 -0.00374 -0.05456 -0.01908 0.00256 0.00006 0.99981
1661398637.735146046 0.00420 -0.00374 -0.05456 -0.01908 0.00255 0.00007 0.99981
1661398637.745146036 0.00421 -0.00374 -0.05456 -0.01908 0.00254 0.00007 0.99981
1661398637.755146027 0.00422 -0.00375 -0.05455 -0.01907 0.00254 0.00007 0.99981
1661398637.765146017 0.00424 -0.00376 -0.05454 -0.01906 0.00255 0.00007 0.99982
1661398637.775146008 0.00426 -0.00377 -0.05453 -0.01905 0.00257 0.00007 0.99982
1661398637.785145998 0.00428 -0.00378 -0.05451 -0.01904 0.00258 0.00007 0.99982
1661398637.795145988 0.00431 -0.00379 -0.05450 -0.01902 0.00261 0.00007 0.99982
1661398637.805145979 0.00433 -0.00380 -0.05448 -0.01901 0.00263 0.00007 0.99982
1661398637.815145969 0.00436 -0.00381 -0.05446 -0.01900 0.00266 0.00007 0.99982
1661398637.825145960 0.00438 -0.00382 -0.05445 -0.01899 0.00268 0.00007 0.99982
1661398637.835146189 0.00440 -0.00383 -0.05443 -0.01898 0.00271 0.00007 0.99982
1661398637.845145941 0.00441 -0.00383 -0.05442 -0.01898 0.00274 0.00007 0.99982
1661398637.855146170 0.00442 -0.00384 -0.05441 -0.01897 0.00276 0.00007 0.99982
1661398637.865145922 0.00443 -0.00384 -0.05440 -0.01898 0.00278 0.00007 0.99982
1661398637.875146151 0.00443 -0.00384 -0.05439 -0.01898 0.00280 0.00007 0.99982
1661398637.885145903 0.00443 -0.00383 -0.05438 -0.01899 0.00282 0.00007 0.99982
1661398637.895146132 0.00442 -0.00383 -0.05438 -0.01899 0.00283 0.00006 0.99982
1661398637.905145884 0.00442 -0.00383 -0.05437 -0.01900 0.00283 0.00006 0.99982
1661398637.915146112 0.00441 -0.00383 -0.05437 -0.01901 0.00283 0.00006 0.99982
1661398637.925145864 0.00440 -0.00382 -0.05436 -0.01902 0.00283 0.00006 0.99982
1661398637.935146093 0.00439 -0.00382 -0.05436 -0.01902 0.00281 0.00006 0.99982
1661398637.945145845 0.00439 -0.00382 -0.05435 -0.01902 0.00279 0.00006 0.99982
1661398637.955146074 0.00438 -0.00383 -0.05434 -0.01902 0.00276 0.00006 0.99982
1661398637.965146065 0.00438 -0.00384 -0.05434 -0.01902 0.00273 0.00006 0.99982
1661398637.975146055 0.00437 -0.00384 -0.05433 -0.01901 0.00269 0.00006 0.99982
1661398637.985146046 0.00437 -0.00385 -0.05432 -0.01901 0.00265 0.00007 0.99982
1661398637.995146036 0.00437 -0.00387 -0.05432 -0.01900 0.00261 0.00007 0.99982
1661398638.005146027 0.00437 -0.00388 -0.05431 -0.01899 0.00258 0.00007 0.99982
1661398638.015146017 0.00437 -0.00389 -0.05430 -0.01898 0.00255 0.00008 0.99982
1661398638.025146008 0.00438 -0.00390 -0.05430 -0.01897 0.00253 0.00008 0.99982
1661398638.035145998 0.00438 -0.00391 -0.05429 -0.01897 0.00253 0.00008 0.99982
1661398638.045145988 0.00439 -0.00392 -0.05429 -0.01896 0.00253 0.00009 0.99982
1661398638.055145979 0.00439 -0.00393 -0.05428 -0.01896 0.00256 0.00009 0.99982
1661398638.065145969 0.00440 -0.00394 -0.05428 -0.01896 0.00259 0.00009 0.99982
1661398638.075146198 0.00441 -0.00395 -0.05428 -0.01896 0.00264 0.00009 0.99982
1661398638.085145950 0.00441 -0.00395 -0.05428 -0.01896 0.00269 0.00009 0.99982
1661398638.095146179 0.00442 -0.00396 -0.05428 -0.01896 0.00274 0.00009 0.99982
1661398638.105145931 0.00442 -0.00396 -0.05428 -0.01896 0.00279 0.00009 0.99982
1661398638.115146160 0.00442 -0.00397 -0.05428 -0.01896 0.00284 0.00009 0.99982
1661398638.125145912 0.00442 -0.00397 -0.05428 -0.01896 0.00288 0.00009 0.99982
1661398638.135146141 0.00441 -0.00398 -0.05428 -0.01897 0.00290 0.00009 0.99982
1661398638.145145893 0.00440 -0.00398 -0.05428 -0.01897 0.00291 0.00009 0.99982
1661398638.155146122 0.00438 -0.00399 -0.05427 -0.01897 0.00290 0.00009 0.99982
1661398638.165145874 0.00435 -0.00399 -0.05427 -0.01897 0.00288 0.00009 0.99982
1661398638.175146103 0.00433 -0.00400 -0.05426 -0.01897 0.00284 0.00009 0.99982
1661398638.185145855 0.00430 -0.00400 -0.05425 -0.01897 0.00280 0.00009 0.99982
1661398638.195146084 0.00427 -0.00401 -0.05424 -0.01897 0.00275 0.00010 0.99982
1661398638.205146074 0.00424 -0.00401 -0.05424 -0.01897 0.00270 0.00010 0.99982
1661398638.215146065 0.00421 -0.00402 -0.05423 -0.01897 0.00265 0.00010 0.99982
1661398638.225146055 0.00419 -0.00403 -0.05422 -0.01896 0.00261 0.00010 0.99982
1661398638.235146046 0.00417 -0.00403 -0.05421 -0.01896 0.00258 0.00010 0.99982
1661398638.245146036 0.00416 -0.00404 -0.05421 -0.01896 0.00257 0.00010 0.99982
1661398638.255146027 0.00415 -0.00404 -0.05420 -0.01896 0.00258 0.00010 0.99982
1661398638.265146017 0.00415 -0.00405 -0.05420 -0.01896 0.00259 0.00010 0.99982
1661398638.275146008 0.00415 -0.00406 -0.05420 -0.01896 0.00262 0.00010 0.99982
1661398638.285145998 0.00416 -0.00406 -0.05420 -0.01896 0.00266 0.00010 0.99982
1661398638.295145988 0.00417 -0.00407 -0.05420 -0.01896 0.00271 0.00010 0.99982
1661398638.305145979 0.00418 -0.00407 -0.05419 -0.01896 0.00275 0.00010 0.99982
1661398638.315145969 0.00418 -0.00407 -0.05419 -0.01896 0.00280 0.00010 0.99982
1661398638.325145960 0.00419 -0.00408 -0.05419 -0.01895 0.00283 0.00010 0.99982
1661398638.335146189 0.00420 -0.00408 -0.05419 -0.01895 0.00286 0.00010 0.99982
1661398638.345145941 0.00420 -0.00408 -0.05419 -0.01895 0.00288 0.00010 0.99982
1661398638.355146170 0.00420 -0.00409 -0.05418 -0.01895 0.00288 0.00010 0.99982
1661398638.365145922 0.00419 -0.00409 -0.05418 -0.01895 0.00288 0.00010 0.99982
1661398638.375146151 0.00418 -0.00409 -0.05418 -0.01895 0.00286 0.00010 0.99982
1661398638.385145903 0.00417 -0.00409 -0.05417 -0.01895 0.00283 0.00010 0.99982
1661398638.395146132 0.00415 -0.00409 -0.05417 -0.01895 0.00280 0.00010 0.99982
1661398638.405145884 0.00414 -0.00409 -0.05417 -0.01895 0.00276 0.00010 0.99982
1661398638.415146112 0.00412 -0.00409 -0.05416 -0.01895 0.00273 0.00010 0.99982
1661398638.425145864 0.00411 -0.00409 -0.05416 -0.01895 0.00269 0.00010 0.99982
1661398638.435146093 0.00410 -0.00409 -0.05416 -0.01895 0.00267 0.00010 0.99982
1661398638.445145845 0.00409 -0.00409 -0.05416 -0.01895 0.00265 0.00010 0.99982
1661398638.455146074 0.00409 -0.00408 -0.05416 -0.01896 0.00264 0.00010 0.99982
1661398638.465146065 0.00409 -0.00408 -0.05417 -0.01896 0.00264 0.00010 0.99982
1661398638.475146055 0.00409 -0.00408 -0.05417 -0.01896 0.00264 0.00010 0.99982
1661398638.485146046 0.00410 -0.00408 -0.05418 -0.01896 0.00265 0.00010 0.99982
1661398638.495146036 0.00411 -0.00408 -0.05418 -0.01896 0.00267 0.00010 0.99982
1661398638.505146027 0.00411 -0.00408 -0.05419 -0.01896 0.00269 0.00010 0.99982
1661398638.515146017 0.00412 -0.00408 -0.05419 -0.01896 0.00270 0.00010 0.99982
1661398638.525146008 0.00413 -0.00408 -0.05420 -0.01897 0.00272 0.00010 0.99982
1661398638.535145998 0.00413 -0.00408 -0.05420 -0.01897 0.00274 0.00010 0.99982
1661398638.545145988 0.00414 -0.00409 -0.05420 -0.01897 0.00275 0.00010 0.99982
1661398638.555145979 0.00414 -0.00409 -0.05420 -0.01897 0.00276 0.00010 0.99982
1661398638.565145969 0.00413 -0.00409 -0.05420 -0.01897 0.00276 0.00010 0.99982
1661398638.575146198 0.00413 -0.00409 -0.05420 -0.01897 0.00276 0.00010 0.99982
1661398638.585145950 0.00412 -0.00410 -0.05420 -0.01897 0.00276 0.00010 0.99982
1661398638.595146179 0.00411 -0.00410 -0.05419 -0.01897 0.00276 0.00010 0.99982
1661398638.605145931 0.00411 -0.00411 -0.05419 -0.01896 0.00275 0.00010 0.99982
1661398638.615146160 0.00410 -0.00411 -0.05419 -0.01896 0.00274 0.00010 0.99982
1661398638.625145912 0.00409 -0.00412 -0.05418 -0.01896 0.00274 0.00010 0.99982
1661398638.635146141 0.00408 -0.00412 -0.05418 -0.01896 0.00273 0.00010 0.99982
1661398638.645145893 0.00408 -0.00412 -0.05417 -0.01895 0.00272 0.00011 0.99982
1661398638.655146122 0.00407 -0.00413 -0.05417 -0.01895 0.00272 0.00011 0.99982
1661398638.665145874 0.00407 -0.00413 -0.05417 -0.01894 0.00271 0.00011 0.99982
1661398638.675146103 0.00407 -0.00413 -0.05416 -0.01894 0.00271 0.00011 0.99982
1661398638.685145855 0.00407 -0.00414 -0.05416 -0.01894 0.00271 0.00011 0.99982
1661398638.695146084 0.00407 -0.00414 -0.05416 -0.01894 0.00271 0.00011 0.99982
1661398638.705146074 0.00406 -0.00414 -0.05416 -0.01894 0.00271 0.00011 0.99982
1661398638.715146065 0.00406 -0.00414 -0.05416 -0.01894 0.00270 0.00011 0.99982
1661398638.725146055 0.00406 -0.00413 -0.05417 -0.01894 0.00270 0.00011 0.99982
1661398638.735146046 0.00405 -0.00413 -0.05417 -0.01895 0.00270 0.00011 0.99982
1661398638.745146036 0.00405 -0.00412 -0.05418 -0.01897 0.00269 0.00011 0.99982
1661398638.755146027 0.00404 -0.00411 -0.05419 -0.01898 0.00268 0.00011 0.99982
1661398638.765146017 0.00402 -0.00410 -0.05421 -0.01901 0.00268 0.00011 0.99982
1661398638.775146008 0.00401 -0.00409 -0.05422 -0.01903 0.00267 0.00011 0.99982
1661398638.785145998 0.00400 -0.00408 -0.05423 -0.01905 0.00266 0.00011 0.99981
1661398638.795145988 0.00399 -0.00407 -0.05425 -0.01907 0.00265 0.00011 0.99981
1661398638.805145979 0.00398 -0.00406 -0.05426 -0.01909 0.00264 0.00011 0.99981
1661398638.815145969 0.00397 -0.00405 -0.05427 -0.01911 0.00263 0.00011 0.99981
1661398638.825145960 0.00396 -0.00405 -0.05428 -0.01912 0.00262 0.00011 0.99981
1661398638.835146189 0.00396 -0.00404 -0.05428 -0.01912 0.00261 0.00010 0.99981
1661398638.845145941 0.00396 -0.00404 -0.05428 -0.01912 0.00260 0.00010 0.99981
1661398638.855146170 0.00396 -0.00404 -0.05428 -0.01911 0.00260 0.00010 0.99981
1661398638.865145922 0.00397 -0.00404 -0.05427 -0.01909 0.00260 0.00010 0.99981
1661398638.875146151 0.00398 -0.00405 -0.05426 -0.01906 0.00260 0.00010 0.99981
1661398638.885145903 0.00400 -0.00405 -0.05425 -0.01903 0.00261 0.00010 0.99982
1661398638.895146132 0.00401 -0.00406 -0.05423 -0.01900 0.00262 0.00010 0.99982
1661398638.905145884 0.00402 -0.00407 -0.05422 -0.01897 0.00263 0.00010 0.99982
1661398638.915146112 0.00404 -0.00407 -0.05420 -0.01894 0.00264 0.00010 0.99982
1661398638.925145864 0.00405 -0.00408 -0.05419 -0.01891 0.00266 0.00010 0.99982
1661398638.935146093 0.00406 -0.00409 -0.05418 -0.01889 0.00268 0.00010 0.99982
1661398638.945145845 0.00406 -0.00409 -0.05417 -0.01887 0.00270 0.00010 0.99982
1661398638.955146074 0.00406 -0.00409 -0.05417 -0.01886 0.00273 0.00010 0.99982
1661398638.965146065 0.00406 -0.00409 -0.05417 -0.01886 0.00276 0.00010 0.99982
1661398638.975146055 0.00405 -0.00409 -0.05417 -0.01887 0.00279 0.00010 0.99982
1661398638.985146046 0.00405 -0.00409 -0.05418 -0.01887 0.00281 0.00010 0.99982
1661398638.995146036 0.00403 -0.00409 -0.05418 -0.01889 0.00284 0.00010 0.99982
1661398639.005146027 0.00402 -0.00408 -0.05419 -0.01890 0.00286 0.00010 0.99982
1661398639.015146017 0.00401 -0.00408 -0.05420 -0.01891 0.00287 0.00010 0.99982
1661398639.025146008 0.00400 -0.00407 -0.05421 -0.01893 0.00288 0.00010 0.99982
1661398639.035145998 0.00398 -0.00407 -0.05422 -0.01894 0.00287 0.00010 0.99982
1661398639.045145988 0.00397 -0.00406 -0.05423 -0.01896 0.00285 0.00010 0.99982
1661398639.055145979 0.00396 -0.00406 -0.05424 -0.01896 0.00282 0.00009 0.99982
1661398639.065145969 0.00395 -0.00405 -0.05425 -0.01897 0.00278 0.00009 0.99982
1661398639.075146198 0.00394 -0.00405 -0.05426 -0.01897 0.00273 0.00009 0.99982
1661398639.085145950 0.00394 -0.00405 -0.05427 -0.01897 0.00268 0.00009 0.99982
1661398639.095146179 0.00393 -0.00405 -0.05427 -0.01897 0.00263 0.00008 0.99982
1661398639.105145931 0.00393 -0.00404 -0.05428 -0.01897 0.00258 0.00008 0.99982
1661398639.115146160 0.00393 -0.00404 -0.05429 -0.01896 0.00254 0.00008 0.99982
1661398639.125145912 0.00394 -0.00404 -0.05430 -0.01896 0.00251 0.00008 0.99982
1661398639.135146141 0.00394 -0.00404 -0.05430 -0.01895 0.00249 0.00008 0.99982
1661398639.145145893 0.00395 -0.00404 -0.05431 -0.01895 0.00250 0.00008 0.99982
1661398639.155146122 0.00396 -0.00404 -0.05432 -0.01894 0.00252 0.00008 0.99982
1661398639.165145874 0.00397 -0.00404 -0.05432 -0.01894 0.00256 0.00008 0.99982
1661398639.175146103 0.00399 -0.00405 -0.05433 -0.01894 0.00261 0.00008 0.99982
1661398639.185145855 0.00400 -0.00405 -0.05433 -0.01893 0.00268 0.00009 0.99982
1661398639.195146084 0.00401 -0.00405 -0.05434 -0.01893 0.00274 0.00009 0.99982
1661398639.205146074 0.00402 -0.00405 -0.05434 -0.01893 0.00280 0.00009 0.99982
1661398639.215146065 0.00403 -0.00405 -0.05435 -0.01892 0.00286 0.00010 0.99982
1661398639.225146055 0.00404 -0.00406 -0.05435 -0.01892 0.00290 0.00010 0.99982
1661398639.235146046 0.00404 -0.00406 -0.05435 -0.01892 0.00293 0.00010 0.99982
1661398639.245146036 0.00403 -0.00406 -0.05435 -0.01892 0.00294 0.00010 0.99982
1661398639.255146027 0.00403 -0.00407 -0.05434 -0.01892 0.00293 0.00011 0.99982
1661398639.265146017 0.00401 -0.00407 -0.05434 -0.01891 0.00290 0.00011 0.99982
1661398639.275146008 0.00399 -0.00408 -0.05433 -0.01891 0.00285 0.00011 0.99982
1661398639.285145998 0.00397 -0.00408 -0.05433 -0.01891 0.00279 0.00011 0.99982
1661398639.295145988 0.00395 -0.00409 -0.05432 -0.01891 0.00273 0.00010 0.99982
1661398639.305145979 0.00393 -0.00409 -0.05431 -0.01891 0.00266 0.00010 0.99982
1661398639.315145969 0.00392 -0.00410 -0.05431 -0.01891 0.00260 0.00010 0.99982
1661398639.325145960 0.00390 -0.00410 -0.05430 -0.01891 0.00255 0.00010 0.99982
1661398639.335146189 0.00389 -0.00411 -0.05430 -0.01891 0.00251 0.00010 0.99982
1661398639.345145941 0.00388 -0.00411 -0.05430 -0.01891 0.00249 0.00010 0.99982
1661398639.355146170 0.00388 -0.00412 -0.05430 -0.01892 0.00249 0.00010 0.99982
1661398639.365145922 0.00388 -0.00413 -0.05430 -0.01892 0.00251 0.00010 0.99982
1661398639.375146151 0.00389 -0.00414 -0.05430 -0.01892 0.00254 0.00011 0.99982
1661398639.385145903 0.00390 -0.00414 -0.05431 -0.01892 0.00259 0.00011 0.99982
1661398639.395146132 0.00392 -0.00415 -0.05431 -0.01892 0.00264 0.00011 0.99982
1661398639.405145884 0.00393 -0.00416 -0.05431 -0.01892 0.00270 0.00011 0.99982
1661398639.415146112 0.00394 -0.00416 -0.05432 -0.01893 0.00275 0.00011 0.99982
1661398639.425145864 0.00395 -0.00417 -0.05432 -0.01893 0.00280 0.00011 0.99982
1661398639.435146093 0.00396 -0.00418 -0.05432 -0.01893 0.00284 0.00012 0.99982
1661398639.445145845 0.00396 -0.00418 -0.05432 -0.01893 0.00286 0.00012 0.99982
1661398639.455146074 0.00396 -0.00418 -0.05432 -0.01893 0.00287 0.00012 0.99982
1661398639.465146065 0.00395 -0.00419 -0.05431 -0.01893 0.00287 0.00012 0.99982
1661398639.475146055 0.00394 -0.00419 -0.05431 -0.01893 0.00285 0.00012 0.99982
1661398639.485146046 0.00393 -0.00419 -0.05430 -0.01892 0.00283 0.00012 0.99982
1661398639.495146036 0.00391 -0.00419 -0.05429 -0.01892 0.00279 0.00012 0.99982
1661398639.505146027 0.00390 -0.00419 -0.05429 -0.01892 0.00276 0.00011 0.99982
1661398639.515146017 0.00388 -0.00419 -0.05428 -0.01892 0.00272 0.00011 0.99982
1661398639.525146008 0.00386 -0.00419 -0.05427 -0.01892 0.00269 0.00011 0.99982
1661398639.535145998 0.00385 -0.00419 -0.05426 -0.01891 0.00265 0.00011 0.99982
1661398639.545145988 0.00384 -0.00418 -0.05426 -0.01891 0.00263 0.00011 0.99982
1661398639.555145979 0.00383 -0.00418 -0.05426 -0.01891 0.00261 0.00011 0.99982
1661398639.565145969 0.00383 -0.00417 -0.05426 -0.01891 0.00261 0.00011 0.99982
1661398639.575146198 0.00383 -0.00417 -0.05426 -0.01892 0.00261 0.00011 0.99982
1661398639.585145950 0.00383 -0.00416 -0.05426 -0.01892 0.00262 0.00011 0.99982
1661398639.595146179 0.00384 -0.00416 -0.05426 -0.01892 0.00263 0.00011 0.99982
1661398639.605145931 0.00384 -0.00415 -0.05426 -0.01892 0.00265 0.00011 0.99982
1661398639.615146160 0.00385 -0.00415 -0.05426 -0.01892 0.00266 0.00011 0.99982
1661398639.625145912 0.00386 -0.00414 -0.05427 -0.01892 0.00269 0.00011 0.99982
1661398639.635146141 0.00387 -0.00414 -0.05427 -0.01893 0.00271 0.00011 0.99982
1661398639.645145893 0.00387 -0.00413 -0.05427 -0.01893 0.00273 0.00011 0.99982
1661398639.655146122 0.00388 -0.00413 -0.05427 -0.01893 0.00275 0.00011 0.99982
1661398639.665145874 0.00388 -0.00413 -0.05427 -0.01893 0.00276 0.00011 0.99982
1661398639.675146103 0.00389 -0.00412 -0.05427 -0.01894 0.00278 0.00011 0.99982
1661398639.685145855 0.00389 -0.00412 -0.05427 -0.01894 0.00279 0.00011 0.99982
1661398639.695146084 0.00389 -0.00412 -0.05427 -0.01894 0.00280 0.00011 0.99982
1661398639.705146074 0.00389 -0.00412 -0.05427 -0.01894 0.00280 0.00011 0.99982
1661398639.715146065 0.00389 -0.00412 -0.05427 -0.01894 0.00281 0.00011 0.99982
1661398639.725146055 0.00389 -0.00412 -0.05426 -0.01894 0.00280 0.00011 0.99982
1661398639.735146046 0.00389 -0.00412 -0.05426 -0.01894 0.00280 0.00011 0.99982
1661398639.745146036 0.00389 -0.00412 -0.05426 -0.01894 0.00278 0.00011 0.99982
1661398639.755146027 0.00388 -0.00412 -0.05426 -0.01894 0.00276 0.00011 0.99982
1661398639.765146017 0.00388 -0.00412 -0.05425 -0.01893 0.00274 0.00011 0.99982
1661398639.775146008 0.00387 -0.00412 -0.05425 -0.01893 0.00272 0.00011 0.99982
1661398639.785145998 0.00386 -0.00412 -0.05425 -0.01892 0.00270 0.00011 0.99982
1661398639.795145988 0.00386 -0.00412 -0.05425 -0.01892 0.00267 0.00011 0.99982
1661398639.805145979 0.00385 -0.00412 -0.05425 -0.01891 0.00265 0.00011 0.99982
1661398639.815145969 0.00385 -0.00412 -0.05425 -0.01891 0.00263 0.00010 0.99982
1661398639.825145960 0.00385 -0.00412 -0.05425 -0.01891 0.00262 0.00010 0.99982
1661398639.835146189 0.00385 -0.00412 -0.05425 -0.01890 0.00262 0.00010 0.99982
1661398639.845145941 0.00385 -0.00412 -0.05425 -0.01890 0.00262 0.00010 0.99982
1661398639.855146170 0.00386 -0.00412 -0.05425 -0.01890 0.00264 0.00010 0.99982
1661398639.865145922 0.00387 -0.00412 -0.05426 -0.01890 0.00266 0.00010 0.99982
1661398639.875146151 0.00388 -0.00412 -0.05426 -0.01891 0.00269 0.00010 0.99982
1661398639.885145903 0.00389 -0.00412 -0.05426 -0.01891 0.00272 0.00010 0.99982
1661398639.895146132 0.00390 -0.00412 -0.05427 -0.01891 0.00276 0.00010 0.99982
1661398639.905145884 0.00391 -0.00412 -0.05427 -0.01892 0.00279 0.00010 0.99982
1661398639.915146112 0.00393 -0.00412 -0.05427 -0.01892 0.00282 0.00010 0.99982
1661398639.925145864 0.00394 -0.00411 -0.05427 -0.01893 0.00284 0.00010 0.99982
1661398639.935146093 0.00395 -0.00411 -0.05428 -0.01893 0.00286 0.00010 0.99982
1661398639.945145845 0.00395 -0.00411 -0.05428 -0.01894 0.00286 0.00010 0.99982
1661398639.955146074 0.00396 -0.00410 -0.05428 -0.01894 0.00285 0.00010 0.99982
1661398639.965146065 0.00396 -0.00410 -0.05428 -0.01895 0.00284 0.00010 0.99982
1661398639.975146055 0.00396 -0.00409 -0.05427 -0.01895 0.00281 0.00010 0.99982
1661398639.985146046 0.00395 -0.00409 -0.05427 -0.01895 0.00278 0.00010 0.99982
1661398639.995146036 0.00395 -0.00408 -0.05427 -0.01896 0.00275 0.00011 0.99982
1661398640.005146027 0.00395 -0.00408 -0.05427 -0.01896 0.00272 0.00011 0.99982
1661398640.015146017 0.00395 -0.00408 -0.05426 -0.01896 0.00269 0.00011 0.99982
1661398640.025146008 0.00395 -0.00407 -0.05426 -0.01896 0.00266 0.00011 0.99982
1661398640.035145998 0.00395 -0.00407 -0.05426 -0.01896 0.00264 0.00011 0.99982
1661398640.045145988 0.00395 -0.00407 -0.05426 -0.01896 0.00263 0.00011 0.99982
1661398640.055145979 0.00395 -0.00408 -0.05426 -0.01895 0.00263 0.00011 0.99982
1661398640.065145969 0.00396 -0.00408 -0.05426 -0.01895 0.00264 0.00011 0.99982
1661398640.075146198 0.00397 -0.00409 -0.05426 -0.01894 0.00265 0.00011 0.99982
1661398640.085145950 0.00398 -0.00409 -0.05426 -0.01894 0.00268 0.00011 0.99982
1661398640.095146179 0.00399 -0.00410 -0.05426 -0.01893 0.00270 0.00011 0.99982
1661398640.105145931 0.00400 -0.00411 -0.05426 -0.01893 0.00273 0.00010 0.99982
1661398640.115146160 0.00401 -0.00412 -0.05427 -0.01892 0.00276 0.00010 0.99982
1661398640.125145912 0.00401 -0.00412 -0.05427 -0.01892 0.00278 0.00010 0.99982
1661398640.135146141 0.00402 -0.00413 -0.05427 -0.01891 0.00280 0.00010 0.99982
1661398640.145145893 0.00402 -0.00414 -0.05427 -0.01891 0.00281 0.00010 0.99982
1661398640.155146122 0.00401 -0.00414 -0.05427 -0.01891 0.00282 0.00010 0.99982
1661398640.165145874 0.00401 -0.00414 -0.05427 -0.01891 0.00282 0.00011 0.99982
1661398640.175146103 0.00400 -0.00415 -0.05427 -0.01892 0.00281 0.00011 0.99982
1661398640.185145855 0.00399 -0.00415 -0.05427 -0.01892 0.00280 0.00011 0.99982
1661398640.195146084 0.00397 -0.00415 -0.05427 -0.01892 0.00278 0.00011 0.99982
1661398640.205146074 0.00396 -0.00415 -0.05427 -0.01893 0.00276 0.00011 0.99982
1661398640.215146065 0.00395 -0.00415 -0.05427 -0.01893 0.00275 0.00011 0.99982
1661398640.225146055 0.00393 -0.00416 -0.05426 -0.01894 0.00273 0.00011 0.99982
1661398640.235146046 0.00392 -0.00416 -0.05426 -0.01894 0.00271 0.00011 0.99982
1661398640.245146036 0.00391 -0.00416 -0.05426 -0.01895 0.00270 0.00011 0.99982
1661398640.255146027 0.00391 -0.00416 -0.05426 -0.01895 0.00269 0.00011 0.99982
1661398640.265146017 0.00390 -0.00416 -0.05426 -0.01895 0.00268 0.00011 0.99982
1661398640.275146008 0.00390 -0.00416 -0.05426 -0.01895 0.00268 0.00011 0.99982
1661398640.285145998 0.00390 -0.00416 -0.05426 -0.01895 0.00268 0.00011 0.99982
1661398640.295145988 0.00390 -0.00416 -0.05426 -0.01895 0.00269 0.00011 0.99982
1661398640.305145979 0.00390 -0.00417 -0.05425 -0.01895 0.00269 0.00011 0.99982
1661398640.315145969 0.00390 -0.00417 -0.05425 -0.01895 0.00270 0.00011 0.99982
1661398640.325145960 0.00390 -0.00417 -0.05425 -0.01895 0.00271 0.00011 0.99982
1661398640.335146189 0.00390 -0.00418 -0.05425 -0.01895 0.00272 0.00011 0.99982
1661398640.345145941 0.00390 -0.00418 -0.05424 -0.01894 0.00273 0.00011 0.99982
1661398640.355146170 0.00390 -0.00419 -0.05424 -0.01894 0.00274 0.00011 0.99982
1661398640.365145922 0.00389 -0.00420 -0.05424 -0.01894 0.00276 0.00012 0.99982
1661398640.375146151 0.00389 -0.00420 -0.05423 -0.01893 0.00277 0.00012 0.99982
1661398640.385145903 0.00388 -0.00421 -0.05423 -0.01893 0.00277 0.00012 0.99982
1661398640.395146132 0.00387 -0.00422 -0.05422 -0.01892 0.00278 0.00012 0.99982
1661398640.405145884 0.00386 -0.00423 -0.05422 -0.01892 0.00279 0.00012 0.99982
1661398640.415146112 0.00385 -0.00423 -0.05421 -0.01891 0.00279 0.00012 0.99982
1661398640.425145864 0.00384 -0.00424 -0.05421 -0.01891 0.00279 0.00012 0.99982
1661398640.435146093 0.00383 -0.00425 -0.05420 -0.01891 0.00279 0.00012 0.99982
1661398640.445145845 0.00382 -0.00425 -0.05419 -0.01890 0.00278 0.00012 0.99982
1661398640.455146074 0.00381 -0.00426 -0.05419 -0.01890 0.00277 0.00012 0.99982
1661398640.465146065 0.00379 -0.00426 -0.05418 -0.01890 0.00276 0.00012 0.99982
1661398640.475146055 0.00378 -0.00427 -0.05418 -0.01890 0.00274 0.00012 0.99982
1661398640.485146046 0.00377 -0.00427 -0.05417 -0.01890 0.00273 0.00012 0.99982
1661398640.495146036 0.00376 -0.00427 -0.05417 -0.01889 0.00271 0.00012 0.99982
1661398640.505146027 0.00376 -0.00427 -0.05417 -0.01889 0.00270 0.00012 0.99982
1661398640.515146017 0.00375 -0.00427 -0.05416 -0.01889 0.00269 0.00012 0.99982
1661398640.525146008 0.00374 -0.00427 -0.05416 -0.01889 0.00268 0.00012 0.99982
1661398640.535145998 0.00374 -0.00427 -0.05416 -0.01889 0.00268 0.00012 0.99982
1661398640.545145988 0.00374 -0.00427 -0.05416 -0.01890 0.00268 0.00012 0.99982
1661398640.555145979 0.00374 -0.00426 -0.05416 -0.01890 0.00269 0.00012 0.99982
1661398640.565145969 0.00374 -0.00426 -0.05416 -0.01890 0.00270 0.00012 0.99982
1661398640.575146198 0.00374 -0.00426 -0.05416 -0.01890 0.00272 0.00012 0.99982
1661398640.585145950 0.00374 -0.00425 -0.05417 -0.01891 0.00274 0.00012 0.99982
1661398640.595146179 0.00375 -0.00425 -0.05417 -0.01891 0.00276 0.00012 0.99982
1661398640.605145931 0.00375 -0.00424 -0.05417 -0.01891 0.00278 0.00012 0.99982
1661398640.615146160 0.00376 -0.00423 -0.05418 -0.01892 0.00280 0.00012 0.99982
1661398640.625145912 0.00376 -0.00423 -0.05418 -0.01892 0.00281 0.00012 0.99982
1661398640.635146141 0.00376 -0.00423 -0.05419 -0.01892 0.00282 0.00012 0.99982
1661398640.645145893 0.00376 -0.00422 -0.05419 -0.01893 0.00283 0.00012 0.99982
1661398640.655146122 0.00376 -0.00422 -0.05419 -0.01893 0.00282 0.00012 0.99982
1661398640.665145874 0.00376 -0.00422 -0.05419 -0.01893 0.00281 0.00012 0.99982
1661398640.675146103 0.00376 -0.00421 -0.05419 -0.01894 0.00280 0.00012 0.99982
1661398640.685145855 0.00375 -0.00421 -0.05420 -0.01894 0.00278 0.00012 0.99982
1661398640.695146084 0.00375 -0.00421 -0.05420 -0.01894 0.00276 0.00012 0.99982
1661398640.705146074 0.00374 -0.00421 -0.05420 -0.01894 0.00273 0.00012 0.99982
1661398640.715146065 0.00374 -0.00421 -0.05420 -0.01894 0.00271 0.00012 0.99982
1661398640.725146055 0.00374 -0.00421 -0.05419 -0.01894 0.00270 0.00012 0.99982
1661398640.735146046 0.00374 -0.00421 -0.05419 -0.01894 0.00268 0.00012 0.99982
1661398640.745146036 0.00374 -0.00421 -0.05419 -0.01894 0.00268 0.00012 0.99982
1661398640.755146027 0.00374 -0.00421 -0.05419 -0.01893 0.00268 0.00012 0.99982
1661398640.765146017 0.00374 -0.00422 -0.05419 -0.01893 0.00268 0.00012 0.99982
1661398640.775146008 0.00374 -0.00422 -0.05418 -0.01892 0.00269 0.00011 0.99982
1661398640.785145998 0.00375 -0.00422 -0.05418 -0.01892 0.00271 0.00011 0.99982
1661398640.795145988 0.00375 -0.00422 -0.05418 -0.01891 0.00272 0.00011 0.99982
1661398640.805145979 0.00375 -0.00422 -0.05417 -0.01891 0.00274 0.00011 0.99982
1661398640.815145969 0.00376 -0.00422 -0.05417 -0.01890 0.00276 0.00011 0.99982
1661398640.825145960 0.00376 -0.00422 -0.05417 -0.01890 0.00278 0.00011 0.99982
1661398640.835146189 0.00376 -0.00422 -0.05417 -0.01890 0.00279 0.00011 0.99982
1661398640.845145941 0.00376 -0.00422 -0.05416 -0.01890 0.00280 0.00011 0.99982
1661398640.855146170 0.00375 -0.00421 -0.05416 -0.01890 0.00280 0.00011 0.99982
1661398640.865145922 0.00375 -0.00421 -0.05416 -0.01890 0.00280 0.00011 0.99982
1661398640.875146151 0.00374 -0.00420 -0.05415 -0.01890 0.00280 0.00011 0.99982
1661398640.885145903 0.00373 -0.00419 -0.05415 -0.01890 0.00279 0.00011 0.99982
1661398640.895146132 0.00372 -0.00418 -0.05415 -0.01891 0.00278 0.00011 0.99982
1661398640.905145884 0.00371 -0.00418 -0.05415 -0.01891 0.00277 0.00011 0.99982
1661398640.915146112 0.00370 -0.00417 -0.05415 -0.01892 0.00276 0.00011 0.99982
1661398640.925145864 0.00369 -0.00416 -0.05414 -0.01892 0.00275 0.00011 0.99982
1661398640.935146093 0.00368 -0.00416 -0.05414 -0.01892 0.00274 0.00011 0.99982
1661398640.945145845 0.00367 -0.00415 -0.05414 -0.01893 0.00273 0.00011 0.99982
1661398640.955146074 0.00367 -0.00415 -0.05414 -0.01893 0.00273 0.00011 0.99982
1661398640.965146065 0.00366 -0.00414 -0.05414 -0.01893 0.00272 0.00011 0.99982
1661398640.975146055 0.00366 -0.00414 -0.05414 -0.01893 0.00272 0.00011 0.99982
1661398640.985146046 0.00366 -0.00414 -0.05414 -0.01893 0.00272 0.00011 0.99982
1661398640.995146036 0.00365 -0.00414 -0.05414 -0.01893 0.00272 0.00011 0.99982
1661398641.005146027 0.00365 -0.00414 -0.05413 -0.01893 0.00273 0.00011 0.99982
1661398641.015146017 0.00365 -0.00414 -0.05413 -0.01893 0.00273 0.00011 0.99982
1661398641.025146008 0.00365 -0.00415 -0.05413 -0.01893 0.00274 0.00011 0.99982
1661398641.035145998 0.00365 -0.00415 -0.05413 -0.01892 0.00274 0.00011 0.99982
1661398641.045145988 0.00365 -0.00415 -0.05413 -0.01892 0.00275 0.00010 0.99982
1661398641.055145979 0.00365 -0.00415 -0.05413 -0.01892 0.00276 0.00010 0.99982
1661398641.065145969 0.00365 -0.00416 -0.05413 -0.01892 0.00276 0.00010 0.99982
1661398641.075146198 0.00365 -0.00416 -0.05413 -0.01892 0.00277 0.00010 0.99982
1661398641.085145950 0.00365 -0.00416 -0.05413 -0.01892 0.00278 0.00010 0.99982
1661398641.095146179 0.00365 -0.00416 -0.05413 -0.01892 0.00278 0.00010 0.99982
1661398641.105145931 0.00365 -0.00416 -0.05413 -0.01892 0.00279 0.00010 0.99982
1661398641.115146160 0.00365 -0.00417 -0.05412 -0.01892 0.00279 0.00010 0.99982
1661398641.125145912 0.00365 -0.00417 -0.05412 -0.01892 0.00279 0.00010 0.99982
1661398641.135146141 0.00365 -0.00417 -0.05412 -0.01892 0.00279 0.00010 0.99982
1661398641.145145893 0.00365 -0.00417 -0.05411 -0.01892 0.00279 0.00011 0.99982
1661398641.155146122 0.00365 -0.00417 -0.05411 -0.01892 0.00278 0.00011 0.99982
1661398641.165145874 0.00365 -0.00417 -0.05410 -0.01892 0.00278 0.00011 0.99982
1661398641.175146103 0.00364 -0.00417 -0.05410 -0.01892 0.00277 0.00011 0.99982
1661398641.185145855 0.00364 -0.00417 -0.05409 -0.01892 0.00276 0.00011 0.99982
1661398641.195146084 0.00364 -0.00416 -0.05408 -0.01892 0.00275 0.00011 0.99982
1661398641.205146074 0.00364 -0.00416 -0.05408 -0.01892 0.00275 0.00011 0.99982
1661398641.215146065 0.00364 -0.00416 -0.05407 -0.01892 0.00274 0.00011 0.99982
1661398641.225146055 0.00364 -0.00415 -0.05406 -0.01892 0.00273 0.00011 0.99982
1661398641.235146046 0.00364 -0.00415 -0.05406 -0.01892 0.00273 0.00011 0.99982
1661398641.245146036 0.00364 -0.00414 -0.05405 -0.01892 0.00273 0.00011 0.99982
1661398641.255146027 0.00364 -0.00414 -0.05405 -0.01892 0.00274 0.00011 0.99982
1661398641.265146017 0.00364 -0.00413 -0.05404 -0.01892 0.00274 0.00011 0.99982
1661398641.275146008 0.00365 -0.00413 -0.05404 -0.01892 0.00275 0.00011 0.99982
1661398641.285145998 0.00365 -0.00412 -0.05404 -0.01892 0.00276 0.00011 0.99982
1661398641.295145988 0.00366 -0.00412 -0.05404 -0.01892 0.00277 0.00011 0.99982
1661398641.305145979 0.00366 -0.00411 -0.05403 -0.01892 0.00278 0.00011 0.99982
1661398641.315145969 0.00366 -0.00410 -0.05403 -0.01892 0.00278 0.00011 0.99982
1661398641.325145960 0.00367 -0.00410 -0.05403 -0.01891 0.00279 0.00011 0.99982
1661398641.335146189 0.00367 -0.00410 -0.05403 -0.01891 0.00279 0.00011 0.99982
1661398641.345145941 0.00367 -0.00409 -0.05402 -0.01891 0.00279 0.00011 0.99982
1661398641.355146170 0.00366 -0.00409 -0.05402 -0.01890 0.00279 0.00011 0.99982
1661398641.365145922 0.00366 -0.00409 -0.05402 -0.01890 0.00279 0.00010 0.99982
1661398641.375146151 0.00365 -0.00409 -0.05402 -0.01889 0.00278 0.00010 0.99982
1661398641.385145903 0.00365 -0.00409 -0.05401 -0.01889 0.00277 0.00010 0.99982
1661398641.395146132 0.00364 -0.00410 -0.05401 -0.01888 0.00276 0.00010 0.99982
1661398641.405145884 0.00363 -0.00410 -0.05401 -0.01887 0.00275 0.00010 0.99982
1661398641.415146112 0.00363 -0.00411 -0.05401 -0.01887 0.00274 0.00010 0.99982
1661398641.425145864 0.00362 -0.00411 -0.05401 -0.01886 0.00273 0.00010 0.99982
1661398641.435146093 0.00362 -0.00412 -0.05401 -0.01885 0.00272 0.00010 0.99982
1661398641.445145845 0.00362 -0.00414 -0.05401 -0.01884 0.00272 0.00010 0.99982
1661398641.455146074 0.00361 -0.00415 -0.05401 -0.01883 0.00272 0.00010 0.99982
1661398641.465146065 0.00362 -0.00416 -0.05401 -0.01882 0.00273 0.00010 0.99982
1661398641.475146055 0.00362 -0.00418 -0.05402 -0.01882 0.00273 0.00010 0.99982
1661398641.485146046 0.00362 -0.00419 -0.05403 -0.01881 0.00274 0.00010 0.99982
1661398641.495146036 0.00363 -0.00420 -0.05403 -0.01881 0.00275 0.00010 0.99982
1661398641.505146027 0.00364 -0.00420 -0.05405 -0.01881 0.00276 0.00010 0.99982
1661398641.515146017 0.00365 -0.00421 -0.05406 -0.01881 0.00276 0.00010 0.99982
1661398641.525146008 0.00366 -0.00420 -0.05407 -0.01882 0.00277 0.00010 0.99982
1661398641.535145998 0.00368 -0.00419 -0.05409 -0.01883 0.00277 0.00010 0.99982
1661398641.545145988 0.00370 -0.00416 -0.05411 -0.01884 0.00277 0.00010 0.99982
1661398641.555145979 0.00372 -0.00413 -0.05414 -0.01887 0.00277 0.00010 0.99982
1661398641.565145969 0.00375 -0.00409 -0.05416 -0.01889 0.00277 0.00011 0.99982
1661398641.575146198 0.00377 -0.00405 -0.05419 -0.01892 0.00276 0.00011 0.99982
1661398641.585145950 0.00380 -0.00400 -0.05422 -0.01895 0.00276 0.00011 0.99982
1661398641.595146179 0.00383 -0.00396 -0.05424 -0.01898 0.00277 0.00011 0.99982
1661398641.605145931 0.00386 -0.00392 -0.05427 -0.01900 0.00278 0.00011 0.99982
1661398641.615146160 0.00389 -0.00389 -0.05429 -0.01902 0.00280 0.00011 0.99982
1661398641.625145912 0.00392 -0.00387 -0.05430 -0.01903 0.00283 0.00011 0.99981
1661398641.635146141 0.00394 -0.00386 -0.05431 -0.01903 0.00288 0.00012 0.99981
1661398641.645145893 0.00397 -0.00386 -0.05432 -0.01902 0.00294 0.00012 0.99981
1661398641.655146122 0.00400 -0.00388 -0.05431 -0.01900 0.00302 0.00012 0.99981
1661398641.665145874 0.00402 -0.00392 -0.05431 -0.01897 0.00311 0.00013 0.99982
1661398641.675146103 0.00404 -0.00397 -0.05429 -0.01893 0.00320 0.00013 0.99982
1661398641.685145855 0.00405 -0.00402 -0.05427 -0.01889 0.00329 0.00014 0.99982
1661398641.695146084 0.00405 -0.00408 -0.05425 -0.01884 0.00336 0.00014 0.99982
1661398641.705146074 0.00404 -0.00414 -0.05422 -0.01880 0.00341 0.00014 0.99982
1661398641.715146065 0.00402 -0.00420 -0.05420 -0.01875 0.00344 0.00015 0.99982
1661398641.725146055 0.00398 -0.00425 -0.05417 -0.01872 0.00342 0.00015 0.99982
1661398641.735146046 0.00393 -0.00429 -0.05415 -0.01869 0.00336 0.00016 0.99982
1661398641.745146036 0.00386 -0.00432 -0.05412 -0.01867 0.00325 0.00016 0.99982
1661398641.755146027 0.00378 -0.00433 -0.05410 -0.01866 0.00308 0.00016 0.99982
1661398641.765146017 0.00367 -0.00433 -0.05408 -0.01867 0.00286 0.00016 0.99982
1661398641.775146008 0.00357 -0.00431 -0.05406 -0.01869 0.00261 0.00016 0.99982
1661398641.785145998 0.00346 -0.00429 -0.05405 -0.01871 0.00235 0.00016 0.99982
1661398641.795145988 0.00335 -0.00426 -0.05404 -0.01874 0.00208 0.00016 0.99982
1661398641.805145979 0.00326 -0.00422 -0.05403 -0.01877 0.00181 0.00015 0.99982
1661398641.815145969 0.00318 -0.00419 -0.05403 -0.01880 0.00158 0.00014 0.99982
1661398641.825145960 0.00312 -0.00416 -0.05403 -0.01883 0.00138 0.00013 0.99982
1661398641.835146189 0.00309 -0.00413 -0.05404 -0.01886 0.00124 0.00012 0.99982
1661398641.845145941 0.00310 -0.00411 -0.05405 -0.01888 0.00116 0.00011 0.99982
1661398641.855146170 0.00314 -0.00409 -0.05407 -0.01889 0.00116 0.00009 0.99982
1661398641.865145922 0.00322 -0.00409 -0.05409 -0.01890 0.00123 0.00007 0.99982
1661398641.875146151 0.00332 -0.00409 -0.05411 -0.01891 0.00136 0.00005 0.99982
1661398641.885145903 0.00344 -0.00410 -0.05414 -0.01891 0.00154 0.00003 0.99982
1661398641.895146132 0.00358 -0.00411 -0.05416 -0.01891 0.00175 0.00001 0.99982
1661398641.905145884 0.00372 -0.00412 -0.05419 -0.01890 0.00198 -0.00001 0.99982
1661398641.915146112 0.00385 -0.00413 -0.05422 -0.01890 0.00222 -0.00003 0.99982
1661398641.925145864 0.00398 -0.00415 -0.05424 -0.01890 0.00246 -0.00004 0.99982
1661398641.935146093 0.00409 -0.00415 -0.05426 -0.01890 0.00269 -0.00005 0.99982
1661398641.945145845 0.00418 -0.00416 -0.05428 -0.01891 0.00289 -0.00006 0.99982
1661398641.955146074 0.00423 -0.00416 -0.05429 -0.01892 0.00306 -0.00006 0.99982
1661398641.965146065 0.00427 -0.00415 -0.05430 -0.01893 0.00320 -0.00007 0.99982
1661398641.975146055 0.00428 -0.00414 -0.05430 -0.01895 0.00331 -0.00007 0.99981
1661398641.985146046 0.00428 -0.00413 -0.05430 -0.01896 0.00340 -0.00007 0.99981
1661398641.995146036 0.00427 -0.00411 -0.05429 -0.01897 0.00348 -0.00008 0.99981
1661398642.005146027 0.00426 -0.00409 -0.05428 -0.01897 0.00356 -0.00010 0.99981
1661398642.015146017 0.00426 -0.00408 -0.05425 -0.01897 0.00363 -0.00013 0.99981
1661398642.025146008 0.00426 -0.00406 -0.05423 -0.01895 0.00371 -0.00017 0.99981
1661398642.035145998 0.00428 -0.00404 -0.05419 -0.01892 0.00379 -0.00023 0.99981
1661398642.045145988 0.00432 -0.00403 -0.05415 -0.01887 0.00390 -0.00030 0.99981
1661398642.055145979 0.00438 -0.00402 -0.05410 -0.01880 0.00403 -0.00039 0.99982
1661398642.065145969 0.00446 -0.00401 -0.05404 -0.01872 0.00416 -0.00050 0.99982
1661398642.075146198 0.00456 -0.00401 -0.05397 -0.01862 0.00430 -0.00062 0.99982
1661398642.085145950 0.00468 -0.00401 -0.05389 -0.01851 0.00444 -0.00075 0.99982
1661398642.095146179 0.00480 -0.00401 -0.05379 -0.01838 0.00455 -0.00088 0.99982
1661398642.105145931 0.00492 -0.00401 -0.05367 -0.01825 0.00463 -0.00100 0.99982
1661398642.115146160 0.00505 -0.00402 -0.05353 -0.01810 0.00468 -0.00111 0.99982
1661398642.125145912 0.00517 -0.00403 -0.05336 -0.01794 0.00468 -0.00121 0.99983
1661398642.135146141 0.00527 -0.00404 -0.05318 -0.01777 0.00461 -0.00128 0.99983
1661398642.145145893 0.00537 -0.00405 -0.05296 -0.01760 0.00448 -0.00133 0.99983
1661398642.155146122 0.00545 -0.00406 -0.05272 -0.01742 0.00427 -0.00136 0.99984
1661398642.165145874 0.00551 -0.00408 -0.05245 -0.01724 0.00400 -0.00133 0.99984
1661398642.175146103 0.00556 -0.00410 -0.05217 -0.01705 0.00368 -0.00126 0.99985
1661398642.185145855 0.00559 -0.00414 -0.05187 -0.01685 0.00334 -0.00112 0.99985
1661398642.195146084 0.00561 -0.00418 -0.05155 -0.01664 0.00298 -0.00090 0.99986
1661398642.205146074 0.00563 -0.00424 -0.05124 -0.01642 0.00264 -0.00060 0.99986
1661398642.215146065 0.00563 -0.00432 -0.05092 -0.01618 0.00233 -0.00019 0.99987
1661398642.225146055 0.00564 -0.00442 -0.05061 -0.01594 0.00206 0.00033 0.99987
1661398642.235146046 0.00564 -0.00454 -0.05031 -0.01567 0.00186 0.00098 0.99987
1661398642.245146036 0.00564 -0.00469 -0.05003 -0.01539 0.00173 0.00176 0.99988
1661398642.255146027 0.00564 -0.00487 -0.04976 -0.01510 0.00171 0.00268 0.99988
1661398642.265146017 0.00564 -0.00508 -0.04950 -0.01477 0.00178 0.00370 0.99988
1661398642.275146008 0.00564 -0.00531 -0.04923 -0.01440 0.00194 0.00480 0.99988
1661398642.285145998 0.00565 -0.00557 -0.04894 -0.01398 0.00219 0.00591 0.99988
1661398642.295145988 0.00565 -0.00586 -0.04862 -0.01350 0.00253 0.00701 0.99988
1661398642.305145979 0.00566 -0.00617 -0.04824 -0.01295 0.00296 0.00805 0.99988
1661398642.315145969 0.00567 -0.00650 -0.04780 -0.01231 0.00347 0.00898 0.99988
1661398642.325145960 0.00568 -0.00686 -0.04729 -0.01157 0.00405 0.00977 0.99988
1661398642.335146189 0.00570 -0.00724 -0.04669 -0.01073 0.00471 0.01038 0.99988
1661398642.345145941 0.00572 -0.00764 -0.04598 -0.00977 0.00545 0.01077 0.99988
1661398642.355146170 0.00574 -0.00807 -0.04516 -0.00869 0.00624 0.01091 0.99988
1661398642.365145922 0.00580 -0.00851 -0.04423 -0.00759 0.00702 0.01095 0.99989
1661398642.375146151 0.00592 -0.00896 -0.04321 -0.00656 0.00769 0.01102 0.99989
1661398642.385145903 0.00612 -0.00943 -0.04211 -0.00569 0.00819 0.01127 0.99989
1661398642.395146132 0.00638 -0.00989 -0.04090 -0.00502 0.00843 0.01169 0.99988
1661398642.405145884 0.00663 -0.01033 -0.03951 -0.00451 0.00833 0.01218 0.99988
1661398642.415146112 0.00683 -0.01074 -0.03790 -0.00414 0.00782 0.01264 0.99988
1661398642.425145864 0.00694 -0.01111 -0.03604 -0.00390 0.00685 0.01302 0.99988
1661398642.435146093 0.00699 -0.01144 -0.03393 -0.00376 0.00545 0.01337 0.99989
1661398642.445145845 0.00703 -0.01175 -0.03160 -0.00372 0.00367 0.01373 0.99989
1661398642.455146074 0.00706 -0.01205 -0.02907 -0.00376 0.00155 0.01414 0.99989
1661398642.465146065 0.00711 -0.01233 -0.02636 -0.00388 -0.00080 0.01462 0.99989
1661398642.475146055 0.00717 -0.01258 -0.02349 -0.00410 -0.00323 0.01514 0.99987
1661398642.485146046 0.00724 -0.01280 -0.02050 -0.00443 -0.00564 0.01571 0.99985
1661398642.495146036 0.00733 -0.01298 -0.01741 -0.00487 -0.00787 0.01632 0.99982
1661398642.505146027 0.00744 -0.01312 -0.01423 -0.00543 -0.00983 0.01696 0.99979
1661398642.515146017 0.00756 -0.01321 -0.01098 -0.00610 -0.01149 0.01765 0.99976
1661398642.525146008 0.00769 -0.01327 -0.00765 -0.00683 -0.01286 0.01839 0.99972
1661398642.535145998 0.00785 -0.01331 -0.00424 -0.00760 -0.01394 0.01919 0.99969
1661398642.545145988 0.00802 -0.01334 -0.00075 -0.00839 -0.01473 0.02006 0.99966
1661398642.555145979 0.00821 -0.01337 0.00282 -0.00917 -0.01523 0.02100 0.99962
1661398642.565145969 0.00841 -0.01339 0.00646 -0.00992 -0.01545 0.02202 0.99959
1661398642.575146198 0.00863 -0.01341 0.01017 -0.01062 -0.01540 0.02312 0.99956
1661398642.585145950 0.00885 -0.01341 0.01395 -0.01126 -0.01508 0.02429 0.99953
1661398642.595146179 0.00907 -0.01341 0.01779 -0.01183 -0.01449 0.02554 0.99950
1661398642.605145931 0.00929 -0.01340 0.02169 -0.01232 -0.01364 0.02685 0.99947
1661398642.615146160 0.00952 -0.01337 0.02565 -0.01272 -0.01257 0.02824 0.99944
1661398642.625145912 0.00973 -0.01334 0.02968 -0.01304 -0.01129 0.02967 0.99941
1661398642.635146141 0.00994 -0.01330 0.03379 -0.01329 -0.00985 0.03115 0.99938
1661398642.645145893 0.01014 -0.01326 0.03797 -0.01348 -0.00826 0.03265 0.99934
1661398642.655146122 0.01032 -0.01322 0.04225 -0.01361 -0.00657 0.03417 0.99930
1661398642.665145874 0.01049 -0.01317 0.04661 -0.01369 -0.00479 0.03569 0.99926
1661398642.675146103 0.01064 -0.01311 0.05106 -0.01372 -0.00295 0.03719 0.99921
1661398642.685145855 0.01075 -0.01303 0.05560 -0.01372 -0.00107 0.03864 0.99916
1661398642.695146084 0.01084 -0.01294 0.06023 -0.01370 0.00081 0.04002 0.99910
1661398642.705146074 0.01088 -0.01282 0.06494 -0.01365 0.00268 0.04133 0.99905
1661398642.715146065 0.01087 -0.01266 0.06974 -0.01358 0.00451 0.04259 0.99899
1661398642.725146055 0.01081 -0.01246 0.07463 -0.01348 0.00629 0.04382 0.99893
1661398642.735146046 0.01068 -0.01221 0.07959 -0.01334 0.00799 0.04507 0.99886
1661398642.745146036 0.01047 -0.01189 0.08462 -0.01314 0.00960 0.04635 0.99879
1661398642.755146027 0.01018 -0.01150 0.08971 -0.01288 0.01111 0.04771 0.99872
1661398642.765146017 0.00981 -0.01103 0.09487 -0.01257 0.01251 0.04914 0.99863
1661398642.775146008 0.00936 -0.01051 0.10009 -0.01223 0.01384 0.05065 0.99855
1661398642.785145998 0.00884 -0.00992 0.10536 -0.01187 0.01512 0.05224 0.99845
1661398642.795145988 0.00826 -0.00928 0.11069 -0.01149 0.01635 0.05392 0.99834
1661398642.805145979 0.00762 -0.00859 0.11605 -0.01112 0.01756 0.05570 0.99823
1661398642.815145969 0.00692 -0.00785 0.12146 -0.01077 0.01877 0.05756 0.99811
1661398642.825145960 0.00617 -0.00707 0.12691 -0.01044 0.02000 0.05952 0.99797
1661398642.835146189 0.00538 -0.00626 0.13239 -0.01016 0.02126 0.06159 0.99782
1661398642.845145941 0.00455 -0.00542 0.13789 -0.00994 0.02258 0.06375 0.99766
1661398642.855146170 0.00368 -0.00454 0.14342 -0.00978 0.02396 0.06602 0.99748
1661398642.865145922 0.00277 -0.00364 0.14898 -0.00968 0.02542 0.06837 0.99729
1661398642.875146151 0.00184 -0.00272 0.15456 -0.00965 0.02697 0.07076 0.99708
1661398642.885145903 0.00087 -0.00176 0.16017 -0.00968 0.02861 0.07317 0.99686
1661398642.895146132 -0.00013 -0.00078 0.16581 -0.00977 0.03034 0.07557 0.99663
1661398642.905145884 -0.00116 0.00024 0.17148 -0.00991 0.03216 0.07792 0.99639
1661398642.915146112 -0.00223 0.00128 0.17719 -0.01009 0.03405 0.08023 0.99614
1661398642.925145864 -0.00333 0.00233 0.18293 -0.01030 0.03596 0.08249 0.99589
1661398642.935146093 -0.00446 0.00339 0.18871 -0.01054 0.03786 0.08470 0.99563
1661398642.945145845 -0.00564 0.00446 0.19453 -0.01079 0.03970 0.08685 0.99537
1661398642.955146074 -0.00686 0.00552 0.20040 -0.01104 0.04146 0.08895 0.99511
1661398642.965146065 -0.00812 0.00658 0.20631 -0.01129 0.04311 0.09100 0.99485
1661398642.975146055 -0.00942 0.00763 0.21227 -0.01153 0.04465 0.09299 0.99460
1661398642.985146046 -0.01076 0.00868 0.21827 -0.01175 0.04606 0.09493 0.99435
1661398642.995146036 -0.01214 0.00972 0.22432 -0.01196 0.04732 0.09681 0.99411
1661398643.005146027 -0.01356 0.01075 0.23042 -0.01215 0.04844 0.09865 0.99387
1661398643.015146017 -0.01500 0.01178 0.23656 -0.01231 0.04938 0.10043 0.99364
1661398643.025146008 -0.01648 0.01280 0.24275 -0.01243 0.05015 0.10216 0.99342
1661398643.035145998 -0.01799 0.01382 0.24899 -0.01252 0.05073 0.10385 0.99322
1661398643.045145988 -0.01953 0.01482 0.25528 -0.01257 0.05111 0.10549 0.99303
1661398643.055145979 -0.02110 0.01583 0.26162 -0.01257 0.05128 0.10708 0.99285
1661398643.065145969 -0.02269 0.01682 0.26800 -0.01252 0.05125 0.10863 0.99268
1661398643.075146198 -0.02430 0.01781 0.27442 -0.01243 0.05104 0.11014 0.99253
1661398643.085145950 -0.02591 0.01879 0.28087 -0.01230 0.05067 0.11162 0.99238
1661398643.095146179 -0.02753 0.01976 0.28735 -0.01213 0.05015 0.11306 0.99225
1661398643.105145931 -0.02914 0.02073 0.29384 -0.01192 0.04950 0.11448 0.99212
1661398643.115146160 -0.03074 0.02168 0.30035 -0.01167 0.04875 0.11587 0.99200
1661398643.125145912 -0.03232 0.02264 0.30686 -0.01139 0.04790 0.11724 0.99188
1661398643.135146141 -0.03388 0.02358 0.31338 -0.01107 0.04698 0.11859 0.99177
1661398643.145145893 -0.03540 0.02452 0.31989 -0.01072 0.04600 0.11993 0.99166
1661398643.155146122 -0.03689 0.02545 0.32638 -0.01034 0.04498 0.12125 0.99155
1661398643.165145874 -0.03834 0.02637 0.33287 -0.00994 0.04394 0.12257 0.99144
1661398643.175146103 -0.03975 0.02727 0.33933 -0.00951 0.04290 0.12388 0.99132
1661398643.185145855 -0.04113 0.02816 0.34578 -0.00905 0.04187 0.12517 0.99121
1661398643.195146084 -0.04248 0.02902 0.35221 -0.00859 0.04088 0.12645 0.99109
1661398643.205146074 -0.04380 0.02985 0.35861 -0.00811 0.03994 0.12772 0.99097
1661398643.215146065 -0.04510 0.03066 0.36499 -0.00762 0.03907 0.12898 0.99085
1661398643.225146055 -0.04636 0.03143 0.37135 -0.00712 0.03830 0.13022 0.99072
1661398643.235146046 -0.04760 0.03216 0.37767 -0.00663 0.03763 0.13145 0.99059
1661398643.245146036 -0.04882 0.03284 0.38396 -0.00614 0.03710 0.13266 0.99045
1661398643.255146027 -0.05001 0.03348 0.39022 -0.00565 0.03670 0.13386 0.99030
1661398643.265146017 -0.05118 0.03407 0.39645 -0.00516 0.03643 0.13506 0.99015
1661398643.275146008 -0.05233 0.03462 0.40265 -0.00466 0.03625 0.13625 0.99000
1661398643.285145998 -0.05347 0.03512 0.40882 -0.00415 0.03615 0.13745 0.98984
1661398643.295145988 -0.05458 0.03556 0.41497 -0.00361 0.03610 0.13867 0.98967
1661398643.305145979 -0.05567 0.03596 0.42110 -0.00304 0.03607 0.13990 0.98950
1661398643.315145969 -0.05675 0.03632 0.42721 -0.00243 0.03605 0.14117 0.98933
1661398643.325145960 -0.05780 0.03662 0.43331 -0.00178 0.03600 0.14247 0.98914
1661398643.335146189 -0.05885 0.03687 0.43939 -0.00107 0.03591 0.14382 0.98895
1661398643.345145941 -0.05987 0.03707 0.44547 -0.00030 0.03574 0.14522 0.98875
1661398643.355146170 -0.06088 0.03723 0.45153 0.00053 0.03548 0.14667 0.98855
1661398643.365145922 -0.06187 0.03733 0.45759 0.00143 0.03514 0.14818 0.98833
1661398643.375146151 -0.06286 0.03738 0.46363 0.00237 0.03474 0.14973 0.98811
1661398643.385145903 -0.06382 0.03739 0.46967 0.00335 0.03429 0.15131 0.98788
1661398643.395146132 -0.06478 0.03735 0.47571 0.00436 0.03381 0.15293 0.98765
1661398643.405145884 -0.06573 0.03726 0.48173 0.00539 0.03331 0.15457 0.98741
1661398643.415146112 -0.06667 0.03713 0.48775 0.00643 0.03280 0.15622 0.98716
1661398643.425145864 -0.06760 0.03695 0.49375 0.00747 0.03231 0.15788 0.98690
1661398643.435146093 -0.06853 0.03672 0.49975 0.00849 0.03185 0.15954 0.98664
1661398643.445145845 -0.06945 0.03645 0.50575 0.00950 0.03143 0.16119 0.98638
1661398643.455146074 -0.07037 0.03614 0.51173 0.01048 0.03107 0.16283 0.98611
1661398643.465146065 -0.07128 0.03578 0.51770 0.01142 0.03075 0.16446 0.98584
1661398643.475146055 -0.07219 0.03538 0.52367 0.01232 0.03047 0.16607 0.98557
1661398643.485146046 -0.07309 0.03494 0.52962 0.01315 0.03020 0.16767 0.98529
1661398643.495146036 -0.07399 0.03445 0.53555 0.01391 0.02993 0.16925 0.98502
1661398643.505146027 -0.07488 0.03392 0.54147 0.01460 0.02964 0.17082 0.98475
1661398643.515146017 -0.07576 0.03334 0.54737 0.01519 0.02933 0.17237 0.98448
1661398643.525146008 -0.07663 0.03272 0.55324 0.01569 0.02898 0.17390 0.98421
1661398643.535145998 -0.07749 0.03205 0.55910 0.01609 0.02856 0.17542 0.98395
1661398643.545145988 -0.07834 0.03134 0.56493 0.01636 0.02807 0.17693 0.98369
1661398643.555145979 -0.07918 0.03058 0.57074 0.01651 0.02749 0.17841 0.98343
1661398643.565145969 -0.08001 0.02979 0.57652 0.01656 0.02683 0.17987 0.98318
1661398643.575146198 -0.08083 0.02895 0.58227 0.01651 0.02606 0.18130 0.98294
1661398643.585145950 -0.08163 0.02807 0.58799 0.01640 0.02521 0.18268 0.98271
1661398643.595146179 -0.08242 0.02716 0.59367 0.01624 0.02425 0.18402 0.98249
1661398643.605145931 -0.08318 0.02622 0.59931 0.01604 0.02319 0.18529 0.98228
1661398643.615146160 -0.08394 0.02525 0.60491 0.01583 0.02203 0.18649 0.98208
1661398643.625145912 -0.08467 0.02425 0.61047 0.01563 0.02077 0.18761 0.98190
1661398643.635146141 -0.08538 0.02323 0.61599 0.01546 0.01939 0.18864 0.98173
1661398643.645145893 -0.08607 0.02219 0.62146 0.01533 0.01791 0.18958 0.98158
1661398643.655146122 -0.08674 0.02112 0.62688 0.01526 0.01632 0.19042 0.98145
1661398643.665145874 -0.08739 0.02003 0.63225 0.01525 0.01466 0.19115 0.98133
1661398643.675146103 -0.08803 0.01890 0.63757 0.01527 0.01297 0.19179 0.98123
1661398643.685145855 -0.08866 0.01772 0.64285 0.01532 0.01130 0.19233 0.98114
1661398643.695146084 -0.08929 0.01648 0.64808 0.01539 0.00969 0.19280 0.98107
1661398643.705146074 -0.08993 0.01519 0.65326 0.01546 0.00817 0.19318 0.98101
1661398643.715146065 -0.09056 0.01384 0.65839 0.01553 0.00674 0.19349 0.98096
1661398643.725146055 -0.09119 0.01246 0.66343 0.01559 0.00538 0.19374 0.98091
1661398643.735146046 -0.09181 0.01108 0.66839 0.01564 0.00408 0.19394 0.98088
1661398643.745146036 -0.09241 0.00971 0.67323 0.01568 0.00283 0.19410 0.98085
1661398643.755146027 -0.09300 0.00836 0.67796 0.01569 0.00161 0.19422 0.98083
1661398643.765146017 -0.09357 0.00702 0.68257 0.01569 0.00043 0.19431 0.98082
1661398643.775146008 -0.09414 0.00567 0.68708 0.01567 -0.00069 0.19435 0.98081
1661398643.785145998 -0.09471 0.00428 0.69151 0.01563 -0.00177 0.19436 0.98080
1661398643.795145988 -0.09530 0.00284 0.69587 0.01557 -0.00277 0.19433 0.98081
1661398643.805145979 -0.09590 0.00132 0.70016 0.01549 -0.00371 0.19425 0.98082
1661398643.815145969 -0.09652 -0.00025 0.70440 0.01542 -0.00461 0.19414 0.98084
1661398643.825145960 -0.09715 -0.00188 0.70856 0.01538 -0.00551 0.19400 0.98086
1661398643.835146189 -0.09779 -0.00353 0.71264 0.01539 -0.00647 0.19385 0.98089
1661398643.845145941 -0.09845 -0.00521 0.71664 0.01548 -0.00750 0.19370 0.98091
1661398643.855146170 -0.09911 -0.00689 0.72055 0.01565 -0.00866 0.19355 0.98093
1661398643.865145922 -0.09977 -0.00854 0.72435 0.01589 -0.00990 0.19338 0.98095
1661398643.875146151 -0.10044 -0.01012 0.72805 0.01616 -0.01122 0.19318 0.98097
1661398643.885145903 -0.10110 -0.01161 0.73161 0.01643 -0.01257 0.19293 0.98100
1661398643.895146132 -0.10177 -0.01303 0.73507 0.01670 -0.01398 0.19262 0.98103
1661398643.905145884 -0.10245 -0.01443 0.73843 0.01698 -0.01551 0.19228 0.98107
1661398643.915146112 -0.10315 -0.01588 0.74172 0.01731 -0.01720 0.19192 0.98111
1661398643.925145864 -0.10387 -0.01739 0.74493 0.01768 -0.01905 0.19154 0.98114
1661398643.935146093 -0.10461 -0.01894 0.74806 0.01807 -0.02101 0.19116 0.98117
1661398643.945145845 -0.10534 -0.02050 0.75109 0.01843 -0.02300 0.19079 0.98119
1661398643.955146074 -0.10606 -0.02204 0.75399 0.01873 -0.02495 0.19044 0.98120
1661398643.965146065 -0.10676 -0.02352 0.75675 0.01897 -0.02681 0.19007 0.98122
1661398643.975146055 -0.10744 -0.02491 0.75939 0.01912 -0.02854 0.18968 0.98125
1661398643.985146046 -0.10810 -0.02618 0.76189 0.01920 -0.03010 0.18921 0.98129
1661398643.995146036 -0.10873 -0.02737 0.76426 0.01919 -0.03148 0.18869 0.98135
1661398644.005146027 -0.10933 -0.02854 0.76653 0.01913 -0.03269 0.18811 0.98142
1661398644.015146017 -0.10990 -0.02974 0.76871 0.01904 -0.03375 0.18749 0.98150
1661398644.025146008 -0.11043 -0.03100 0.77081 0.01891 -0.03467 0.18685 0.98159
1661398644.035145998 -0.11091 -0.03227 0.77283 0.01874 -0.03540 0.18619 0.98170
1661398644.045145988 -0.11132 -0.03350 0.77474 0.01850 -0.03593 0.18552 0.98181
1661398644.055145979 -0.11165 -0.03465 0.77653 0.01819 -0.03622 0.18485 0.98193
1661398644.065145969 -0.11192 -0.03574 0.77823 0.01781 -0.03630 0.18418 0.98206
1661398644.075146198 -0.11215 -0.03677 0.77983 0.01739 -0.03618 0.18352 0.98220
1661398644.085145950 -0.11234 -0.03777 0.78136 0.01694 -0.03591 0.18289 0.98233
1661398644.095146179 -0.11251 -0.03876 0.78282 0.01649 -0.03550 0.18229 0.98246
1661398644.105145931 -0.11269 -0.03975 0.78423 0.01604 -0.03498 0.18173 0.98259
1661398644.115146160 -0.11286 -0.04076 0.78558 0.01559 -0.03438 0.18120 0.98272
1661398644.125145912 -0.11302 -0.04177 0.78689 0.01516 -0.03372 0.18068 0.98285
1661398644.135146141 -0.11316 -0.04279 0.78814 0.01473 -0.03304 0.18014 0.98298
1661398644.145145893 -0.11328 -0.04381 0.78933 0.01430 -0.03235 0.17958 0.98311
1661398644.155146122 -0.11336 -0.04484 0.79047 0.01388 -0.03169 0.17897 0.98325
1661398644.165145874 -0.11342 -0.04587 0.79156 0.01346 -0.03106 0.17833 0.98339
1661398644.175146103 -0.11345 -0.04690 0.79259 0.01305 -0.03046 0.17766 0.98353
1661398644.185145855 -0.11346 -0.04793 0.79358 0.01266 -0.02991 0.17695 0.98368
1661398644.195146084 -0.11346 -0.04895 0.79453 0.01229 -0.02942 0.17623 0.98383
1661398644.205146074 -0.11344 -0.04997 0.79544 0.01194 -0.02897 0.17550 0.98398
1661398644.215146065 -0.11341 -0.05099 0.79631 0.01161 -0.02859 0.17476 0.98413
1661398644.225146055 -0.11337 -0.05199 0.79715 0.01132 -0.02827 0.17402 0.98427
1661398644.235146046 -0.11333 -0.05298 0.79796 0.01106 -0.02803 0.17329 0.98441
1661398644.245146036 -0.11329 -0.05396 0.79874 0.01083 -0.02786 0.17257 0.98454
1661398644.255146027 -0.11326 -0.05493 0.79950 0.01064 -0.02778 0.17187 0.98467
1661398644.265146017 -0.11322 -0.05588 0.80025 0.01050 -0.02776 0.17119 0.98479
1661398644.275146008 -0.11319 -0.05682 0.80097 0.01040 -0.02779 0.17054 0.98490
1661398644.285145998 -0.11316 -0.05773 0.80169 0.01033 -0.02786 0.16991 0.98501
1661398644.295145988 -0.11313 -0.05863 0.80240 0.01031 -0.02794 0.16932 0.98511
1661398644.305145979 -0.11309 -0.05950 0.80309 0.01033 -0.02801 0.16876 0.98521
1661398644.315145969 -0.11304 -0.06035 0.80379 0.01039 -0.02807 0.16823 0.98529
1661398644.325145960 -0.11299 -0.06117 0.80449 0.01049 -0.02808 0.16775 0.98537
1661398644.335146189 -0.11293 -0.06196 0.80518 0.01064 -0.02804 0.16730 0.98545
1661398644.345145941 -0.11285 -0.06272 0.80589 0.01082 -0.02793 0.16690 0.98552
1661398644.355146170 -0.11276 -0.06345 0.80660 0.01105 -0.02773 0.16655 0.98558
1661398644.365145922 -0.11267 -0.06415 0.80732 0.01131 -0.02746 0.16624 0.98564
1661398644.375146151 -0.11256 -0.06481 0.80805 0.01159 -0.02713 0.16598 0.98569
1661398644.385145903 -0.11245 -0.06543 0.80880 0.01190 -0.02677 0.16577 0.98573
1661398644.395146132 -0.11234 -0.06602 0.80956 0.01223 -0.02638 0.16560 0.98576
1661398644.405145884 -0.11223 -0.06656 0.81033 0.01256 -0.02598 0.16547 0.98579
1661398644.415146112 -0.11213 -0.06706 0.81112 0.01289 -0.02560 0.16538 0.98581
1661398644.425145864 -0.11204 -0.06752 0.81192 0.01321 -0.02525 0.16533 0.98583
1661398644.435146093 -0.11195 -0.06792 0.81274 0.01352 -0.02494 0.16533 0.98583
1661398644.445145845 -0.11188 -0.06828 0.81358 0.01382 -0.02470 0.16536 0.98583
1661398644.455146074 -0.11183 -0.06859 0.81444 0.01408 -0.02453 0.16543 0.98582
1661398644.465146065 -0.11180 -0.06885 0.81532 0.01432 -0.02445 0.16554 0.98580
1661398644.475146055 -0.11179 -0.06905 0.81621 0.01452 -0.02445 0.16569 0.98577
1661398644.485146046 -0.11180 -0.06921 0.81711 0.01469 -0.02453 0.16588 0.98573
1661398644.495146036 -0.11183 -0.06931 0.81802 0.01482 -0.02470 0.16610 0.98569
1661398644.505146027 -0.11188 -0.06937 0.81893 0.01491 -0.02495 0.16637 0.98564
1661398644.515146017 -0.11197 -0.06937 0.81985 0.01495 -0.02529 0.16668 0.98557
1661398644.525146008 -0.11207 -0.06932 0.82077 0.01495 -0.02573 0.16702 0.98550
1661398644.535145998 -0.11221 -0.06921 0.82169 0.01490 -0.02625 0.16741 0.98542
1661398644.545145988 -0.11237 -0.06906 0.82261 0.01479 -0.02687 0.16784 0.98534
1661398644.555145979 -0.11257 -0.06885 0.82352 0.01463 -0.02757 0.16831 0.98524
1661398644.565145969 -0.11279 -0.06859 0.82441 0.01442 -0.02835 0.16881 0.98514
1661398644.575146198 -0.11304 -0.06829 0.82530 0.01417 -0.02918 0.16933 0.98503
1661398644.585145950 -0.11331 -0.06793 0.82618 0.01389 -0.03005 0.16986 0.98491
1661398644.595146179 -0.11360 -0.06752 0.82704 0.01358 -0.03094 0.17039 0.98480
1661398644.605145931 -0.11392 -0.06706 0.82788 0.01325 -0.03181 0.17090 0.98468
1661398644.615146160 -0.11425 -0.06656 0.82871 0.01291 -0.03267 0.17140 0.98458
1661398644.625145912 -0.11460 -0.06601 0.82951 0.01257 -0.03348 0.17186 0.98447
1661398644.635146141 -0.11496 -0.06542 0.83029 0.01223 -0.03422 0.17227 0.98438
1661398644.645145893 -0.11533 -0.06478 0.83105 0.01191 -0.03489 0.17264 0.98430
1661398644.655146122 -0.11572 -0.06410 0.83178 0.01160 -0.03545 0.17294 0.98423
1661398644.665145874 -0.11611 -0.06337 0.83249 0.01131 -0.03593 0.17318 0.98417
1661398644.675146103 -0.11651 -0.06260 0.83318 0.01105 -0.03632 0.17339 0.98412
1661398644.685145855 -0.11691 -0.06179 0.83385 0.01080 -0.03664 0.17357 0.98408
1661398644.695146084 -0.11731 -0.06095 0.83451 0.01058 -0.03690 0.17373 0.98405
1661398644.705146074 -0.11772 -0.06006 0.83515 0.01038 -0.03711 0.17389 0.98401
1661398644.715146065 -0.11812 -0.05914 0.83579 0.01021 -0.03727 0.17405 0.98398
1661398644.725146055 -0.11852 -0.05818 0.83642 0.01007 -0.03741 0.17424 0.98394
1661398644.735146046 -0.11892 -0.05718 0.83705 0.00995 -0.03752 0.17445 0.98390
1661398644.745146036 -0.11931 -0.05615 0.83767 0.00986 -0.03763 0.17472 0.98385
1661398644.755146027 -0.11970 -0.05509 0.83830 0.00979 -0.03773 0.17503 0.98379
1661398644.765146017 -0.12008 -0.05400 0.83893 0.00975 -0.03783 0.17540 0.98372
1661398644.775146008 -0.12047 -0.05288 0.83957 0.00974 -0.03794 0.17579 0.98365
1661398644.785145998 -0.12085 -0.05173 0.84020 0.00974 -0.03804 0.17621 0.98357
1661398644.795145988 -0.12125 -0.05057 0.84083 0.00976 -0.03815 0.17664 0.98349
1661398644.805145979 -0.12165 -0.04938 0.84146 0.00979 -0.03826 0.17707 0.98341
1661398644.815145969 -0.12207 -0.04817 0.84209 0.00983 -0.03838 0.17748 0.98333
1661398644.825145960 -0.12251 -0.04695 0.84271 0.00987 -0.03850 0.17788 0.98325
1661398644.835146189 -0.12298 -0.04571 0.84333 0.00991 -0.03863 0.17823 0.98318
1661398644.845145941 -0.12347 -0.04447 0.84395 0.00995 -0.03877 0.17855 0.98312
1661398644.855146170 -0.12399 -0.04321 0.84456 0.00999 -0.03891 0.17881 0.98306
1661398644.865145922 -0.12454 -0.04195 0.84516 0.01002 -0.03907 0.17902 0.98302
1661398644.875146151 -0.12512 -0.04068 0.84576 0.01005 -0.03924 0.17920 0.98298
1661398644.885145903 -0.12572 -0.03940 0.84636 0.01008 -0.03944 0.17936 0.98294
1661398644.895146132 -0.12635 -0.03812 0.84696 0.01010 -0.03966 0.17952 0.98290
1661398644.905145884 -0.12700 -0.03684 0.84756 0.01013 -0.03992 0.17968 0.98286
1661398644.915146112 -0.12766 -0.03555 0.84817 0.01016 -0.04021 0.17986 0.98282
1661398644.925145864 -0.12835 -0.03425 0.84878 0.01019 -0.04054 0.18007 0.98276
1661398644.935146093 -0.12906 -0.03295 0.84940 0.01023 -0.04091 0.18033 0.98270
1661398644.945145845 -0.12977 -0.03165 0.85003 0.01027 -0.04134 0.18064 0.98263
1661398644.955146074 -0.13051 -0.03035 0.85067 0.01032 -0.04182 0.18101 0.98254
1661398644.965146065 -0.13125 -0.02905 0.85132 0.01038 -0.04234 0.18145 0.98243
1661398644.975146055 -0.13200 -0.02774 0.85198 0.01044 -0.04290 0.18195 0.98232
1661398644.985146046 -0.13275 -0.02644 0.85266 0.01050 -0.04349 0.18251 0.98219
1661398644.995146036 -0.13350 -0.02514 0.85334 0.01056 -0.04409 0.18311 0.98205
1661398645.005146027 -0.13424 -0.02384 0.85404 0.01062 -0.04470 0.18376 0.98190
1661398645.015146017 -0.13499 -0.02254 0.85475 0.01067 -0.04532 0.18446 0.98174
1661398645.025146008 -0.13572 -0.02125 0.85548 0.01072 -0.04592 0.18518 0.98157
1661398645.035145998 -0.13643 -0.01997 0.85622 0.01076 -0.04650 0.18594 0.98140
1661398645.045145988 -0.13713 -0.01869 0.85697 0.01079 -0.04705 0.18673 0.98123
1661398645.055145979 -0.13781 -0.01742 0.85773 0.01082 -0.04756 0.18753 0.98105
1661398645.065145969 -0.13848 -0.01616 0.85851 0.01083 -0.04805 0.18835 0.98087
1661398645.075146198 -0.13913 -0.01491 0.85930 0.01085 -0.04851 0.18918 0.98068
1661398645.085145950 -0.13978 -0.01368 0.86008 0.01087 -0.04896 0.18999 0.98050
1661398645.095146179 -0.14042 -0.01247 0.86087 0.01089 -0.04940 0.19079 0.98033
1661398645.105145931 -0.14107 -0.01128 0.86166 0.01093 -0.04985 0.19157 0.98015
1661398645.115146160 -0.14172 -0.01011 0.86244 0.01099 -0.05030 0.19231 0.97998
1661398645.125145912 -0.14238 -0.00897 0.86321 0.01107 -0.05078 0.19301 0.97982
1661398645.135146141 -0.14306 -0.00787 0.86396 0.01118 -0.05128 0.19366 0.97966
1661398645.145145893 -0.14375 -0.00679 0.86470 0.01132 -0.05182 0.19424 0.97952
1661398645.155146122 -0.14447 -0.00575 0.86543 0.01150 -0.05239 0.19476 0.97938
1661398645.165145874 -0.14520 -0.00475 0.86613 0.01171 -0.05301 0.19521 0.97926
1661398645.175146103 -0.14596 -0.00378 0.86682 0.01197 -0.05365 0.19561 0.97914
1661398645.185145855 -0.14672 -0.00286 0.86748 0.01228 -0.05431 0.19597 0.97903
1661398645.195146084 -0.14749 -0.00198 0.86813 0.01263 -0.05498 0.19628 0.97892
1661398645.205146074 -0.14827 -0.00114 0.86877 0.01303 -0.05566 0.19657 0.97882
1661398645.215146065 -0.14904 -0.00034 0.86939 0.01348 -0.05633 0.19684 0.97872
1661398645.225146055 -0.14981 0.00041 0.86999 0.01398 -0.05700 0.19710 0.97863
1661398645.235146046 -0.15057 0.00111 0.87058 0.01454 -0.05764 0.19736 0.97853
1661398645.245146036 -0.15132 0.00176 0.87115 0.01516 -0.05826 0.19762 0.97843
1661398645.255146027 -0.15205 0.00236 0.87172 0.01583 -0.05885 0.19789 0.97833
1661398645.265146017 -0.15277 0.00292 0.87227 0.01655 -0.05940 0.19818 0.97823
1661398645.275146008 -0.15347 0.00343 0.87280 0.01730 -0.05992 0.19847 0.97812
1661398645.285145998 -0.15415 0.00390 0.87333 0.01807 -0.06040 0.19876 0.97802
1661398645.295145988 -0.15481 0.00433 0.87384 0.01884 -0.06085 0.19904 0.97792
1661398645.305145979 -0.15545 0.00473 0.87434 0.01960 -0.06126 0.19933 0.97782
1661398645.315145969 -0.15607 0.00509 0.87483 0.02034 -0.06164 0.19959 0.97773
1661398645.325145960 -0.15666 0.00543 0.87531 0.02104 -0.06198 0.19985 0.97764
1661398645.335146189 -0.15724 0.00574 0.87577 0.02168 -0.06229 0.20008 0.97756
1661398645.345145941 -0.15780 0.00603 0.87623 0.02226 -0.06256 0.20029 0.97748
1661398645.355146170 -0.15833 0.00630 0.87668 0.02276 -0.06280 0.20047 0.97742
1661398645.365145922 -0.15884 0.00655 0.87711 0.02319 -0.06301 0.20062 0.97737
1661398645.375146151 -0.15934 0.00678 0.87753 0.02354 -0.06319 0.20076 0.97732
1661398645.385145903 -0.15984 0.00699 0.87795 0.02381 -0.06334 0.20088 0.97727
1661398645.395146132 -0.16033 0.00719 0.87835 0.02402 -0.06348 0.20100 0.97724
1661398645.405145884 -0.16083 0.00737 0.87873 0.02417 -0.06361 0.20111 0.97720
1661398645.415146112 -0.16134 0.00753 0.87911 0.02425 -0.06373 0.20123 0.97717
1661398645.425145864 -0.16186 0.00768 0.87947 0.02427 -0.06385 0.20135 0.97713
1661398645.435146093 -0.16240 0.00781 0.87982 0.02424 -0.06397 0.20149 0.97710
1661398645.445145845 -0.16297 0.00793 0.88015 0.02416 -0.06409 0.20164 0.97706
1661398645.455146074 -0.16357 0.00803 0.88047 0.02403 -0.06423 0.20182 0.97702
1661398645.465146065 -0.16419 0.00811 0.88077 0.02386 -0.06437 0.20202 0.97697
1661398645.475146055 -0.16485 0.00818 0.88107 0.02365 -0.06454 0.20224 0.97692
1661398645.485146046 -0.16553 0.00824 0.88136 0.02342 -0.06472 0.20248 0.97686
1661398645.495146036 -0.16623 0.00829 0.88165 0.02317 -0.06493 0.20274 0.97680
1661398645.505146027 -0.16695 0.00832 0.88193 0.02290 -0.06517 0.20303 0.97673
1661398645.515146017 -0.16769 0.00834 0.88222 0.02262 -0.06543 0.20333 0.97666
1661398645.525146008 -0.16845 0.00836 0.88252 0.02234 -0.06572 0.20365 0.97658
1661398645.535145998 -0.16922 0.00836 0.88282 0.02207 -0.06605 0.20399 0.97649
1661398645.545145988 -0.17000 0.00836 0.88313 0.02182 -0.06642 0.20435 0.97640
1661398645.555145979 -0.17079 0.00835 0.88345 0.02158 -0.06682 0.20473 0.97630
1661398645.565145969 -0.17159 0.00834 0.88379 0.02137 -0.06727 0.20512 0.97619
1661398645.575146198 -0.17240 0.00832 0.88414 0.02117 -0.06774 0.20551 0.97608
1661398645.585145950 -0.17322 0.00829 0.88451 0.02100 -0.06825 0.20592 0.97596
1661398645.595146179 -0.17403 0.00825 0.88489 0.02086 -0.06878 0.20633 0.97584
1661398645.605145931 -0.17485 0.00821 0.88529 0.02074 -0.06933 0.20673 0.97572
1661398645.615146160 -0.17568 0.00817 0.88571 0.02064 -0.06989 0.20713 0.97559
1661398645.625145912 -0.17650 0.00812 0.88615 0.02058 -0.07047 0.20753 0.97547
1661398645.635146141 -0.17732 0.00807 0.88661 0.02054 -0.07106 0.20791 0.97535
1661398645.645145893 -0.17814 0.00802 0.88709 0.02053 -0.07165 0.20827 0.97523
1661398645.655146122 -0.17895 0.00796 0.88759 0.02055 -0.07224 0.20862 0.97511
1661398645.665145874 -0.17975 0.00790 0.88811 0.02059 -0.07282 0.20895 0.97499
1661398645.675146103 -0.18055 0.00783 0.88864 0.02064 -0.07339 0.20925 0.97489
1661398645.685145855 -0.18133 0.00776 0.88919 0.02070 -0.07393 0.20954 0.97478
1661398645.695146084 -0.18211 0.00768 0.88976 0.02075 -0.07444 0.20980 0.97469
1661398645.705146074 -0.18286 0.00759 0.89033 0.02078 -0.07492 0.21003 0.97460
1661398645.715146065 -0.18360 0.00749 0.89090 0.02079 -0.07535 0.21024 0.97452
1661398645.725146055 -0.18433 0.00738 0.89149 0.02077 -0.07572 0.21042 0.97445
1661398645.735146046 -0.18503 0.00727 0.89207 0.02071 -0.07603 0.21057 0.97440
1661398645.745146036 -0.18570 0.00713 0.89265 0.02060 -0.07628 0.21069 0.97435
1661398645.755146027 -0.18635 0.00699 0.89323 0.02043 -0.07645 0.21078 0.97433
1661398645.765146017 -0.18698 0.00683 0.89381 0.02021 -0.07655 0.21085 0.97431
1661398645.775146008 -0.18758 0.00666 0.89438 0.01994 -0.07659 0.21089 0.97430
1661398645.785145998 -0.18816 0.00648 0.89495 0.01964 -0.07656 0.21092 0.97430
1661398645.795145988 -0.18871 0.00629 0.89551 0.01931 -0.07649 0.21093 0.97431
1661398645.805145979 -0.18924 0.00609 0.89606 0.01895 -0.07638 0.21095 0.97433
1661398645.815145969 -0.18975 0.00588 0.89661 0.01858 -0.07622 0.21095 0.97434
1661398645.825145960 -0.19024 0.00566 0.89714 0.01820 -0.07604 0.21097 0.97436
1661398645.835146189 -0.19070 0.00543 0.89767 0.01782 -0.07583 0.21099 0.97438
1661398645.845145941 -0.19114 0.00519 0.89818 0.01745 -0.07560 0.21102 0.97440
1661398645.855146170 -0.19156 0.00494 0.89868 0.01709 -0.07535 0.21107 0.97441
1661398645.865145922 -0.19197 0.00469 0.89917 0.01675 -0.07511 0.21114 0.97442
1661398645.875146151 -0.19236 0.00442 0.89966 0.01644 -0.07486 0.21123 0.97443
1661398645.885145903 -0.19274 0.00415 0.90015 0.01617 -0.07462 0.21133 0.97443
1661398645.895146132 -0.19313 0.00388 0.90065 0.01594 -0.07440 0.21144 0.97442
1661398645.905145884 -0.19351 0.00359 0.90116 0.01576 -0.07419 0.21157 0.97442
1661398645.915146112 -0.19389 0.00330 0.90168 0.01564 -0.07402 0.21171 0.97440
1661398645.925145864 -0.19429 0.00300 0.90222 0.01559 -0.07387 0.21186 0.97438
1661398645.935146093 -0.19470 0.00269 0.90279 0.01561 -0.07377 0.21203 0.97435
1661398645.945145845 -0.19513 0.00238 0.90338 0.01571 -0.07372 0.21220 0.97432
1661398645.955146074 -0.19558 0.00206 0.90401 0.01590 -0.07372 0.21238 0.97427
1661398645.965146065 -0.19604 0.00173 0.90467 0.01616 -0.07377 0.21256 0.97422
1661398645.975146055 -0.19653 0.00139 0.90536 0.01649 -0.07388 0.21275 0.97417
1661398645.985146046 -0.19702 0.00105 0.90607 0.01687 -0.07404 0.21293 0.97411
1661398645.995146036 -0.19751 0.00071 0.90680 0.01729 -0.07425 0.21310 0.97405
1661398646.005146027 -0.19801 0.00037 0.90755 0.01773 -0.07452 0.21327 0.97399
1661398646.015146017 -0.19850 0.00002 0.90832 0.01818 -0.07485 0.21342 0.97392
1661398646.025146008 -0.19899 -0.00032 0.90909 0.01863 -0.07522 0.21355 0.97385
1661398646.035145998 -0.19946 -0.00067 0.90988 0.01908 -0.07566 0.21365 0.97379
1661398646.045145988 -0.19992 -0.00101 0.91067 0.01949 -0.07614 0.21374 0.97372
1661398646.055145979 -0.20036 -0.00135 0.91146 0.01987 -0.07668 0.21379 0.97366
1661398646.065145969 -0.20078 -0.00168 0.91225 0.02020 -0.07725 0.21381 0.97361
1661398646.075146198 -0.20118 -0.00202 0.91304 0.02048 -0.07783 0.21380 0.97356
1661398646.085145950 -0.20157 -0.00236 0.91381 0.02070 -0.07840 0.21376 0.97352
1661398646.095146179 -0.20194 -0.00269 0.91458 0.02085 -0.07895 0.21368 0.97348
1661398646.105145931 -0.20230 -0.00303 0.91532 0.02093 -0.07945 0.21357 0.97347
1661398646.115146160 -0.20265 -0.00337 0.91605 0.02092 -0.07988 0.21343 0.97346
1661398646.125145912 -0.20300 -0.00371 0.91675 0.02082 -0.08022 0.21325 0.97348
1661398646.135146141 -0.20333 -0.00405 0.91743 0.02062 -0.08045 0.21303 0.97351
1661398646.145145893 -0.20367 -0.00440 0.91807 0.02032 -0.08055 0.21278 0.97356
1661398646.155146122 -0.20400 -0.00475 0.91868 0.01991 -0.08051 0.21248 0.97364
1661398646.165145874 -0.20432 -0.00511 0.91926 0.01941 -0.08034 0.21217 0.97373
1661398646.175146103 -0.20466 -0.00548 0.91981 0.01882 -0.08009 0.21183 0.97384
1661398646.185145855 -0.20499 -0.00586 0.92034 0.01818 -0.07978 0.21148 0.97395
1661398646.195146084 -0.20534 -0.00624 0.92084 0.01750 -0.07943 0.21113 0.97407
1661398646.205146074 -0.20569 -0.00664 0.92134 0.01678 -0.07908 0.21079 0.97418
1661398646.215146065 -0.20606 -0.00705 0.92182 0.01607 -0.07877 0.21047 0.97429
1661398646.225146055 -0.20645 -0.00747 0.92230 0.01536 -0.07851 0.21018 0.97438
1661398646.235146046 -0.20685 -0.00791 0.92278 0.01468 -0.07834 0.20993 0.97446
1661398646.245146036 -0.20728 -0.00836 0.92326 0.01405 -0.07830 0.20973 0.97452
1661398646.255146027 -0.20772 -0.00883 0.92375 0.01347 -0.07839 0.20958 0.97455
1661398646.265146017 -0.20819 -0.00931 0.92424 0.01296 -0.07862 0.20948 0.97456
1661398646.275146008 -0.20868 -0.00981 0.92473 0.01250 -0.07898 0.20943 0.97455
1661398646.285145998 -0.20919 -0.01032 0.92523 0.01209 -0.07946 0.20943 0.97451
1661398646.295145988 -0.20970 -0.01084 0.92573 0.01173 -0.08003 0.20948 0.97446
1661398646.305145979 -0.21023 -0.01136 0.92623 0.01141 -0.08070 0.20956 0.97439
1661398646.315145969 -0.21076 -0.01190 0.92672 0.01113 -0.08145 0.20967 0.97431
1661398646.325145960 -0.21129 -0.01243 0.92721 0.01088 -0.08227 0.20982 0.97421
1661398646.335146189 -0.21183 -0.01297 0.92770 0.01067 -0.08315 0.20999 0.97410
1661398646.345145941 -0.21237 -0.01351 0.92817 0.01048 -0.08407 0.21019 0.97398
1661398646.355146170 -0.21290 -0.01405 0.92864 0.01031 -0.08503 0.21040 0.97386
1661398646.365145922 -0.21342 -0.01458 0.92911 0.01017 -0.08601 0.21063 0.97372
1661398646.375146151 -0.21395 -0.01512 0.92956 0.01004 -0.08700 0.21087 0.97358
1661398646.385145903 -0.21447 -0.01565 0.93002 0.00994 -0.08799 0.21111 0.97344
1661398646.395146132 -0.21499 -0.01618 0.93047 0.00986 -0.08897 0.21136 0.97330
1661398646.405145884 -0.21551 -0.01670 0.93092 0.00980 -0.08992 0.21160 0.97316
1661398646.415146112 -0.21603 -0.01722 0.93136 0.00976 -0.09083 0.21184 0.97303
1661398646.425145864 -0.21656 -0.01774 0.93181 0.00974 -0.09169 0.21206 0.97290
1661398646.435146093 -0.21709 -0.01825 0.93226 0.00974 -0.09249 0.21226 0.97278
1661398646.445145845 -0.21763 -0.01875 0.93272 0.00976 -0.09321 0.21244 0.97267
1661398646.455146074 -0.21817 -0.01925 0.93318 0.00980 -0.09385 0.21260 0.97257
1661398646.465146065 -0.21872 -0.01975 0.93365 0.00985 -0.09442 0.21274 0.97249
1661398646.475146055 -0.21927 -0.02023 0.93411 0.00992 -0.09493 0.21285 0.97241
1661398646.485146046 -0.21983 -0.02072 0.93458 0.00999 -0.09540 0.21295 0.97234
1661398646.495146036 -0.22039 -0.02119 0.93505 0.01007 -0.09585 0.21303 0.97228
1661398646.505146027 -0.22095 -0.02167 0.93551 0.01015 -0.09629 0.21311 0.97222
1661398646.515146017 -0.22151 -0.02214 0.93596 0.01023 -0.09673 0.21317 0.97216
1661398646.525146008 -0.22208 -0.02261 0.93641 0.01030 -0.09720 0.21323 0.97210
1661398646.535145998 -0.22264 -0.02308 0.93685 0.01035 -0.09770 0.21328 0.97204
1661398646.545145988 -0.22321 -0.02354 0.93728 0.01039 -0.09826 0.21334 0.97197
1661398646.555145979 -0.22377 -0.02400 0.93770 0.01041 -0.09888 0.21340 0.97189
1661398646.565145969 -0.22433 -0.02446 0.93810 0.01042 -0.09955 0.21346 0.97181
1661398646.575146198 -0.22488 -0.02493 0.93850 0.01040 -0.10027 0.21353 0.97172
1661398646.585145950 -0.22542 -0.02538 0.93889 0.01038 -0.10101 0.21360 0.97163
1661398646.595146179 -0.22595 -0.02584 0.93927 0.01034 -0.10177 0.21367 0.97154
1661398646.605145931 -0.22646 -0.02629 0.93965 0.01029 -0.10254 0.21375 0.97144
1661398646.615146160 -0.22694 -0.02674 0.94003 0.01024 -0.10329 0.21383 0.97134
1661398646.625145912 -0.22741 -0.02719 0.94041 0.01017 -0.10402 0.21391 0.97125
1661398646.635146141 -0.22785 -0.02764 0.94080 0.01011 -0.10471 0.21400 0.97115
1661398646.645145893 -0.22826 -0.02808 0.94118 0.01004 -0.10535 0.21409 0.97106
1661398646.655146122 -0.22864 -0.02852 0.94158 0.00998 -0.10594 0.21419 0.97098
1661398646.665145874 -0.22899 -0.02895 0.94197 0.00991 -0.10646 0.21429 0.97090
1661398646.675146103 -0.22931 -0.02938 0.94238 0.00985 -0.10694 0.21439 0.97083
1661398646.685145855 -0.22961 -0.02980 0.94278 0.00979 -0.10737 0.21450 0.97076
1661398646.695146084 -0.22989 -0.03021 0.94319 0.00973 -0.10776 0.21461 0.97069
1661398646.705146074 -0.23015 -0.03060 0.94360 0.00968 -0.10812 0.21472 0.97062
1661398646.715146065 -0.23040 -0.03098 0.94401 0.00964 -0.10845 0.21483 0.97056
1661398646.725146055 -0.23063 -0.03135 0.94442 0.00960 -0.10877 0.21495 0.97050
1661398646.735146046 -0.23086 -0.03169 0.94482 0.00957 -0.10906 0.21506 0.97044
1661398646.745146036 -0.23108 -0.03202 0.94523 0.00956 -0.10935 0.21517 0.97039
1661398646.755146027 -0.23130 -0.03233 0.94563 0.00955 -0.10964 0.21528 0.97033
1661398646.765146017 -0.23152 -0.03261 0.94602 0.00955 -0.10993 0.21539 0.97027
1661398646.775146008 -0.23175 -0.03288 0.94641 0.00956 -0.11023 0.21551 0.97021
1661398646.785145998 -0.23197 -0.03313 0.94680 0.00958 -0.11055 0.21563 0.97015
1661398646.795145988 -0.23221 -0.03336 0.94718 0.00961 -0.11089 0.21576 0.97008
1661398646.805145979 -0.23245 -0.03357 0.94756 0.00964 -0.11126 0.21591 0.97001
1661398646.815145969 -0.23271 -0.03377 0.94792 0.00967 -0.11166 0.21606 0.96993
1661398646.825145960 -0.23298 -0.03396 0.94829 0.00971 -0.11210 0.21623 0.96984
1661398646.835146189 -0.23327 -0.03414 0.94864 0.00974 -0.11259 0.21642 0.96974
1661398646.845145941 -0.23357 -0.03430 0.94899 0.00978 -0.11313 0.21663 0.96963
1661398646.855146170 -0.23390 -0.03446 0.94934 0.00982 -0.11373 0.21686 0.96951
1661398646.865145922 -0.23425 -0.03461 0.94967 0.00985 -0.11437 0.21711 0.96937
1661398646.875146151 -0.23461 -0.03474 0.95000 0.00989 -0.11506 0.21737 0.96923
1661398646.885145903 -0.23498 -0.03487 0.95033 0.00993 -0.11577 0.21764 0.96909
1661398646.895146132 -0.23537 -0.03499 0.95066 0.00996 -0.11651 0.21792 0.96894
1661398646.905145884 -0.23576 -0.03510 0.95098 0.01000 -0.11726 0.21819 0.96878
1661398646.915146112 -0.23616 -0.03520 0.95130 0.01004 -0.11801 0.21847 0.96863
1661398646.925145864 -0.23657 -0.03529 0.95162 0.01007 -0.11876 0.21873 0.96848
1661398646.935146093 -0.23697 -0.03538 0.95195 0.01011 -0.11949 0.21898 0.96833
1661398646.945145845 -0.23737 -0.03546 0.95227 0.01016 -0.12019 0.21922 0.96819
1661398646.955146074 -0.23777 -0.03553 0.95260 0.01020 -0.12086 0.21943 0.96806
1661398646.965146065 -0.23816 -0.03559 0.95293 0.01025 -0.12150 0.21962 0.96793
1661398646.975146055 -0.23855 -0.03565 0.95327 0.01029 -0.12212 0.21980 0.96782
1661398646.985146046 -0.23894 -0.03571 0.95361 0.01033 -0.12270 0.21995 0.96771
1661398646.995146036 -0.23931 -0.03577 0.95395 0.01037 -0.12327 0.22009 0.96760
1661398647.005146027 -0.23968 -0.03582 0.95430 0.01041 -0.12382 0.22021 0.96751
1661398647.015146017 -0.24005 -0.03588 0.95465 0.01044 -0.12435 0.22032 0.96741
1661398647.025146008 -0.24041 -0.03594 0.95501 0.01047 -0.12486 0.22042 0.96732
1661398647.035145998 -0.24077 -0.03601 0.95537 0.01048 -0.12537 0.22050 0.96724
1661398647.045145988 -0.24111 -0.03608 0.95573 0.01049 -0.12586 0.22057 0.96716
1661398647.055145979 -0.24146 -0.03616 0.95610 0.01049 -0.12636 0.22063 0.96708
1661398647.065145969 -0.24179 -0.03625 0.95648 0.01048 -0.12685 0.22068 0.96701
1661398647.075146198 -0.24212 -0.03634 0.95685 0.01046 -0.12734 0.22072 0.96693
1661398647.085145950 -0.24245 -0.03644 0.95723 0.01044 -0.12784 0.22076 0.96686
1661398647.095146179 -0.24278 -0.03654 0.95761 0.01041 -0.12834 0.22079 0.96678
1661398647.105145931 -0.24310 -0.03665 0.95799 0.01038 -0.12886 0.22081 0.96671
1661398647.115146160 -0.24343 -0.03677 0.95836 0.01036 -0.12939 0.22083 0.96664
1661398647.125145912 -0.24376 -0.03689 0.95874 0.01034 -0.12994 0.22085 0.96656
1661398647.135146141 -0.24409 -0.03701 0.95911 0.01032 -0.13051 0.22086 0.96648
1661398647.145145893 -0.24442 -0.03713 0.95947 0.01031 -0.13110 0.22088 0.96639
1661398647.155146122 -0.24476 -0.03726 0.95983 0.01031 -0.13172 0.22089 0.96631
1661398647.165145874 -0.24510 -0.03739 0.96018 0.01032 -0.13236 0.22091 0.96622
1661398647.175146103 -0.24545 -0.03752 0.96053 0.01034 -0.13302 0.22092 0.96612
1661398647.185145855 -0.24581 -0.03765 0.96087 0.01038 -0.13369 0.22094 0.96603
1661398647.195146084 -0.24616 -0.03778 0.96121 0.01044 -0.13438 0.22096 0.96593
1661398647.205146074 -0.24653 -0.03791 0.96155 0.01052 -0.13506 0.22098 0.96582
1661398647.215146065 -0.24690 -0.03804 0.96188 0.01062 -0.13575 0.22100 0.96572
1661398647.225146055 -0.24727 -0.03816 0.96221 0.01075 -0.13644 0.22103 0.96562
1661398647.235146046 -0.24765 -0.03828 0.96254 0.01091 -0.13711 0.22106 0.96551
1661398647.245146036 -0.24803 -0.03839 0.96286 0.01110 -0.13778 0.22109 0.96541
1661398647.255146027 -0.24841 -0.03850 0.96318 0.01132 -0.13843 0.22113 0.96530
1661398647.265146017 -0.24880 -0.03861 0.96350 0.01158 -0.13906 0.22117 0.96520
1661398647.275146008 -0.24920 -0.03871 0.96382 0.01186 -0.13968 0.22121 0.96510
1661398647.285145998 -0.24959 -0.03880 0.96413 0.01216 -0.14028 0.22126 0.96500
1661398647.295145988 -0.24999 -0.03890 0.96444 0.01248 -0.14087 0.22129 0.96490
1661398647.305145979 -0.25039 -0.03899 0.96475 0.01282 -0.14144 0.22133 0.96480
1661398647.315145969 -0.25079 -0.03908 0.96505 0.01317 -0.14201 0.22135 0.96471
1661398647.325145960 -0.25118 -0.03917 0.96534 0.01353 -0.14256 0.22137 0.96462
1661398647.335146189 -0.25158 -0.03926 0.96563 0.01389 -0.14310 0.22138 0.96453
1661398647.345145941 -0.25197 -0.03935 0.96591 0.01425 -0.14364 0.22138 0.96445
1661398647.355146170 -0.25236 -0.03944 0.96619 0.01461 -0.14416 0.22136 0.96437
1661398647.365145922 -0.25275 -0.03954 0.96646 0.01496 -0.14467 0.22133 0.96429
1661398647.375146151 -0.25313 -0.03964 0.96672 0.01531 -0.14518 0.22129 0.96422
1661398647.385145903 -0.25351 -0.03974 0.96698 0.01564 -0.14567 0.22123 0.96415
1661398647.395146132 -0.25389 -0.03984 0.96723 0.01596 -0.14615 0.22116 0.96409
1661398647.405145884 -0.25426 -0.03995 0.96748 0.01626 -0.14662 0.22108 0.96404
1661398647.415146112 -0.25463 -0.04006 0.96772 0.01654 -0.14707 0.22098 0.96398
1661398647.425145864 -0.25500 -0.04018 0.96797 0.01680 -0.14752 0.22087 0.96394
1661398647.435146093 -0.25537 -0.04030 0.96821 0.01703 -0.14794 0.22075 0.96389
1661398647.445145845 -0.25573 -0.04043 0.96845 0.01723 -0.14836 0.22061 0.96386
1661398647.455146074 -0.25609 -0.04056 0.96868 0.01741 -0.14875 0.22047 0.96383
1661398647.465146065 -0.25646 -0.04070 0.96892 0.01755 -0.14914 0.22031 0.96380
1661398647.475146055 -0.25682 -0.04084 0.96915 0.01767 -0.14953 0.22015 0.96377
1661398647.485146046 -0.25718 -0.04099 0.96938 0.01777 -0.14993 0.21998 0.96375
1661398647.495146036 -0.25755 -0.04114 0.96960 0.01785 -0.15033 0.21981 0.96372
1661398647.505146027 -0.25792 -0.04130 0.96981 0.01790 -0.15076 0.21964 0.96370
1661398647.515146017 -0.25830 -0.04146 0.97002 0.01794 -0.15121 0.21948 0.96366
1661398647.525146008 -0.25868 -0.04162 0.97021 0.01797 -0.15169 0.21931 0.96362
1661398647.535145998 -0.25908 -0.04179 0.97040 0.01798 -0.15222 0.21916 0.96357
1661398647.545145988 -0.25949 -0.04196 0.97057 0.01799 -0.15280 0.21901 0.96352
1661398647.555145979 -0.25991 -0.04213 0.97073 0.01798 -0.15342 0.21888 0.96345
1661398647.565145969 -0.26034 -0.04230 0.97088 0.01797 -0.15409 0.21876 0.96337
1661398647.575146198 -0.26078 -0.04247 0.97101 0.01796 -0.15480 0.21865 0.96328
1661398647.585145950 -0.26122 -0.04264 0.97114 0.01795 -0.15553 0.21855 0.96318
1661398647.595146179 -0.26168 -0.04282 0.97126 0.01793 -0.15627 0.21847 0.96308
1661398647.605145931 -0.26214 -0.04299 0.97137 0.01791 -0.15702 0.21839 0.96298
1661398647.615146160 -0.26260 -0.04317 0.97147 0.01789 -0.15775 0.21834 0.96287
1661398647.625145912 -0.26307 -0.04335 0.97157 0.01787 -0.15847 0.21829 0.96277
1661398647.635146141 -0.26353 -0.04354 0.97166 0.01786 -0.15916 0.21825 0.96266
1661398647.645145893 -0.26400 -0.04372 0.97175 0.01785 -0.15982 0.21823 0.96256
1661398647.655146122 -0.26446 -0.04391 0.97184 0.01785 -0.16042 0.21823 0.96246
1661398647.665145874 -0.26493 -0.04410 0.97193 0.01785 -0.16099 0.21823 0.96236
1661398647.675146103 -0.26539 -0.04429 0.97201 0.01786 -0.16151 0.21825 0.96227
1661398647.685145855 -0.26585 -0.04449 0.97209 0.01787 -0.16201 0.21828 0.96218
1661398647.695146084 -0.26631 -0.04468 0.97217 0.01790 -0.16248 0.21832 0.96209
1661398647.705146074 -0.26677 -0.04487 0.97224 0.01793 -0.16294 0.21838 0.96200
1661398647.715146065 -0.26723 -0.04507 0.97232 0.01798 -0.16339 0.21844 0.96191
1661398647.725146055 -0.26769 -0.04526 0.97239 0.01803 -0.16383 0.21852 0.96181
1661398647.735146046 -0.26814 -0.04545 0.97246 0.01810 -0.16427 0.21861 0.96171
1661398647.745146036 -0.26860 -0.04564 0.97253 0.01819 -0.16472 0.21872 0.96161
1661398647.755146027 -0.26906 -0.04583 0.97260 0.01828 -0.16519 0.21883 0.96150
1661398647.765146017 -0.26952 -0.04602 0.97267 0.01839 -0.16567 0.21896 0.96139
1661398647.775146008 -0.26998 -0.04620 0.97273 0.01851 -0.16616 0.21909 0.96127
1661398647.785145998 -0.27044 -0.04639 0.97280 0.01863 -0.16665 0.21924 0.96115
1661398647.795145988 -0.27090 -0.04657 0.97288 0.01876 -0.16716 0.21940 0.96103
1661398647.805145979 -0.27137 -0.04675 0.97295 0.01889 -0.16766 0.21957 0.96090
1661398647.815145969 -0.27183 -0.04694 0.97303 0.01901 -0.16817 0.21975 0.96076
1661398647.825145960 -0.27229 -0.04712 0.97312 0.01913 -0.16868 0.21994 0.96063
1661398647.835146189 -0.27276 -0.04730 0.97322 0.01924 -0.16919 0.22014 0.96049
1661398647.845145941 -0.27323 -0.04748 0.97332 0.01935 -0.16969 0.22036 0.96035
1661398647.855146170 -0.27370 -0.04766 0.97344 0.01944 -0.17019 0.22058 0.96021
1661398647.865145922 -0.27417 -0.04785 0.97357 0.01952 -0.17068 0.22081 0.96007
1661398647.875146151 -0.27464 -0.04803 0.97370 0.01958 -0.17116 0.22104 0.95993
1661398647.885145903 -0.27510 -0.04823 0.97385 0.01962 -0.17162 0.22126 0.95979
1661398647.895146132 -0.27555 -0.04842 0.97400 0.01965 -0.17207 0.22148 0.95966
1661398647.905145884 -0.27599 -0.04863 0.97417 0.01965 -0.17250 0.22168 0.95954
1661398647.915146112 -0.27642 -0.04884 0.97435 0.01964 -0.17291 0.22187 0.95942
1661398647.925145864 -0.27683 -0.04907 0.97454 0.01960 -0.17330 0.22203 0.95931
1661398647.935146093 -0.27722 -0.04931 0.97474 0.01954 -0.17367 0.22217 0.95922
1661398647.945145845 -0.27760 -0.04956 0.97495 0.01945 -0.17401 0.22227 0.95913
1661398647.955146074 -0.27795 -0.04982 0.97517 0.01934 -0.17433 0.22234 0.95906
1661398647.965146065 -0.27828 -0.05010 0.97541 0.01920 -0.17462 0.22238 0.95900
1661398647.975146055 -0.27860 -0.05040 0.97566 0.01904 -0.17490 0.22239 0.95895
1661398647.985146046 -0.27891 -0.05071 0.97592 0.01887 -0.17516 0.22238 0.95891
1661398647.995146036 -0.27921 -0.05105 0.97621 0.01869 -0.17542 0.22235 0.95887
1661398648.005146027 -0.27952 -0.05140 0.97651 0.01849 -0.17568 0.22230 0.95884
1661398648.015146017 -0.27983 -0.05176 0.97682 0.01830 -0.17595 0.22224 0.95881
1661398648.025146008 -0.28015 -0.05215 0.97716 0.01810 -0.17623 0.22218 0.95878
1661398648.035145998 -0.28049 -0.05256 0.97752 0.01791 -0.17653 0.22211 0.95874
1661398648.045145988 -0.28085 -0.05298 0.97791 0.01772 -0.17685 0.22205 0.95870
1661398648.055145979 -0.28123 -0.05343 0.97831 0.01755 -0.17720 0.22199 0.95865
1661398648.065145969 -0.28164 -0.05390 0.97874 0.01740 -0.17760 0.22194 0.95859
1661398648.075146198 -0.28207 -0.05440 0.97919 0.01727 -0.17805 0.22189 0.95852
1661398648.085145950 -0.28254 -0.05492 0.97965 0.01719 -0.17857 0.22186 0.95843
1661398648.095146179 -0.28304 -0.05547 0.98012 0.01714 -0.17918 0.22184 0.95833
1661398648.105145931 -0.28357 -0.05605 0.98061 0.01716 -0.17988 0.22183 0.95820
1661398648.115146160 -0.28414 -0.05666 0.98109 0.01723 -0.18069 0.22184 0.95804
1661398648.125145912 -0.28475 -0.05731 0.98158 0.01737 -0.18163 0.22187 0.95785
1661398648.135146141 -0.28539 -0.05799 0.98207 0.01760 -0.18270 0.22191 0.95764
1661398648.145145893 -0.28608 -0.05871 0.98256 0.01791 -0.18393 0.22197 0.95738
1661398648.155146122 -0.28681 -0.05947 0.98304 0.01831 -0.18531 0.22204 0.95709
1661398648.165145874 -0.28757 -0.06027 0.98351 0.01880 -0.18683 0.22214 0.95676
1661398648.175146103 -0.28837 -0.06110 0.98398 0.01936 -0.18846 0.22224 0.95641
1661398648.185145855 -0.28919 -0.06197 0.98444 0.01998 -0.19017 0.22234 0.95603
1661398648.195146084 -0.29003 -0.06287 0.98489 0.02065 -0.19193 0.22244 0.95564
1661398648.205146074 -0.29089 -0.06380 0.98533 0.02135 -0.19372 0.22253 0.95525
1661398648.215146065 -0.29175 -0.06476 0.98577 0.02207 -0.19551 0.22261 0.95485
1661398648.225146055 -0.29262 -0.06575 0.98620 0.02280 -0.19727 0.22266 0.95446
1661398648.235146046 -0.29348 -0.06676 0.98662 0.02353 -0.19897 0.22269 0.95408
1661398648.245146036 -0.29433 -0.06780 0.98703 0.02424 -0.20060 0.22269 0.95372
1661398648.255146027 -0.29517 -0.06885 0.98743 0.02493 -0.20211 0.22266 0.95339
1661398648.265146017 -0.29598 -0.06993 0.98783 0.02559 -0.20353 0.22259 0.95309
1661398648.275146008 -0.29679 -0.07103 0.98822 0.02623 -0.20486 0.22248 0.95281
1661398648.285145998 -0.29757 -0.07215 0.98860 0.02684 -0.20610 0.22234 0.95256
1661398648.295145988 -0.29833 -0.07329 0.98898 0.02743 -0.20728 0.22217 0.95233
1661398648.305145979 -0.29908 -0.07444 0.98936 0.02800 -0.20839 0.22197 0.95211
1661398648.315145969 -0.29980 -0.07561 0.98974 0.02854 -0.20945 0.22174 0.95192
1661398648.325145960 -0.30050 -0.07679 0.99012 0.02906 -0.21048 0.22147 0.95174
1661398648.335146189 -0.30118 -0.07798 0.99050 0.02956 -0.21147 0.22118 0.95157
1661398648.345145941 -0.30184 -0.07919 0.99089 0.03005 -0.21244 0.22086 0.95141
1661398648.355146170 -0.30247 -0.08041 0.99128 0.03051 -0.21340 0.22051 0.95126
1661398648.365145922 -0.30308 -0.08164 0.99167 0.03095 -0.21434 0.22014 0.95112
1661398648.375146151 -0.30367 -0.08287 0.99206 0.03137 -0.21526 0.21976 0.95099
1661398648.385145903 -0.30424 -0.08412 0.99245 0.03175 -0.21616 0.21935 0.95087
1661398648.395146132 -0.30479 -0.08537 0.99283 0.03210 -0.21703 0.21894 0.95076
1661398648.405145884 -0.30533 -0.08664 0.99321 0.03241 -0.21786 0.21852 0.95065
1661398648.415146112 -0.30584 -0.08790 0.99357 0.03268 -0.21866 0.21810 0.95056
1661398648.425145864 -0.30635 -0.08918 0.99392 0.03290 -0.21941 0.21768 0.95047
1661398648.435146093 -0.30684 -0.09046 0.99425 0.03306 -0.22012 0.21726 0.95039
1661398648.445145845 -0.30732 -0.09174 0.99456 0.03318 -0.22078 0.21686 0.95033
1661398648.455146074 -0.30779 -0.09303 0.99485 0.03323 -0.22138 0.21647 0.95028
1661398648.465146065 -0.30825 -0.09432 0.99511 0.03323 -0.22194 0.21610 0.95023
1661398648.475146055 -0.30871 -0.09562 0.99535 0.03318 -0.22245 0.21574 0.95020
1661398648.485146046 -0.30916 -0.09692 0.99557 0.03309 -0.22291 0.21539 0.95017
1661398648.495146036 -0.30962 -0.09823 0.99577 0.03296 -0.22334 0.21506 0.95015
1661398648.505146027 -0.31007 -0.09955 0.99595 0.03280 -0.22374 0.21474 0.95013
1661398648.515146017 -0.31053 -0.10088 0.99610 0.03261 -0.22411 0.21444 0.95012
1661398648.525146008 -0.31100 -0.10223 0.99623 0.03240 -0.22446 0.21416 0.95011
1661398648.535145998 -0.31147 -0.10358 0.99634 0.03218 -0.22479 0.21389 0.95010
1661398648.545145988 -0.31196 -0.10495 0.99643 0.03194 -0.22511 0.21363 0.95009
1661398648.555145979 -0.31246 -0.10633 0.99650 0.03170 -0.22542 0.21339 0.95008
1661398648.565145969 -0.31298 -0.10772 0.99655 0.03145 -0.22573 0.21316 0.95006
1661398648.575146198 -0.31351 -0.10913 0.99657 0.03121 -0.22603 0.21294 0.95005
1661398648.585145950 -0.31405 -0.11055 0.99658 0.03097 -0.22633 0.21273 0.95003
1661398648.595146179 -0.31461 -0.11198 0.99656 0.03074 -0.22663 0.21253 0.95001
1661398648.605145931 -0.31519 -0.11342 0.99653 0.03053 -0.22694 0.21233 0.94999
1661398648.615146160 -0.31579 -0.11487 0.99647 0.03033 -0.22725 0.21213 0.94997
1661398648.625145912 -0.31640 -0.11634 0.99639 0.03016 -0.22758 0.21193 0.94994
1661398648.635146141 -0.31702 -0.11781 0.99629 0.03001 -0.22791 0.21173 0.94991
1661398648.645145893 -0.31767 -0.11929 0.99617 0.02989 -0.22826 0.21153 0.94987
1661398648.655146122 -0.31833 -0.12078 0.99603 0.02979 -0.22863 0.21132 0.94983
1661398648.665145874 -0.31901 -0.12228 0.99586 0.02973 -0.22901 0.21111 0.94979
1661398648.675146103 -0.31970 -0.12378 0.99568 0.02969 -0.22941 0.21089 0.94974
1661398648.685145855 -0.32041 -0.12529 0.99548 0.02967 -0.22981 0.21067 0.94970
1661398648.695146084 -0.32113 -0.12681 0.99526 0.02967 -0.23022 0.21044 0.94965
1661398648.705146074 -0.32185 -0.12834 0.99503 0.02967 -0.23063 0.21020 0.94960
1661398648.715146065 -0.32259 -0.12987 0.99477 0.02968 -0.23104 0.20996 0.94956
1661398648.725146055 -0.32333 -0.13141 0.99451 0.02970 -0.23145 0.20972 0.94951
1661398648.735146046 -0.32408 -0.13295 0.99423 0.02971 -0.23185 0.20947 0.94947
1661398648.745146036 -0.32483 -0.13450 0.99393 0.02971 -0.23224 0.20921 0.94943
1661398648.755146027 -0.32558 -0.13606 0.99362 0.02970 -0.23262 0.20895 0.94939
1661398648.765146017 -0.32634 -0.13762 0.99330 0.02967 -0.23298 0.20868 0.94936
1661398648.775146008 -0.32709 -0.13919 0.99296 0.02962 -0.23331 0.20840 0.94935
1661398648.785145998 -0.32785 -0.14077 0.99262 0.02954 -0.23361 0.20810 0.94934
1661398648.795145988 -0.32862 -0.14237 0.99226 0.02941 -0.23387 0.20779 0.94935
1661398648.805145979 -0.32938 -0.14397 0.99188 0.02924 -0.23407 0.20744 0.94938
1661398648.815145969 -0.33015 -0.14559 0.99150 0.02902 -0.23422 0.20708 0.94943
1661398648.825145960 -0.33093 -0.14723 0.99110 0.02874 -0.23431 0.20668 0.94950
1661398648.835146189 -0.33171 -0.14888 0.99069 0.02839 -0.23433 0.20624 0.94960
1661398648.845145941 -0.33249 -0.15056 0.99026 0.02797 -0.23426 0.20577 0.94974
1661398648.855146170 -0.33328 -0.15225 0.98983 0.02748 -0.23412 0.20525 0.94990
1661398648.865145922 -0.33408 -0.15396 0.98938 0.02691 -0.23391 0.20470 0.95009
1661398648.875146151 -0.33488 -0.15571 0.98892 0.02629 -0.23365 0.20411 0.95029
1661398648.885145903 -0.33568 -0.15747 0.98846 0.02563 -0.23337 0.20348 0.95051
1661398648.895146132 -0.33649 -0.15927 0.98799 0.02494 -0.23309 0.20284 0.95074
1661398648.905145884 -0.33729 -0.16111 0.98751 0.02423 -0.23283 0.20217 0.95096
1661398648.915146112 -0.33810 -0.16297 0.98704 0.02352 -0.23261 0.20148 0.95118
1661398648.925145864 -0.33892 -0.16488 0.98655 0.02282 -0.23245 0.20078 0.95138
1661398648.935146093 -0.33973 -0.16682 0.98607 0.02214 -0.23238 0.20007 0.95157
1661398648.945145845 -0.34054 -0.16880 0.98559 0.02149 -0.23240 0.19935 0.95173
1661398648.955146074 -0.34136 -0.17083 0.98511 0.02089 -0.23255 0.19864 0.95185
1661398648.965146065 -0.34217 -0.17291 0.98463 0.02034 -0.23280 0.19792 0.95196
1661398648.975146055 -0.34298 -0.17502 0.98415 0.01983 -0.23312 0.19721 0.95203
1661398648.985146046 -0.34379 -0.17717 0.98367 0.01937 -0.23351 0.19650 0.95209
1661398648.995146036 -0.34460 -0.17935 0.98319 0.01896 -0.23394 0.19581 0.95214
1661398649.005146027 -0.34540 -0.18157 0.98270 0.01860 -0.23438 0.19512 0.95218
1661398649.015146017 -0.34621 -0.18382 0.98220 0.01828 -0.23481 0.19444 0.95222
1661398649.025146008 -0.34701 -0.18610 0.98169 0.01802 -0.23522 0.19377 0.95226
1661398649.035145998 -0.34781 -0.18840 0.98118 0.01781 -0.23558 0.19312 0.95231
1661398649.045145988 -0.34860 -0.19073 0.98065 0.01766 -0.23586 0.19249 0.95237
1661398649.055145979 -0.34939 -0.19308 0.98012 0.01755 -0.23606 0.19188 0.95244
1661398649.065145969 -0.35018 -0.19546 0.97957 0.01749 -0.23618 0.19128 0.95254
1661398649.075146198 -0.35098 -0.19786 0.97902 0.01748 -0.23622 0.19068 0.95265
1661398649.085145950 -0.35179 -0.20028 0.97847 0.01750 -0.23621 0.19009 0.95277
1661398649.095146179 -0.35262 -0.20273 0.97793 0.01756 -0.23615 0.18949 0.95290
1661398649.105145931 -0.35347 -0.20521 0.97740 0.01766 -0.23605 0.18887 0.95305
1661398649.115146160 -0.35435 -0.20772 0.97688 0.01778 -0.23593 0.18823 0.95320
1661398649.125145912 -0.35527 -0.21025 0.97639 0.01792 -0.23579 0.18757 0.95336
1661398649.135146141 -0.35622 -0.21281 0.97592 0.01809 -0.23564 0.18687 0.95353
1661398649.145145893 -0.35723 -0.21540 0.97548 0.01827 -0.23551 0.18613 0.95371
1661398649.155146122 -0.35828 -0.21803 0.97507 0.01846 -0.23539 0.18534 0.95389
1661398649.165145874 -0.35937 -0.22068 0.97469 0.01867 -0.23529 0.18450 0.95407
1661398649.175146103 -0.36051 -0.22335 0.97434 0.01887 -0.23521 0.18363 0.95425
1661398649.185145855 -0.36170 -0.22604 0.97400 0.01908 -0.23515 0.18271 0.95444
1661398649.195146084 -0.36291 -0.22875 0.97368 0.01929 -0.23511 0.18175 0.95463
1661398649.205146074 -0.36417 -0.23147 0.97337 0.01949 -0.23509 0.18075 0.95482
1661398649.215146065 -0.36545 -0.23420 0.97306 0.01969 -0.23508 0.17972 0.95501
1661398649.225146055 -0.36675 -0.23693 0.97276 0.01987 -0.23509 0.17865 0.95521
1661398649.235146046 -0.36808 -0.23967 0.97244 0.02004 -0.23513 0.17756 0.95540
1661398649.245146036 -0.36943 -0.24240 0.97212 0.02019 -0.23518 0.17643 0.95559
1661398649.255146027 -0.37080 -0.24512 0.97178 0.02032 -0.23524 0.17528 0.95579
1661398649.265146017 -0.37219 -0.24783 0.97141 0.02044 -0.23531 0.17411 0.95598
1661398649.275146008 -0.37361 -0.25054 0.97099 0.02057 -0.23536 0.17292 0.95618
1661398649.285145998 -0.37508 -0.25324 0.97052 0.02071 -0.23538 0.17172 0.95639
1661398649.295145988 -0.37660 -0.25593 0.96997 0.02087 -0.23535 0.17051 0.95661
1661398649.305145979 -0.37818 -0.25861 0.96934 0.02108 -0.23526 0.16929 0.95684
1661398649.315145969 -0.37980 -0.26129 0.96863 0.02130 -0.23509 0.16807 0.95710
1661398649.325145960 -0.38146 -0.26398 0.96785 0.02154 -0.23481 0.16684 0.95737
1661398649.335146189 -0.38314 -0.26667 0.96700 0.02177 -0.23442 0.16559 0.95768
1661398649.345145941 -0.38482 -0.26938 0.96610 0.02197 -0.23388 0.16432 0.95803
1661398649.355146170 -0.38650 -0.27211 0.96515 0.02214 -0.23320 0.16304 0.95841
1661398649.365145922 -0.38816 -0.27485 0.96417 0.02227 -0.23238 0.16174 0.95882
1661398649.375146151 -0.38983 -0.27761 0.96314 0.02237 -0.23145 0.16042 0.95927
1661398649.385145903 -0.39149 -0.28038 0.96210 0.02245 -0.23042 0.15909 0.95973
1661398649.395146132 -0.39316 -0.28315 0.96103 0.02251 -0.22933 0.15776 0.96022
1661398649.405145884 -0.39484 -0.28592 0.95994 0.02255 -0.22818 0.15643 0.96071
1661398649.415146112 -0.39653 -0.28868 0.95885 0.02259 -0.22701 0.15509 0.96120
1661398649.425145864 -0.39823 -0.29143 0.95776 0.02262 -0.22583 0.15376 0.96169
1661398649.435146093 -0.39996 -0.29418 0.95668 0.02265 -0.22466 0.15244 0.96217
1661398649.445145845 -0.40170 -0.29690 0.95560 0.02269 -0.22353 0.15114 0.96264
1661398649.455146074 -0.40348 -0.29960 0.95455 0.02273 -0.22245 0.14985 0.96309
1661398649.465146065 -0.40528 -0.30227 0.95351 0.02279 -0.22142 0.14858 0.96352
1661398649.475146055 -0.40709 -0.30492 0.95248 0.02284 -0.22043 0.14736 0.96394
1661398649.485146046 -0.40892 -0.30754 0.95148 0.02290 -0.21947 0.14619 0.96433
1661398649.495146036 -0.41076 -0.31013 0.95049 0.02294 -0.21852 0.14507 0.96472
1661398649.505146027 -0.41261 -0.31269 0.94951 0.02298 -0.21758 0.14403 0.96508
1661398649.515146017 -0.41446 -0.31522 0.94855 0.02301 -0.21664 0.14308 0.96544
1661398649.525146008 -0.41631 -0.31770 0.94759 0.02302 -0.21568 0.14222 0.96578
1661398649.535145998 -0.41815 -0.32015 0.94665 0.02300 -0.21471 0.14146 0.96611
1661398649.545145988 -0.41998 -0.32257 0.94572 0.02296 -0.21370 0.14083 0.96642
1661398649.555145979 -0.42179 -0.32493 0.94480 0.02289 -0.21264 0.14031 0.96673
1661398649.565145969 -0.42359 -0.32726 0.94390 0.02280 -0.21155 0.13991 0.96703
1661398649.575146198 -0.42537 -0.32955 0.94301 0.02267 -0.21041 0.13960 0.96733
1661398649.585145950 -0.42713 -0.33181 0.94214 0.02253 -0.20923 0.13937 0.96762
1661398649.595146179 -0.42888 -0.33402 0.94130 0.02236 -0.20801 0.13919 0.96792
1661398649.605145931 -0.43060 -0.33621 0.94050 0.02217 -0.20674 0.13904 0.96821
1661398649.615146160 -0.43230 -0.33836 0.93973 0.02195 -0.20544 0.13892 0.96851
1661398649.625145912 -0.43398 -0.34048 0.93900 0.02173 -0.20409 0.13879 0.96882
1661398649.635146141 -0.43563 -0.34256 0.93831 0.02148 -0.20270 0.13865 0.96914
1661398649.645145893 -0.43726 -0.34462 0.93768 0.02122 -0.20128 0.13847 0.96947
1661398649.655146122 -0.43886 -0.34665 0.93710 0.02096 -0.19981 0.13824 0.96981
1661398649.665145874 -0.44044 -0.34866 0.93657 0.02069 -0.19834 0.13796 0.97015
1661398649.675146103 -0.44200 -0.35066 0.93609 0.02043 -0.19689 0.13766 0.97050
1661398649.685145855 -0.44356 -0.35264 0.93565 0.02020 -0.19548 0.13734 0.97083
1661398649.695146084 -0.44510 -0.35461 0.93525 0.02000 -0.19416 0.13702 0.97115
1661398649.705146074 -0.44664 -0.35657 0.93489 0.01984 -0.19294 0.13670 0.97144
1661398649.715146065 -0.44818 -0.35854 0.93457 0.01974 -0.19187 0.13641 0.97169
1661398649.725146055 -0.44973 -0.36052 0.93428 0.01971 -0.19096 0.13615 0.97191
1661398649.735146046 -0.45129 -0.36251 0.93402 0.01977 -0.19026 0.13594 0.97208
1661398649.745146036 -0.45286 -0.36451 0.93378 0.01991 -0.18979 0.13578 0.97219
1661398649.755146027 -0.45446 -0.36653 0.93356 0.02015 -0.18956 0.13570 0.97224
1661398649.765146017 -0.45606 -0.36858 0.93337 0.02047 -0.18956 0.13567 0.97224
1661398649.775146008 -0.45768 -0.37065 0.93319 0.02087 -0.18973 0.13568 0.97219
1661398649.785145998 -0.45930 -0.37274 0.93303 0.02130 -0.19005 0.13572 0.97212
1661398649.795145988 -0.46092 -0.37486 0.93288 0.02177 -0.19047 0.13576 0.97202
1661398649.805145979 -0.46252 -0.37700 0.93275 0.02225 -0.19094 0.13579 0.97191
1661398649.815145969 -0.46412 -0.37917 0.93262 0.02272 -0.19144 0.13580 0.97180
1661398649.825145960 -0.46569 -0.38137 0.93251 0.02316 -0.19192 0.13577 0.97170
1661398649.835146189 -0.46724 -0.38360 0.93240 0.02356 -0.19233 0.13568 0.97162
1661398649.845145941 -0.46876 -0.38586 0.93230 0.02389 -0.19264 0.13552 0.97157
1661398649.855146170 -0.47024 -0.38815 0.93220 0.02415 -0.19283 0.13527 0.97156
1661398649.865145922 -0.47169 -0.39047 0.93210 0.02433 -0.19288 0.13494 0.97160
1661398649.875146151 -0.47310 -0.39284 0.93202 0.02446 -0.19281 0.13453 0.97166
1661398649.885145903 -0.47447 -0.39524 0.93195 0.02454 -0.19263 0.13405 0.97176
1661398649.895146132 -0.47581 -0.39769 0.93189 0.02459 -0.19235 0.13350 0.97189
1661398649.905145884 -0.47711 -0.40019 0.93186 0.02462 -0.19198 0.13290 0.97205
1661398649.915146112 -0.47837 -0.40275 0.93184 0.02464 -0.19154 0.13224 0.97222
1661398649.925145864 -0.47961 -0.40536 0.93185 0.02467 -0.19103 0.13154 0.97242
1661398649.935146093 -0.48080 -0.40802 0.93189 0.02471 -0.19045 0.13080 0.97263
1661398649.945145845 -0.48197 -0.41076 0.93195 0.02478 -0.18984 0.13003 0.97285
1661398649.955146074 -0.48310 -0.41355 0.93205 0.02488 -0.18918 0.12923 0.97308
1661398649.965146065 -0.48420 -0.41642 0.93218 0.02502 -0.18851 0.12841 0.97332
1661398649.975146055 -0.48527 -0.41934 0.93233 0.02518 -0.18784 0.12758 0.97355
1661398649.985146046 -0.48633 -0.42233 0.93251 0.02535 -0.18720 0.12675 0.97378
1661398649.995146036 -0.48738 -0.42538 0.93269 0.02552 -0.18660 0.12593 0.97400
1661398650.005146027 -0.48842 -0.42848 0.93288 0.02568 -0.18607 0.12513 0.97420
1661398650.015146017 -0.48946 -0.43164 0.93308 0.02582 -0.18563 0.12435 0.97438
1661398650.025146008 -0.49051 -0.43486 0.93327 0.02594 -0.18529 0.12361 0.97453
1661398650.035145998 -0.49156 -0.43812 0.93346 0.02601 -0.18508 0.12291 0.97466
1661398650.045145988 -0.49263 -0.44144 0.93364 0.02603 -0.18502 0.12226 0.97475
1661398650.055145979 -0.49372 -0.44480 0.93379 0.02600 -0.18512 0.12168 0.97481
1661398650.065145969 -0.49482 -0.44821 0.93393 0.02591 -0.18537 0.12115 0.97483
1661398650.075146198 -0.49595 -0.45167 0.93405 0.02577 -0.18574 0.12067 0.97482
1661398650.085145950 -0.49709 -0.45517 0.93414 0.02559 -0.18620 0.12022 0.97479
1661398650.095146179 -0.49824 -0.45871 0.93420 0.02535 -0.18674 0.11982 0.97475
1661398650.105145931 -0.49941 -0.46228 0.93424 0.02507 -0.18733 0.11944 0.97469
1661398650.115146160 -0.50060 -0.46589 0.93424 0.02476 -0.18794 0.11908 0.97462
1661398650.125145912 -0.50179 -0.46954 0.93420 0.02441 -0.18855 0.11873 0.97455
1661398650.135146141 -0.50299 -0.47322 0.93413 0.02402 -0.18914 0.11840 0.97449
1661398650.145145893 -0.50420 -0.47693 0.93402 0.02361 -0.18968 0.11806 0.97444
1661398650.155146122 -0.50542 -0.48067 0.93387 0.02317 -0.19016 0.11771 0.97440
1661398650.165145874 -0.50664 -0.48443 0.93367 0.02271 -0.19055 0.11737 0.97437
1661398650.175146103 -0.50786 -0.48823 0.93345 0.02223 -0.19087 0.11702 0.97436
1661398650.185145855 -0.50908 -0.49206 0.93319 0.02173 -0.19110 0.11668 0.97437
1661398650.195146084 -0.51029 -0.49592 0.93291 0.02121 -0.19124 0.11635 0.97439
1661398650.205146074 -0.51150 -0.49981 0.93260 0.02067 -0.19129 0.11602 0.97443
1661398650.215146065 -0.51270 -0.50374 0.93228 0.02012 -0.19123 0.11572 0.97449
1661398650.225146055 -0.51388 -0.50770 0.93195 0.01956 -0.19108 0.11543 0.97457
1661398650.235146046 -0.51504 -0.51170 0.93160 0.01899 -0.19081 0.11517 0.97466
1661398650.245146036 -0.51619 -0.51574 0.93125 0.01841 -0.19043 0.11493 0.97478
1661398650.255146027 -0.51731 -0.51981 0.93090 0.01783 -0.18993 0.11472 0.97491
1661398650.265146017 -0.51841 -0.52392 0.93055 0.01724 -0.18934 0.11454 0.97506
1661398650.275146008 -0.51949 -0.52807 0.93020 0.01665 -0.18868 0.11438 0.97521
1661398650.285145998 -0.52056 -0.53226 0.92985 0.01607 -0.18796 0.11425 0.97538
1661398650.295145988 -0.52162 -0.53649 0.92949 0.01549 -0.18722 0.11413 0.97554
1661398650.305145979 -0.52266 -0.54075 0.92914 0.01491 -0.18647 0.11403 0.97571
1661398650.315145969 -0.52369 -0.54505 0.92878 0.01435 -0.18573 0.11395 0.97587
1661398650.325145960 -0.52472 -0.54939 0.92842 0.01380 -0.18503 0.11388 0.97602
1661398650.335146189 -0.52575 -0.55377 0.92806 0.01327 -0.18438 0.11382 0.97615
1661398650.345145941 -0.52677 -0.55818 0.92769 0.01275 -0.18382 0.11376 0.97627
1661398650.355146170 -0.52779 -0.56263 0.92733 0.01225 -0.18335 0.11371 0.97637
1661398650.365145922 -0.52881 -0.56712 0.92696 0.01176 -0.18297 0.11366 0.97646
1661398650.375146151 -0.52984 -0.57163 0.92658 0.01127 -0.18263 0.11362 0.97653
1661398650.385145903 -0.53086 -0.57617 0.92620 0.01077 -0.18233 0.11357 0.97660
1661398650.395146132 -0.53188 -0.58072 0.92581 0.01024 -0.18203 0.11352 0.97666
1661398650.405145884 -0.53291 -0.58529 0.92540 0.00969 -0.18171 0.11347 0.97674
1661398650.415146112 -0.53393 -0.58986 0.92499 0.00910 -0.18134 0.11341 0.97682
1661398650.425145864 -0.53495 -0.59445 0.92456 0.00845 -0.18091 0.11335 0.97691
1661398650.435146093 -0.53598 -0.59903 0.92412 0.00774 -0.18037 0.11329 0.97702
1661398650.445145845 -0.53700 -0.60360 0.92367 0.00696 -0.17972 0.11321 0.97716
1661398650.455146074 -0.53802 -0.60817 0.92319 0.00611 -0.17894 0.11312 0.97732
1661398650.465146065 -0.53905 -0.61272 0.92270 0.00518 -0.17804 0.11302 0.97750
1661398650.475146055 -0.54007 -0.61725 0.92220 0.00422 -0.17707 0.11291 0.97769
1661398650.485146046 -0.54111 -0.62176 0.92170 0.00322 -0.17607 0.11276 0.97789
1661398650.495146036 -0.54216 -0.62623 0.92118 0.00222 -0.17506 0.11260 0.97810
1661398650.505146027 -0.54322 -0.63068 0.92067 0.00122 -0.17409 0.11240 0.97829
1661398650.515146017 -0.54430 -0.63508 0.92016 0.00025 -0.17319 0.11216 0.97848
1661398650.525146008 -0.54539 -0.63943 0.91965 -0.00068 -0.17239 0.11189 0.97865
1661398650.535145998 -0.54651 -0.64374 0.91915 -0.00154 -0.17174 0.11157 0.97880
1661398650.545145988 -0.54765 -0.64799 0.91866 -0.00232 -0.17127 0.11121 0.97892
1661398650.555145979 -0.54881 -0.65219 0.91819 -0.00301 -0.17101 0.11079 0.97902
1661398650.565145969 -0.55000 -0.65632 0.91773 -0.00362 -0.17092 0.11033 0.97908
1661398650.575146198 -0.55120 -0.66039 0.91728 -0.00414 -0.17096 0.10983 0.97913
1661398650.585145950 -0.55242 -0.66439 0.91684 -0.00460 -0.17110 0.10929 0.97916
1661398650.595146179 -0.55364 -0.66833 0.91642 -0.00500 -0.17130 0.10872 0.97919
1661398650.605145931 -0.55486 -0.67220 0.91600 -0.00535 -0.17152 0.10814 0.97921
1661398650.615146160 -0.55607 -0.67600 0.91559 -0.00567 -0.17171 0.10753 0.97924
1661398650.625145912 -0.55728 -0.67973 0.91518 -0.00596 -0.17184 0.10691 0.97929
1661398650.635146141 -0.55847 -0.68339 0.91478 -0.00623 -0.17187 0.10629 0.97935
1661398650.645145893 -0.55965 -0.68698 0.91438 -0.00650 -0.17176 0.10567 0.97943
1661398650.655146122 -0.56080 -0.69049 0.91399 -0.00677 -0.17147 0.10505 0.97955
1661398650.665145874 -0.56192 -0.69393 0.91360 -0.00703 -0.17103 0.10444 0.97969
1661398650.675146103 -0.56303 -0.69730 0.91322 -0.00729 -0.17045 0.10383 0.97985
1661398650.685145855 -0.56412 -0.70061 0.91284 -0.00753 -0.16977 0.10322 0.98003
1661398650.695146084 -0.56520 -0.70385 0.91248 -0.00775 -0.16900 0.10260 0.98023
1661398650.705146074 -0.56627 -0.70704 0.91212 -0.00793 -0.16817 0.10198 0.98044
1661398650.715146065 -0.56733 -0.71017 0.91178 -0.00808 -0.16731 0.10135 0.98065
1661398650.725146055 -0.56839 -0.71325 0.91146 -0.00818 -0.16644 0.10070 0.98086
1661398650.735146046 -0.56945 -0.71628 0.91115 -0.00823 -0.16558 0.10005 0.98107
1661398650.745146036 -0.57050 -0.71927 0.91085 -0.00822 -0.16476 0.09938 0.98128
1661398650.755146027 -0.57156 -0.72221 0.91058 -0.00815 -0.16400 0.09869 0.98148
1661398650.765146017 -0.57263 -0.72512 0.91033 -0.00801 -0.16330 0.09798 0.98167
1661398650.775146008 -0.57370 -0.72798 0.91009 -0.00781 -0.16268 0.09726 0.98184
1661398650.785145998 -0.57479 -0.73081 0.90987 -0.00754 -0.16214 0.09653 0.98201
1661398650.795145988 -0.57588 -0.73360 0.90966 -0.00721 -0.16169 0.09579 0.98216
1661398650.805145979 -0.57698 -0.73635 0.90945 -0.00683 -0.16132 0.09504 0.98229
1661398650.815145969 -0.57810 -0.73906 0.90926 -0.00639 -0.16105 0.09429 0.98241
1661398650.825145960 -0.57924 -0.74175 0.90907 -0.00589 -0.16088 0.09354 0.98251
1661398650.835146189 -0.58039 -0.74439 0.90888 -0.00534 -0.16081 0.09279 0.98260
1661398650.845145941 -0.58156 -0.74701 0.90870 -0.00474 -0.16086 0.09204 0.98266
1661398650.855146170 -0.58274 -0.74959 0.90851 -0.00409 -0.16102 0.09130 0.98271
1661398650.865145922 -0.58395 -0.75214 0.90832 -0.00340 -0.16127 0.09056 0.98274
1661398650.875146151 -0.58517 -0.75466 0.90813 -0.00267 -0.16157 0.08982 0.98276
1661398650.885145903 -0.58640 -0.75714 0.90793 -0.00193 -0.16191 0.08908 0.98277
1661398650.895146132 -0.58764 -0.75957 0.90772 -0.00117 -0.16226 0.08833 0.98279
1661398650.905145884 -0.58889 -0.76197 0.90751 -0.00042 -0.16258 0.08758 0.98280
1661398650.915146112 -0.59014 -0.76433 0.90728 0.00034 -0.16285 0.08682 0.98282
1661398650.925145864 -0.59140 -0.76665 0.90704 0.00107 -0.16304 0.08605 0.98286
1661398650.935146093 -0.59265 -0.76891 0.90680 0.00178 -0.16313 0.08526 0.98291
1661398650.945145845 -0.59391 -0.77114 0.90653 0.00246 -0.16307 0.08446 0.98299
1661398650.955146074 -0.59515 -0.77331 0.90625 0.00309 -0.16287 0.08364 0.98309
1661398650.965146065 -0.59639 -0.77544 0.90596 0.00367 -0.16251 0.08281 0.98322
1661398650.975146055 -0.59763 -0.77752 0.90566 0.00421 -0.16203 0.08198 0.98337
1661398650.985146046 -0.59887 -0.77955 0.90536 0.00470 -0.16143 0.08116 0.98353
1661398650.995146036 -0.60010 -0.78153 0.90504 0.00515 -0.16074 0.08035 0.98371
1661398651.005146027 -0.60133 -0.78348 0.90473 0.00554 -0.15997 0.07957 0.98389
1661398651.015146017 -0.60257 -0.78537 0.90442 0.00589 -0.15914 0.07881 0.98409
1661398651.025146008 -0.60380 -0.78722 0.90412 0.00619 -0.15826 0.07809 0.98428
1661398651.035145998 -0.60504 -0.78903 0.90383 0.00644 -0.15736 0.07743 0.98448
1661398651.045145988 -0.60628 -0.79080 0.90354 0.00665 -0.15645 0.07681 0.98467
1661398651.055145979 -0.60752 -0.79253 0.90328 0.00680 -0.15555 0.07626 0.98486
1661398651.065145969 -0.60877 -0.79421 0.90302 0.00691 -0.15467 0.07577 0.98503
1661398651.075146198 -0.61004 -0.79586 0.90277 0.00699 -0.15382 0.07532 0.98520
1661398651.085145950 -0.61131 -0.79747 0.90251 0.00705 -0.15302 0.07492 0.98535
1661398651.095146179 -0.61260 -0.79904 0.90226 0.00709 -0.15227 0.07454 0.98550
1661398651.105145931 -0.61390 -0.80058 0.90200 0.00713 -0.15158 0.07419 0.98563
1661398651.115146160 -0.61522 -0.80208 0.90173 0.00717 -0.15098 0.07385 0.98575
1661398651.125145912 -0.61657 -0.80356 0.90144 0.00722 -0.15047 0.07351 0.98585
1661398651.135146141 -0.61794 -0.80500 0.90114 0.00729 -0.15006 0.07318 0.98594
1661398651.145145893 -0.61933 -0.80642 0.90081 0.00740 -0.14977 0.07283 0.98601
1661398651.155146122 -0.62075 -0.80780 0.90045 0.00754 -0.14960 0.07246 0.98606
1661398651.165145874 -0.62220 -0.80917 0.90007 0.00771 -0.14952 0.07208 0.98610
1661398651.175146103 -0.62366 -0.81050 0.89966 0.00791 -0.14949 0.07169 0.98613
1661398651.185145855 -0.62514 -0.81181 0.89922 0.00812 -0.14948 0.07129 0.98616
1661398651.195146084 -0.62663 -0.81310 0.89877 0.00835 -0.14946 0.07089 0.98619
1661398651.205146074 -0.62811 -0.81436 0.89829 0.00857 -0.14939 0.07048 0.98623
1661398651.215146065 -0.62960 -0.81559 0.89779 0.00880 -0.14922 0.07008 0.98628
1661398651.225146055 -0.63107 -0.81680 0.89728 0.00901 -0.14894 0.06969 0.98635
1661398651.235146046 -0.63254 -0.81799 0.89675 0.00921 -0.14849 0.06931 0.98644
1661398651.245146036 -0.63398 -0.81915 0.89621 0.00938 -0.14785 0.06894 0.98656
1661398651.255146027 -0.63540 -0.82029 0.89566 0.00951 -0.14698 0.06859 0.98671
1661398651.265146017 -0.63680 -0.82140 0.89510 0.00962 -0.14592 0.06827 0.98689
1661398651.275146008 -0.63819 -0.82250 0.89452 0.00968 -0.14469 0.06797 0.98709
1661398651.285145998 -0.63957 -0.82358 0.89394 0.00970 -0.14334 0.06771 0.98731
1661398651.295145988 -0.64095 -0.82465 0.89336 0.00967 -0.14188 0.06748 0.98753
1661398651.305145979 -0.64232 -0.82570 0.89277 0.00959 -0.14037 0.06729 0.98776
1661398651.315145969 -0.64371 -0.82674 0.89218 0.00946 -0.13883 0.06715 0.98799
1661398651.325145960 -0.64510 -0.82778 0.89160 0.00927 -0.13729 0.06706 0.98821
1661398651.335146189 -0.64651 -0.82880 0.89101 0.00902 -0.13580 0.06703 0.98842
1661398651.345145941 -0.64794 -0.82983 0.89043 0.00870 -0.13438 0.06706 0.98862
1661398651.355146170 -0.64939 -0.83085 0.88985 0.00832 -0.13307 0.06715 0.98880
1661398651.365145922 -0.65087 -0.83187 0.88928 0.00788 -0.13185 0.06729 0.98895
1661398651.375146151 -0.65238 -0.83289 0.88871 0.00740 -0.13074 0.06748 0.98909
1661398651.385145903 -0.65391 -0.83390 0.88813 0.00687 -0.12973 0.06771 0.98921
1661398651.395146132 -0.65546 -0.83491 0.88755 0.00632 -0.12880 0.06796 0.98932
1661398651.405145884 -0.65704 -0.83592 0.88696 0.00575 -0.12797 0.06823 0.98941
1661398651.415146112 -0.65864 -0.83692 0.88636 0.00518 -0.12721 0.06851 0.98949
1661398651.425145864 -0.66027 -0.83791 0.88574 0.00461 -0.12653 0.06879 0.98956
1661398651.435146093 -0.66191 -0.83890 0.88511 0.00406 -0.12593 0.06906 0.98962
1661398651.445145845 -0.66358 -0.83989 0.88445 0.00353 -0.12539 0.06930 0.98968
1661398651.455146074 -0.66527 -0.84086 0.88377 0.00303 -0.12492 0.06952 0.98972
1661398651.465146065 -0.66699 -0.84183 0.88308 0.00258 -0.12449 0.06971 0.98977
1661398651.475146055 -0.66872 -0.84280 0.88237 0.00219 -0.12407 0.06988 0.98981
1661398651.485146046 -0.67046 -0.84375 0.88166 0.00186 -0.12365 0.07002 0.98985
1661398651.495146036 -0.67222 -0.84471 0.88095 0.00160 -0.12321 0.07015 0.98990
1661398651.505146027 -0.67399 -0.84566 0.88026 0.00144 -0.12272 0.07025 0.98995
1661398651.515146017 -0.67578 -0.84660 0.87958 0.00136 -0.12215 0.07034 0.99002
1661398651.525146008 -0.67757 -0.84754 0.87892 0.00140 -0.12149 0.07041 0.99009
1661398651.535145998 -0.67937 -0.84847 0.87829 0.00155 -0.12071 0.07047 0.99018
1661398651.545145988 -0.68117 -0.84940 0.87770 0.00183 -0.11979 0.07052 0.99029
1661398651.555145979 -0.68297 -0.85033 0.87715 0.00223 -0.11872 0.07056 0.99042
1661398651.565145969 -0.68478 -0.85126 0.87664 0.00276 -0.11752 0.07059 0.99055
1661398651.575146198 -0.68659 -0.85220 0.87617 0.00337 -0.11623 0.07060 0.99070
1661398651.585145950 -0.68840 -0.85314 0.87574 0.00406 -0.11489 0.07059 0.99086
1661398651.595146179 -0.69022 -0.85410 0.87535 0.00479 -0.11353 0.07055 0.99101
1661398651.605145931 -0.69203 -0.85509 0.87500 0.00555 -0.11220 0.07048 0.99117
1661398651.615146160 -0.69384 -0.85609 0.87469 0.00632 -0.11092 0.07038 0.99131
1661398651.625145912 -0.69566 -0.85713 0.87441 0.00707 -0.10974 0.07023 0.99145
1661398651.635146141 -0.69747 -0.85820 0.87416 0.00777 -0.10870 0.07004 0.99157
1661398651.645145893 -0.69929 -0.85930 0.87395 0.00842 -0.10782 0.06980 0.99168
1661398651.655146122 -0.70110 -0.86045 0.87377 0.00899 -0.10714 0.06951 0.99177
1661398651.665145874 -0.70291 -0.86165 0.87362 0.00947 -0.10665 0.06917 0.99184
1661398651.675146103 -0.70472 -0.86288 0.87350 0.00987 -0.10630 0.06877 0.99190
1661398651.685145855 -0.70653 -0.86414 0.87342 0.01017 -0.10610 0.06832 0.99195
1661398651.695146084 -0.70833 -0.86544 0.87336 0.01040 -0.10599 0.06782 0.99200
1661398651.705146074 -0.71012 -0.86677 0.87333 0.01053 -0.10597 0.06726 0.99204
1661398651.715146065 -0.71191 -0.86813 0.87332 0.01057 -0.10600 0.06666 0.99207
1661398651.725146055 -0.71369 -0.86952 0.87335 0.01053 -0.10605 0.06601 0.99211
1661398651.735146046 -0.71547 -0.87093 0.87340 0.01039 -0.10611 0.06531 0.99215
1661398651.745146036 -0.71723 -0.87236 0.87348 0.01016 -0.10615 0.06456 0.99220
1661398651.755146027 -0.71898 -0.87382 0.87358 0.00984 -0.10615 0.06376 0.99226
1661398651.765146017 -0.72073 -0.87529 0.87370 0.00945 -0.10610 0.06292 0.99232
1661398651.775146008 -0.72247 -0.87679 0.87385 0.00899 -0.10603 0.06203 0.99239
1661398651.785145998 -0.72421 -0.87831 0.87402 0.00850 -0.10592 0.06111 0.99246
1661398651.795145988 -0.72595 -0.87985 0.87420 0.00798 -0.10580 0.06015 0.99253
1661398651.805145979 -0.72770 -0.88141 0.87441 0.00746 -0.10568 0.05915 0.99261
1661398651.815145969 -0.72944 -0.88300 0.87463 0.00696 -0.10555 0.05812 0.99269
1661398651.825145960 -0.73120 -0.88461 0.87486 0.00648 -0.10543 0.05706 0.99277
1661398651.835146189 -0.73296 -0.88625 0.87511 0.00605 -0.10533 0.05597 0.99284
1661398651.845145941 -0.73474 -0.88791 0.87537 0.00569 -0.10525 0.05485 0.99292
1661398651.855146170 -0.73653 -0.88960 0.87564 0.00541 -0.10520 0.05372 0.99298
1661398651.865145922 -0.73833 -0.89132 0.87592 0.00520 -0.10519 0.05256 0.99305
1661398651.875146151 -0.74015 -0.89306 0.87620 0.00506 -0.10520 0.05138 0.99311
1661398651.885145903 -0.74196 -0.89482 0.87649 0.00498 -0.10523 0.05017 0.99317
1661398651.895146132 -0.74377 -0.89660 0.87678 0.00495 -0.10529 0.04894 0.99322
1661398651.905145884 -0.74559 -0.89840 0.87707 0.00497 -0.10537 0.04769 0.99328
1661398651.915146112 -0.74739 -0.90022 0.87735 0.00502 -0.10547 0.04641 0.99333
1661398651.925145864 -0.74918 -0.90206 0.87763 0.00510 -0.10559 0.04511 0.99337
1661398651.935146093 -0.75096 -0.90390 0.87790 0.00520 -0.10572 0.04378 0.99342
1661398651.945145845 -0.75272 -0.90576 0.87816 0.00531 -0.10587 0.04243 0.99346
1661398651.955146074 -0.75445 -0.90763 0.87840 0.00542 -0.10602 0.04105 0.99350
1661398651.965146065 -0.75617 -0.90951 0.87863 0.00553 -0.10618 0.03966 0.99354
1661398651.975146055 -0.75786 -0.91139 0.87885 0.00563 -0.10633 0.03824 0.99358
1661398651.985146046 -0.75952 -0.91328 0.87906 0.00572 -0.10645 0.03682 0.99362
1661398651.995146036 -0.76115 -0.91516 0.87926 0.00578 -0.10654 0.03538 0.99366
1661398652.005146027 -0.76276 -0.91703 0.87944 0.00582 -0.10660 0.03395 0.99371
1661398652.015146017 -0.76433 -0.91890 0.87962 0.00583 -0.10660 0.03252 0.99375
1661398652.025146008 -0.76587 -0.92076 0.87978 0.00579 -0.10653 0.03110 0.99381
1661398652.035145998 -0.76738 -0.92260 0.87994 0.00572 -0.10640 0.02970 0.99386
1661398652.045145988 -0.76886 -0.92442 0.88009 0.00559 -0.10618 0.02831 0.99393
1661398652.055145979 -0.77030 -0.92622 0.88023 0.00541 -0.10587 0.02695 0.99400
1661398652.065145969 -0.77171 -0.92801 0.88037 0.00517 -0.10549 0.02561 0.99408
1661398652.075146198 -0.77308 -0.92976 0.88050 0.00489 -0.10506 0.02429 0.99416
1661398652.085145950 -0.77441 -0.93150 0.88063 0.00456 -0.10461 0.02299 0.99424
1661398652.095146179 -0.77572 -0.93321 0.88077 0.00420 -0.10416 0.02172 0.99431
1661398652.105145931 -0.77699 -0.93490 0.88091 0.00380 -0.10374 0.02046 0.99439
1661398652.115146160 -0.77823 -0.93656 0.88106 0.00337 -0.10336 0.01923 0.99445
1661398652.125145912 -0.77944 -0.93819 0.88121 0.00292 -0.10305 0.01801 0.99451
1661398652.135146141 -0.78061 -0.93979 0.88138 0.00244 -0.10285 0.01681 0.99455
1661398652.145145893 -0.78176 -0.94137 0.88156 0.00194 -0.10276 0.01562 0.99458
1661398652.155146122 -0.78287 -0.94291 0.88176 0.00143 -0.10280 0.01446 0.99460
1661398652.165145874 -0.78396 -0.94443 0.88197 0.00092 -0.10297 0.01331 0.99459
1661398652.175146103 -0.78502 -0.94591 0.88219 0.00041 -0.10325 0.01219 0.99458
1661398652.185145855 -0.78606 -0.94737 0.88242 -0.00008 -0.10360 0.01109 0.99456
1661398652.195146084 -0.78708 -0.94879 0.88265 -0.00054 -0.10403 0.01003 0.99452
1661398652.205146074 -0.78808 -0.95018 0.88288 -0.00097 -0.10450 0.00901 0.99448
1661398652.215146065 -0.78907 -0.95154 0.88310 -0.00136 -0.10499 0.00802 0.99444
1661398652.225146055 -0.79004 -0.95287 0.88331 -0.00168 -0.10549 0.00708 0.99439
1661398652.235146046 -0.79100 -0.95417 0.88351 -0.00194 -0.10597 0.00619 0.99435
1661398652.245146036 -0.79195 -0.95543 0.88369 -0.00213 -0.10643 0.00535 0.99430
1661398652.255146027 -0.79290 -0.95666 0.88385 -0.00224 -0.10683 0.00457 0.99426
1661398652.265146017 -0.79383 -0.95787 0.88400 -0.00226 -0.10718 0.00384 0.99423
1661398652.275146008 -0.79475 -0.95904 0.88412 -0.00222 -0.10748 0.00316 0.99420
1661398652.285145998 -0.79566 -0.96019 0.88423 -0.00212 -0.10772 0.00252 0.99418
1661398652.295145988 -0.79654 -0.96133 0.88433 -0.00196 -0.10790 0.00193 0.99416
1661398652.305145979 -0.79740 -0.96244 0.88441 -0.00176 -0.10803 0.00137 0.99414
1661398652.315145969 -0.79824 -0.96354 0.88447 -0.00153 -0.10811 0.00085 0.99414
1661398652.325145960 -0.79904 -0.96463 0.88453 -0.00126 -0.10812 0.00035 0.99414
1661398652.335146189 -0.79981 -0.96571 0.88457 -0.00097 -0.10808 -0.00012 0.99414
1661398652.345145941 -0.80055 -0.96679 0.88461 -0.00067 -0.10798 -0.00056 0.99415
1661398652.355146170 -0.80124 -0.96786 0.88464 -0.00036 -0.10782 -0.00099 0.99417
1661398652.365145922 -0.80189 -0.96894 0.88466 -0.00006 -0.10761 -0.00140 0.99419
1661398652.375146151 -0.80251 -0.97001 0.88467 0.00024 -0.10737 -0.00180 0.99422
1661398652.385145903 -0.80308 -0.97107 0.88467 0.00053 -0.10710 -0.00218 0.99425
1661398652.395146132 -0.80361 -0.97214 0.88466 0.00079 -0.10681 -0.00255 0.99428
1661398652.405145884 -0.80411 -0.97320 0.88463 0.00103 -0.10652 -0.00291 0.99431
1661398652.415146112 -0.80456 -0.97425 0.88458 0.00124 -0.10623 -0.00326 0.99434
1661398652.425145864 -0.80498 -0.97530 0.88452 0.00140 -0.10596 -0.00360 0.99436
1661398652.435146093 -0.80535 -0.97634 0.88444 0.00152 -0.10572 -0.00393 0.99439
1661398652.445145845 -0.80569 -0.97738 0.88434 0.00159 -0.10552 -0.00426 0.99441
1661398652.455146074 -0.80599 -0.97841 0.88421 0.00160 -0.10536 -0.00458 0.99442
1661398652.465146065 -0.80626 -0.97944 0.88407 0.00157 -0.10524 -0.00490 0.99443
1661398652.475146055 -0.80649 -0.98046 0.88390 0.00150 -0.10513 -0.00522 0.99444
1661398652.485146046 -0.80670 -0.98147 0.88372 0.00141 -0.10504 -0.00553 0.99445
1661398652.495146036 -0.80689 -0.98248 0.88351 0.00131 -0.10493 -0.00584 0.99446
1661398652.505146027 -0.80706 -0.98348 0.88328 0.00121 -0.10481 -0.00615 0.99447
1661398652.515146017 -0.80722 -0.98448 0.88303 0.00113 -0.10464 -0.00645 0.99449
1661398652.525146008 -0.80736 -0.98547 0.88276 0.00108 -0.10443 -0.00675 0.99451
1661398652.535145998 -0.80751 -0.98646 0.88248 0.00107 -0.10414 -0.00705 0.99454
1661398652.545145988 -0.80765 -0.98744 0.88217 0.00111 -0.10378 -0.00735 0.99457
1661398652.555145979 -0.80779 -0.98842 0.88184 0.00122 -0.10333 -0.00764 0.99462
1661398652.565145969 -0.80794 -0.98940 0.88150 0.00138 -0.10280 -0.00793 0.99467
1661398652.575146198 -0.80808 -0.99038 0.88114 0.00157 -0.10221 -0.00823 0.99473
1661398652.585145950 -0.80821 -0.99138 0.88077 0.00180 -0.10158 -0.00853 0.99479
1661398652.595146179 -0.80834 -0.99238 0.88040 0.00204 -0.10091 -0.00884 0.99485
1661398652.605145931 -0.80845 -0.99341 0.88002 0.00228 -0.10024 -0.00916 0.99492
1661398652.615146160 -0.80855 -0.99445 0.87963 0.00252 -0.09956 -0.00950 0.99498
1661398652.625145912 -0.80864 -0.99552 0.87925 0.00273 -0.09891 -0.00985 0.99504
1661398652.635146141 -0.80870 -0.99662 0.87888 0.00290 -0.09830 -0.01022 0.99510
1661398652.645145893 -0.80874 -0.99776 0.87851 0.00303 -0.09774 -0.01061 0.99515
1661398652.655146122 -0.80875 -0.99893 0.87815 0.00309 -0.09725 -0.01102 0.99519
1661398652.665145874 -0.80873 -1.00013 0.87780 0.00310 -0.09682 -0.01145 0.99523
1661398652.675146103 -0.80869 -1.00138 0.87746 0.00306 -0.09645 -0.01190 0.99526
1661398652.685145855 -0.80863 -1.00265 0.87713 0.00297 -0.09612 -0.01234 0.99529
1661398652.695146084 -0.80854 -1.00396 0.87681 0.00282 -0.09582 -0.01278 0.99531
1661398652.705146074 -0.80843 -1.00530 0.87649 0.00264 -0.09555 -0.01321 0.99533
1661398652.715146065 -0.80830 -1.00667 0.87617 0.00241 -0.09530 -0.01362 0.99535
1661398652.725146055 -0.80814 -1.00806 0.87586 0.00214 -0.09506 -0.01401 0.99537
1661398652.735146046 -0.80797 -1.00949 0.87555 0.00184 -0.09482 -0.01436 0.99539
1661398652.745146036 -0.80777 -1.01093 0.87525 0.00151 -0.09457 -0.01467 0.99541
1661398652.755146027 -0.80756 -1.01240 0.87495 0.00115 -0.09431 -0.01494 0.99543
1661398652.765146017 -0.80733 -1.01389 0.87465 0.00077 -0.09403 -0.01517 0.99545
1661398652.775146008 -0.80708 -1.01540 0.87435 0.00037 -0.09373 -0.01536 0.99548
1661398652.785145998 -0.80683 -1.01692 0.87406 -0.00005 -0.09342 -0.01552 0.99551
1661398652.795145988 -0.80656 -1.01846 0.87379 -0.00048 -0.09310 -0.01566 0.99553
1661398652.805145979 -0.80629 -1.02000 0.87352 -0.00091 -0.09276 -0.01578 0.99556
1661398652.815145969 -0.80601 -1.02155 0.87326 -0.00135 -0.09241 -0.01589 0.99559
1661398652.825145960 -0.80573 -1.02311 0.87303 -0.00179 -0.09206 -0.01599 0.99562
1661398652.835146189 -0.80546 -1.02466 0.87280 -0.00222 -0.09169 -0.01609 0.99566
1661398652.845145941 -0.80519 -1.02621 0.87260 -0.00264 -0.09131 -0.01620 0.99569
1661398652.855146170 -0.80492 -1.02776 0.87242 -0.00304 -0.09093 -0.01631 0.99572
1661398652.865145922 -0.80465 -1.02930 0.87226 -0.00343 -0.09056 -0.01644 0.99575
1661398652.875146151 -0.80439 -1.03084 0.87212 -0.00378 -0.09020 -0.01657 0.99578
1661398652.885145903 -0.80413 -1.03237 0.87201 -0.00411 -0.08988 -0.01670 0.99580
1661398652.895146132 -0.80386 -1.03390 0.87192 -0.00440 -0.08961 -0.01684 0.99583
1661398652.905145884 -0.80359 -1.03542 0.87185 -0.00464 -0.08939 -0.01698 0.99584
1661398652.915146112 -0.80331 -1.03693 0.87182 -0.00484 -0.08925 -0.01712 0.99585
1661398652.925145864 -0.80302 -1.03844 0.87180 -0.00498 -0.08919 -0.01725 0.99585
1661398652.935146093 -0.80272 -1.03994 0.87182 -0.00506 -0.08924 -0.01738 0.99585
1661398652.945145845 -0.80241 -1.04144 0.87187 -0.00507 -0.08940 -0.01749 0.99583
1661398652.955146074 -0.80208 -1.04293 0.87194 -0.00501 -0.08968 -0.01760 0.99580
1661398652.965146065 -0.80173 -1.04441 0.87204 -0.00488 -0.09006 -0.01770 0.99577
1661398652.975146055 -0.80137 -1.04588 0.87216 -0.00470 -0.09053 -0.01778 0.99572
1661398652.985146046 -0.80099 -1.04735 0.87230 -0.00447 -0.09104 -0.01785 0.99568
1661398652.995146036 -0.80061 -1.04882 0.87245 -0.00419 -0.09160 -0.01790 0.99563
1661398653.005146027 -0.80021 -1.05027 0.87261 -0.00388 -0.09215 -0.01793 0.99558
1661398653.015146017 -0.79981 -1.05173 0.87278 -0.00354 -0.09270 -0.01795 0.99553
1661398653.025146008 -0.79939 -1.05317 0.87295 -0.00318 -0.09320 -0.01794 0.99548
1661398653.035145998 -0.79897 -1.05462 0.87312 -0.00281 -0.09364 -0.01790 0.99544
1661398653.045145988 -0.79855 -1.05605 0.87328 -0.00243 -0.09399 -0.01784 0.99541
1661398653.055145979 -0.79812 -1.05749 0.87344 -0.00206 -0.09423 -0.01776 0.99539
1661398653.065145969 -0.79768 -1.05891 0.87358 -0.00169 -0.09438 -0.01765 0.99538
1661398653.075146198 -0.79725 -1.06033 0.87371 -0.00134 -0.09444 -0.01753 0.99538
1661398653.085145950 -0.79682 -1.06174 0.87383 -0.00100 -0.09442 -0.01741 0.99538
1661398653.095146179 -0.79638 -1.06314 0.87393 -0.00069 -0.09435 -0.01728 0.99539
1661398653.105145931 -0.79595 -1.06452 0.87401 -0.00042 -0.09423 -0.01717 0.99540
1661398653.115146160 -0.79553 -1.06588 0.87407 -0.00018 -0.09407 -0.01706 0.99542
1661398653.125145912 -0.79511 -1.06723 0.87411 0.00001 -0.09389 -0.01698 0.99544
1661398653.135146141 -0.79470 -1.06856 0.87413 0.00015 -0.09370 -0.01692 0.99546
1661398653.145145893 -0.79430 -1.06986 0.87412 0.00023 -0.09351 -0.01690 0.99547
1661398653.155146122 -0.79391 -1.07115 0.87409 0.00026 -0.09334 -0.01692 0.99549
1661398653.165145874 -0.79353 -1.07241 0.87404 0.00022 -0.09317 -0.01697 0.99551
1661398653.175146103 -0.79316 -1.07365 0.87397 0.00014 -0.09302 -0.01705 0.99552
1661398653.185145855 -0.79280 -1.07487 0.87388 0.00001 -0.09288 -0.01715 0.99553
1661398653.195146084 -0.79246 -1.07608 0.87378 -0.00016 -0.09274 -0.01726 0.99554
1661398653.205146074 -0.79213 -1.07728 0.87367 -0.00036 -0.09260 -0.01738 0.99555
1661398653.215146065 -0.79182 -1.07846 0.87356 -0.00058 -0.09245 -0.01751 0.99556
1661398653.225146055 -0.79152 -1.07964 0.87345 -0.00083 -0.09230 -0.01762 0.99557
1661398653.235146046 -0.79123 -1.08080 0.87334 -0.00109 -0.09214 -0.01773 0.99559
1661398653.245146036 -0.79096 -1.08197 0.87324 -0.00136 -0.09197 -0.01781 0.99560
1661398653.255146027 -0.79071 -1.08313 0.87314 -0.00162 -0.09179 -0.01787 0.99562
1661398653.265146017 -0.79047 -1.08428 0.87306 -0.00189 -0.09159 -0.01791 0.99563
1661398653.275146008 -0.79025 -1.08544 0.87298 -0.00216 -0.09140 -0.01794 0.99565
1661398653.285145998 -0.79005 -1.08659 0.87291 -0.00243 -0.09120 -0.01796 0.99567
1661398653.295145988 -0.78985 -1.08774 0.87283 -0.00269 -0.09101 -0.01798 0.99568
1661398653.305145979 -0.78968 -1.08888 0.87276 -0.00294 -0.09084 -0.01800 0.99570
1661398653.315145969 -0.78951 -1.09002 0.87269 -0.00319 -0.09068 -0.01804 0.99571
1661398653.325145960 -0.78937 -1.09116 0.87261 -0.00343 -0.09055 -0.01809 0.99572
1661398653.335146189 -0.78923 -1.09229 0.87253 -0.00366 -0.09045 -0.01816 0.99573
1661398653.345145941 -0.78911 -1.09342 0.87244 -0.00388 -0.09038 -0.01827 0.99573
1661398653.355146170 -0.78900 -1.09455 0.87234 -0.00408 -0.09036 -0.01840 0.99573
1661398653.365145922 -0.78890 -1.09567 0.87223 -0.00427 -0.09037 -0.01857 0.99573
1661398653.375146151 -0.78881 -1.09679 0.87212 -0.00444 -0.09040 -0.01878 0.99572
1661398653.385145903 -0.78872 -1.09789 0.87201 -0.00458 -0.09044 -0.01900 0.99571
1661398653.395146132 -0.78864 -1.09899 0.87189 -0.00470 -0.09049 -0.01926 0.99570
1661398653.405145884 -0.78856 -1.10009 0.87178 -0.00478 -0.09053 -0.01953 0.99569
1661398653.415146112 -0.78848 -1.10117 0.87166 -0.00483 -0.09055 -0.01983 0.99568
1661398653.425145864 -0.78839 -1.10224 0.87156 -0.00483 -0.09056 -0.02014 0.99568
1661398653.435146093 -0.78830 -1.10330 0.87145 -0.00479 -0.09053 -0.02047 0.99567
1661398653.445145845 -0.78820 -1.10434 0.87136 -0.00471 -0.09045 -0.02080 0.99567
1661398653.455146074 -0.78809 -1.10538 0.87128 -0.00457 -0.09033 -0.02115 0.99568
1661398653.465146065 -0.78797 -1.10639 0.87121 -0.00439 -0.09016 -0.02151 0.99569
1661398653.475146055 -0.78784 -1.10740 0.87115 -0.00416 -0.08996 -0.02187 0.99570
1661398653.485146046 -0.78770 -1.10838 0.87110 -0.00390 -0.08974 -0.02224 0.99571
1661398653.495146036 -0.78757 -1.10936 0.87105 -0.00360 -0.08952 -0.02262 0.99572
1661398653.505146027 -0.78743 -1.11032 0.87101 -0.00328 -0.08929 -0.02300 0.99573
1661398653.515146017 -0.78729 -1.11126 0.87098 -0.00293 -0.08908 -0.02339 0.99575
1661398653.525146008 -0.78715 -1.11219 0.87096 -0.00257 -0.08889 -0.02378 0.99575
1661398653.535145998 -0.78702 -1.11310 0.87094 -0.00219 -0.08874 -0.02418 0.99576
1661398653.545145988 -0.78689 -1.11400 0.87093 -0.00181 -0.08863 -0.02458 0.99576
1661398653.555145979 -0.78676 -1.11488 0.87091 -0.00142 -0.08857 -0.02499 0.99576
1661398653.565145969 -0.78665 -1.11574 0.87090 -0.00103 -0.08856 -0.02540 0.99575
1661398653.575146198 -0.78654 -1.11659 0.87089 -0.00066 -0.08860 -0.02583 0.99573
1661398653.585145950 -0.78643 -1.11742 0.87088 -0.00029 -0.08867 -0.02629 0.99571
1661398653.595146179 -0.78633 -1.11823 0.87086 0.00006 -0.08876 -0.02677 0.99569
1661398653.605145931 -0.78624 -1.11903 0.87084 0.00038 -0.08887 -0.02728 0.99567
1661398653.615146160 -0.78614 -1.11981 0.87080 0.00067 -0.08899 -0.02784 0.99564
1661398653.625145912 -0.78605 -1.12057 0.87075 0.00093 -0.08911 -0.02844 0.99561
1661398653.635146141 -0.78597 -1.12132 0.87069 0.00115 -0.08923 -0.02909 0.99559
1661398653.645145893 -0.78588 -1.12205 0.87061 0.00133 -0.08933 -0.02980 0.99555
1661398653.655146122 -0.78580 -1.12276 0.87052 0.00145 -0.08942 -0.03057 0.99552
1661398653.665145874 -0.78571 -1.12345 0.87041 0.00153 -0.08948 -0.03140 0.99549
1661398653.675146103 -0.78563 -1.12413 0.87028 0.00158 -0.08953 -0.03227 0.99546
1661398653.685145855 -0.78554 -1.12479 0.87014 0.00158 -0.08955 -0.03316 0.99543
1661398653.695146084 -0.78545 -1.12545 0.86999 0.00156 -0.08956 -0.03408 0.99540
1661398653.705146074 -0.78536 -1.12609 0.86982 0.00152 -0.08955 -0.03500 0.99537
1661398653.715146065 -0.78526 -1.12671 0.86965 0.00145 -0.08953 -0.03592 0.99534
1661398653.725146055 -0.78516 -1.12733 0.86947 0.00137 -0.08949 -0.03683 0.99531
1661398653.735146046 -0.78504 -1.12794 0.86928 0.00129 -0.08943 -0.03771 0.99528
1661398653.745146036 -0.78492 -1.12855 0.86909 0.00120 -0.08937 -0.03855 0.99525
1661398653.755146027 -0.78479 -1.12915 0.86890 0.00111 -0.08929 -0.03934 0.99523
1661398653.765146017 -0.78465 -1.12974 0.86870 0.00102 -0.08919 -0.04009 0.99521
1661398653.775146008 -0.78450 -1.13032 0.86850 0.00093 -0.08908 -0.04079 0.99519
1661398653.785145998 -0.78433 -1.13090 0.86830 0.00083 -0.08895 -0.04147 0.99517
1661398653.795145988 -0.78416 -1.13147 0.86809 0.00073 -0.08880 -0.04211 0.99516
1661398653.805145979 -0.78397 -1.13203 0.86789 0.00062 -0.08863 -0.04273 0.99515
1661398653.815145969 -0.78377 -1.13259 0.86769 0.00050 -0.08843 -0.04332 0.99514
1661398653.825145960 -0.78355 -1.13313 0.86748 0.00036 -0.08821 -0.04390 0.99513
1661398653.835146189 -0.78332 -1.13367 0.86728 0.00021 -0.08795 -0.04447 0.99513
1661398653.845145941 -0.78308 -1.13420 0.86708 0.00004 -0.08766 -0.04503 0.99513
1661398653.855146170 -0.78282 -1.13472 0.86688 -0.00015 -0.08734 -0.04559 0.99513
1661398653.865145922 -0.78254 -1.13523 0.86668 -0.00035 -0.08699 -0.04615 0.99514
1661398653.875146151 -0.78225 -1.13573 0.86649 -0.00056 -0.08663 -0.04671 0.99514
1661398653.885145903 -0.78196 -1.13622 0.86629 -0.00078 -0.08625 -0.04728 0.99515
1661398653.895146132 -0.78165 -1.13671 0.86611 -0.00100 -0.08588 -0.04785 0.99516
1661398653.905145884 -0.78134 -1.13718 0.86592 -0.00121 -0.08551 -0.04842 0.99516
1661398653.915146112 -0.78103 -1.13765 0.86574 -0.00140 -0.08516 -0.04900 0.99516
1661398653.925145864 -0.78072 -1.13810 0.86557 -0.00159 -0.08483 -0.04959 0.99516
1661398653.935146093 -0.78040 -1.13854 0.86540 -0.00175 -0.08453 -0.05019 0.99515
1661398653.945145845 -0.78009 -1.13898 0.86524 -0.00188 -0.08428 -0.05080 0.99514
1661398653.955146074 -0.77979 -1.13941 0.86508 -0.00198 -0.08407 -0.05142 0.99513
1661398653.965146065 -0.77949 -1.13982 0.86493 -0.00204 -0.08390 -0.05206 0.99511
1661398653.975146055 -0.77919 -1.14023 0.86478 -0.00208 -0.08378 -0.05269 0.99509
1661398653.985146046 -0.77889 -1.14063 0.86464 -0.00208 -0.08368 -0.05333 0.99506
1661398653.995146036 -0.77859 -1.14102 0.86450 -0.00205 -0.08362 -0.05397 0.99503
1661398654.005146027 -0.77828 -1.14141 0.86436 -0.00199 -0.08357 -0.05460 0.99500
1661398654.015146017 -0.77797 -1.14178 0.86423 -0.00189 -0.08354 -0.05521 0.99497
1661398654.025146008 -0.77766 -1.14215 0.86409 -0.00176 -0.08352 -0.05582 0.99494
1661398654.035145998 -0.77734 -1.14250 0.86396 -0.00160 -0.08351 -0.05640 0.99491
1661398654.045145988 -0.77701 -1.14286 0.86382 -0.00141 -0.08349 -0.05696 0.99488
1661398654.055145979 -0.77667 -1.14320 0.86369 -0.00118 -0.08347 -0.05750 0.99485
1661398654.065145969 -0.77632 -1.14354 0.86355 -0.00093 -0.08344 -0.05801 0.99482
1661398654.075146198 -0.77597 -1.14387 0.86342 -0.00065 -0.08339 -0.05851 0.99480
1661398654.085145950 -0.77562 -1.14420 0.86328 -0.00035 -0.08333 -0.05898 0.99478
1661398654.095146179 -0.77527 -1.14452 0.86315 -0.00003 -0.08325 -0.05943 0.99476
1661398654.105145931 -0.77494 -1.14484 0.86302 0.00031 -0.08313 -0.05986 0.99474
1661398654.115146160 -0.77461 -1.14515 0.86290 0.00065 -0.08299 -0.06028 0.99473
1661398654.125145912 -0.77430 -1.14546 0.86279 0.00100 -0.08281 -0.06069 0.99471
1661398654.135146141 -0.77401 -1.14577 0.86268 0.00135 -0.08260 -0.06109 0.99471
1661398654.145145893 -0.77374 -1.14608 0.86257 0.00170 -0.08234 -0.06148 0.99470
1661398654.155146122 -0.77349 -1.14639 0.86248 0.00205 -0.08204 -0.06186 0.99471
1661398654.165145874 -0.77327 -1.14670 0.86239 0.00239 -0.08170 -0.06224 0.99471
1661398654.175146103 -0.77307 -1.14701 0.86232 0.00272 -0.08134 -0.06262 0.99471
1661398654.185145855 -0.77289 -1.14732 0.86225 0.00304 -0.08098 -0.06301 0.99472
1661398654.195146084 -0.77273 -1.14763 0.86218 0.00335 -0.08062 -0.06339 0.99472
1661398654.205146074 -0.77257 -1.14794 0.86212 0.00364 -0.08027 -0.06379 0.99472
1661398654.215146065 -0.77243 -1.14826 0.86207 0.00392 -0.07996 -0.06420 0.99472
1661398654.225146055 -0.77229 -1.14858 0.86201 0.00418 -0.07969 -0.06462 0.99471
1661398654.235146046 -0.77216 -1.14890 0.86196 0.00442 -0.07948 -0.06507 0.99470
1661398654.245146036 -0.77203 -1.14922 0.86192 0.00463 -0.07934 -0.06553 0.99468
1661398654.255146027 -0.77190 -1.14955 0.86187 0.00482 -0.07927 -0.06602 0.99465
1661398654.265146017 -0.77177 -1.14988 0.86183 0.00499 -0.07927 -0.06652 0.99462
1661398654.275146008 -0.77163 -1.15021 0.86179 0.00512 -0.07933 -0.06704 0.99458
1661398654.285145998 -0.77149 -1.15054 0.86175 0.00522 -0.07943 -0.06757 0.99453
1661398654.295145988 -0.77135 -1.15086 0.86171 0.00529 -0.07957 -0.06810 0.99449
1661398654.305145979 -0.77120 -1.15117 0.86167 0.00532 -0.07972 -0.06864 0.99444
1661398654.315145969 -0.77105 -1.15147 0.86163 0.00532 -0.07987 -0.06916 0.99439
1661398654.325145960 -0.77089 -1.15175 0.86160 0.00527 -0.08001 -0.06968 0.99434
1661398654.335146189 -0.77073 -1.15202 0.86156 0.00518 -0.08013 -0.07017 0.99430
1661398654.345145941 -0.77055 -1.15227 0.86152 0.00504 -0.08022 -0.07065 0.99426
1661398654.355146170 -0.77037 -1.15250 0.86149 0.00486 -0.08026 -0.07110 0.99422
1661398654.365145922 -0.77019 -1.15272 0.86145 0.00463 -0.08026 -0.07153 0.99419
1661398654.375146151 -0.77000 -1.15291 0.86142 0.00438 -0.08022 -0.07194 0.99417
1661398654.385145903 -0.76980 -1.15309 0.86138 0.00411 -0.08016 -0.07235 0.99415
1661398654.395146132 -0.76960 -1.15326 0.86134 0.00383 -0.08006 -0.07274 0.99412
1661398654.405145884 -0.76940 -1.15341 0.86130 0.00355 -0.07995 -0.07314 0.99411
1661398654.415146112 -0.76921 -1.15356 0.86126 0.00328 -0.07982 -0.07355 0.99409
1661398654.425145864 -0.76901 -1.15370 0.86122 0.00302 -0.07968 -0.07396 0.99407
1661398654.435146093 -0.76882 -1.15384 0.86118 0.00280 -0.07954 -0.07440 0.99405
1661398654.445145845 -0.76864 -1.15397 0.86114 0.00261 -0.07940 -0.07485 0.99403
1661398654.455146074 -0.76846 -1.15411 0.86109 0.00247 -0.07927 -0.07533 0.99400
1661398654.465146065 -0.76828 -1.15424 0.86104 0.00238 -0.07914 -0.07584 0.99397
1661398654.475146055 -0.76812 -1.15438 0.86099 0.00232 -0.07903 -0.07636 0.99394
1661398654.485146046 -0.76797 -1.15453 0.86094 0.00230 -0.07893 -0.07690 0.99391
1661398654.495146036 -0.76783 -1.15468 0.86090 0.00232 -0.07884 -0.07744 0.99387
1661398654.505146027 -0.76769 -1.15484 0.86086 0.00237 -0.07877 -0.07799 0.99384
1661398654.515146017 -0.76757 -1.15501 0.86082 0.00245 -0.07871 -0.07853 0.99380
1661398654.525146008 -0.76747 -1.15519 0.86078 0.00255 -0.07866 -0.07907 0.99376
1661398654.535145998 -0.76737 -1.15538 0.86076 0.00268 -0.07863 -0.07959 0.99372
1661398654.545145988 -0.76729 -1.15559 0.86074 0.00282 -0.07862 -0.08010 0.99368
1661398654.555145979 -0.76723 -1.15582 0.86072 0.00298 -0.07862 -0.08059 0.99364
1661398654.565145969 -0.76718 -1.15606 0.86072 0.00316 -0.07864 -0.08106 0.99360
1661398654.575146198 -0.76714 -1.15632 0.86071 0.00334 -0.07868 -0.08151 0.99356
1661398654.585145950 -0.76712 -1.15658 0.86071 0.00352 -0.07871 -0.08196 0.99352
1661398654.595146179 -0.76711 -1.15685 0.86070 0.00371 -0.07875 -0.08240 0.99348
1661398654.605145931 -0.76711 -1.15713 0.86069 0.00390 -0.07879 -0.08284 0.99344
1661398654.615146160 -0.76712 -1.15742 0.86067 0.00408 -0.07882 -0.08328 0.99340
1661398654.625145912 -0.76715 -1.15771 0.86063 0.00425 -0.07885 -0.08373 0.99335
1661398654.635146141 -0.76718 -1.15800 0.86058 0.00441 -0.07886 -0.08419 0.99331
1661398654.645145893 -0.76723 -1.15829 0.86052 0.00455 -0.07885 -0.08467 0.99327
1661398654.655146122 -0.76728 -1.15857 0.86044 0.00467 -0.07882 -0.08516 0.99323
1661398654.665145874 -0.76734 -1.15885 0.86033 0.00478 -0.07877 -0.08568 0.99319
1661398654.675146103 -0.76741 -1.15913 0.86021 0.00485 -0.07870 -0.08620 0.99315
1661398654.685145855 -0.76749 -1.15941 0.86008 0.00490 -0.07860 -0.08674 0.99311
1661398654.695146084 -0.76758 -1.15967 0.85993 0.00492 -0.07849 -0.08729 0.99307
1661398654.705146074 -0.76768 -1.15994 0.85976 0.00490 -0.07835 -0.08785 0.99304
1661398654.715146065 -0.76779 -1.16019 0.85958 0.00485 -0.07818 -0.08841 0.99300
1661398654.725146055 -0.76791 -1.16044 0.85940 0.00476 -0.07799 -0.08898 0.99296
1661398654.735146046 -0.76804 -1.16069 0.85920 0.00463 -0.07778 -0.08955 0.99293
1661398654.745146036 -0.76818 -1.16092 0.85899 0.00445 -0.07754 -0.09011 0.99290
1661398654.755146027 -0.76833 -1.16115 0.85877 0.00423 -0.07728 -0.09067 0.99287
1661398654.765146017 -0.76849 -1.16137 0.85855 0.00397 -0.07700 -0.09123 0.99284
1661398654.775146008 -0.76865 -1.16159 0.85833 0.00368 -0.07671 -0.09177 0.99281
1661398654.785145998 -0.76882 -1.16180 0.85811 0.00338 -0.07641 -0.09231 0.99279
1661398654.795145988 -0.76900 -1.16200 0.85788 0.00307 -0.07612 -0.09284 0.99276
1661398654.805145979 -0.76917 -1.16220 0.85766 0.00276 -0.07582 -0.09335 0.99274
1661398654.815145969 -0.76935 -1.16240 0.85744 0.00247 -0.07554 -0.09385 0.99271
1661398654.825145960 -0.76952 -1.16259 0.85724 0.00220 -0.07528 -0.09434 0.99269
1661398654.835146189 -0.76969 -1.16279 0.85704 0.00196 -0.07505 -0.09480 0.99266
1661398654.845145941 -0.76985 -1.16298 0.85685 0.00176 -0.07484 -0.09525 0.99263
1661398654.855146170 -0.77000 -1.16318 0.85667 0.00162 -0.07467 -0.09567 0.99261
1661398654.865145922 -0.77015 -1.16337 0.85651 0.00153 -0.07453 -0.09608 0.99258
1661398654.875146151 -0.77029 -1.16356 0.85636 0.00147 -0.07442 -0.09647 0.99255
1661398654.885145903 -0.77042 -1.16375 0.85622 0.00146 -0.07434 -0.09685 0.99252
1661398654.895146132 -0.77054 -1.16393 0.85610 0.00148 -0.07427 -0.09721 0.99249
1661398654.905145884 -0.77065 -1.16412 0.85599 0.00152 -0.07422 -0.09757 0.99246
1661398654.915146112 -0.77075 -1.16429 0.85590 0.00159 -0.07419 -0.09792 0.99242
1661398654.925145864 -0.77085 -1.16446 0.85582 0.00168 -0.07416 -0.09827 0.99239
1661398654.935146093 -0.77093 -1.16462 0.85575 0.00177 -0.07413 -0.09862 0.99236
1661398654.945145845 -0.77101 -1.16477 0.85569 0.00188 -0.07411 -0.09896 0.99233
1661398654.955146074 -0.77107 -1.16492 0.85565 0.00199 -0.07407 -0.09931 0.99229
1661398654.965146065 -0.77113 -1.16505 0.85563 0.00209 -0.07404 -0.09966 0.99226
1661398654.975146055 -0.77117 -1.16517 0.85562 0.00219 -0.07401 -0.10001 0.99223
1661398654.985146046 -0.77121 -1.16529 0.85563 0.00228 -0.07398 -0.10035 0.99220
1661398654.995146036 -0.77124 -1.16540 0.85566 0.00236 -0.07396 -0.10068 0.99216
1661398655.005146027 -0.77125 -1.16549 0.85572 0.00241 -0.07395 -0.10099 0.99213
1661398655.015146017 -0.77126 -1.16558 0.85579 0.00244 -0.07395 -0.10128 0.99210
1661398655.025146008 -0.77126 -1.16566 0.85589 0.00244 -0.07397 -0.10155 0.99207
1661398655.035145998 -0.77125 -1.16573 0.85602 0.00241 -0.07400 -0.10179 0.99205
1661398655.045145988 -0.77123 -1.16579 0.85617 0.00235 -0.07406 -0.10200 0.99202
1661398655.055145979 -0.77120 -1.16584 0.85636 0.00224 -0.07414 -0.10217 0.99200
1661398655.065145969 -0.77117 -1.16588 0.85657 0.00209 -0.07425 -0.10232 0.99197
1661398655.075146198 -0.77113 -1.16592 0.85682 0.00190 -0.07440 -0.10245 0.99195
1661398655.085145950 -0.77109 -1.16595 0.85709 0.00168 -0.07459 -0.10256 0.99192
1661398655.095146179 -0.77106 -1.16597 0.85739 0.00141 -0.07482 -0.10267 0.99190
1661398655.105145931 -0.77103 -1.16599 0.85773 0.00111 -0.07509 -0.10278 0.99186
1661398655.115146160 -0.77101 -1.16600 0.85809 0.00077 -0.07543 -0.10291 0.99183
1661398655.125145912 -0.77101 -1.16601 0.85849 0.00039 -0.07582 -0.10304 0.99178
1661398655.135146141 -0.77101 -1.16602 0.85891 -0.00003 -0.07627 -0.10321 0.99173
1661398655.145145893 -0.77104 -1.16603 0.85937 -0.00048 -0.07679 -0.10340 0.99167
1661398655.155146122 -0.77109 -1.16603 0.85986 -0.00096 -0.07738 -0.10363 0.99160
1661398655.165145874 -0.77116 -1.16603 0.86037 -0.00147 -0.07804 -0.10390 0.99152
1661398655.175146103 -0.77124 -1.16604 0.86091 -0.00200 -0.07875 -0.10419 0.99143
1661398655.185145855 -0.77135 -1.16604 0.86147 -0.00254 -0.07952 -0.10451 0.99134
1661398655.195146084 -0.77146 -1.16605 0.86204 -0.00308 -0.08032 -0.10484 0.99124
1661398655.205146074 -0.77159 -1.16605 0.86263 -0.00361 -0.08115 -0.10518 0.99113
1661398655.215146065 -0.77174 -1.16606 0.86323 -0.00413 -0.08200 -0.10553 0.99102
1661398655.225146055 -0.77189 -1.16607 0.86384 -0.00463 -0.08287 -0.10588 0.99091
1661398655.235146046 -0.77205 -1.16608 0.86445 -0.00510 -0.08375 -0.10622 0.99080
1661398655.245146036 -0.77221 -1.16610 0.86506 -0.00552 -0.08462 -0.10655 0.99069
1661398655.255146027 -0.77238 -1.16612 0.86567 -0.00591 -0.08548 -0.10686 0.99058
1661398655.265146017 -0.77255 -1.16615 0.86628 -0.00625 -0.08633 -0.10715 0.99047
1661398655.275146008 -0.77273 -1.16617 0.86687 -0.00655 -0.08715 -0.10744 0.99036
1661398655.285145998 -0.77289 -1.16621 0.86747 -0.00682 -0.08794 -0.10771 0.99026
1661398655.295145988 -0.77305 -1.16624 0.86805 -0.00706 -0.08870 -0.10796 0.99016
1661398655.305145979 -0.77320 -1.16627 0.86863 -0.00728 -0.08942 -0.10821 0.99007
1661398655.315145969 -0.77334 -1.16631 0.86920 -0.00748 -0.09009 -0.10846 0.98998
1661398655.325145960 -0.77345 -1.16635 0.86975 -0.00767 -0.09071 -0.10870 0.98990
1661398655.335146189 -0.77355 -1.16639 0.87030 -0.00785 -0.09127 -0.10893 0.98982
1661398655.345145941 -0.77363 -1.16642 0.87083 -0.00803 -0.09177 -0.10916 0.98975
1661398655.355146170 -0.77369 -1.16646 0.87135 -0.00821 -0.09220 -0.10940 0.98968
1661398655.365145922 -0.77372 -1.16650 0.87186 -0.00839 -0.09256 -0.10963 0.98962
1661398655.375146151 -0.77373 -1.16654 0.87236 -0.00856 -0.09288 -0.10985 0.98956
1661398655.385145903 -0.77373 -1.16658 0.87284 -0.00874 -0.09315 -0.11008 0.98951
1661398655.395146132 -0.77372 -1.16662 0.87332 -0.00890 -0.09340 -0.11029 0.98946
1661398655.405145884 -0.77371 -1.16667 0.87379 -0.00907 -0.09361 -0.11050 0.98942
1661398655.415146112 -0.77369 -1.16671 0.87425 -0.00922 -0.09382 -0.11070 0.98937
1661398655.425145864 -0.77368 -1.16676 0.87471 -0.00936 -0.09402 -0.11088 0.98933
1661398655.435146093 -0.77367 -1.16682 0.87517 -0.00949 -0.09423 -0.11105 0.98929
1661398655.445145845 -0.77367 -1.16687 0.87562 -0.00961 -0.09445 -0.11120 0.98925
1661398655.455146074 -0.77368 -1.16693 0.87607 -0.00971 -0.09469 -0.11134 0.98921
1661398655.465146065 -0.77371 -1.16699 0.87652 -0.00980 -0.09496 -0.11147 0.98917
1661398655.475146055 -0.77374 -1.16706 0.87696 -0.00987 -0.09525 -0.11158 0.98913
1661398655.485146046 -0.77378 -1.16713 0.87740 -0.00993 -0.09556 -0.11170 0.98909
1661398655.495146036 -0.77383 -1.16721 0.87784 -0.00998 -0.09588 -0.11181 0.98904
1661398655.505146027 -0.77387 -1.16730 0.87826 -0.01002 -0.09623 -0.11194 0.98899
1661398655.515146017 -0.77392 -1.16738 0.87868 -0.01006 -0.09658 -0.11207 0.98894
1661398655.525146008 -0.77397 -1.16748 0.87909 -0.01009 -0.09695 -0.11223 0.98889
1661398655.535145998 -0.77402 -1.16758 0.87948 -0.01011 -0.09734 -0.11240 0.98883
1661398655.545145988 -0.77406 -1.16769 0.87987 -0.01013 -0.09773 -0.11261 0.98877
1661398655.555145979 -0.77409 -1.16781 0.88024 -0.01015 -0.09813 -0.11284 0.98870
1661398655.565145969 -0.77412 -1.16793 0.88060 -0.01017 -0.09853 -0.11310 0.98863
1661398655.575146198 -0.77415 -1.16806 0.88094 -0.01018 -0.09892 -0.11339 0.98856
1661398655.585145950 -0.77417 -1.16819 0.88127 -0.01020 -0.09931 -0.11369 0.98849
1661398655.595146179 -0.77418 -1.16832 0.88159 -0.01023 -0.09967 -0.11401 0.98841
1661398655.605145931 -0.77420 -1.16846 0.88190 -0.01026 -0.10001 -0.11434 0.98834
1661398655.615146160 -0.77422 -1.16860 0.88219 -0.01029 -0.10031 -0.11467 0.98827
1661398655.625145912 -0.77424 -1.16874 0.88248 -0.01034 -0.10058 -0.11501 0.98821
1661398655.635146141 -0.77426 -1.16888 0.88275 -0.01039 -0.10079 -0.11534 0.98814
1661398655.645145893 -0.77428 -1.16902 0.88301 -0.01046 -0.10096 -0.11566 0.98809
1661398655.655146122 -0.77431 -1.16916 0.88326 -0.01054 -0.10106 -0.11597 0.98804
1661398655.665145874 -0.77435 -1.16929 0.88350 -0.01063 -0.10111 -0.11626 0.98800
1661398655.675146103 -0.77439 -1.16943 0.88372 -0.01074 -0.10112 -0.11655 0.98797
1661398655.685145855 -0.77444 -1.16957 0.88393 -0.01085 -0.10109 -0.11683 0.98793
1661398655.695146084 -0.77449 -1.16970 0.88413 -0.01098 -0.10104 -0.11711 0.98790
1661398655.705146074 -0.77454 -1.16985 0.88431 -0.01111 -0.10098 -0.11739 0.98788
1661398655.715146065 -0.77460 -1.17000 0.88448 -0.01126 -0.10091 -0.11766 0.98785
1661398655.725146055 -0.77466 -1.17015 0.88463 -0.01141 -0.10084 -0.11794 0.98782
1661398655.735146046 -0.77473 -1.17031 0.88477 -0.01157 -0.10078 -0.11823 0.98779
1661398655.745146036 -0.77480 -1.17048 0.88488 -0.01174 -0.10074 -0.11852 0.98776
1661398655.755146027 -0.77488 -1.17066 0.88498 -0.01191 -0.10073 -0.11882 0.98772
1661398655.765146017 -0.77495 -1.17085 0.88506 -0.01209 -0.10075 -0.11913 0.98768
1661398655.775146008 -0.77503 -1.17104 0.88512 -0.01226 -0.10077 -0.11944 0.98764
1661398655.785145998 -0.77510 -1.17125 0.88518 -0.01243 -0.10080 -0.11976 0.98759
1661398655.795145988 -0.77517 -1.17146 0.88522 -0.01258 -0.10082 -0.12008 0.98755
1661398655.805145979 -0.77524 -1.17168 0.88525 -0.01271 -0.10084 -0.12041 0.98751
1661398655.815145969 -0.77529 -1.17190 0.88528 -0.01282 -0.10083 -0.12073 0.98747
1661398655.825145960 -0.77533 -1.17212 0.88531 -0.01290 -0.10079 -0.12106 0.98743
1661398655.835146189 -0.77536 -1.17236 0.88533 -0.01295 -0.10071 -0.12138 0.98740
1661398655.845145941 -0.77538 -1.17259 0.88535 -0.01296 -0.10059 -0.12170 0.98737
1661398655.855146170 -0.77538 -1.17283 0.88537 -0.01292 -0.10042 -0.12201 0.98735
1661398655.865145922 -0.77536 -1.17307 0.88540 -0.01286 -0.10020 -0.12231 0.98734
1661398655.875146151 -0.77533 -1.17331 0.88543 -0.01276 -0.09996 -0.12260 0.98733
1661398655.885145903 -0.77529 -1.17355 0.88547 -0.01265 -0.09972 -0.12288 0.98732
1661398655.895146132 -0.77524 -1.17379 0.88552 -0.01252 -0.09947 -0.12313 0.98731
1661398655.905145884 -0.77519 -1.17402 0.88558 -0.01239 -0.09925 -0.12337 0.98731
1661398655.915146112 -0.77513 -1.17425 0.88564 -0.01226 -0.09906 -0.12359 0.98730
1661398655.925145864 -0.77507 -1.17447 0.88572 -0.01214 -0.09891 -0.12378 0.98729
1661398655.935146093 -0.77501 -1.17468 0.88581 -0.01204 -0.09884 -0.12394 0.98728
1661398655.945145845 -0.77496 -1.17488 0.88592 -0.01197 -0.09884 -0.12408 0.98727
1661398655.955146074 -0.77491 -1.17507 0.88604 -0.01193 -0.09893 -0.12417 0.98724
1661398655.965146065 -0.77486 -1.17525 0.88617 -0.01192 -0.09910 -0.12424 0.98722
1661398655.975146055 -0.77482 -1.17542 0.88632 -0.01194 -0.09934 -0.12429 0.98719
1661398655.985146046 -0.77478 -1.17558 0.88649 -0.01199 -0.09964 -0.12432 0.98715
1661398655.995146036 -0.77475 -1.17573 0.88667 -0.01206 -0.09997 -0.12434 0.98712
1661398656.005146027 -0.77472 -1.17587 0.88686 -0.01216 -0.10034 -0.12435 0.98708
1661398656.015146017 -0.77469 -1.17600 0.88707 -0.01227 -0.10073 -0.12436 0.98704
1661398656.025146008 -0.77467 -1.17613 0.88729 -0.01241 -0.10112 -0.12437 0.98699
1661398656.035145998 -0.77464 -1.17624 0.88752 -0.01256 -0.10150 -0.12440 0.98695
1661398656.045145988 -0.77462 -1.17636 0.88777 -0.01273 -0.10186 -0.12444 0.98690
1661398656.055145979 -0.77459 -1.17646 0.88802 -0.01291 -0.10219 -0.12449 0.98686
1661398656.065145969 -0.77457 -1.17656 0.88829 -0.01310 -0.10250 -0.12457 0.98682
1661398656.075146198 -0.77455 -1.17665 0.88857 -0.01329 -0.10278 -0.12466 0.98677
1661398656.085145950 -0.77453 -1.17673 0.88886 -0.01350 -0.10306 -0.12475 0.98673
1661398656.095146179 -0.77452 -1.17681 0.88916 -0.01370 -0.10334 -0.12485 0.98668
1661398656.105145931 -0.77451 -1.17687 0.88947 -0.01391 -0.10363 -0.12495 0.98664
1661398656.115146160 -0.77451 -1.17692 0.88980 -0.01411 -0.10393 -0.12505 0.98659
1661398656.125145912 -0.77451 -1.17696 0.89013 -0.01431 -0.10425 -0.12513 0.98654
1661398656.135146141 -0.77452 -1.17698 0.89048 -0.01451 -0.10460 -0.12521 0.98649
1661398656.145145893 -0.77454 -1.17699 0.89084 -0.01469 -0.10500 -0.12526 0.98644
1661398656.155146122 -0.77456 -1.17699 0.89121 -0.01486 -0.10544 -0.12530 0.98639
1661398656.165145874 -0.77460 -1.17697 0.89159 -0.01502 -0.10592 -0.12532 0.98633
1661398656.175146103 -0.77464 -1.17694 0.89198 -0.01517 -0.10644 -0.12532 0.98627
1661398656.185145855 -0.77470 -1.17690 0.89237 -0.01531 -0.10699 -0.12530 0.98622
1661398656.195146084 -0.77476 -1.17685 0.89278 -0.01544 -0.10756 -0.12526 0.98616
1661398656.205146074 -0.77483 -1.17678 0.89319 -0.01556 -0.10815 -0.12521 0.98610
1661398656.215146065 -0.77490 -1.17670 0.89360 -0.01567 -0.10876 -0.12514 0.98604
1661398656.225146055 -0.77499 -1.17662 0.89402 -0.01577 -0.10937 -0.12505 0.98598
1661398656.235146046 -0.77508 -1.17652 0.89444 -0.01586 -0.10998 -0.12495 0.98592
1661398656.245146036 -0.77518 -1.17642 0.89486 -0.01595 -0.11059 -0.12484 0.98587
1661398656.255146027 -0.77529 -1.17631 0.89529 -0.01602 -0.11119 -0.12471 0.98581
1661398656.265146017 -0.77540 -1.17619 0.89571 -0.01608 -0.11178 -0.12457 0.98576
1661398656.275146008 -0.77551 -1.17607 0.89613 -0.01614 -0.11236 -0.12442 0.98571
1661398656.285145998 -0.77563 -1.17595 0.89656 -0.01618 -0.11293 -0.12427 0.98567
1661398656.295145988 -0.77576 -1.17582 0.89698 -0.01622 -0.11348 -0.12410 0.98563
1661398656.305145979 -0.77588 -1.17569 0.89740 -0.01624 -0.11402 -0.12392 0.98559
1661398656.315145969 -0.77599 -1.17555 0.89781 -0.01626 -0.11455 -0.12374 0.98555
1661398656.325145960 -0.77611 -1.17542 0.89823 -0.01626 -0.11506 -0.12355 0.98551
1661398656.335146189 -0.77622 -1.17529 0.89864 -0.01625 -0.11556 -0.12336 0.98548
1661398656.345145941 -0.77633 -1.17516 0.89905 -0.01623 -0.11605 -0.12316 0.98544
1661398656.355146170 -0.77643 -1.17503 0.89946 -0.01620 -0.11652 -0.12296 0.98542
1661398656.365145922 -0.77652 -1.17491 0.89986 -0.01615 -0.11697 -0.12275 0.98539
1661398656.375146151 -0.77660 -1.17479 0.90026 -0.01610 -0.11742 -0.12255 0.98536
1661398656.385145903 -0.77668 -1.17467 0.90066 -0.01605 -0.11785 -0.12234 0.98534
1661398656.395146132 -0.77676 -1.17456 0.90105 -0.01600 -0.11828 -0.12214 0.98531
1661398656.405145884 -0.77683 -1.17446 0.90143 -0.01596 -0.11871 -0.12194 0.98528
1661398656.415146112 -0.77690 -1.17437 0.90181 -0.01592 -0.11913 -0.12174 0.98526
1661398656.425145864 -0.77697 -1.17428 0.90219 -0.01590 -0.11956 -0.12155 0.98523
1661398656.435146093 -0.77704 -1.17420 0.90256 -0.01589 -0.11998 -0.12137 0.98520
1661398656.445145845 -0.77711 -1.17413 0.90292 -0.01590 -0.12042 -0.12119 0.98517
1661398656.455146074 -0.77717 -1.17407 0.90328 -0.01593 -0.12086 -0.12102 0.98514
1661398656.465146065 -0.77724 -1.17402 0.90363 -0.01598 -0.12130 -0.12087 0.98510
1661398656.475146055 -0.77731 -1.17398 0.90397 -0.01605 -0.12174 -0.12072 0.98506
1661398656.485146046 -0.77739 -1.17394 0.90431 -0.01614 -0.12217 -0.12059 0.98502
1661398656.495146036 -0.77746 -1.17392 0.90463 -0.01625 -0.12259 -0.12046 0.98499
1661398656.505146027 -0.77754 -1.17390 0.90495 -0.01637 -0.12300 -0.12036 0.98495
1661398656.515146017 -0.77762 -1.17389 0.90525 -0.01650 -0.12337 -0.12026 0.98491
1661398656.525146008 -0.77771 -1.17388 0.90554 -0.01665 -0.12373 -0.12018 0.98487
1661398656.535145998 -0.77779 -1.17388 0.90582 -0.01681 -0.12405 -0.12012 0.98484
1661398656.545145988 -0.77789 -1.17388 0.90608 -0.01697 -0.12433 -0.12007 0.98480
1661398656.555145979 -0.77799 -1.17389 0.90633 -0.01715 -0.12457 -0.12005 0.98477
1661398656.565145969 -0.77809 -1.17390 0.90657 -0.01732 -0.12477 -0.12003 0.98475
1661398656.575146198 -0.77819 -1.17391 0.90679 -0.01750 -0.12494 -0.12003 0.98472
1661398656.585145950 -0.77830 -1.17394 0.90701 -0.01767 -0.12507 -0.12005 0.98470
1661398656.595146179 -0.77840 -1.17397 0.90721 -0.01782 -0.12517 -0.12007 0.98468
1661398656.605145931 -0.77851 -1.17401 0.90742 -0.01796 -0.12525 -0.12010 0.98466
1661398656.615146160 -0.77861 -1.17407 0.90761 -0.01808 -0.12531 -0.12014 0.98465
1661398656.625145912 -0.77871 -1.17413 0.90781 -0.01817 -0.12535 -0.12019 0.98464
1661398656.635146141 -0.77881 -1.17421 0.90801 -0.01824 -0.12538 -0.12024 0.98463
1661398656.645145893 -0.77890 -1.17430 0.90821 -0.01826 -0.12539 -0.12029 0.98462
1661398656.655146122 -0.77898 -1.17440 0.90841 -0.01825 -0.12540 -0.12034 0.98461
1661398656.665145874 -0.77906 -1.17452 0.90862 -0.01821 -0.12540 -0.12039 0.98461
1661398656.675146103 -0.77914 -1.17465 0.90882 -0.01814 -0.12541 -0.12044 0.98460
1661398656.685145855 -0.77921 -1.17480 0.90903 -0.01806 -0.12542 -0.12049 0.98459
1661398656.695146084 -0.77928 -1.17495 0.90923 -0.01796 -0.12545 -0.12055 0.98459
1661398656.705146074 -0.77936 -1.17511 0.90943 -0.01787 -0.12549 -0.12061 0.98457
1661398656.715146065 -0.77943 -1.17527 0.90962 -0.01779 -0.12555 -0.12067 0.98456
1661398656.725146055 -0.77950 -1.17544 0.90980 -0.01772 -0.12564 -0.12074 0.98454
1661398656.735146046 -0.77957 -1.17562 0.90997 -0.01768 -0.12575 -0.12082 0.98452
1661398656.745146036 -0.77965 -1.17579 0.91013 -0.01767 -0.12590 -0.12090 0.98449
1661398656.755146027 -0.77973 -1.17597 0.91027 -0.01770 -0.12609 -0.12098 0.98445
1661398656.765146017 -0.77982 -1.17614 0.91040 -0.01775 -0.12632 -0.12107 0.98441
1661398656.775146008 -0.77992 -1.17632 0.91052 -0.01784 -0.12657 -0.12117 0.98437
1661398656.785145998 -0.78002 -1.17649 0.91063 -0.01794 -0.12686 -0.12127 0.98432
1661398656.795145988 -0.78014 -1.17667 0.91072 -0.01805 -0.12717 -0.12137 0.98426
1661398656.805145979 -0.78028 -1.17684 0.91081 -0.01815 -0.12750 -0.12148 0.98420
1661398656.815145969 -0.78043 -1.17702 0.91089 -0.01825 -0.12784 -0.12158 0.98414
1661398656.825145960 -0.78061 -1.17719 0.91097 -0.01833 -0.12820 -0.12169 0.98408
1661398656.835146189 -0.78080 -1.17736 0.91104 -0.01839 -0.12857 -0.12179 0.98402
1661398656.845145941 -0.78102 -1.17753 0.91110 -0.01841 -0.12894 -0.12188 0.98396
1661398656.855146170 -0.78126 -1.17770 0.91116 -0.01839 -0.12932 -0.12198 0.98390
1661398656.865145922 -0.78153 -1.17786 0.91122 -0.01833 -0.12971 -0.12207 0.98384
1661398656.875146151 -0.78181 -1.17803 0.91129 -0.01823 -0.13010 -0.12216 0.98378
1661398656.885145903 -0.78211 -1.17820 0.91135 -0.01810 -0.13050 -0.12224 0.98372
1661398656.895146132 -0.78241 -1.17837 0.91143 -0.01792 -0.13093 -0.12232 0.98365
1661398656.905145884 -0.78272 -1.17854 0.91151 -0.01770 -0.13138 -0.12240 0.98359
1661398656.915146112 -0.78303 -1.17871 0.91160 -0.01745 -0.13185 -0.12249 0.98352
1661398656.925145864 -0.78333 -1.17889 0.91171 -0.01716 -0.13235 -0.12257 0.98345
1661398656.935146093 -0.78362 -1.17907 0.91183 -0.01684 -0.13288 -0.12265 0.98337
1661398656.945145845 -0.78391 -1.17926 0.91197 -0.01648 -0.13345 -0.12273 0.98329
1661398656.955146074 -0.78417 -1.17946 0.91213 -0.01609 -0.13406 -0.12282 0.98320
1661398656.965146065 -0.78442 -1.17966 0.91230 -0.01568 -0.13471 -0.12290 0.98311
1661398656.975146055 -0.78466 -1.17986 0.91250 -0.01524 -0.13537 -0.12298 0.98301
1661398656.985146046 -0.78488 -1.18006 0.91271 -0.01479 -0.13606 -0.12306 0.98292
1661398656.995146036 -0.78509 -1.18026 0.91294 -0.01433 -0.13675 -0.12314 0.98282
1661398657.005146027 -0.78528 -1.18046 0.91318 -0.01386 -0.13745 -0.12320 0.98272
1661398657.015146017 -0.78547 -1.18066 0.91344 -0.01341 -0.13814 -0.12326 0.98262
1661398657.025146008 -0.78565 -1.18084 0.91371 -0.01296 -0.13882 -0.12330 0.98253
1661398657.035145998 -0.78581 -1.18102 0.91399 -0.01253 -0.13947 -0.12333 0.98244
1661398657.045145988 -0.78598 -1.18118 0.91427 -0.01213 -0.14009 -0.12334 0.98235
1661398657.055145979 -0.78613 -1.18133 0.91457 -0.01176 -0.14068 -0.12334 0.98227
1661398657.065145969 -0.78628 -1.18147 0.91487 -0.01141 -0.14123 -0.12332 0.98220
1661398657.075146198 -0.78643 -1.18160 0.91518 -0.01111 -0.14178 -0.12328 0.98213
1661398657.085145950 -0.78657 -1.18171 0.91550 -0.01083 -0.14231 -0.12322 0.98206
1661398657.095146179 -0.78671 -1.18181 0.91582 -0.01060 -0.14284 -0.12315 0.98200
1661398657.105145931 -0.78685 -1.18190 0.91614 -0.01040 -0.14339 -0.12305 0.98193
1661398657.115146160 -0.78699 -1.18198 0.91647 -0.01024 -0.14397 -0.12294 0.98186
1661398657.125145912 -0.78713 -1.18205 0.91679 -0.01013 -0.14457 -0.12281 0.98179
1661398657.135146141 -0.78728 -1.18210 0.91712 -0.01005 -0.14523 -0.12266 0.98171
1661398657.145145893 -0.78743 -1.18215 0.91745 -0.01003 -0.14593 -0.12249 0.98163
1661398657.155146122 -0.78758 -1.18218 0.91778 -0.01005 -0.14670 -0.12231 0.98154
1661398657.165145874 -0.78773 -1.18221 0.91810 -0.01010 -0.14751 -0.12210 0.98144
1661398657.175146103 -0.78789 -1.18223 0.91843 -0.01019 -0.14835 -0.12189 0.98134
1661398657.185145855 -0.78806 -1.18225 0.91875 -0.01031 -0.14921 -0.12167 0.98124
1661398657.195146084 -0.78823 -1.18226 0.91907 -0.01044 -0.15006 -0.12144 0.98114
1661398657.205146074 -0.78841 -1.18227 0.91938 -0.01059 -0.15088 -0.12121 0.98104
1661398657.215146065 -0.78860 -1.18228 0.91969 -0.01074 -0.15167 -0.12098 0.98094
1661398657.225146055 -0.78879 -1.18229 0.92000 -0.01089 -0.15239 -0.12076 0.98085
1661398657.235146046 -0.78899 -1.18231 0.92031 -0.01103 -0.15304 -0.12054 0.98078
1661398657.245146036 -0.78920 -1.18233 0.92060 -0.01116 -0.15360 -0.12034 0.98072
1661398657.255146027 -0.78942 -1.18236 0.92090 -0.01126 -0.15405 -0.12015 0.98067
1661398657.265146017 -0.78964 -1.18240 0.92118 -0.01134 -0.15441 -0.11997 0.98063
1661398657.275146008 -0.78987 -1.18243 0.92146 -0.01140 -0.15469 -0.11979 0.98061
1661398657.285145998 -0.79010 -1.18247 0.92174 -0.01144 -0.15493 -0.11962 0.98059
1661398657.295145988 -0.79034 -1.18251 0.92201 -0.01145 -0.15514 -0.11944 0.98058
1661398657.305145979 -0.79057 -1.18255 0.92227 -0.01144 -0.15535 -0.11925 0.98057
1661398657.315145969 -0.79080 -1.18258 0.92252 -0.01140 -0.15556 -0.11904 0.98056
1661398657.325145960 -0.79103 -1.18261 0.92277 -0.01134 -0.15580 -0.11881 0.98055
1661398657.335146189 -0.79126 -1.18264 0.92301 -0.01125 -0.15610 -0.11856 0.98053
1661398657.345145941 -0.79148 -1.18265 0.92325 -0.01114 -0.15648 -0.11828 0.98051
1661398657.355146170 -0.79169 -1.18265 0.92347 -0.01100 -0.15693 -0.11796 0.98048
1661398657.365145922 -0.79189 -1.18265 0.92369 -0.01085 -0.15746 -0.11761 0.98044
1661398657.375146151 -0.79208 -1.18264 0.92390 -0.01067 -0.15804 -0.11724 0.98039
1661398657.385145903 -0.79227 -1.18262 0.92409 -0.01049 -0.15865 -0.11686 0.98034
1661398657.395146132 -0.79244 -1.18260 0.92427 -0.01030 -0.15926 -0.11647 0.98029
1661398657.405145884 -0.79259 -1.18259 0.92443 -0.01012 -0.15985 -0.11608 0.98024
1661398657.415146112 -0.79273 -1.18257 0.92457 -0.00994 -0.16040 -0.11570 0.98020
1661398657.425145864 -0.79286 -1.18256 0.92469 -0.00977 -0.16088 -0.11534 0.98016
1661398657.435146093 -0.79297 -1.18255 0.92479 -0.00962 -0.16128 -0.11499 0.98014
1661398657.445145845 -0.79307 -1.18255 0.92487 -0.00949 -0.16158 -0.11468 0.98013
1661398657.455146074 -0.79314 -1.18256 0.92492 -0.00938 -0.16174 -0.11440 0.98013
1661398657.465146065 -0.79320 -1.18258 0.92494 -0.00930 -0.16179 -0.11415 0.98016
1661398657.475146055 -0.79325 -1.18262 0.92495 -0.00925 -0.16174 -0.11394 0.98019
1661398657.485146046 -0.79328 -1.18266 0.92494 -0.00923 -0.16159 -0.11376 0.98024
1661398657.495146036 -0.79331 -1.18273 0.92491 -0.00922 -0.16137 -0.11360 0.98029
1661398657.505146027 -0.79333 -1.18280 0.92488 -0.00924 -0.16109 -0.11346 0.98035
1661398657.515146017 -0.79334 -1.18290 0.92483 -0.00928 -0.16075 -0.11335 0.98042
1661398657.525146008 -0.79335 -1.18301 0.92478 -0.00934 -0.16038 -0.11325 0.98049
1661398657.535145998 -0.79336 -1.18314 0.92472 -0.00942 -0.15999 -0.11317 0.98056
1661398657.545145988 -0.79338 -1.18330 0.92467 -0.00951 -0.15958 -0.11311 0.98064
1661398657.555145979 -0.79340 -1.18347 0.92461 -0.00963 -0.15918 -0.11305 0.98071
1661398657.565145969 -0.79343 -1.18366 0.92456 -0.00975 -0.15881 -0.11300 0.98077
1661398657.575146198 -0.79347 -1.18387 0.92452 -0.00987 -0.15847 -0.11296 0.98083
1661398657.585145950 -0.79352 -1.18410 0.92448 -0.00999 -0.15818 -0.11291 0.98088
1661398657.595146179 -0.79359 -1.18434 0.92446 -0.01009 -0.15796 -0.11286 0.98092
1661398657.605145931 -0.79369 -1.18459 0.92445 -0.01016 -0.15782 -0.11280 0.98095
1661398657.615146160 -0.79381 -1.18485 0.92445 -0.01020 -0.15779 -0.11274 0.98096
1661398657.625145912 -0.79397 -1.18512 0.92447 -0.01021 -0.15787 -0.11266 0.98096
1661398657.635146141 -0.79415 -1.18540 0.92451 -0.01016 -0.15809 -0.11256 0.98094
1661398657.645145893 -0.79437 -1.18568 0.92457 -0.01005 -0.15846 -0.11244 0.98089
1661398657.655146122 -0.79463 -1.18596 0.92465 -0.00989 -0.15898 -0.11230 0.98082
1661398657.665145874 -0.79493 -1.18625 0.92476 -0.00966 -0.15966 -0.11214 0.98073
1661398657.675146103 -0.79525 -1.18653 0.92489 -0.00939 -0.16046 -0.11197 0.98063
1661398657.685145855 -0.79560 -1.18681 0.92505 -0.00908 -0.16138 -0.11177 0.98050
1661398657.695146084 -0.79597 -1.18710 0.92523 -0.00874 -0.16239 -0.11157 0.98036
1661398657.705146074 -0.79635 -1.18738 0.92543 -0.00837 -0.16347 -0.11136 0.98021
1661398657.715146065 -0.79673 -1.18765 0.92566 -0.00800 -0.16462 -0.11114 0.98004
1661398657.725146055 -0.79712 -1.18793 0.92592 -0.00762 -0.16580 -0.11093 0.97987
1661398657.735146046 -0.79751 -1.18819 0.92620 -0.00724 -0.16701 -0.11072 0.97969
1661398657.745146036 -0.79789 -1.18845 0.92651 -0.00688 -0.16823 -0.11051 0.97951
1661398657.755146027 -0.79826 -1.18871 0.92684 -0.00654 -0.16943 -0.11031 0.97933
1661398657.765146017 -0.79861 -1.18895 0.92720 -0.00622 -0.17062 -0.11013 0.97914
1661398657.775146008 -0.79896 -1.18919 0.92758 -0.00593 -0.17179 -0.10996 0.97896
1661398657.785145998 -0.79930 -1.18942 0.92798 -0.00565 -0.17293 -0.10980 0.97878
1661398657.795145988 -0.79963 -1.18965 0.92839 -0.00540 -0.17405 -0.10967 0.97860
1661398657.805145979 -0.79997 -1.18986 0.92882 -0.00517 -0.17514 -0.10956 0.97842
1661398657.815145969 -0.80031 -1.19007 0.92925 -0.00496 -0.17619 -0.10948 0.97824
1661398657.825145960 -0.80065 -1.19028 0.92969 -0.00477 -0.17721 -0.10943 0.97806
1661398657.835146189 -0.80100 -1.19047 0.93013 -0.00460 -0.17818 -0.10940 0.97789
1661398657.845145941 -0.80136 -1.19066 0.93058 -0.00445 -0.17911 -0.10942 0.97772
1661398657.855146170 -0.80173 -1.19084 0.93102 -0.00432 -0.17999 -0.10947 0.97755
1661398657.865145922 -0.80211 -1.19102 0.93146 -0.00421 -0.18083 -0.10954 0.97739
1661398657.875146151 -0.80250 -1.19119 0.93189 -0.00411 -0.18162 -0.10965 0.97723
1661398657.885145903 -0.80290 -1.19137 0.93231 -0.00404 -0.18238 -0.10977 0.97707
1661398657.895146132 -0.80331 -1.19154 0.93272 -0.00399 -0.18311 -0.10989 0.97692
1661398657.905145884 -0.80372 -1.19171 0.93313 -0.00395 -0.18381 -0.11003 0.97678
1661398657.915146112 -0.80414 -1.19189 0.93351 -0.00393 -0.18449 -0.11015 0.97663
1661398657.925145864 -0.80456 -1.19208 0.93389 -0.00393 -0.18515 -0.11027 0.97650
1661398657.935146093 -0.80499 -1.19227 0.93424 -0.00394 -0.18579 -0.11037 0.97636
1661398657.945145845 -0.80542 -1.19248 0.93458 -0.00397 -0.18642 -0.11044 0.97623
1661398657.955146074 -0.80584 -1.19269 0.93490 -0.00401 -0.18705 -0.11049 0.97611
1661398657.965146065 -0.80627 -1.19292 0.93520 -0.00407 -0.18766 -0.11051 0.97599
1661398657.975146055 -0.80670 -1.19315 0.93548 -0.00414 -0.18826 -0.11051 0.97587
1661398657.985146046 -0.80712 -1.19340 0.93573 -0.00420 -0.18883 -0.11050 0.97576
1661398657.995146036 -0.80754 -1.19365 0.93597 -0.00427 -0.18938 -0.11048 0.97566
1661398658.005146027 -0.80795 -1.19391 0.93619 -0.00434 -0.18989 -0.11046 0.97556
1661398658.015146017 -0.80835 -1.19417 0.93639 -0.00439 -0.19037 -0.11045 0.97547
1661398658.025146008 -0.80874 -1.19444 0.93657 -0.00444 -0.19081 -0.11045 0.97538
1661398658.035145998 -0.80912 -1.19471 0.93673 -0.00447 -0.19120 -0.11047 0.97530
1661398658.045145988 -0.80949 -1.19498 0.93687 -0.00448 -0.19153 -0.11052 0.97523
1661398658.055145979 -0.80985 -1.19525 0.93699 -0.00447 -0.19181 -0.11060 0.97517
1661398658.065145969 -0.81019 -1.19552 0.93710 -0.00444 -0.19205 -0.11070 0.97511
1661398658.075146198 -0.81052 -1.19578 0.93719 -0.00439 -0.19224 -0.11082 0.97506
1661398658.085145950 -0.81084 -1.19605 0.93726 -0.00433 -0.19239 -0.11094 0.97502
1661398658.095146179 -0.81115 -1.19630 0.93733 -0.00425 -0.19252 -0.11106 0.97498
1661398658.105145931 -0.81145 -1.19655 0.93738 -0.00416 -0.19264 -0.11118 0.97494
1661398658.115146160 -0.81173 -1.19679 0.93743 -0.00407 -0.19274 -0.11128 0.97491
1661398658.125145912 -0.81201 -1.19701 0.93747 -0.00397 -0.19284 -0.11135 0.97488
1661398658.135146141 -0.81228 -1.19722 0.93750 -0.00387 -0.19295 -0.11139 0.97486
1661398658.145145893 -0.81254 -1.19742 0.93753 -0.00377 -0.19307 -0.11139 0.97483
1661398658.155146122 -0.81279 -1.19761 0.93756 -0.00367 -0.19321 -0.11134 0.97481
1661398658.165145874 -0.81303 -1.19777 0.93758 -0.00358 -0.19337 -0.11125 0.97479
1661398658.175146103 -0.81326 -1.19793 0.93761 -0.00349 -0.19354 -0.11113 0.97477
1661398658.185145855 -0.81349 -1.19806 0.93765 -0.00340 -0.19372 -0.11098 0.97475
1661398658.195146084 -0.81370 -1.19819 0.93769 -0.00332 -0.19391 -0.11082 0.97473
1661398658.205146074 -0.81390 -1.19829 0.93773 -0.00324 -0.19410 -0.11065 0.97471
1661398658.215146065 -0.81410 -1.19839 0.93779 -0.00316 -0.19429 -0.11048 0.97470
1661398658.225146055 -0.81428 -1.19847 0.93786 -0.00309 -0.19448 -0.11033 0.97468
1661398658.235146046 -0.81445 -1.19853 0.93794 -0.00302 -0.19465 -0.11019 0.97466
1661398658.245146036 -0.81460 -1.19859 0.93804 -0.00295 -0.19481 -0.11008 0.97464
1661398658.255146027 -0.81475 -1.19863 0.93815 -0.00289 -0.19496 -0.11000 0.97462
1661398658.265146017 -0.81488 -1.19866 0.93829 -0.00284 -0.19509 -0.10995 0.97460
1661398658.275146008 -0.81501 -1.19868 0.93843 -0.00279 -0.19523 -0.10993 0.97457
1661398658.285145998 -0.81513 -1.19870 0.93860 -0.00275 -0.19538 -0.10994 0.97454
1661398658.295145988 -0.81526 -1.19871 0.93877 -0.00273 -0.19555 -0.10996 0.97451
1661398658.305145979 -0.81539 -1.19871 0.93896 -0.00273 -0.19576 -0.11000 0.97446
1661398658.315145969 -0.81553 -1.19872 0.93916 -0.00275 -0.19600 -0.11004 0.97441
1661398658.325145960 -0.81568 -1.19873 0.93938 -0.00279 -0.19629 -0.11009 0.97434
1661398658.335146189 -0.81584 -1.19874 0.93960 -0.00286 -0.19664 -0.11014 0.97426
1661398658.345145941 -0.81603 -1.19876 0.93983 -0.00296 -0.19707 -0.11019 0.97417
1661398658.355146170 -0.81623 -1.19879 0.94007 -0.00308 -0.19757 -0.11022 0.97407
1661398658.365145922 -0.81646 -1.19882 0.94032 -0.00324 -0.19814 -0.11025 0.97395
1661398658.375146151 -0.81670 -1.19886 0.94058 -0.00341 -0.19878 -0.11027 0.97381
1661398658.385145903 -0.81697 -1.19891 0.94084 -0.00359 -0.19948 -0.11029 0.97367
1661398658.395146132 -0.81725 -1.19897 0.94112 -0.00377 -0.20023 -0.11029 0.97351
1661398658.405145884 -0.81755 -1.19903 0.94139 -0.00396 -0.20103 -0.11029 0.97335
1661398658.415146112 -0.81786 -1.19910 0.94168 -0.00413 -0.20187 -0.11028 0.97318
1661398658.425145864 -0.81818 -1.19918 0.94197 -0.00429 -0.20274 -0.11026 0.97300
1661398658.435146093 -0.81852 -1.19927 0.94226 -0.00442 -0.20364 -0.11023 0.97281
1661398658.445145845 -0.81887 -1.19936 0.94257 -0.00453 -0.20455 -0.11019 0.97262
1661398658.455146074 -0.81923 -1.19947 0.94287 -0.00460 -0.20549 -0.11015 0.97243
1661398658.465146065 -0.81959 -1.19958 0.94318 -0.00464 -0.20643 -0.11010 0.97224
1661398658.475146055 -0.81996 -1.19969 0.94350 -0.00464 -0.20739 -0.11004 0.97204
1661398658.485146046 -0.82033 -1.19980 0.94381 -0.00461 -0.20836 -0.10997 0.97184
1661398658.495146036 -0.82069 -1.19992 0.94413 -0.00456 -0.20934 -0.10989 0.97164
1661398658.505146027 -0.82105 -1.20004 0.94445 -0.00448 -0.21032 -0.10981 0.97143
1661398658.515146017 -0.82139 -1.20015 0.94477 -0.00438 -0.21132 -0.10972 0.97123
1661398658.525146008 -0.82172 -1.20026 0.94509 -0.00426 -0.21232 -0.10962 0.97102
1661398658.535145998 -0.82203 -1.20036 0.94540 -0.00413 -0.21333 -0.10952 0.97081
1661398658.545145988 -0.82232 -1.20046 0.94572 -0.00398 -0.21435 -0.10940 0.97060
1661398658.555145979 -0.82258 -1.20055 0.94603 -0.00382 -0.21537 -0.10929 0.97039
1661398658.565145969 -0.82282 -1.20063 0.94633 -0.00364 -0.21637 -0.10916 0.97018
1661398658.575146198 -0.82305 -1.20070 0.94663 -0.00346 -0.21735 -0.10903 0.96998
1661398658.585145950 -0.82325 -1.20077 0.94692 -0.00327 -0.21829 -0.10890 0.96978
1661398658.595146179 -0.82344 -1.20085 0.94721 -0.00307 -0.21918 -0.10875 0.96960
1661398658.605145931 -0.82361 -1.20092 0.94749 -0.00287 -0.21999 -0.10861 0.96943
1661398658.615146160 -0.82378 -1.20100 0.94775 -0.00266 -0.22072 -0.10846 0.96928
1661398658.625145912 -0.82394 -1.20108 0.94801 -0.00246 -0.22134 -0.10831 0.96916
1661398658.635146141 -0.82409 -1.20117 0.94825 -0.00225 -0.22185 -0.10815 0.96906
1661398658.645145893 -0.82424 -1.20127 0.94849 -0.00204 -0.22223 -0.10800 0.96899
1661398658.655146122 -0.82439 -1.20139 0.94870 -0.00183 -0.22247 -0.10784 0.96896
1661398658.665145874 -0.82453 -1.20151 0.94891 -0.00163 -0.22259 -0.10767 0.96895
1661398658.675146103 -0.82468 -1.20165 0.94910 -0.00143 -0.22261 -0.10750 0.96896
1661398658.685145855 -0.82484 -1.20179 0.94927 -0.00122 -0.22257 -0.10733 0.96899
1661398658.695146084 -0.82500 -1.20195 0.94944 -0.00101 -0.22250 -0.10714 0.96903
1661398658.705146074 -0.82516 -1.20212 0.94959 -0.00081 -0.22241 -0.10695 0.96907
1661398658.715146065 -0.82534 -1.20230 0.94972 -0.00059 -0.22234 -0.10675 0.96911
1661398658.725146055 -0.82552 -1.20248 0.94984 -0.00038 -0.22232 -0.10653 0.96914
1661398658.735146046 -0.82571 -1.20268 0.94995 -0.00016 -0.22236 -0.10630 0.96915
1661398658.745146036 -0.82592 -1.20288 0.95004 0.00007 -0.22251 -0.10605 0.96915
1661398658.755146027 -0.82614 -1.20309 0.95012 0.00031 -0.22277 -0.10578 0.96911
1661398658.765146017 -0.82637 -1.20330 0.95019 0.00055 -0.22314 -0.10550 0.96906
1661398658.775146008 -0.82661 -1.20352 0.95025 0.00079 -0.22360 -0.10522 0.96898
1661398658.785145998 -0.82686 -1.20374 0.95031 0.00103 -0.22413 -0.10493 0.96889
1661398658.795145988 -0.82711 -1.20395 0.95036 0.00128 -0.22471 -0.10465 0.96879
1661398658.805145979 -0.82737 -1.20416 0.95041 0.00152 -0.22531 -0.10438 0.96868
1661398658.815145969 -0.82763 -1.20437 0.95046 0.00176 -0.22593 -0.10412 0.96856
1661398658.825145960 -0.82789 -1.20456 0.95051 0.00199 -0.22654 -0.10388 0.96844
1661398658.835146189 -0.82815 -1.20474 0.95058 0.00222 -0.22712 -0.10367 0.96833
1661398658.845145941 -0.82840 -1.20490 0.95064 0.00244 -0.22766 -0.10349 0.96822
1661398658.855146170 -0.82865 -1.20505 0.95072 0.00264 -0.22813 -0.10335 0.96813
1661398658.865145922 -0.82889 -1.20518 0.95081 0.00284 -0.22855 -0.10323 0.96804
1661398658.875146151 -0.82914 -1.20530 0.95091 0.00303 -0.22894 -0.10313 0.96796
1661398658.885145903 -0.82939 -1.20541 0.95101 0.00322 -0.22929 -0.10303 0.96788
1661398658.895146132 -0.82964 -1.20551 0.95112 0.00341 -0.22964 -0.10294 0.96781
1661398658.905145884 -0.82991 -1.20560 0.95123 0.00360 -0.22998 -0.10283 0.96774
1661398658.915146112 -0.83020 -1.20569 0.95134 0.00379 -0.23034 -0.10270 0.96767
1661398658.925145864 -0.83050 -1.20578 0.95145 0.00399 -0.23073 -0.10254 0.96759
1661398658.935146093 -0.83083 -1.20587 0.95155 0.00419 -0.23116 -0.10234 0.96751
1661398658.945145845 -0.83118 -1.20596 0.95165 0.00441 -0.23165 -0.10209 0.96742
1661398658.955146074 -0.83156 -1.20606 0.95174 0.00464 -0.23220 -0.10179 0.96732
1661398658.965146065 -0.83197 -1.20616 0.95183 0.00488 -0.23280 -0.10144 0.96721
1661398658.975146055 -0.83239 -1.20627 0.95191 0.00514 -0.23346 -0.10105 0.96709
1661398658.985146046 -0.83283 -1.20638 0.95199 0.00541 -0.23417 -0.10064 0.96696
1661398658.995146036 -0.83329 -1.20648 0.95206 0.00570 -0.23490 -0.10021 0.96682
1661398659.005146027 -0.83374 -1.20659 0.95214 0.00601 -0.23567 -0.09979 0.96668
1661398659.015146017 -0.83420 -1.20669 0.95221 0.00633 -0.23644 -0.09938 0.96653
1661398659.025146008 -0.83465 -1.20679 0.95228 0.00668 -0.23723 -0.09899 0.96637
1661398659.035145998 -0.83509 -1.20689 0.95236 0.00704 -0.23802 -0.09864 0.96621
1661398659.045145988 -0.83552 -1.20697 0.95243 0.00742 -0.23880 -0.09833 0.96605
1661398659.055145979 -0.83593 -1.20705 0.95251 0.00782 -0.23957 -0.09808 0.96588
1661398659.065145969 -0.83632 -1.20712 0.95259 0.00823 -0.24031 -0.09788 0.96571
1661398659.075146198 -0.83669 -1.20719 0.95268 0.00866 -0.24103 -0.09773 0.96554
1661398659.085145950 -0.83705 -1.20724 0.95276 0.00910 -0.24173 -0.09761 0.96538
1661398659.095146179 -0.83739 -1.20728 0.95285 0.00954 -0.24239 -0.09752 0.96522
1661398659.105145931 -0.83772 -1.20732 0.95294 0.00997 -0.24301 -0.09745 0.96507
1661398659.115146160 -0.83804 -1.20735 0.95303 0.01041 -0.24359 -0.09739 0.96492
1661398659.125145912 -0.83835 -1.20737 0.95313 0.01083 -0.24413 -0.09733 0.96478
1661398659.135146141 -0.83864 -1.20738 0.95322 0.01124 -0.24462 -0.09728 0.96466
1661398659.145145893 -0.83893 -1.20738 0.95331 0.01162 -0.24506 -0.09721 0.96455
1661398659.155146122 -0.83921 -1.20737 0.95340 0.01199 -0.24544 -0.09712 0.96446
1661398659.165145874 -0.83948 -1.20735 0.95349 0.01233 -0.24577 -0.09702 0.96438
1661398659.175146103 -0.83974 -1.20733 0.95358 0.01265 -0.24605 -0.09690 0.96432
1661398659.185145855 -0.83999 -1.20730 0.95367 0.01295 -0.24628 -0.09677 0.96427
1661398659.195146084 -0.84024 -1.20727 0.95376 0.01322 -0.24647 -0.09663 0.96423
1661398659.205146074 -0.84049 -1.20724 0.95385 0.01346 -0.24662 -0.09648 0.96420
1661398659.215146065 -0.84073 -1.20720 0.95394 0.01368 -0.24674 -0.09633 0.96418
1661398659.225146055 -0.84096 -1.20716 0.95403 0.01388 -0.24683 -0.09617 0.96417
1661398659.235146046 -0.84119 -1.20712 0.95411 0.01405 -0.24690 -0.09601 0.96417
1661398659.245146036 -0.84142 -1.20709 0.95420 0.01419 -0.24694 -0.09586 0.96417
1661398659.255146027 -0.84164 -1.20705 0.95429 0.01430 -0.24696 -0.09570 0.96418
1661398659.265146017 -0.84187 -1.20702 0.95437 0.01439 -0.24697 -0.09555 0.96419
1661398659.275146008 -0.84209 -1.20699 0.95446 0.01446 -0.24698 -0.09540 0.96420
1661398659.285145998 -0.84232 -1.20696 0.95455 0.01450 -0.24699 -0.09527 0.96422
1661398659.295145988 -0.84255 -1.20693 0.95464 0.01453 -0.24701 -0.09514 0.96422
1661398659.305145979 -0.84278 -1.20689 0.95474 0.01453 -0.24705 -0.09502 0.96422
1661398659.315145969 -0.84303 -1.20686 0.95484 0.01452 -0.24711 -0.09492 0.96422
1661398659.325145960 -0.84328 -1.20682 0.95495 0.01449 -0.24721 -0.09483 0.96420
1661398659.335146189 -0.84355 -1.20678 0.95506 0.01444 -0.24734 -0.09475 0.96418
1661398659.345145941 -0.84382 -1.20674 0.95518 0.01439 -0.24752 -0.09469 0.96414
1661398659.355146170 -0.84411 -1.20669 0.95531 0.01432 -0.24776 -0.09465 0.96408
1661398659.365145922 -0.84442 -1.20663 0.95544 0.01424 -0.24805 -0.09463 0.96401
1661398659.375146151 -0.84474 -1.20657 0.95559 0.01416 -0.24838 -0.09462 0.96393
1661398659.385145903 -0.84507 -1.20650 0.95574 0.01407 -0.24877 -0.09463 0.96383
1661398659.395146132 -0.84542 -1.20642 0.95591 0.01398 -0.24919 -0.09464 0.96372
1661398659.405145884 -0.84577 -1.20633 0.95608 0.01388 -0.24966 -0.09466 0.96359
1661398659.415146112 -0.84614 -1.20623 0.95627 0.01379 -0.25017 -0.09469 0.96346
1661398659.425145864 -0.84652 -1.20613 0.95647 0.01371 -0.25072 -0.09472 0.96332
1661398659.435146093 -0.84690 -1.20601 0.95668 0.01362 -0.25130 -0.09475 0.96316
1661398659.445145845 -0.84730 -1.20588 0.95690 0.01355 -0.25192 -0.09478 0.96300
1661398659.455146074 -0.84770 -1.20573 0.95714 0.01349 -0.25256 -0.09481 0.96283
1661398659.465146065 -0.84811 -1.20558 0.95739 0.01343 -0.25323 -0.09483 0.96265
1661398659.475146055 -0.84853 -1.20541 0.95765 0.01339 -0.25392 -0.09484 0.96247
1661398659.485146046 -0.84895 -1.20524 0.95792 0.01336 -0.25462 -0.09485 0.96228
1661398659.495146036 -0.84938 -1.20506 0.95820 0.01333 -0.25534 -0.09485 0.96210
1661398659.505146027 -0.84982 -1.20487 0.95850 0.01332 -0.25606 -0.09484 0.96190
1661398659.515146017 -0.85027 -1.20468 0.95880 0.01332 -0.25678 -0.09482 0.96171
1661398659.525146008 -0.85073 -1.20449 0.95912 0.01332 -0.25750 -0.09479 0.96152
1661398659.535145998 -0.85119 -1.20430 0.95944 0.01334 -0.25822 -0.09474 0.96134
1661398659.545145988 -0.85166 -1.20411 0.95977 0.01337 -0.25891 -0.09468 0.96116
1661398659.555145979 -0.85214 -1.20391 0.96011 0.01340 -0.25960 -0.09460 0.96098
1661398659.565145969 -0.85262 -1.20372 0.96045 0.01345 -0.26026 -0.09451 0.96081
1661398659.575146198 -0.85311 -1.20353 0.96080 0.01350 -0.26091 -0.09442 0.96064
1661398659.585145950 -0.85360 -1.20334 0.96115 0.01355 -0.26155 -0.09432 0.96047
1661398659.595146179 -0.85410 -1.20315 0.96150 0.01360 -0.26218 -0.09422 0.96031
1661398659.605145931 -0.85460 -1.20295 0.96184 0.01364 -0.26279 -0.09413 0.96015
1661398659.615146160 -0.85511 -1.20274 0.96219 0.01368 -0.26340 -0.09405 0.95999
1661398659.625145912 -0.85562 -1.20253 0.96252 0.01370 -0.26399 -0.09399 0.95984
1661398659.635146141 -0.85612 -1.20232 0.96285 0.01372 -0.26458 -0.09395 0.95968
1661398659.645145893 -0.85663 -1.20209 0.96317 0.01372 -0.26517 -0.09393 0.95952
1661398659.655146122 -0.85714 -1.20186 0.96347 0.01370 -0.26575 -0.09394 0.95936
1661398659.665145874 -0.85765 -1.20161 0.96376 0.01366 -0.26632 -0.09397 0.95920
1661398659.675146103 -0.85815 -1.20136 0.96405 0.01360 -0.26688 -0.09402 0.95904
1661398659.685145855 -0.85864 -1.20110 0.96432 0.01353 -0.26743 -0.09409 0.95888
1661398659.695146084 -0.85912 -1.20083 0.96458 0.01345 -0.26796 -0.09417 0.95872
1661398659.705146074 -0.85958 -1.20056 0.96483 0.01335 -0.26847 -0.09426 0.95857
1661398659.715146065 -0.86003 -1.20028 0.96507 0.01324 -0.26896 -0.09435 0.95843
1661398659.725146055 -0.86046 -1.19999 0.96531 0.01313 -0.26942 -0.09443 0.95829
1661398659.735146046 -0.86087 -1.19970 0.96554 0.01300 -0.26985 -0.09451 0.95816
1661398659.745146036 -0.86125 -1.19940 0.96576 0.01286 -0.27025 -0.09458 0.95805
1661398659.755146027 -0.86161 -1.19910 0.96598 0.01272 -0.27062 -0.09463 0.95794
1661398659.765146017 -0.86193 -1.19880 0.96619 0.01258 -0.27095 -0.09468 0.95784
1661398659.775146008 -0.86224 -1.19849 0.96640 0.01244 -0.27126 -0.09471 0.95775
1661398659.785145998 -0.86252 -1.19818 0.96661 0.01231 -0.27156 -0.09473 0.95767
1661398659.795145988 -0.86279 -1.19788 0.96682 0.01220 -0.27184 -0.09475 0.95759
1661398659.805145979 -0.86303 -1.19757 0.96704 0.01211 -0.27211 -0.09476 0.95751
1661398659.815145969 -0.86326 -1.19727 0.96727 0.01206 -0.27238 -0.09477 0.95744
1661398659.825145960 -0.86348 -1.19696 0.96750 0.01203 -0.27265 -0.09479 0.95736
1661398659.835146189 -0.86368 -1.19666 0.96775 0.01205 -0.27293 -0.09481 0.95728
1661398659.845145941 -0.86388 -1.19637 0.96800 0.01211 -0.27322 -0.09484 0.95719
1661398659.855146170 -0.86406 -1.19607 0.96828 0.01223 -0.27354 -0.09487 0.95709
1661398659.865145922 -0.86424 -1.19579 0.96856 0.01239 -0.27387 -0.09491 0.95699
1661398659.875146151 -0.86441 -1.19550 0.96886 0.01258 -0.27421 -0.09495 0.95689
1661398659.885145903 -0.86458 -1.19521 0.96917 0.01281 -0.27457 -0.09500 0.95678
1661398659.895146132 -0.86474 -1.19491 0.96949 0.01307 -0.27494 -0.09504 0.95666
1661398659.905145884 -0.86490 -1.19462 0.96981 0.01334 -0.27531 -0.09508 0.95655
1661398659.915146112 -0.86505 -1.19431 0.97014 0.01363 -0.27569 -0.09511 0.95643
1661398659.925145864 -0.86521 -1.19399 0.97046 0.01391 -0.27607 -0.09514 0.95632
1661398659.935146093 -0.86536 -1.19367 0.97079 0.01420 -0.27644 -0.09514 0.95620
1661398659.945145845 -0.86551 -1.19332 0.97112 0.01448 -0.27682 -0.09514 0.95609
1661398659.955146074 -0.86565 -1.19297 0.97144 0.01474 -0.27718 -0.09511 0.95598
1661398659.965146065 -0.86580 -1.19259 0.97175 0.01499 -0.27755 -0.09507 0.95588
1661398659.975146055 -0.86595 -1.19221 0.97206 0.01521 -0.27792 -0.09500 0.95577
1661398659.985146046 -0.86611 -1.19181 0.97237 0.01541 -0.27830 -0.09490 0.95567
1661398659.995146036 -0.86627 -1.19141 0.97266 0.01559 -0.27871 -0.09477 0.95556
1661398660.005146027 -0.86643 -1.19099 0.97294 0.01574 -0.27913 -0.09461 0.95545
1661398660.015146017 -0.86660 -1.19057 0.97321 0.01586 -0.27959 -0.09441 0.95534
1661398660.025146008 -0.86678 -1.19015 0.97346 0.01596 -0.28008 -0.09417 0.95521
1661398660.035145998 -0.86697 -1.18972 0.97370 0.01601 -0.28061 -0.09389 0.95508
1661398660.045145988 -0.86717 -1.18929 0.97392 0.01604 -0.28120 -0.09356 0.95494
1661398660.055145979 -0.86738 -1.18887 0.97413 0.01603 -0.28183 -0.09319 0.95479
1661398660.065145969 -0.86760 -1.18844 0.97432 0.01599 -0.28251 -0.09277 0.95463
1661398660.075146198 -0.86783 -1.18801 0.97451 0.01596 -0.28322 -0.09232 0.95447
1661398660.085145950 -0.86805 -1.18759 0.97469 0.01594 -0.28395 -0.09184 0.95430
1661398660.095146179 -0.86828 -1.18716 0.97488 0.01595 -0.28468 -0.09133 0.95413
1661398660.105145931 -0.86850 -1.18674 0.97507 0.01601 -0.28541 -0.09081 0.95396
1661398660.115146160 -0.86871 -1.18632 0.97528 0.01614 -0.28612 -0.09027 0.95380
1661398660.125145912 -0.86890 -1.18590 0.97550 0.01635 -0.28680 -0.08973 0.95364
1661398660.135146141 -0.86908 -1.18548 0.97575 0.01666 -0.28743 -0.08919 0.95349
1661398660.145145893 -0.86924 -1.18506 0.97603 0.01709 -0.28801 -0.08866 0.95336
1661398660.155146122 -0.86938 -1.18465 0.97634 0.01765 -0.28853 -0.08813 0.95324
1661398660.165145874 -0.86950 -1.18424 0.97668 0.01832 -0.28899 -0.08763 0.95314
1661398660.175146103 -0.86961 -1.18383 0.97704 0.01909 -0.28941 -0.08713 0.95304
1661398660.185145855 -0.86969 -1.18342 0.97743 0.01993 -0.28978 -0.08665 0.95295
1661398660.195146084 -0.86977 -1.18301 0.97784 0.02082 -0.29012 -0.08619 0.95287
1661398660.205146074 -0.86984 -1.18260 0.97826 0.02174 -0.29044 -0.08574 0.95280
1661398660.215146065 -0.86991 -1.18219 0.97870 0.02267 -0.29075 -0.08531 0.95272
1661398660.225146055 -0.86997 -1.18178 0.97915 0.02359 -0.29106 -0.08490 0.95264
1661398660.235146046 -0.87004 -1.18138 0.97960 0.02448 -0.29137 -0.08450 0.95256
1661398660.245146036 -0.87011 -1.18097 0.98005 0.02531 -0.29170 -0.08413 0.95247
1661398660.255146027 -0.87019 -1.18056 0.98051 0.02608 -0.29204 -0.08377 0.95237
1661398660.265146017 -0.87027 -1.18015 0.98095 0.02677 -0.29242 -0.08343 0.95227
1661398660.275146008 -0.87036 -1.17973 0.98140 0.02738 -0.29282 -0.08311 0.95215
1661398660.285145998 -0.87046 -1.17931 0.98183 0.02790 -0.29326 -0.08280 0.95203
1661398660.295145988 -0.87056 -1.17887 0.98224 0.02834 -0.29372 -0.08250 0.95190
1661398660.305145979 -0.87067 -1.17843 0.98264 0.02870 -0.29422 -0.08221 0.95176
1661398660.315145969 -0.87078 -1.17797 0.98302 0.02896 -0.29476 -0.08194 0.95161
1661398660.325145960 -0.87090 -1.17749 0.98338 0.02912 -0.29533 -0.08168 0.95145
1661398660.335146189 -0.87102 -1.17700 0.98372 0.02919 -0.29594 -0.08142 0.95128
1661398660.345145941 -0.87114 -1.17648 0.98403 0.02915 -0.29659 -0.08117 0.95110
1661398660.355146170 -0.87127 -1.17594 0.98430 0.02902 -0.29728 -0.08092 0.95091
1661398660.365145922 -0.87140 -1.17539 0.98455 0.02880 -0.29801 -0.08068 0.95071
1661398660.375146151 -0.87153 -1.17482 0.98478 0.02851 -0.29875 -0.08045 0.95051
1661398660.385145903 -0.87167 -1.17425 0.98498 0.02817 -0.29950 -0.08023 0.95030
1661398660.395146132 -0.87180 -1.17368 0.98517 0.02781 -0.30024 -0.08001 0.95010
1661398660.405145884 -0.87194 -1.17311 0.98535 0.02743 -0.30096 -0.07982 0.94989
1661398660.415146112 -0.87208 -1.17255 0.98552 0.02705 -0.30166 -0.07963 0.94970
1661398660.425145864 -0.87222 -1.17201 0.98569 0.02670 -0.30231 -0.07946 0.94952
1661398660.435146093 -0.87237 -1.17150 0.98585 0.02640 -0.30290 -0.07931 0.94935
1661398660.445145845 -0.87252 -1.17101 0.98602 0.02615 -0.30343 -0.07917 0.94920
1661398660.455146074 -0.87266 -1.17055 0.98619 0.02598 -0.30389 -0.07906 0.94907
1661398660.465146065 -0.87281 -1.17013 0.98637 0.02589 -0.30429 -0.07896 0.94895
1661398660.475146055 -0.87297 -1.16974 0.98655 0.02585 -0.30463 -0.07886 0.94885
1661398660.485146046 -0.87312 -1.16937 0.98674 0.02587 -0.30495 -0.07878 0.94875
1661398660.495146036 -0.87328 -1.16902 0.98694 0.02594 -0.30525 -0.07869 0.94866
1661398660.505146027 -0.87344 -1.16870 0.98714 0.02604 -0.30554 -0.07859 0.94857
1661398660.515146017 -0.87360 -1.16839 0.98735 0.02617 -0.30586 -0.07849 0.94848
1661398660.525146008 -0.87377 -1.16810 0.98757 0.02633 -0.30620 -0.07836 0.94837
1661398660.535145998 -0.87394 -1.16782 0.98779 0.02649 -0.30659 -0.07822 0.94825
1661398660.545145988 -0.87411 -1.16755 0.98802 0.02666 -0.30703 -0.07804 0.94812
1661398660.555145979 -0.87428 -1.16729 0.98826 0.02683 -0.30756 -0.07784 0.94796
1661398660.565145969 -0.87446 -1.16703 0.98851 0.02699 -0.30814 -0.07760 0.94779
1661398660.575146198 -0.87464 -1.16678 0.98876 0.02715 -0.30878 -0.07736 0.94759
1661398660.585145950 -0.87482 -1.16654 0.98901 0.02731 -0.30946 -0.07710 0.94739
1661398660.595146179 -0.87501 -1.16629 0.98928 0.02747 -0.31016 -0.07684 0.94718
1661398660.605145931 -0.87519 -1.16605 0.98954 0.02762 -0.31088 -0.07659 0.94695
1661398660.615146160 -0.87538 -1.16582 0.98982 0.02778 -0.31161 -0.07635 0.94673
1661398660.625145912 -0.87557 -1.16558 0.99009 0.02793 -0.31233 -0.07614 0.94651
1661398660.635146141 -0.87576 -1.16534 0.99038 0.02809 -0.31303 -0.07595 0.94629
1661398660.645145893 -0.87595 -1.16511 0.99066 0.02825 -0.31369 -0.07581 0.94607
1661398660.655146122 -0.87614 -1.16487 0.99095 0.02841 -0.31432 -0.07571 0.94587
1661398660.665145874 -0.87633 -1.16463 0.99125 0.02857 -0.31490 -0.07564 0.94567
1661398660.675146103 -0.87651 -1.16439 0.99154 0.02873 -0.31547 -0.07560 0.94548
1661398660.685145855 -0.87670 -1.16416 0.99184 0.02888 -0.31601 -0.07557 0.94530
1661398660.695146084 -0.87689 -1.16393 0.99213 0.02903 -0.31654 -0.07555 0.94512
1661398660.705146074 -0.87708 -1.16370 0.99242 0.02917 -0.31706 -0.07552 0.94494
1661398660.715146065 -0.87727 -1.16349 0.99270 0.02931 -0.31760 -0.07547 0.94476
1661398660.725146055 -0.87746 -1.16328 0.99298 0.02942 -0.31814 -0.07539 0.94458
1661398660.735146046 -0.87765 -1.16308 0.99324 0.02953 -0.31871 -0.07528 0.94440
1661398660.745146036 -0.87784 -1.16289 0.99350 0.02962 -0.31930 -0.07511 0.94421
1661398660.755146027 -0.87803 -1.16271 0.99375 0.02969 -0.31993 -0.07488 0.94401
1661398660.765146017 -0.87822 -1.16255 0.99398 0.02975 -0.32059 -0.07459 0.94381
1661398660.775146008 -0.87841 -1.16239 0.99421 0.02979 -0.32126 -0.07427 0.94361
1661398660.785145998 -0.87859 -1.16224 0.99442 0.02983 -0.32193 -0.07390 0.94340
1661398660.795145988 -0.87877 -1.16210 0.99462 0.02985 -0.32259 -0.07351 0.94321
1661398660.805145979 -0.87894 -1.16196 0.99482 0.02987 -0.32324 -0.07310 0.94302
1661398660.815145969 -0.87911 -1.16182 0.99500 0.02988 -0.32385 -0.07267 0.94284
1661398660.825145960 -0.87927 -1.16169 0.99518 0.02989 -0.32442 -0.07225 0.94268
1661398660.835146189 -0.87942 -1.16155 0.99535 0.02990 -0.32494 -0.07183 0.94253
1661398660.845145941 -0.87955 -1.16141 0.99551 0.02992 -0.32539 -0.07142 0.94240
1661398660.855146170 -0.87968 -1.16126 0.99567 0.02994 -0.32577 -0.07104 0.94230
1661398660.865145922 -0.87979 -1.16111 0.99582 0.02997 -0.32608 -0.07067 0.94222
1661398660.875146151 -0.87990 -1.16095 0.99597 0.03001 -0.32634 -0.07032 0.94215
1661398660.885145903 -0.87999 -1.16079 0.99611 0.03006 -0.32656 -0.06997 0.94210
1661398660.895146132 -0.88007 -1.16063 0.99625 0.03013 -0.32674 -0.06962 0.94206
1661398660.905145884 -0.88014 -1.16046 0.99638 0.03022 -0.32690 -0.06927 0.94203
1661398660.915146112 -0.88020 -1.16028 0.99652 0.03033 -0.32706 -0.06890 0.94200
1661398660.925145864 -0.88025 -1.16010 0.99665 0.03046 -0.32721 -0.06852 0.94197
1661398660.935146093 -0.88029 -1.15991 0.99679 0.03062 -0.32738 -0.06812 0.94194
1661398660.945145845 -0.88032 -1.15972 0.99693 0.03081 -0.32756 -0.06769 0.94190
1661398660.955146074 -0.88034 -1.15952 0.99707 0.03103 -0.32779 -0.06722 0.94185
1661398660.965146065 -0.88035 -1.15931 0.99721 0.03127 -0.32803 -0.06673 0.94179
1661398660.975146055 -0.88036 -1.15910 0.99735 0.03155 -0.32831 -0.06621 0.94172
1661398660.985146046 -0.88036 -1.15889 0.99750 0.03184 -0.32860 -0.06567 0.94165
1661398660.995146036 -0.88035 -1.15867 0.99764 0.03215 -0.32890 -0.06510 0.94157
1661398661.005146027 -0.88034 -1.15846 0.99779 0.03248 -0.32920 -0.06452 0.94149
1661398661.015146017 -0.88033 -1.15823 0.99793 0.03282 -0.32951 -0.06392 0.94141
1661398661.025146008 -0.88031 -1.15801 0.99808 0.03317 -0.32981 -0.06331 0.94134
1661398661.035145998 -0.88029 -1.15779 0.99822 0.03353 -0.33009 -0.06269 0.94127
1661398661.045145988 -0.88027 -1.15756 0.99836 0.03388 -0.33036 -0.06207 0.94120
1661398661.055145979 -0.88025 -1.15734 0.99850 0.03424 -0.33061 -0.06145 0.94114
1661398661.065145969 -0.88024 -1.15712 0.99864 0.03459 -0.33084 -0.06082 0.94109
1661398661.075146198 -0.88022 -1.15689 0.99878 0.03494 -0.33105 -0.06019 0.94104
1661398661.085145950 -0.88021 -1.15667 0.99891 0.03529 -0.33126 -0.05956 0.94100
1661398661.095146179 -0.88020 -1.15644 0.99905 0.03564 -0.33147 -0.05893 0.94095
1661398661.105145931 -0.88019 -1.15620 0.99919 0.03598 -0.33167 -0.05830 0.94090
1661398661.115146160 -0.88018 -1.15596 0.99933 0.03632 -0.33188 -0.05767 0.94086
1661398661.125145912 -0.88018 -1.15572 0.99948 0.03665 -0.33210 -0.05704 0.94080
1661398661.135146141 -0.88018 -1.15547 0.99963 0.03698 -0.33234 -0.05641 0.94074
1661398661.145145893 -0.88019 -1.15521 0.99978 0.03730 -0.33260 -0.05579 0.94068
1661398661.155146122 -0.88021 -1.15495 0.99994 0.03762 -0.33289 -0.05516 0.94060
1661398661.165145874 -0.88022 -1.15468 1.00010 0.03793 -0.33319 -0.05454 0.94051
1661398661.175146103 -0.88025 -1.15440 1.00026 0.03822 -0.33351 -0.05392 0.94043
1661398661.185145855 -0.88028 -1.15411 1.00043 0.03850 -0.33384 -0.05331 0.94033
1661398661.195146084 -0.88033 -1.15383 1.00060 0.03876 -0.33416 -0.05270 0.94024
1661398661.205146074 -0.88038 -1.15354 1.00076 0.03900 -0.33447 -0.05211 0.94016
1661398661.215146065 -0.88043 -1.15324 1.00093 0.03921 -0.33477 -0.05152 0.94007
1661398661.225146055 -0.88050 -1.15295 1.00109 0.03939 -0.33505 -0.05095 0.94000
1661398661.235146046 -0.88058 -1.15265 1.00124 0.03954 -0.33530 -0.05040 0.93993
1661398661.245146036 -0.88067 -1.15236 1.00140 0.03965 -0.33552 -0.04985 0.93988
1661398661.255146027 -0.88078 -1.15207 1.00154 0.03973 -0.33569 -0.04933 0.93984
1661398661.265146017 -0.88089 -1.15178 1.00169 0.03976 -0.33583 -0.04882 0.93982
1661398661.275146008 -0.88100 -1.15149 1.00183 0.03976 -0.33595 -0.04833 0.93980
1661398661.285145998 -0.88111 -1.15120 1.00197 0.03973 -0.33604 -0.04786 0.93979
1661398661.295145988 -0.88123 -1.15091 1.00211 0.03967 -0.33613 -0.04740 0.93979
1661398661.305145979 -0.88133 -1.15062 1.00227 0.03958 -0.33621 -0.04696 0.93978
1661398661.315145969 -0.88142 -1.15034 1.00243 0.03947 -0.33629 -0.04654 0.93978
1661398661.325145960 -0.88150 -1.15005 1.00260 0.03934 -0.33639 -0.04613 0.93977
1661398661.335146189 -0.88156 -1.14977 1.00278 0.03918 -0.33651 -0.04573 0.93975
1661398661.345145941 -0.88160 -1.14948 1.00298 0.03901 -0.33665 -0.04535 0.93973
1661398661.355146170 -0.88162 -1.14920 1.00320 0.03882 -0.33683 -0.04499 0.93969
1661398661.365145922 -0.88161 -1.14891 1.00343 0.03863 -0.33704 -0.04462 0.93964
1661398661.375146151 -0.88158 -1.14863 1.00368 0.03843 -0.33727 -0.04426 0.93958
1661398661.385145903 -0.88153 -1.14834 1.00395 0.03824 -0.33751 -0.04387 0.93952
1661398661.395146132 -0.88147 -1.14806 1.00423 0.03806 -0.33776 -0.04347 0.93946
1661398661.405145884 -0.88139 -1.14778 1.00451 0.03789 -0.33800 -0.04303 0.93940
1661398661.415146112 -0.88131 -1.14750 1.00481 0.03775 -0.33824 -0.04255 0.93934
1661398661.425145864 -0.88121 -1.14722 1.00512 0.03765 -0.33847 -0.04201 0.93928
1661398661.435146093 -0.88112 -1.14694 1.00544 0.03757 -0.33867 -0.04141 0.93924
1661398661.445145845 -0.88102 -1.14667 1.00576 0.03754 -0.33884 -0.04074 0.93921
1661398661.455146074 -0.88092 -1.14639 1.00608 0.03756 -0.33898 -0.03999 0.93919
1661398661.465146065 -0.88082 -1.14612 1.00641 0.03763 -0.33910 -0.03917 0.93918
1661398661.475146055 -0.88073 -1.14584 1.00675 0.03773 -0.33920 -0.03829 0.93918
1661398661.485146046 -0.88065 -1.14556 1.00709 0.03786 -0.33930 -0.03736 0.93917
1661398661.495146036 -0.88058 -1.14527 1.00743 0.03802 -0.33941 -0.03638 0.93917
1661398661.505146027 -0.88053 -1.14497 1.00778 0.03819 -0.33954 -0.03538 0.93915
1661398661.515146017 -0.88049 -1.14465 1.00813 0.03838 -0.33970 -0.03436 0.93912
1661398661.525146008 -0.88048 -1.14431 1.00849 0.03858 -0.33991 -0.03334 0.93908
1661398661.535145998 -0.88050 -1.14396 1.00885 0.03877 -0.34017 -0.03231 0.93901
1661398661.545145988 -0.88054 -1.14358 1.00922 0.03897 -0.34051 -0.03130 0.93891
1661398661.555145979 -0.88062 -1.14318 1.00958 0.03915 -0.34092 -0.03031 0.93879
1661398661.565145969 -0.88071 -1.14275 1.00995 0.03932 -0.34140 -0.02934 0.93864
1661398661.575146198 -0.88083 -1.14230 1.01032 0.03947 -0.34194 -0.02837 0.93846
1661398661.585145950 -0.88097 -1.14182 1.01068 0.03961 -0.34253 -0.02742 0.93827
1661398661.595146179 -0.88111 -1.14133 1.01104 0.03972 -0.34316 -0.02646 0.93806
1661398661.605145931 -0.88125 -1.14083 1.01139 0.03982 -0.34382 -0.02550 0.93784
1661398661.615146160 -0.88139 -1.14030 1.01172 0.03989 -0.34450 -0.02453 0.93762
1661398661.625145912 -0.88152 -1.13976 1.01204 0.03994 -0.34518 -0.02354 0.93739
1661398661.635146141 -0.88163 -1.13921 1.01234 0.03996 -0.34586 -0.02252 0.93716
1661398661.645145893 -0.88173 -1.13865 1.01261 0.03995 -0.34653 -0.02148 0.93694
1661398661.655146122 -0.88179 -1.13808 1.01287 0.03991 -0.34718 -0.02040 0.93673
1661398661.665145874 -0.88183 -1.13751 1.01310 0.03984 -0.34780 -0.01930 0.93652
1661398661.675146103 -0.88185 -1.13692 1.01332 0.03975 -0.34837 -0.01818 0.93634
1661398661.685145855 -0.88184 -1.13633 1.01352 0.03964 -0.34889 -0.01705 0.93617
1661398661.695146084 -0.88181 -1.13574 1.01371 0.03951 -0.34934 -0.01592 0.93603
1661398661.705146074 -0.88175 -1.13515 1.01389 0.03936 -0.34973 -0.01479 0.93591
1661398661.715146065 -0.88168 -1.13455 1.01406 0.03920 -0.35004 -0.01368 0.93581
1661398661.725146055 -0.88158 -1.13395 1.01423 0.03903 -0.35025 -0.01260 0.93576
1661398661.735146046 -0.88146 -1.13336 1.01439 0.03886 -0.35037 -0.01155 0.93573
1661398661.745146036 -0.88133 -1.13277 1.01456 0.03868 -0.35038 -0.01054 0.93575
1661398661.755146027 -0.88118 -1.13218 1.01474 0.03850 -0.35027 -0.00958 0.93581
1661398661.765146017 -0.88101 -1.13159 1.01492 0.03832 -0.35006 -0.00866 0.93590
1661398661.775146008 -0.88083 -1.13101 1.01510 0.03814 -0.34976 -0.00777 0.93603
1661398661.785145998 -0.88064 -1.13042 1.01529 0.03796 -0.34939 -0.00692 0.93618
1661398661.795145988 -0.88044 -1.12983 1.01548 0.03777 -0.34896 -0.00610 0.93636
1661398661.805145979 -0.88023 -1.12923 1.01568 0.03758 -0.34848 -0.00529 0.93655
1661398661.815145969 -0.88002 -1.12863 1.01588 0.03739 -0.34798 -0.00449 0.93674
1661398661.825145960 -0.87981 -1.12802 1.01609 0.03720 -0.34746 -0.00369 0.93695
1661398661.835146189 -0.87960 -1.12740 1.01630 0.03700 -0.34695 -0.00290 0.93715
1661398661.845145941 -0.87939 -1.12676 1.01651 0.03679 -0.34645 -0.00209 0.93734
1661398661.855146170 -0.87918 -1.12611 1.01673 0.03658 -0.34598 -0.00128 0.93753
1661398661.865145922 -0.87898 -1.12545 1.01696 0.03636 -0.34555 -0.00045 0.93770
1661398661.875146151 -0.87879 -1.12478 1.01719 0.03613 -0.34515 0.00039 0.93785
1661398661.885145903 -0.87861 -1.12409 1.01742 0.03589 -0.34480 0.00123 0.93799
1661398661.895146132 -0.87844 -1.12340 1.01767 0.03563 -0.34451 0.00208 0.93810
1661398661.905145884 -0.87829 -1.12270 1.01791 0.03537 -0.34426 0.00292 0.93820
1661398661.915146112 -0.87816 -1.12199 1.01817 0.03509 -0.34408 0.00376 0.93828
1661398661.925145864 -0.87806 -1.12127 1.01844 0.03479 -0.34396 0.00459 0.93833
1661398661.935146093 -0.87797 -1.12055 1.01871 0.03447 -0.34391 0.00542 0.93835
1661398661.945145845 -0.87791 -1.11983 1.01899 0.03414 -0.34394 0.00623 0.93835
1661398661.955146074 -0.87789 -1.11910 1.01929 0.03378 -0.34404 0.00702 0.93832
1661398661.965146065 -0.87789 -1.11838 1.01959 0.03341 -0.34422 0.00780 0.93826
1661398661.975146055 -0.87791 -1.11766 1.01990 0.03304 -0.34447 0.00858 0.93818
1661398661.985146046 -0.87797 -1.11694 1.02022 0.03267 -0.34479 0.00937 0.93806
1661398661.995146036 -0.87805 -1.11622 1.02055 0.03230 -0.34518 0.01016 0.93793
1661398662.005146027 -0.87816 -1.11551 1.02089 0.03196 -0.34563 0.01097 0.93776
1661398662.015146017 -0.87830 -1.11481 1.02124 0.03164 -0.34614 0.01181 0.93757
1661398662.025146008 -0.87846 -1.11413 1.02160 0.03136 -0.34671 0.01267 0.93736
1661398662.035145998 -0.87865 -1.11345 1.02196 0.03112 -0.34734 0.01357 0.93713
1661398662.045145988 -0.87886 -1.11279 1.02234 0.03092 -0.34801 0.01452 0.93687
1661398662.055145979 -0.87910 -1.11215 1.02272 0.03078 -0.34874 0.01552 0.93659
1661398662.065145969 -0.87936 -1.11152 1.02311 0.03070 -0.34950 0.01655 0.93629
1661398662.075146198 -0.87963 -1.11091 1.02350 0.03065 -0.35029 0.01763 0.93597
1661398662.085145950 -0.87992 -1.11031 1.02389 0.03065 -0.35110 0.01873 0.93565
1661398662.095146179 -0.88023 -1.10973 1.02428 0.03067 -0.35192 0.01984 0.93532
1661398662.105145931 -0.88054 -1.10916 1.02467 0.03073 -0.35274 0.02097 0.93498
1661398662.115146160 -0.88086 -1.10861 1.02506 0.03080 -0.35355 0.02210 0.93465
1661398662.125145912 -0.88118 -1.10807 1.02543 0.03088 -0.35435 0.02323 0.93432
1661398662.135146141 -0.88149 -1.10754 1.02580 0.03097 -0.35511 0.02434 0.93399
1661398662.145145893 -0.88181 -1.10702 1.02616 0.03105 -0.35583 0.02544 0.93369
1661398662.155146122 -0.88211 -1.10652 1.02650 0.03113 -0.35651 0.02650 0.93340
1661398662.165145874 -0.88241 -1.10603 1.02682 0.03121 -0.35714 0.02754 0.93312
1661398662.175146103 -0.88270 -1.10555 1.02714 0.03128 -0.35772 0.02855 0.93287
1661398662.185145855 -0.88298 -1.10508 1.02744 0.03134 -0.35825 0.02954 0.93263
1661398662.195146084 -0.88325 -1.10461 1.02772 0.03139 -0.35872 0.03050 0.93242
1661398662.205146074 -0.88351 -1.10416 1.02799 0.03144 -0.35914 0.03145 0.93222
1661398662.215146065 -0.88376 -1.10371 1.02824 0.03148 -0.35951 0.03237 0.93205
1661398662.225146055 -0.88401 -1.10327 1.02848 0.03152 -0.35983 0.03328 0.93189
1661398662.235146046 -0.88424 -1.10283 1.02870 0.03155 -0.36009 0.03417 0.93176
1661398662.245146036 -0.88446 -1.10240 1.02891 0.03158 -0.36029 0.03505 0.93164
1661398662.255146027 -0.88467 -1.10196 1.02910 0.03160 -0.36044 0.03591 0.93155
1661398662.265146017 -0.88487 -1.10154 1.02928 0.03162 -0.36054 0.03676 0.93148
1661398662.275146008 -0.88505 -1.10111 1.02944 0.03164 -0.36060 0.03760 0.93142
1661398662.285145998 -0.88522 -1.10069 1.02959 0.03167 -0.36063 0.03842 0.93138
1661398662.295145988 -0.88538 -1.10027 1.02973 0.03171 -0.36063 0.03924 0.93134
1661398662.305145979 -0.88552 -1.09985 1.02985 0.03176 -0.36062 0.04005 0.93131
1661398662.315145969 -0.88564 -1.09943 1.02997 0.03182 -0.36060 0.04084 0.93128
1661398662.325145960 -0.88574 -1.09902 1.03007 0.03191 -0.36058 0.04163 0.93125
1661398662.335146189 -0.88583 -1.09860 1.03016 0.03202 -0.36057 0.04240 0.93122
1661398662.345145941 -0.88589 -1.09819 1.03025 0.03216 -0.36058 0.04317 0.93117
1661398662.355146170 -0.88593 -1.09778 1.03032 0.03233 -0.36061 0.04393 0.93112
1661398662.365145922 -0.88595 -1.09737 1.03039 0.03252 -0.36066 0.04469 0.93106
1661398662.375146151 -0.88596 -1.09697 1.03045 0.03272 -0.36072 0.04543 0.93099
1661398662.385145903 -0.88594 -1.09657 1.03050 0.03294 -0.36079 0.04617 0.93092
1661398662.395146132 -0.88591 -1.09618 1.03055 0.03315 -0.36086 0.04689 0.93085
1661398662.405145884 -0.88587 -1.09580 1.03060 0.03336 -0.36093 0.04761 0.93078
1661398662.415146112 -0.88582 -1.09544 1.03064 0.03355 -0.36098 0.04831 0.93072
1661398662.425145864 -0.88576 -1.09509 1.03068 0.03372 -0.36101 0.04901 0.93066
1661398662.435146093 -0.88569 -1.09476 1.03072 0.03386 -0.36102 0.04969 0.93062
1661398662.445145845 -0.88561 -1.09445 1.03075 0.03396 -0.36099 0.05037 0.93059
1661398662.455146074 -0.88553 -1.09416 1.03079 0.03402 -0.36093 0.05103 0.93057
1661398662.465146065 -0.88545 -1.09389 1.03083 0.03405 -0.36084 0.05168 0.93057
1661398662.475146055 -0.88537 -1.09364 1.03087 0.03404 -0.36073 0.05233 0.93058
1661398662.485146046 -0.88528 -1.09340 1.03091 0.03401 -0.36059 0.05297 0.93060
1661398662.495146036 -0.88520 -1.09318 1.03096 0.03397 -0.36045 0.05360 0.93062
1661398662.505146027 -0.88512 -1.09298 1.03102 0.03393 -0.36030 0.05423 0.93064
1661398662.515146017 -0.88505 -1.09279 1.03108 0.03389 -0.36015 0.05486 0.93066
1661398662.525146008 -0.88498 -1.09261 1.03116 0.03386 -0.36001 0.05548 0.93068
1661398662.535145998 -0.88492 -1.09243 1.03125 0.03386 -0.35989 0.05611 0.93069
1661398662.545145988 -0.88486 -1.09227 1.03135 0.03389 -0.35979 0.05675 0.93069
1661398662.555145979 -0.88482 -1.09212 1.03146 0.03395 -0.35972 0.05738 0.93068
1661398662.565145969 -0.88479 -1.09197 1.03159 0.03405 -0.35968 0.05803 0.93065
1661398662.575146198 -0.88477 -1.09182 1.03174 0.03418 -0.35967 0.05867 0.93061
1661398662.585145950 -0.88476 -1.09168 1.03190 0.03435 -0.35969 0.05932 0.93055
1661398662.595146179 -0.88477 -1.09154 1.03207 0.03454 -0.35975 0.05997 0.93048
1661398662.605145931 -0.88479 -1.09141 1.03226 0.03476 -0.35984 0.06063 0.93039
1661398662.615146160 -0.88483 -1.09127 1.03246 0.03501 -0.35997 0.06128 0.93029
1661398662.625145912 -0.88488 -1.09113 1.03267 0.03528 -0.36013 0.06194 0.93017
1661398662.635146141 -0.88495 -1.09099 1.03289 0.03557 -0.36033 0.06260 0.93004
1661398662.645145893 -0.88503 -1.09085 1.03313 0.03589 -0.36058 0.06326 0.92989
1661398662.655146122 -0.88514 -1.09070 1.03338 0.03621 -0.36086 0.06391 0.92972
1661398662.665145874 -0.88526 -1.09055 1.03364 0.03656 -0.36117 0.06457 0.92954
1661398662.675146103 -0.88539 -1.09040 1.03390 0.03691 -0.36152 0.06523 0.92935
1661398662.685145855 -0.88552 -1.09025 1.03417 0.03728 -0.36190 0.06588 0.92914
1661398662.695146084 -0.88567 -1.09010 1.03444 0.03766 -0.36230 0.06653 0.92892
1661398662.705146074 -0.88581 -1.08996 1.03472 0.03805 -0.36272 0.06717 0.92870
1661398662.715146065 -0.88595 -1.08981 1.03498 0.03844 -0.36316 0.06782 0.92846
1661398662.725146055 -0.88609 -1.08968 1.03525 0.03883 -0.36360 0.06845 0.92822
1661398662.735146046 -0.88621 -1.08955 1.03550 0.03923 -0.36406 0.06909 0.92798
1661398662.745146036 -0.88633 -1.08943 1.03575 0.03963 -0.36451 0.06971 0.92774
1661398662.755146027 -0.88642 -1.08932 1.03598 0.04003 -0.36497 0.07033 0.92750
1661398662.765146017 -0.88651 -1.08921 1.03620 0.04042 -0.36542 0.07095 0.92726
1661398662.775146008 -0.88658 -1.08911 1.03641 0.04081 -0.36584 0.07157 0.92702
1661398662.785145998 -0.88664 -1.08901 1.03661 0.04120 -0.36623 0.07220 0.92680
1661398662.795145988 -0.88670 -1.08891 1.03681 0.04158 -0.36659 0.07284 0.92660
1661398662.805145979 -0.88676 -1.08880 1.03699 0.04195 -0.36689 0.07350 0.92641
1661398662.815145969 -0.88681 -1.08868 1.03718 0.04232 -0.36713 0.07418 0.92624
1661398662.825145960 -0.88687 -1.08854 1.03735 0.04268 -0.36730 0.07489 0.92610
1661398662.835146189 -0.88693 -1.08839 1.03753 0.04302 -0.36739 0.07563 0.92599
1661398662.845145941 -0.88699 -1.08821 1.03770 0.04336 -0.36738 0.07641 0.92591
1661398662.855146170 -0.88707 -1.08802 1.03787 0.04368 -0.36729 0.07722 0.92587
1661398662.865145922 -0.88716 -1.08779 1.03805 0.04399 -0.36710 0.07808 0.92585
1661398662.875146151 -0.88725 -1.08755 1.03822 0.04429 -0.36685 0.07896 0.92586
1661398662.885145903 -0.88736 -1.08728 1.03838 0.04457 -0.36656 0.07987 0.92589
1661398662.895146132 -0.88747 -1.08698 1.03855 0.04484 -0.36623 0.08080 0.92592
1661398662.905145884 -0.88759 -1.08666 1.03871 0.04509 -0.36590 0.08174 0.92596
1661398662.915146112 -0.88772 -1.08632 1.03886 0.04533 -0.36557 0.08270 0.92599
1661398662.925145864 -0.88786 -1.08596 1.03901 0.04554 -0.36526 0.08366 0.92602
1661398662.935146093 -0.88800 -1.08557 1.03915 0.04574 -0.36500 0.08462 0.92602
1661398662.945145845 -0.88816 -1.08516 1.03928 0.04592 -0.36480 0.08558 0.92601
1661398662.955146074 -0.88831 -1.08472 1.03941 0.04608 -0.36467 0.08652 0.92596
1661398662.965146065 -0.88848 -1.08427 1.03952 0.04622 -0.36461 0.08746 0.92589
1661398662.975146055 -0.88864 -1.08379 1.03964 0.04633 -0.36461 0.08838 0.92580
1661398662.985146046 -0.88881 -1.08329 1.03975 0.04641 -0.36465 0.08928 0.92569
1661398662.995146036 -0.88899 -1.08278 1.03986 0.04646 -0.36474 0.09016 0.92557
1661398663.005146027 -0.88916 -1.08224 1.03998 0.04648 -0.36485 0.09102 0.92544
1661398663.015146017 -0.88934 -1.08169 1.04009 0.04647 -0.36497 0.09185 0.92531
1661398663.025146008 -0.88952 -1.08112 1.04022 0.04642 -0.36510 0.09266 0.92518
1661398663.035145998 -0.88969 -1.08053 1.04035 0.04632 -0.36523 0.09344 0.92506
1661398663.045145988 -0.88987 -1.07993 1.04049 0.04619 -0.36534 0.09419 0.92494
1661398663.055145979 -0.89004 -1.07932 1.04065 0.04601 -0.36543 0.09491 0.92484
1661398663.065145969 -0.89021 -1.07869 1.04081 0.04579 -0.36550 0.09560 0.92476
1661398663.075146198 -0.89038 -1.07805 1.04098 0.04554 -0.36555 0.09628 0.92468
1661398663.085145950 -0.89056 -1.07739 1.04115 0.04526 -0.36560 0.09694 0.92460
1661398663.095146179 -0.89074 -1.07673 1.04133 0.04496 -0.36565 0.09760 0.92453
1661398663.105145931 -0.89092 -1.07606 1.04150 0.04465 -0.36570 0.09828 0.92445
1661398663.115146160 -0.89111 -1.07537 1.04167 0.04434 -0.36576 0.09896 0.92437
1661398663.125145912 -0.89131 -1.07468 1.04182 0.04402 -0.36583 0.09967 0.92428
1661398663.135146141 -0.89152 -1.07398 1.04197 0.04371 -0.36593 0.10041 0.92418
1661398663.145145893 -0.89174 -1.07327 1.04210 0.04342 -0.36606 0.10119 0.92406
1661398663.155146122 -0.89197 -1.07256 1.04222 0.04314 -0.36621 0.10201 0.92392
1661398663.165145874 -0.89221 -1.07184 1.04232 0.04288 -0.36639 0.10288 0.92376
1661398663.175146103 -0.89246 -1.07110 1.04240 0.04264 -0.36658 0.10377 0.92360
1661398663.185145855 -0.89272 -1.07036 1.04247 0.04240 -0.36678 0.10469 0.92342
1661398663.195146084 -0.89297 -1.06961 1.04252 0.04218 -0.36698 0.10563 0.92325
1661398663.205146074 -0.89322 -1.06884 1.04257 0.04195 -0.36716 0.10658 0.92308
1661398663.215146065 -0.89347 -1.06805 1.04260 0.04173 -0.36732 0.10753 0.92292
1661398663.225146055 -0.89371 -1.06725 1.04263 0.04150 -0.36744 0.10848 0.92277
1661398663.235146046 -0.89394 -1.06643 1.04264 0.04127 -0.36752 0.10942 0.92263
1661398663.245146036 -0.89415 -1.06559 1.04265 0.04102 -0.36755 0.11033 0.92252
1661398663.255146027 -0.89434 -1.06472 1.04265 0.04076 -0.36753 0.11122 0.92244
1661398663.265146017 -0.89452 -1.06384 1.04265 0.04050 -0.36745 0.11209 0.92238
1661398663.275146008 -0.89469 -1.06294 1.04264 0.04022 -0.36732 0.11293 0.92234
1661398663.285145998 -0.89484 -1.06203 1.04262 0.03994 -0.36715 0.11376 0.92232
1661398663.295145988 -0.89499 -1.06111 1.04260 0.03965 -0.36694 0.11458 0.92231
1661398663.305145979 -0.89512 -1.06019 1.04256 0.03936 -0.36671 0.11538 0.92231
1661398663.315145969 -0.89526 -1.05926 1.04253 0.03907 -0.36645 0.11617 0.92233
1661398663.325145960 -0.89540 -1.05834 1.04248 0.03879 -0.36618 0.11696 0.92235
1661398663.335146189 -0.89553 -1.05741 1.04243 0.03851 -0.36591 0.11775 0.92237
1661398663.345145941 -0.89567 -1.05650 1.04237 0.03823 -0.36563 0.11853 0.92239
1661398663.355146170 -0.89582 -1.05559 1.04231 0.03797 -0.36535 0.11932 0.92241
1661398663.365145922 -0.89597 -1.05470 1.04223 0.03772 -0.36508 0.12012 0.92242
1661398663.375146151 -0.89612 -1.05381 1.04216 0.03748 -0.36482 0.12091 0.92243
1661398663.385145903 -0.89628 -1.05293 1.04207 0.03726 -0.36458 0.12171 0.92243
1661398663.395146132 -0.89644 -1.05205 1.04199 0.03705 -0.36435 0.12252 0.92242
1661398663.405145884 -0.89660 -1.05117 1.04190 0.03687 -0.36415 0.12332 0.92240
1661398663.415146112 -0.89676 -1.05030 1.04181 0.03670 -0.36396 0.12413 0.92237
1661398663.425145864 -0.89692 -1.04943 1.04172 0.03655 -0.36381 0.12495 0.92233
1661398663.435146093 -0.89708 -1.04855 1.04162 0.03643 -0.36368 0.12576 0.92228
1661398663.445145845 -0.89724 -1.04767 1.04153 0.03633 -0.36359 0.12658 0.92220
1661398663.455146074 -0.89740 -1.04679 1.04144 0.03626 -0.36353 0.12740 0.92212
1661398663.465146065 -0.89755 -1.04590 1.04135 0.03621 -0.36350 0.12822 0.92202
1661398663.475146055 -0.89771 -1.04501 1.04126 0.03618 -0.36350 0.12904 0.92191
1661398663.485146046 -0.89786 -1.04411 1.04117 0.03616 -0.36350 0.12986 0.92179
1661398663.495146036 -0.89801 -1.04320 1.04108 0.03614 -0.36352 0.13068 0.92167
1661398663.505146027 -0.89817 -1.04228 1.04099 0.03613 -0.36354 0.13150 0.92154
1661398663.515146017 -0.89832 -1.04134 1.04089 0.03612 -0.36355 0.13231 0.92142
1661398663.525146008 -0.89848 -1.04040 1.04080 0.03610 -0.36356 0.13311 0.92131
1661398663.535145998 -0.89864 -1.03944 1.04070 0.03607 -0.36354 0.13391 0.92120
1661398663.545145988 -0.89881 -1.03846 1.04059 0.03602 -0.36350 0.13471 0.92110
1661398663.555145979 -0.89898 -1.03747 1.04049 0.03595 -0.36342 0.13549 0.92102
1661398663.565145969 -0.89915 -1.03647 1.04038 0.03586 -0.36332 0.13627 0.92095
1661398663.575146198 -0.89933 -1.03545 1.04027 0.03576 -0.36320 0.13704 0.92088
1661398663.585145950 -0.89950 -1.03442 1.04016 0.03564 -0.36306 0.13781 0.92083
1661398663.595146179 -0.89968 -1.03339 1.04004 0.03551 -0.36290 0.13857 0.92078
1661398663.605145931 -0.89986 -1.03234 1.03993 0.03537 -0.36274 0.13934 0.92074
1661398663.615146160 -0.90004 -1.03129 1.03982 0.03523 -0.36258 0.14010 0.92069
1661398663.625145912 -0.90021 -1.03024 1.03971 0.03509 -0.36242 0.14086 0.92064
1661398663.635146141 -0.90038 -1.02919 1.03960 0.03495 -0.36227 0.14163 0.92059
1661398663.645145893 -0.90055 -1.02813 1.03949 0.03481 -0.36213 0.14240 0.92053
1661398663.655146122 -0.90071 -1.02708 1.03939 0.03469 -0.36201 0.14317 0.92046
1661398663.665145874 -0.90086 -1.02603 1.03929 0.03457 -0.36190 0.14395 0.92039
1661398663.675146103 -0.90102 -1.02498 1.03920 0.03446 -0.36180 0.14474 0.92031
1661398663.685145855 -0.90117 -1.02394 1.03911 0.03437 -0.36170 0.14553 0.92022
1661398663.695146084 -0.90132 -1.02290 1.03904 0.03430 -0.36160 0.14632 0.92014
1661398663.705146074 -0.90147 -1.02187 1.03898 0.03425 -0.36149 0.14712 0.92006
1661398663.715146065 -0.90162 -1.02084 1.03893 0.03423 -0.36137 0.14792 0.91998
1661398663.725146055 -0.90177 -1.01982 1.03890 0.03424 -0.36122 0.14873 0.91991
1661398663.735146046 -0.90193 -1.01880 1.03888 0.03428 -0.36105 0.14954 0.91984
1661398663.745146036 -0.90209 -1.01779 1.03888 0.03435 -0.36085 0.15035 0.91978
1661398663.755146027 -0.90226 -1.01678 1.03890 0.03446 -0.36061 0.15117 0.91974
1661398663.765146017 -0.90244 -1.01578 1.03895 0.03460 -0.36035 0.15200 0.91970
1661398663.775146008 -0.90263 -1.01479 1.03900 0.03476 -0.36008 0.15282 0.91966
1661398663.785145998 -0.90282 -1.01379 1.03908 0.03495 -0.35981 0.15365 0.91962
1661398663.795145988 -0.90303 -1.01280 1.03917 0.03516 -0.35955 0.15449 0.91958
1661398663.805145979 -0.90325 -1.01182 1.03927 0.03538 -0.35931 0.15533 0.91952
1661398663.815145969 -0.90348 -1.01083 1.03939 0.03561 -0.35911 0.15617 0.91945
1661398663.825145960 -0.90373 -1.00984 1.03952 0.03583 -0.35896 0.15702 0.91935
1661398663.835146189 -0.90399 -1.00885 1.03966 0.03606 -0.35888 0.15787 0.91923
1661398663.845145941 -0.90427 -1.00785 1.03981 0.03628 -0.35886 0.15873 0.91908
1661398663.855146170 -0.90457 -1.00685 1.03997 0.03648 -0.35893 0.15959 0.91889
1661398663.865145922 -0.90488 -1.00585 1.04014 0.03667 -0.35908 0.16046 0.91868
1661398663.875146151 -0.90521 -1.00484 1.04031 0.03685 -0.35928 0.16132 0.91844
1661398663.885145903 -0.90555 -1.00383 1.04049 0.03701 -0.35954 0.16219 0.91818
1661398663.895146132 -0.90590 -1.00281 1.04068 0.03716 -0.35984 0.16305 0.91790
1661398663.905145884 -0.90627 -1.00179 1.04086 0.03730 -0.36017 0.16390 0.91762
1661398663.915146112 -0.90664 -1.00076 1.04105 0.03742 -0.36052 0.16475 0.91732
1661398663.925145864 -0.90701 -0.99973 1.04124 0.03753 -0.36088 0.16559 0.91703
1661398663.935146093 -0.90740 -0.99869 1.04144 0.03762 -0.36123 0.16642 0.91674
1661398663.945145845 -0.90778 -0.99765 1.04163 0.03771 -0.36156 0.16723 0.91645
1661398663.955146074 -0.90817 -0.99661 1.04182 0.03778 -0.36187 0.16803 0.91618
1661398663.965146065 -0.90856 -0.99556 1.04201 0.03784 -0.36216 0.16882 0.91592
1661398663.975146055 -0.90894 -0.99450 1.04220 0.03789 -0.36242 0.16959 0.91567
1661398663.985146046 -0.90933 -0.99344 1.04239 0.03794 -0.36267 0.17036 0.91543
1661398663.995146036 -0.90972 -0.99237 1.04259 0.03798 -0.36291 0.17113 0.91519
1661398664.005146027 -0.91010 -0.99130 1.04279 0.03803 -0.36314 0.17189 0.91495
1661398664.015146017 -0.91049 -0.99022 1.04299 0.03809 -0.36336 0.17266 0.91472
1661398664.025146008 -0.91087 -0.98913 1.04320 0.03815 -0.36358 0.17343 0.91448
1661398664.035145998 -0.91124 -0.98803 1.04342 0.03823 -0.36380 0.17420 0.91424
1661398664.045145988 -0.91161 -0.98693 1.04365 0.03832 -0.36402 0.17499 0.91400
1661398664.055145979 -0.91198 -0.98581 1.04388 0.03843 -0.36426 0.17578 0.91375
1661398664.065145969 -0.91234 -0.98469 1.04413 0.03856 -0.36450 0.17659 0.91350
1661398664.075146198 -0.91270 -0.98356 1.04437 0.03871 -0.36474 0.17740 0.91323
1661398664.085145950 -0.91306 -0.98242 1.04463 0.03889 -0.36499 0.17822 0.91297
1661398664.095146179 -0.91343 -0.98128 1.04488 0.03910 -0.36524 0.17906 0.91269
1661398664.105145931 -0.91379 -0.98013 1.04514 0.03934 -0.36549 0.17990 0.91242
1661398664.115146160 -0.91416 -0.97898 1.04539 0.03962 -0.36575 0.18074 0.91214
1661398664.125145912 -0.91453 -0.97783 1.04564 0.03993 -0.36600 0.18159 0.91185
1661398664.135146141 -0.91491 -0.97667 1.04589 0.04029 -0.36625 0.18245 0.91156
1661398664.145145893 -0.91530 -0.97551 1.04612 0.04069 -0.36650 0.18331 0.91127
1661398664.155146122 -0.91570 -0.97434 1.04635 0.04113 -0.36675 0.18417 0.91098
1661398664.165145874 -0.91611 -0.97318 1.04657 0.04161 -0.36699 0.18503 0.91069
1661398664.175146103 -0.91651 -0.97201 1.04677 0.04213 -0.36721 0.18589 0.91040
1661398664.185145855 -0.91692 -0.97083 1.04697 0.04267 -0.36743 0.18675 0.91011
1661398664.195146084 -0.91733 -0.96964 1.04714 0.04323 -0.36762 0.18761 0.90983
1661398664.205146074 -0.91773 -0.96845 1.04731 0.04380 -0.36780 0.18847 0.90955
1661398664.215146065 -0.91813 -0.96724 1.04745 0.04437 -0.36796 0.18932 0.90928
1661398664.225146055 -0.91851 -0.96602 1.04758 0.04494 -0.36808 0.19016 0.90903
1661398664.235146046 -0.91888 -0.96478 1.04769 0.04551 -0.36818 0.19100 0.90878
1661398664.245146036 -0.91923 -0.96352 1.04777 0.04606 -0.36825 0.19183 0.90856
1661398664.255146027 -0.91956 -0.96225 1.04784 0.04658 -0.36828 0.19264 0.90834
1661398664.265146017 -0.91987 -0.96096 1.04788 0.04709 -0.36828 0.19345 0.90814
1661398664.275146008 -0.92016 -0.95964 1.04791 0.04757 -0.36826 0.19425 0.90796
1661398664.285145998 -0.92043 -0.95831 1.04793 0.04804 -0.36821 0.19504 0.90779
1661398664.295145988 -0.92068 -0.95696 1.04793 0.04849 -0.36814 0.19582 0.90762
1661398664.305145979 -0.92091 -0.95559 1.04791 0.04892 -0.36806 0.19659 0.90746
1661398664.315145969 -0.92112 -0.95420 1.04790 0.04934 -0.36797 0.19735 0.90731
1661398664.325145960 -0.92132 -0.95279 1.04787 0.04974 -0.36787 0.19810 0.90717
1661398664.335146189 -0.92149 -0.95136 1.04784 0.05013 -0.36777 0.19885 0.90702
1661398664.345145941 -0.92165 -0.94991 1.04781 0.05051 -0.36767 0.19958 0.90688
1661398664.355146170 -0.92178 -0.94844 1.04778 0.05089 -0.36758 0.20031 0.90674
1661398664.365145922 -0.92191 -0.94695 1.04775 0.05125 -0.36749 0.20103 0.90659
1661398664.375146151 -0.92201 -0.94545 1.04772 0.05161 -0.36741 0.20175 0.90645
1661398664.385145903 -0.92210 -0.94392 1.04768 0.05197 -0.36732 0.20246 0.90631
1661398664.395146132 -0.92219 -0.94239 1.04765 0.05234 -0.36722 0.20316 0.90617
1661398664.405145884 -0.92226 -0.94084 1.04762 0.05270 -0.36711 0.20386 0.90603
1661398664.415146112 -0.92232 -0.93928 1.04758 0.05307 -0.36699 0.20456 0.90590
1661398664.425145864 -0.92238 -0.93771 1.04754 0.05345 -0.36686 0.20526 0.90577
1661398664.435146093 -0.92243 -0.93614 1.04750 0.05384 -0.36670 0.20595 0.90566
1661398664.445145845 -0.92248 -0.93455 1.04746 0.05425 -0.36653 0.20665 0.90554
1661398664.455146074 -0.92253 -0.93296 1.04741 0.05467 -0.36633 0.20735 0.90544
1661398664.465146065 -0.92258 -0.93136 1.04736 0.05511 -0.36610 0.20805 0.90534
1661398664.475146055 -0.92263 -0.92976 1.04730 0.05557 -0.36586 0.20874 0.90525
1661398664.485146046 -0.92268 -0.92814 1.04724 0.05604 -0.36561 0.20944 0.90516
1661398664.495146036 -0.92274 -0.92651 1.04718 0.05653 -0.36535 0.21014 0.90508
1661398664.505146027 -0.92279 -0.92486 1.04711 0.05702 -0.36508 0.21084 0.90499
1661398664.515146017 -0.92285 -0.92319 1.04704 0.05754 -0.36482 0.21154 0.90490
1661398664.525146008 -0.92292 -0.92151 1.04696 0.05806 -0.36455 0.21224 0.90481
1661398664.535145998 -0.92298 -0.91980 1.04688 0.05860 -0.36430 0.21294 0.90472
1661398664.545145988 -0.92306 -0.91807 1.04680 0.05915 -0.36406 0.21364 0.90461
1661398664.555145979 -0.92314 -0.91631 1.04671 0.05971 -0.36383 0.21433 0.90450
1661398664.565145969 -0.92322 -0.91452 1.04662 0.06027 -0.36361 0.21503 0.90439
1661398664.575146198 -0.92332 -0.91271 1.04652 0.06084 -0.36340 0.21573 0.90426
1661398664.585145950 -0.92341 -0.91086 1.04642 0.06142 -0.36320 0.21643 0.90414
1661398664.595146179 -0.92351 -0.90898 1.04632 0.06199 -0.36299 0.21713 0.90402
1661398664.605145931 -0.92361 -0.90707 1.04622 0.06256 -0.36276 0.21783 0.90390
1661398664.615146160 -0.92371 -0.90513 1.04611 0.06312 -0.36253 0.21853 0.90379
1661398664.625145912 -0.92382 -0.90315 1.04601 0.06368 -0.36228 0.21923 0.90368
1661398664.635146141 -0.92392 -0.90113 1.04590 0.06422 -0.36200 0.21994 0.90358
1661398664.645145893 -0.92402 -0.89907 1.04580 0.06475 -0.36170 0.22065 0.90349
1661398664.655146122 -0.92412 -0.89697 1.04569 0.06526 -0.36136 0.22135 0.90342
1661398664.665145874 -0.92422 -0.89484 1.04559 0.06575 -0.36099 0.22206 0.90336
1661398664.675146103 -0.92432 -0.89267 1.04548 0.06622 -0.36060 0.22277 0.90330
1661398664.685145855 -0.92443 -0.89046 1.04537 0.06666 -0.36019 0.22348 0.90326
1661398664.695146084 -0.92453 -0.88822 1.04525 0.06709 -0.35977 0.22419 0.90322
1661398664.705146074 -0.92464 -0.88595 1.04513 0.06748 -0.35935 0.22490 0.90318
1661398664.715146065 -0.92475 -0.88365 1.04500 0.06786 -0.35892 0.22561 0.90315
1661398664.725146055 -0.92487 -0.88133 1.04487 0.06820 -0.35849 0.22631 0.90311
1661398664.735146046 -0.92499 -0.87898 1.04473 0.06851 -0.35808 0.22702 0.90308
1661398664.745146036 -0.92513 -0.87660 1.04458 0.06880 -0.35768 0.22772 0.90304
1661398664.755146027 -0.92527 -0.87420 1.04441 0.06905 -0.35730 0.22841 0.90299
1661398664.765146017 -0.92541 -0.87179 1.04424 0.06928 -0.35694 0.22911 0.90294
1661398664.775146008 -0.92557 -0.86936 1.04407 0.06951 -0.35659 0.22980 0.90289
1661398664.785145998 -0.92573 -0.86692 1.04389 0.06974 -0.35624 0.23050 0.90283
1661398664.795145988 -0.92590 -0.86448 1.04372 0.07000 -0.35591 0.23120 0.90276
1661398664.805145979 -0.92608 -0.86204 1.04356 0.07028 -0.35558 0.23191 0.90268
1661398664.815145969 -0.92626 -0.85960 1.04340 0.07061 -0.35525 0.23263 0.90260
1661398664.825145960 -0.92644 -0.85718 1.04326 0.07100 -0.35491 0.23336 0.90252
1661398664.835146189 -0.92663 -0.85476 1.04313 0.07146 -0.35457 0.23411 0.90242
1661398664.845145941 -0.92683 -0.85236 1.04303 0.07200 -0.35421 0.23486 0.90232
1661398664.855146170 -0.92702 -0.84998 1.04294 0.07263 -0.35384 0.23564 0.90222
1661398664.865145922 -0.92722 -0.84762 1.04288 0.07335 -0.35346 0.23643 0.90210
1661398664.875146151 -0.92743 -0.84528 1.04284 0.07414 -0.35308 0.23724 0.90197
1661398664.885145903 -0.92763 -0.84295 1.04282 0.07499 -0.35269 0.23806 0.90184
1661398664.895146132 -0.92784 -0.84064 1.04282 0.07589 -0.35232 0.23889 0.90169
1661398664.905145884 -0.92805 -0.83833 1.04284 0.07682 -0.35195 0.23973 0.90153
1661398664.915146112 -0.92826 -0.83603 1.04287 0.07778 -0.35160 0.24058 0.90136
1661398664.925145864 -0.92847 -0.83373 1.04292 0.07874 -0.35126 0.24145 0.90118
1661398664.935146093 -0.92868 -0.83144 1.04298 0.07971 -0.35096 0.24231 0.90098
1661398664.945145845 -0.92890 -0.82914 1.04306 0.08066 -0.35069 0.24319 0.90076
1661398664.955146074 -0.92911 -0.82684 1.04314 0.08159 -0.35045 0.24406 0.90053
1661398664.965146065 -0.92932 -0.82454 1.04324 0.08248 -0.35024 0.24494 0.90030
1661398664.975146055 -0.92953 -0.82223 1.04335 0.08332 -0.35005 0.24583 0.90005
1661398664.985146046 -0.92974 -0.81992 1.04347 0.08410 -0.34987 0.24671 0.89981
1661398664.995146036 -0.92994 -0.81760 1.04359 0.08481 -0.34970 0.24760 0.89956
1661398665.005146027 -0.93013 -0.81527 1.04371 0.08543 -0.34953 0.24848 0.89933
1661398665.015146017 -0.93032 -0.81294 1.04384 0.08595 -0.34934 0.24937 0.89910
1661398665.025146008 -0.93049 -0.81060 1.04397 0.08637 -0.34914 0.25025 0.89890
1661398665.035145998 -0.93065 -0.80825 1.04411 0.08665 -0.34891 0.25113 0.89871
1661398665.045145988 -0.93079 -0.80589 1.04424 0.08681 -0.34865 0.25201 0.89856
1661398665.055145979 -0.93092 -0.80352 1.04437 0.08683 -0.34835 0.25288 0.89843
1661398665.065145969 -0.93104 -0.80114 1.04450 0.08672 -0.34802 0.25375 0.89832
1661398665.075146198 -0.93114 -0.79875 1.04464 0.08653 -0.34768 0.25462 0.89822
1661398665.085145950 -0.93124 -0.79635 1.04479 0.08628 -0.34735 0.25549 0.89813
1661398665.095146179 -0.93132 -0.79396 1.04496 0.08599 -0.34704 0.25637 0.89802
1661398665.105145931 -0.93140 -0.79155 1.04515 0.08570 -0.34677 0.25726 0.89790
1661398665.115146160 -0.93148 -0.78915 1.04537 0.08543 -0.34654 0.25816 0.89775
1661398665.125145912 -0.93155 -0.78674 1.04562 0.08521 -0.34639 0.25908 0.89757
1661398665.135146141 -0.93162 -0.78433 1.04590 0.08507 -0.34632 0.26002 0.89734
1661398665.145145893 -0.93169 -0.78192 1.04623 0.08505 -0.34634 0.26097 0.89705
1661398665.155146122 -0.93176 -0.77952 1.04661 0.08515 -0.34648 0.26196 0.89671
1661398665.165145874 -0.93184 -0.77712 1.04703 0.08538 -0.34671 0.26296 0.89630
1661398665.175146103 -0.93192 -0.77472 1.04749 0.08573 -0.34703 0.26399 0.89584
1661398665.185145855 -0.93201 -0.77232 1.04800 0.08618 -0.34742 0.26504 0.89533
1661398665.195146084 -0.93209 -0.76992 1.04854 0.08674 -0.34786 0.26612 0.89479
1661398665.205146074 -0.93219 -0.76753 1.04913 0.08738 -0.34835 0.26722 0.89421
1661398665.215146065 -0.93228 -0.76513 1.04975 0.08810 -0.34886 0.26834 0.89361
1661398665.225146055 -0.93238 -0.76274 1.05040 0.08889 -0.34937 0.26948 0.89298
1661398665.235146046 -0.93248 -0.76034 1.05110 0.08974 -0.34989 0.27064 0.89234
1661398665.245146036 -0.93259 -0.75794 1.05182 0.09064 -0.35038 0.27183 0.89170
1661398665.255146027 -0.93270 -0.75555 1.05257 0.09157 -0.35084 0.27303 0.89105
1661398665.265146017 -0.93282 -0.75315 1.05335 0.09255 -0.35127 0.27426 0.89041
1661398665.275146008 -0.93293 -0.75074 1.05415 0.09355 -0.35167 0.27549 0.88976
1661398665.285145998 -0.93304 -0.74833 1.05497 0.09457 -0.35204 0.27674 0.88912
1661398665.295145988 -0.93314 -0.74591 1.05581 0.09562 -0.35238 0.27799 0.88849
1661398665.305145979 -0.93323 -0.74348 1.05666 0.09667 -0.35270 0.27923 0.88785
1661398665.315145969 -0.93331 -0.74104 1.05751 0.09774 -0.35300 0.28048 0.88722
1661398665.325145960 -0.93338 -0.73858 1.05837 0.09881 -0.35328 0.28172 0.88660
1661398665.335146189 -0.93343 -0.73611 1.05923 0.09987 -0.35354 0.28294 0.88599
1661398665.345145941 -0.93346 -0.73362 1.06008 0.10093 -0.35379 0.28415 0.88538
1661398665.355146170 -0.93347 -0.73111 1.06093 0.10198 -0.35402 0.28534 0.88479
1661398665.365145922 -0.93345 -0.72857 1.06176 0.10302 -0.35425 0.28650 0.88420
1661398665.375146151 -0.93342 -0.72601 1.06259 0.10404 -0.35446 0.28764 0.88363
1661398665.385145903 -0.93338 -0.72343 1.06340 0.10504 -0.35466 0.28876 0.88306
1661398665.395146132 -0.93332 -0.72082 1.06420 0.10603 -0.35486 0.28985 0.88251
1661398665.405145884 -0.93325 -0.71819 1.06499 0.10700 -0.35504 0.29090 0.88197
1661398665.415146112 -0.93317 -0.71552 1.06576 0.10795 -0.35523 0.29193 0.88144
1661398665.425145864 -0.93308 -0.71283 1.06652 0.10889 -0.35541 0.29292 0.88092
1661398665.435146093 -0.93299 -0.71011 1.06725 0.10980 -0.35559 0.29387 0.88042
1661398665.445145845 -0.93290 -0.70735 1.06797 0.11070 -0.35576 0.29479 0.87993
1661398665.455146074 -0.93281 -0.70456 1.06867 0.11157 -0.35594 0.29567 0.87945
1661398665.465146065 -0.93271 -0.70174 1.06935 0.11242 -0.35611 0.29652 0.87899
1661398665.475146055 -0.93262 -0.69889 1.07000 0.11324 -0.35629 0.29735 0.87853
1661398665.485146046 -0.93251 -0.69600 1.07064 0.11403 -0.35647 0.29817 0.87808
1661398665.495146036 -0.93240 -0.69307 1.07125 0.11479 -0.35664 0.29899 0.87763
1661398665.505146027 -0.93228 -0.69011 1.07184 0.11551 -0.35682 0.29982 0.87718
1661398665.515146017 -0.93215 -0.68712 1.07241 0.11619 -0.35700 0.30068 0.87672
1661398665.525146008 -0.93200 -0.68409 1.07296 0.11683 -0.35718 0.30156 0.87626
1661398665.535145998 -0.93183 -0.68103 1.07348 0.11743 -0.35735 0.30249 0.87579
1661398665.545145988 -0.93165 -0.67793 1.07397 0.11798 -0.35753 0.30347 0.87531
1661398665.555145979 -0.93144 -0.67479 1.07444 0.11848 -0.35771 0.30450 0.87481
1661398665.565145969 -0.93121 -0.67162 1.07489 0.11893 -0.35788 0.30559 0.87430
1661398665.575146198 -0.93097 -0.66841 1.07532 0.11933 -0.35803 0.30671 0.87379
1661398665.585145950 -0.93070 -0.66517 1.07573 0.11967 -0.35817 0.30786 0.87328
1661398665.595146179 -0.93041 -0.66189 1.07613 0.11996 -0.35829 0.30903 0.87278
1661398665.605145931 -0.93011 -0.65857 1.07651 0.12019 -0.35838 0.31020 0.87229
1661398665.615146160 -0.92979 -0.65521 1.07688 0.12036 -0.35843 0.31136 0.87184
1661398665.625145912 -0.92946 -0.65182 1.07724 0.12047 -0.35844 0.31250 0.87141
1661398665.635146141 -0.92910 -0.64838 1.07760 0.12052 -0.35840 0.31362 0.87101
1661398665.645145893 -0.92874 -0.64491 1.07795 0.12050 -0.35832 0.31469 0.87067
1661398665.655146122 -0.92836 -0.64140 1.07830 0.12043 -0.35817 0.31572 0.87036
1661398665.665145874 -0.92796 -0.63786 1.07864 0.12029 -0.35797 0.31670 0.87011
1661398665.675146103 -0.92756 -0.63429 1.07899 0.12011 -0.35772 0.31764 0.86989
1661398665.685145855 -0.92716 -0.63070 1.07933 0.11990 -0.35743 0.31857 0.86971
1661398665.695146084 -0.92675 -0.62709 1.07966 0.11966 -0.35709 0.31947 0.86954
1661398665.705146074 -0.92634 -0.62348 1.07999 0.11940 -0.35671 0.32037 0.86940
1661398665.715146065 -0.92594 -0.61988 1.08031 0.11913 -0.35630 0.32127 0.86928
1661398665.725146055 -0.92554 -0.61628 1.08063 0.11887 -0.35586 0.32219 0.86916
1661398665.735146046 -0.92515 -0.61269 1.08094 0.11862 -0.35538 0.32312 0.86904
1661398665.745146036 -0.92478 -0.60912 1.08124 0.11840 -0.35489 0.32409 0.86891
1661398665.755146027 -0.92442 -0.60558 1.08153 0.11820 -0.35438 0.32509 0.86877
1661398665.765146017 -0.92407 -0.60207 1.08181 0.11803 -0.35386 0.32612 0.86862
1661398665.775146008 -0.92375 -0.59860 1.08208 0.11790 -0.35334 0.32716 0.86845
1661398665.785145998 -0.92345 -0.59517 1.08235 0.11781 -0.35285 0.32821 0.86827
1661398665.795145988 -0.92317 -0.59179 1.08262 0.11775 -0.35239 0.32925 0.86807
1661398665.805145979 -0.92292 -0.58846 1.08288 0.11773 -0.35197 0.33027 0.86786
1661398665.815145969 -0.92270 -0.58518 1.08313 0.11775 -0.35161 0.33126 0.86762
1661398665.825145960 -0.92250 -0.58197 1.08339 0.11781 -0.35133 0.33221 0.86737
1661398665.835146189 -0.92234 -0.57883 1.08364 0.11792 -0.35112 0.33310 0.86710
1661398665.845145941 -0.92221 -0.57575 1.08389 0.11806 -0.35102 0.33392 0.86680
1661398665.855146170 -0.92211 -0.57275 1.08415 0.11825 -0.35102 0.33467 0.86649
1661398665.865145922 -0.92205 -0.56983 1.08440 0.11848 -0.35112 0.33535 0.86615
1661398665.875146151 -0.92203 -0.56697 1.08464 0.11874 -0.35131 0.33598 0.86579
1661398665.885145903 -0.92204 -0.56417 1.08488 0.11902 -0.35157 0.33656 0.86542
1661398665.895146132 -0.92209 -0.56144 1.08510 0.11933 -0.35189 0.33712 0.86503
1661398665.905145884 -0.92218 -0.55875 1.08530 0.11965 -0.35227 0.33764 0.86463
1661398665.915146112 -0.92230 -0.55612 1.08548 0.11998 -0.35268 0.33816 0.86421
1661398665.925145864 -0.92246 -0.55354 1.08564 0.12031 -0.35312 0.33869 0.86379
1661398665.935146093 -0.92266 -0.55099 1.08577 0.12064 -0.35357 0.33922 0.86335
1661398665.945145845 -0.92290 -0.54849 1.08586 0.12095 -0.35402 0.33978 0.86289
1661398665.955146074 -0.92317 -0.54601 1.08592 0.12125 -0.35447 0.34037 0.86244
1661398665.965146065 -0.92348 -0.54357 1.08595 0.12153 -0.35490 0.34100 0.86197
1661398665.975146055 -0.92382 -0.54116 1.08594 0.12178 -0.35533 0.34164 0.86151
1661398665.985146046 -0.92420 -0.53877 1.08591 0.12201 -0.35574 0.34230 0.86104
1661398665.995146036 -0.92462 -0.53641 1.08586 0.12220 -0.35614 0.34297 0.86059
1661398666.005146027 -0.92507 -0.53408 1.08578 0.12235 -0.35652 0.34364 0.86014
1661398666.015146017 -0.92555 -0.53176 1.08568 0.12246 -0.35689 0.34431 0.85970
1661398666.025146008 -0.92605 -0.52947 1.08557 0.12252 -0.35724 0.34497 0.85928
1661398666.035145998 -0.92659 -0.52719 1.08545 0.12253 -0.35757 0.34560 0.85889
1661398666.045145988 -0.92716 -0.52493 1.08531 0.12248 -0.35789 0.34622 0.85851
1661398666.055145979 -0.92776 -0.52268 1.08517 0.12237 -0.35819 0.34680 0.85817
1661398666.065145969 -0.92838 -0.52045 1.08502 0.12221 -0.35847 0.34735 0.85785
1661398666.075146198 -0.92903 -0.51824 1.08487 0.12199 -0.35873 0.34788 0.85756
1661398666.085145950 -0.92970 -0.51604 1.08472 0.12173 -0.35897 0.34837 0.85730
1661398666.095146179 -0.93038 -0.51385 1.08457 0.12141 -0.35918 0.34884 0.85706
1661398666.105145931 -0.93109 -0.51168 1.08441 0.12105 -0.35937 0.34928 0.85685
1661398666.115146160 -0.93181 -0.50953 1.08426 0.12065 -0.35953 0.34970 0.85667
1661398666.125145912 -0.93255 -0.50739 1.08412 0.12021 -0.35967 0.35010 0.85652
1661398666.135146141 -0.93330 -0.50528 1.08398 0.11973 -0.35977 0.35047 0.85639
1661398666.145145893 -0.93406 -0.50318 1.08385 0.11923 -0.35984 0.35082 0.85628
1661398666.155146122 -0.93482 -0.50110 1.08373 0.11870 -0.35988 0.35115 0.85621
1661398666.165145874 -0.93560 -0.49903 1.08362 0.11814 -0.35989 0.35146 0.85615
1661398666.175146103 -0.93639 -0.49697 1.08351 0.11757 -0.35988 0.35175 0.85612
1661398666.185145855 -0.93719 -0.49492 1.08341 0.11699 -0.35985 0.35202 0.85610
1661398666.195146084 -0.93800 -0.49287 1.08331 0.11641 -0.35981 0.35226 0.85610
1661398666.205146074 -0.93883 -0.49082 1.08321 0.11584 -0.35976 0.35247 0.85611
1661398666.215146065 -0.93967 -0.48876 1.08311 0.11528 -0.35971 0.35266 0.85613
1661398666.225146055 -0.94053 -0.48669 1.08301 0.11474 -0.35967 0.35281 0.85615
1661398666.235146046 -0.94141 -0.48461 1.08290 0.11422 -0.35964 0.35294 0.85618
1661398666.245146036 -0.94230 -0.48251 1.08278 0.11374 -0.35962 0.35304 0.85621
1661398666.255146027 -0.94322 -0.48039 1.08265 0.11330 -0.35961 0.35311 0.85625
1661398666.265146017 -0.94416 -0.47824 1.08252 0.11289 -0.35962 0.35314 0.85628
1661398666.275146008 -0.94512 -0.47607 1.08239 0.11253 -0.35964 0.35313 0.85633
1661398666.285145998 -0.94609 -0.47387 1.08225 0.11220 -0.35965 0.35309 0.85638
1661398666.295145988 -0.94709 -0.47166 1.08212 0.11191 -0.35964 0.35301 0.85645
1661398666.305145979 -0.94811 -0.46941 1.08200 0.11165 -0.35962 0.35289 0.85655
1661398666.315145969 -0.94915 -0.46714 1.08189 0.11143 -0.35957 0.35273 0.85667
1661398666.325145960 -0.95020 -0.46485 1.08179 0.11124 -0.35948 0.35252 0.85681
1661398666.335146189 -0.95128 -0.46253 1.08170 0.11109 -0.35935 0.35226 0.85700
1661398666.345145941 -0.95237 -0.46019 1.08164 0.11097 -0.35916 0.35195 0.85721
1661398666.355146170 -0.95349 -0.45782 1.08160 0.11088 -0.35892 0.35160 0.85747
1661398666.365145922 -0.95462 -0.45543 1.08157 0.11081 -0.35863 0.35120 0.85777
1661398666.375146151 -0.95578 -0.45301 1.08157 0.11076 -0.35830 0.35077 0.85809
1661398666.385145903 -0.95697 -0.45057 1.08158 0.11073 -0.35794 0.35032 0.85842
1661398666.395146132 -0.95818 -0.44811 1.08162 0.11070 -0.35757 0.34986 0.85877
1661398666.405145884 -0.95943 -0.44564 1.08166 0.11067 -0.35719 0.34940 0.85912
1661398666.415146112 -0.96071 -0.44314 1.08172 0.11064 -0.35681 0.34895 0.85946
1661398666.425145864 -0.96202 -0.44064 1.08179 0.11060 -0.35646 0.34851 0.85979
1661398666.435146093 -0.96338 -0.43811 1.08187 0.11053 -0.35613 0.34811 0.86010
1661398666.445145845 -0.96477 -0.43558 1.08195 0.11044 -0.35584 0.34774 0.86038
1661398666.455146074 -0.96621 -0.43303 1.08205 0.11033 -0.35560 0.34742 0.86062
1661398666.465146065 -0.96769 -0.43048 1.08215 0.11019 -0.35541 0.34714 0.86083
1661398666.475146055 -0.96922 -0.42791 1.08225 0.11005 -0.35527 0.34689 0.86101
1661398666.485146046 -0.97080 -0.42535 1.08235 0.10992 -0.35518 0.34666 0.86116
1661398666.495146036 -0.97242 -0.42278 1.08245 0.10981 -0.35514 0.34643 0.86128
1661398666.505146027 -0.97408 -0.42020 1.08254 0.10974 -0.35514 0.34620 0.86138
1661398666.515146017 -0.97580 -0.41763 1.08263 0.10971 -0.35519 0.34596 0.86146
1661398666.525146008 -0.97756 -0.41507 1.08271 0.10974 -0.35529 0.34570 0.86152
1661398666.535145998 -0.97938 -0.41251 1.08278 0.10985 -0.35544 0.34540 0.86156
1661398666.545145988 -0.98125 -0.40995 1.08284 0.11005 -0.35563 0.34506 0.86160
1661398666.555145979 -0.98316 -0.40741 1.08289 0.11034 -0.35586 0.34467 0.86162
1661398666.565145969 -0.98513 -0.40487 1.08292 0.11072 -0.35612 0.34424 0.86163
1661398666.575146198 -0.98715 -0.40234 1.08294 0.11119 -0.35640 0.34379 0.86164
1661398666.585145950 -0.98922 -0.39981 1.08294 0.11174 -0.35669 0.34333 0.86163
1661398666.595146179 -0.99134 -0.39728 1.08292 0.11235 -0.35697 0.34289 0.86162
1661398666.605145931 -0.99350 -0.39476 1.08289 0.11302 -0.35722 0.34246 0.86159
1661398666.615146160 -0.99571 -0.39223 1.08283 0.11375 -0.35744 0.34208 0.86156
1661398666.625145912 -0.99797 -0.38970 1.08276 0.11452 -0.35761 0.34175 0.86151
1661398666.635146141 -1.00028 -0.38717 1.08267 0.11533 -0.35771 0.34150 0.86146
1661398666.645145893 -1.00263 -0.38462 1.08256 0.11617 -0.35775 0.34133 0.86140
1661398666.655146122 -1.00502 -0.38207 1.08243 0.11702 -0.35769 0.34126 0.86134
1661398666.665145874 -1.00746 -0.37951 1.08227 0.11789 -0.35755 0.34128 0.86127
1661398666.675146103 -1.00994 -0.37694 1.08210 0.11878 -0.35733 0.34138 0.86120
1661398666.685145855 -1.01247 -0.37435 1.08191 0.11967 -0.35704 0.34154 0.86114
1661398666.695146084 -1.01503 -0.37175 1.08170 0.12055 -0.35667 0.34175 0.86108
1661398666.705146074 -1.01763 -0.36913 1.08148 0.12144 -0.35623 0.34200 0.86104
1661398666.715146065 -1.02028 -0.36649 1.08124 0.12231 -0.35572 0.34226 0.86102
1661398666.725146055 -1.02296 -0.36383 1.08098 0.12317 -0.35516 0.34253 0.86102
1661398666.735146046 -1.02568 -0.36115 1.08072 0.12400 -0.35453 0.34280 0.86106
1661398666.745146036 -1.02843 -0.35845 1.08043 0.12481 -0.35386 0.34305 0.86112
1661398666.755146027 -1.03122 -0.35572 1.08014 0.12559 -0.35313 0.34326 0.86122
1661398666.765146017 -1.03404 -0.35297 1.07983 0.12633 -0.35237 0.34344 0.86135
1661398666.775146008 -1.03690 -0.35020 1.07952 0.12703 -0.35157 0.34359 0.86151
1661398666.785145998 -1.03980 -0.34742 1.07919 0.12767 -0.35076 0.34370 0.86171
1661398666.795145988 -1.04273 -0.34462 1.07884 0.12825 -0.34993 0.34378 0.86193
1661398666.805145979 -1.04570 -0.34182 1.07849 0.12877 -0.34909 0.34383 0.86217
1661398666.815145969 -1.04871 -0.33901 1.07812 0.12921 -0.34826 0.34384 0.86243
1661398666.825145960 -1.05176 -0.33620 1.07774 0.12956 -0.34745 0.34383 0.86271
1661398666.835146189 -1.05484 -0.33340 1.07735 0.12983 -0.34666 0.34378 0.86301
1661398666.845145941 -1.05797 -0.33060 1.07695 0.13000 -0.34591 0.34369 0.86332
1661398666.855146170 -1.06113 -0.32781 1.07653 0.13007 -0.34519 0.34358 0.86364
1661398666.865145922 -1.06433 -0.32502 1.07610 0.13004 -0.34452 0.34345 0.86397
1661398666.875146151 -1.06756 -0.32224 1.07566 0.12993 -0.34387 0.34329 0.86430
1661398666.885145903 -1.07083 -0.31947 1.07522 0.12974 -0.34326 0.34314 0.86464
1661398666.895146132 -1.07412 -0.31670 1.07476 0.12948 -0.34267 0.34298 0.86497
1661398666.905145884 -1.07744 -0.31394 1.07430 0.12917 -0.34210 0.34283 0.86530
1661398666.915146112 -1.08077 -0.31118 1.07383 0.12881 -0.34155 0.34270 0.86562
1661398666.925145864 -1.08413 -0.30841 1.07336 0.12841 -0.34101 0.34260 0.86594
1661398666.935146093 -1.08750 -0.30565 1.07289 0.12798 -0.34048 0.34253 0.86624
1661398666.945145845 -1.09089 -0.30288 1.07241 0.12753 -0.33995 0.34251 0.86652
1661398666.955146074 -1.09428 -0.30012 1.07193 0.12707 -0.33942 0.34253 0.86679
1661398666.965146065 -1.09768 -0.29735 1.07145 0.12660 -0.33888 0.34259 0.86704
1661398666.975146055 -1.10108 -0.29459 1.07098 0.12612 -0.33833 0.34269 0.86729
1661398666.985146046 -1.10447 -0.29184 1.07051 0.12564 -0.33776 0.34281 0.86754
1661398666.995146036 -1.10784 -0.28911 1.07006 0.12516 -0.33716 0.34294 0.86779
1661398667.005146027 -1.11120 -0.28640 1.06962 0.12467 -0.33653 0.34308 0.86805
1661398667.015146017 -1.11453 -0.28371 1.06919 0.12419 -0.33586 0.34321 0.86832
1661398667.025146008 -1.11784 -0.28105 1.06879 0.12371 -0.33515 0.34333 0.86862
1661398667.035145998 -1.12110 -0.27843 1.06840 0.12323 -0.33438 0.34343 0.86894
1661398667.045145988 -1.12432 -0.27585 1.06804 0.12275 -0.33356 0.34350 0.86930
1661398667.055145979 -1.12750 -0.27331 1.06771 0.12229 -0.33268 0.34352 0.86969
1661398667.065145969 -1.13063 -0.27082 1.06741 0.12184 -0.33175 0.34352 0.87011
1661398667.075146198 -1.13372 -0.26838 1.06714 0.12141 -0.33077 0.34351 0.87055
1661398667.085145950 -1.13678 -0.26600 1.06689 0.12101 -0.32977 0.34348 0.87099
1661398667.095146179 -1.13980 -0.26368 1.06667 0.12065 -0.32875 0.34347 0.87143
1661398667.105145931 -1.14279 -0.26143 1.06649 0.12034 -0.32773 0.34347 0.87186
1661398667.115146160 -1.14576 -0.25925 1.06633 0.12009 -0.32672 0.34351 0.87226
1661398667.125145912 -1.14870 -0.25714 1.06620 0.11990 -0.32573 0.34359 0.87262
1661398667.135146141 -1.15162 -0.25512 1.06610 0.11978 -0.32477 0.34372 0.87294
1661398667.145145893 -1.15453 -0.25317 1.06602 0.11974 -0.32386 0.34393 0.87321
1661398667.155146122 -1.15742 -0.25131 1.06598 0.11979 -0.32300 0.34421 0.87341
1661398667.165145874 -1.16030 -0.24954 1.06597 0.11991 -0.32220 0.34455 0.87355
1661398667.175146103 -1.16318 -0.24784 1.06597 0.12008 -0.32147 0.34495 0.87364
1661398667.185145855 -1.16606 -0.24622 1.06600 0.12028 -0.32082 0.34538 0.87368
1661398667.195146084 -1.16893 -0.24468 1.06605 0.12051 -0.32023 0.34584 0.87368
1661398667.205146074 -1.17180 -0.24320 1.06610 0.12074 -0.31973 0.34631 0.87365
1661398667.215146065 -1.17468 -0.24179 1.06617 0.12095 -0.31932 0.34677 0.87359
1661398667.225146055 -1.17757 -0.24045 1.06625 0.12113 -0.31899 0.34722 0.87351
1661398667.235146046 -1.18046 -0.23916 1.06632 0.12126 -0.31876 0.34763 0.87341
1661398667.245146036 -1.18337 -0.23792 1.06640 0.12132 -0.31864 0.34799 0.87330
1661398667.255146027 -1.18629 -0.23674 1.06648 0.12131 -0.31861 0.34829 0.87319
1661398667.265146017 -1.18922 -0.23561 1.06654 0.12121 -0.31868 0.34854 0.87308
1661398667.275146008 -1.19216 -0.23455 1.06660 0.12104 -0.31883 0.34874 0.87297
1661398667.285145998 -1.19510 -0.23354 1.06664 0.12080 -0.31904 0.34888 0.87287
1661398667.295145988 -1.19804 -0.23260 1.06666 0.12049 -0.31930 0.34899 0.87277
1661398667.305145979 -1.20096 -0.23172 1.06666 0.12013 -0.31960 0.34905 0.87269
1661398667.315145969 -1.20388 -0.23092 1.06663 0.11970 -0.31993 0.34909 0.87261
1661398667.325145960 -1.20678 -0.23020 1.06657 0.11923 -0.32027 0.34909 0.87255
1661398667.335146189 -1.20965 -0.22955 1.06647 0.11870 -0.32060 0.34907 0.87251
1661398667.345145941 -1.21250 -0.22898 1.06634 0.11814 -0.32092 0.34902 0.87249
1661398667.355146170 -1.21532 -0.22850 1.06616 0.11753 -0.32121 0.34897 0.87249
1661398667.365145922 -1.21811 -0.22811 1.06594 0.11689 -0.32148 0.34889 0.87250
1661398667.375146151 -1.22086 -0.22779 1.06569 0.11623 -0.32173 0.34880 0.87253
1661398667.385145903 -1.22356 -0.22755 1.06541 0.11555 -0.32197 0.34870 0.87258
1661398667.395146132 -1.22623 -0.22739 1.06510 0.11486 -0.32220 0.34858 0.87263
1661398667.405145884 -1.22884 -0.22730 1.06477 0.11417 -0.32242 0.34844 0.87269
1661398667.415146112 -1.23141 -0.22728 1.06442 0.11348 -0.32265 0.34829 0.87276
1661398667.425145864 -1.23392 -0.22733 1.06406 0.11280 -0.32289 0.34813 0.87283
1661398667.435146093 -1.23638 -0.22744 1.06370 0.11213 -0.32314 0.34795 0.87289
1661398667.445145845 -1.23878 -0.22762 1.06333 0.11149 -0.32341 0.34776 0.87295
1661398667.455146074 -1.24111 -0.22786 1.06296 0.11088 -0.32371 0.34755 0.87300
1661398667.465146065 -1.24338 -0.22816 1.06258 0.11030 -0.32402 0.34732 0.87305
1661398667.475146055 -1.24560 -0.22853 1.06220 0.10974 -0.32433 0.34705 0.87311
1661398667.485146046 -1.24777 -0.22897 1.06182 0.10922 -0.32464 0.34674 0.87319
1661398667.495146036 -1.24989 -0.22948 1.06143 0.10873 -0.32493 0.34637 0.87328
1661398667.505146027 -1.25196 -0.23006 1.06103 0.10827 -0.32520 0.34594 0.87341
1661398667.515146017 -1.25399 -0.23072 1.06061 0.10784 -0.32543 0.34542 0.87358
1661398667.525146008 -1.25598 -0.23146 1.06017 0.10745 -0.32562 0.34482 0.87380
1661398667.535145998 -1.25794 -0.23228 1.05972 0.10708 -0.32575 0.34413 0.87407
1661398667.545145988 -1.25987 -0.23318 1.05925 0.10674 -0.32582 0.34332 0.87440
1661398667.555145979 -1.26177 -0.23417 1.05876 0.10644 -0.32581 0.34240 0.87480
1661398667.565145969 -1.26364 -0.23524 1.05824 0.10617 -0.32575 0.34136 0.87527
1661398667.575146198 -1.26548 -0.23639 1.05771 0.10592 -0.32564 0.34021 0.87578
1661398667.585145950 -1.26729 -0.23762 1.05717 0.10571 -0.32550 0.33897 0.87634
1661398667.595146179 -1.26907 -0.23894 1.05662 0.10552 -0.32535 0.33763 0.87694
1661398667.605145931 -1.27081 -0.24033 1.05606 0.10536 -0.32520 0.33619 0.87756
1661398667.615146160 -1.27251 -0.24179 1.05550 0.10522 -0.32507 0.33467 0.87821
1661398667.625145912 -1.27418 -0.24333 1.05494 0.10511 -0.32497 0.33308 0.87887
1661398667.635146141 -1.27580 -0.24494 1.05439 0.10502 -0.32491 0.33141 0.87953
1661398667.645145893 -1.27739 -0.24662 1.05384 0.10496 -0.32492 0.32967 0.88019
1661398667.655146122 -1.27893 -0.24837 1.05330 0.10491 -0.32499 0.32788 0.88083
1661398667.665145874 -1.28042 -0.25017 1.05277 0.10485 -0.32512 0.32603 0.88148
1661398667.675146103 -1.28188 -0.25202 1.05224 0.10476 -0.32527 0.32414 0.88213
1661398667.685145855 -1.28329 -0.25389 1.05171 0.10462 -0.32540 0.32221 0.88281
1661398667.695146084 -1.28467 -0.25578 1.05117 0.10440 -0.32549 0.32026 0.88351
1661398667.705146074 -1.28600 -0.25768 1.05061 0.10407 -0.32552 0.31829 0.88425
1661398667.715146065 -1.28729 -0.25956 1.05004 0.10360 -0.32544 0.31632 0.88504
1661398667.725146055 -1.28855 -0.26143 1.04944 0.10298 -0.32524 0.31434 0.88589
1661398667.735146046 -1.28977 -0.26326 1.04881 0.10218 -0.32487 0.31238 0.88681
1661398667.745146036 -1.29095 -0.26504 1.04815 0.10117 -0.32432 0.31044 0.88781
1661398667.755146027 -1.29209 -0.26676 1.04745 0.09994 -0.32357 0.30851 0.88890
1661398667.765146017 -1.29322 -0.26845 1.04672 0.09854 -0.32267 0.30659 0.89004
1661398667.775146008 -1.29435 -0.27012 1.04596 0.09703 -0.32170 0.30463 0.89123
1661398667.785145998 -1.29549 -0.27180 1.04518 0.09549 -0.32073 0.30262 0.89243
1661398667.795145988 -1.29666 -0.27350 1.04438 0.09398 -0.31983 0.30052 0.89362
1661398667.805145979 -1.29787 -0.27524 1.04358 0.09254 -0.31906 0.29832 0.89479
1661398667.815145969 -1.29913 -0.27700 1.04276 0.09119 -0.31838 0.29600 0.89594
1661398667.825145960 -1.30043 -0.27875 1.04193 0.08989 -0.31773 0.29357 0.89710
1661398667.835146189 -1.30175 -0.28047 1.04109 0.08865 -0.31707 0.29103 0.89828
1661398667.845145941 -1.30310 -0.28213 1.04025 0.08743 -0.31632 0.28840 0.89952
1661398667.855146170 -1.30447 -0.28371 1.03940 0.08623 -0.31545 0.28566 0.90081
1661398667.865145922 -1.30586 -0.28524 1.03852 0.08505 -0.31449 0.28283 0.90215
1661398667.875146151 -1.30726 -0.28678 1.03762 0.08390 -0.31348 0.27991 0.90351
1661398667.885145903 -1.30868 -0.28838 1.03667 0.08280 -0.31248 0.27693 0.90488
1661398667.895146132 -1.31011 -0.29007 1.03567 0.08173 -0.31152 0.27388 0.90624
1661398667.905145884 -1.31155 -0.29190 1.03460 0.08072 -0.31064 0.27077 0.90756
1661398667.915146112 -1.31299 -0.29384 1.03347 0.07973 -0.30983 0.26762 0.90886
1661398667.925145864 -1.31445 -0.29585 1.03229 0.07873 -0.30908 0.26444 0.91013
1661398667.935146093 -1.31592 -0.29790 1.03108 0.07770 -0.30838 0.26123 0.91139
1661398667.945145845 -1.31739 -0.29993 1.02984 0.07660 -0.30770 0.25800 0.91263
1661398667.955146074 -1.31888 -0.30192 1.02859 0.07540 -0.30704 0.25476 0.91386
1661398667.965146065 -1.32038 -0.30388 1.02733 0.07411 -0.30636 0.25153 0.91509
1661398667.975146055 -1.32189 -0.30582 1.02605 0.07274 -0.30563 0.24831 0.91632
1661398667.985146046 -1.32340 -0.30775 1.02477 0.07128 -0.30484 0.24512 0.91755
1661398667.995146036 -1.32493 -0.30970 1.02347 0.06974 -0.30396 0.24197 0.91880
1661398668.005146027 -1.32646 -0.31166 1.02216 0.06814 -0.30296 0.23888 0.92006
1661398668.015146017 -1.32799 -0.31363 1.02085 0.06649 -0.30185 0.23584 0.92133
1661398668.025146008 -1.32954 -0.31557 1.01954 0.06480 -0.30063 0.23286 0.92260
1661398668.035145998 -1.33109 -0.31747 1.01826 0.06309 -0.29931 0.22994 0.92388
1661398668.045145988 -1.33265 -0.31929 1.01700 0.06139 -0.29790 0.22707 0.92516
1661398668.055145979 -1.33423 -0.32103 1.01577 0.05970 -0.29640 0.22427 0.92644
1661398668.065145969 -1.33582 -0.32271 1.01458 0.05807 -0.29488 0.22153 0.92768
1661398668.075146198 -1.33745 -0.32436 1.01342 0.05653 -0.29339 0.21884 0.92889
1661398668.085145950 -1.33912 -0.32601 1.01229 0.05513 -0.29198 0.21619 0.93004
1661398668.095146179 -1.34085 -0.32771 1.01119 0.05388 -0.29073 0.21360 0.93110
1661398668.105145931 -1.34265 -0.32948 1.01012 0.05284 -0.28967 0.21105 0.93207
1661398668.115146160 -1.34449 -0.33129 1.00909 0.05197 -0.28877 0.20853 0.93296
1661398668.125145912 -1.34637 -0.33313 1.00808 0.05124 -0.28801 0.20604 0.93379
1661398668.135146141 -1.34825 -0.33497 1.00710 0.05062 -0.28734 0.20357 0.93458
1661398668.145145893 -1.35013 -0.33677 1.00616 0.05008 -0.28671 0.20110 0.93533
1661398668.155146122 -1.35199 -0.33853 1.00524 0.04960 -0.28610 0.19864 0.93607
1661398668.165145874 -1.35382 -0.34024 1.00436 0.04916 -0.28547 0.19618 0.93681
1661398668.175146103 -1.35564 -0.34193 1.00351 0.04876 -0.28479 0.19375 0.93754
1661398668.185145855 -1.35746 -0.34360 1.00270 0.04839 -0.28406 0.19134 0.93827
1661398668.195146084 -1.35927 -0.34528 1.00194 0.04804 -0.28322 0.18897 0.93902
1661398668.205146074 -1.36109 -0.34699 1.00122 0.04770 -0.28228 0.18665 0.93979
1661398668.215146065 -1.36294 -0.34871 1.00054 0.04739 -0.28127 0.18439 0.94056
1661398668.225146055 -1.36482 -0.35046 0.99990 0.04710 -0.28020 0.18218 0.94132
1661398668.235146046 -1.36675 -0.35223 0.99929 0.04683 -0.27914 0.18004 0.94206
1661398668.245146036 -1.36874 -0.35402 0.99871 0.04658 -0.27810 0.17797 0.94277
1661398668.255146027 -1.37082 -0.35584 0.99816 0.04636 -0.27713 0.17597 0.94344
1661398668.265146017 -1.37297 -0.35767 0.99763 0.04616 -0.27623 0.17403 0.94408
1661398668.275146008 -1.37519 -0.35952 0.99712 0.04599 -0.27538 0.17214 0.94468
1661398668.285145998 -1.37748 -0.36138 0.99665 0.04584 -0.27458 0.17029 0.94526
1661398668.295145988 -1.37983 -0.36326 0.99620 0.04571 -0.27382 0.16846 0.94581
1661398668.305145979 -1.38224 -0.36514 0.99578 0.04560 -0.27310 0.16664 0.94635
1661398668.315145969 -1.38471 -0.36703 0.99539 0.04550 -0.27240 0.16483 0.94687
1661398668.325145960 -1.38723 -0.36893 0.99503 0.04542 -0.27173 0.16300 0.94738
1661398668.335146189 -1.38980 -0.37083 0.99470 0.04536 -0.27107 0.16115 0.94789
1661398668.345145941 -1.39242 -0.37273 0.99441 0.04531 -0.27041 0.15926 0.94840
1661398668.355146170 -1.39507 -0.37462 0.99415 0.04527 -0.26976 0.15733 0.94891
1661398668.365145922 -1.39776 -0.37652 0.99392 0.04525 -0.26911 0.15535 0.94942
1661398668.375146151 -1.40050 -0.37841 0.99373 0.04524 -0.26848 0.15332 0.94993
1661398668.385145903 -1.40328 -0.38030 0.99357 0.04525 -0.26786 0.15126 0.95043
1661398668.395146132 -1.40611 -0.38218 0.99343 0.04529 -0.26727 0.14916 0.95093
1661398668.405145884 -1.40899 -0.38407 0.99333 0.04535 -0.26671 0.14702 0.95142
1661398668.415146112 -1.41193 -0.38596 0.99325 0.04544 -0.26619 0.14485 0.95189
1661398668.425145864 -1.41492 -0.38785 0.99321 0.04556 -0.26572 0.14265 0.95235
1661398668.435146093 -1.41796 -0.38973 0.99319 0.04571 -0.26530 0.14042 0.95279
1661398668.445145845 -1.42106 -0.39162 0.99319 0.04589 -0.26495 0.13817 0.95321
1661398668.455146074 -1.42422 -0.39351 0.99322 0.04611 -0.26466 0.13590 0.95361
1661398668.465146065 -1.42744 -0.39540 0.99326 0.04637 -0.26443 0.13360 0.95398
1661398668.475146055 -1.43072 -0.39728 0.99331 0.04664 -0.26425 0.13128 0.95434
1661398668.485146046 -1.43406 -0.39915 0.99337 0.04693 -0.26412 0.12895 0.95468
1661398668.495146036 -1.43744 -0.40100 0.99342 0.04722 -0.26403 0.12659 0.95501
1661398668.505146027 -1.44089 -0.40284 0.99345 0.04750 -0.26397 0.12422 0.95532
1661398668.515146017 -1.44438 -0.40467 0.99346 0.04778 -0.26393 0.12182 0.95562
1661398668.525146008 -1.44792 -0.40646 0.99344 0.04803 -0.26390 0.11941 0.95592
1661398668.535145998 -1.45151 -0.40823 0.99338 0.04826 -0.26389 0.11698 0.95621
1661398668.545145988 -1.45514 -0.40997 0.99327 0.04845 -0.26388 0.11454 0.95650
1661398668.555145979 -1.45882 -0.41168 0.99312 0.04860 -0.26385 0.11208 0.95680
1661398668.565145969 -1.46255 -0.41336 0.99291 0.04870 -0.26377 0.10960 0.95710
1661398668.575146198 -1.46634 -0.41503 0.99266 0.04876 -0.26360 0.10709 0.95743
1661398668.585145950 -1.47020 -0.41668 0.99238 0.04879 -0.26328 0.10455 0.95780
1661398668.595146179 -1.47414 -0.41834 0.99206 0.04878 -0.26277 0.10198 0.95821
1661398668.605145931 -1.47815 -0.42000 0.99172 0.04875 -0.26204 0.09936 0.95869
1661398668.615146160 -1.48225 -0.42166 0.99134 0.04867 -0.26114 0.09670 0.95921
1661398668.625145912 -1.48643 -0.42331 0.99090 0.04856 -0.26011 0.09401 0.95977
1661398668.635146141 -1.49069 -0.42495 0.99040 0.04841 -0.25901 0.09126 0.96033
1661398668.645145893 -1.49502 -0.42656 0.98981 0.04820 -0.25790 0.08848 0.96090
1661398668.655146122 -1.49943 -0.42816 0.98913 0.04795 -0.25683 0.08565 0.96146
1661398668.665145874 -1.50389 -0.42973 0.98837 0.04765 -0.25580 0.08278 0.96200
1661398668.675146103 -1.50837 -0.43128 0.98756 0.04731 -0.25480 0.07989 0.96252
1661398668.685145855 -1.51284 -0.43283 0.98672 0.04694 -0.25385 0.07698 0.96303
1661398668.695146084 -1.51729 -0.43437 0.98587 0.04653 -0.25293 0.07407 0.96352
1661398668.705146074 -1.52169 -0.43590 0.98502 0.04610 -0.25205 0.07116 0.96399
1661398668.715146065 -1.52602 -0.43743 0.98417 0.04565 -0.25121 0.06827 0.96444
1661398668.725146055 -1.53029 -0.43896 0.98334 0.04518 -0.25041 0.06543 0.96487
1661398668.735146046 -1.53449 -0.44047 0.98250 0.04471 -0.24965 0.06263 0.96527
1661398668.745146036 -1.53862 -0.44197 0.98167 0.04424 -0.24895 0.05992 0.96565
1661398668.755146027 -1.54267 -0.44346 0.98083 0.04378 -0.24829 0.05729 0.96600
1661398668.765146017 -1.54665 -0.44493 0.97999 0.04333 -0.24763 0.05475 0.96634
1661398668.775146008 -1.55055 -0.44641 0.97915 0.04289 -0.24690 0.05230 0.96668
1661398668.785145998 -1.55437 -0.44789 0.97830 0.04247 -0.24603 0.04995 0.96704
1661398668.795145988 -1.55812 -0.44938 0.97745 0.04207 -0.24497 0.04769 0.96744
1661398668.805145979 -1.56180 -0.45090 0.97658 0.04170 -0.24368 0.04552 0.96789
1661398668.815145969 -1.56541 -0.45244 0.97571 0.04136 -0.24218 0.04343 0.96838
1661398668.825145960 -1.56897 -0.45400 0.97485 0.04104 -0.24054 0.04142 0.96889
1661398668.835146189 -1.57247 -0.45559 0.97401 0.04075 -0.23882 0.03948 0.96940
1661398668.845145941 -1.57592 -0.45721 0.97320 0.04049 -0.23708 0.03760 0.96992
1661398668.855146170 -1.57934 -0.45885 0.97243 0.04025 -0.23536 0.03576 0.97042
1661398668.865145922 -1.58271 -0.46052 0.97169 0.04003 -0.23368 0.03398 0.97090
1661398668.875146151 -1.58604 -0.46222 0.97099 0.03984 -0.23204 0.03224 0.97136
1661398668.885145903 -1.58932 -0.46395 0.97032 0.03967 -0.23045 0.03053 0.97179
1661398668.895146132 -1.59255 -0.46572 0.96968 0.03952 -0.22892 0.02887 0.97221
1661398668.905145884 -1.59573 -0.46753 0.96907 0.03939 -0.22746 0.02723 0.97261
1661398668.915146112 -1.59884 -0.46938 0.96849 0.03928 -0.22605 0.02562 0.97299
1661398668.925145864 -1.60190 -0.47127 0.96794 0.03919 -0.22472 0.02404 0.97334
1661398668.935146093 -1.60490 -0.47320 0.96741 0.03911 -0.22347 0.02248 0.97367
1661398668.945145845 -1.60783 -0.47519 0.96691 0.03904 -0.22230 0.02094 0.97397
1661398668.955146074 -1.61069 -0.47723 0.96643 0.03898 -0.22122 0.01941 0.97425
1661398668.965146065 -1.61349 -0.47931 0.96597 0.03894 -0.22022 0.01790 0.97451
1661398668.975146055 -1.61624 -0.48145 0.96552 0.03892 -0.21929 0.01642 0.97475
1661398668.985146046 -1.61893 -0.48364 0.96510 0.03892 -0.21842 0.01497 0.97496
1661398668.995146036 -1.62158 -0.48587 0.96469 0.03895 -0.21761 0.01355 0.97516
1661398669.005146027 -1.62419 -0.48816 0.96429 0.03900 -0.21684 0.01218 0.97535
1661398669.015146017 -1.62678 -0.49050 0.96390 0.03909 -0.21612 0.01086 0.97552
1661398669.025146008 -1.62934 -0.49289 0.96351 0.03921 -0.21543 0.00959 0.97568
1661398669.035145998 -1.63188 -0.49533 0.96313 0.03936 -0.21476 0.00838 0.97584
1661398669.045145988 -1.63441 -0.49782 0.96276 0.03956 -0.21411 0.00724 0.97598
1661398669.055145979 -1.63693 -0.50036 0.96239 0.03980 -0.21347 0.00617 0.97612
1661398669.065145969 -1.63944 -0.50295 0.96201 0.04008 -0.21284 0.00517 0.97625
1661398669.075146198 -1.64194 -0.50559 0.96164 0.04038 -0.21223 0.00423 0.97638
1661398669.085145950 -1.64442 -0.50829 0.96128 0.04069 -0.21165 0.00336 0.97649
1661398669.095146179 -1.64687 -0.51103 0.96091 0.04102 -0.21111 0.00255 0.97660
1661398669.105145931 -1.64928 -0.51381 0.96055 0.04134 -0.21060 0.00180 0.97669
1661398669.115146160 -1.65167 -0.51665 0.96020 0.04166 -0.21015 0.00110 0.97678
1661398669.125145912 -1.65401 -0.51954 0.95985 0.04195 -0.20975 0.00046 0.97685
1661398669.135146141 -1.65630 -0.52247 0.95950 0.04222 -0.20941 -0.00013 0.97692
1661398669.145145893 -1.65854 -0.52545 0.95917 0.04245 -0.20914 -0.00068 0.97696
1661398669.155146122 -1.66072 -0.52847 0.95883 0.04263 -0.20895 -0.00118 0.97700
1661398669.165145874 -1.66285 -0.53155 0.95851 0.04277 -0.20881 -0.00163 0.97702
1661398669.175146103 -1.66493 -0.53467 0.95819 0.04286 -0.20872 -0.00202 0.97703
1661398669.185145855 -1.66695 -0.53784 0.95788 0.04291 -0.20865 -0.00237 0.97705
1661398669.195146084 -1.66892 -0.54107 0.95758 0.04291 -0.20860 -0.00265 0.97705
1661398669.205146074 -1.67084 -0.54434 0.95729 0.04287 -0.20856 -0.00287 0.97707
1661398669.215146065 -1.67271 -0.54767 0.95701 0.04279 -0.20849 -0.00303 0.97708
1661398669.225146055 -1.67454 -0.55105 0.95674 0.04267 -0.20839 -0.00312 0.97711
1661398669.235146046 -1.67632 -0.55448 0.95648 0.04250 -0.20825 -0.00313 0.97715
1661398669.245146036 -1.67806 -0.55797 0.95624 0.04230 -0.20804 -0.00307 0.97720
1661398669.255146027 -1.67976 -0.56152 0.95600 0.04206 -0.20776 -0.00293 0.97727
1661398669.265146017 -1.68142 -0.56512 0.95578 0.04177 -0.20743 -0.00272 0.97735
1661398669.275146008 -1.68304 -0.56877 0.95557 0.04145 -0.20705 -0.00244 0.97745
1661398669.285145998 -1.68462 -0.57247 0.95538 0.04108 -0.20664 -0.00209 0.97755
1661398669.295145988 -1.68616 -0.57622 0.95521 0.04068 -0.20623 -0.00169 0.97766
1661398669.305145979 -1.68767 -0.58001 0.95507 0.04023 -0.20584 -0.00123 0.97776
1661398669.315145969 -1.68915 -0.58384 0.95494 0.03974 -0.20548 -0.00072 0.97785
1661398669.325145960 -1.69059 -0.58771 0.95484 0.03920 -0.20516 -0.00017 0.97794
1661398669.335146189 -1.69201 -0.59162 0.95477 0.03862 -0.20491 0.00043 0.97802
1661398669.345145941 -1.69339 -0.59556 0.95472 0.03800 -0.20475 0.00105 0.97808
1661398669.355146170 -1.69474 -0.59954 0.95470 0.03734 -0.20469 0.00171 0.97811
1661398669.365145922 -1.69606 -0.60354 0.95472 0.03664 -0.20471 0.00240 0.97813
1661398669.375146151 -1.69734 -0.60757 0.95478 0.03592 -0.20481 0.00312 0.97814
1661398669.385145903 -1.69859 -0.61162 0.95487 0.03518 -0.20497 0.00387 0.97813
1661398669.395146132 -1.69979 -0.61570 0.95500 0.03443 -0.20516 0.00466 0.97811
1661398669.405145884 -1.70095 -0.61980 0.95517 0.03369 -0.20539 0.00549 0.97809
1661398669.415146112 -1.70205 -0.62392 0.95540 0.03295 -0.20562 0.00635 0.97806
1661398669.425145864 -1.70310 -0.62806 0.95566 0.03224 -0.20585 0.00726 0.97803
1661398669.435146093 -1.70410 -0.63221 0.95598 0.03157 -0.20606 0.00820 0.97800
1661398669.445145845 -1.70503 -0.63637 0.95636 0.03093 -0.20623 0.00919 0.97797
1661398669.455146074 -1.70591 -0.64054 0.95679 0.03034 -0.20636 0.01022 0.97795
1661398669.465146065 -1.70673 -0.64471 0.95727 0.02979 -0.20645 0.01129 0.97794
1661398669.475146055 -1.70751 -0.64888 0.95779 0.02929 -0.20652 0.01238 0.97793
1661398669.485146046 -1.70825 -0.65303 0.95836 0.02882 -0.20657 0.01350 0.97791
1661398669.495146036 -1.70897 -0.65716 0.95897 0.02838 -0.20664 0.01463 0.97790
1661398669.505146027 -1.70967 -0.66126 0.95961 0.02797 -0.20672 0.01577 0.97787
1661398669.515146017 -1.71038 -0.66531 0.96027 0.02757 -0.20683 0.01690 0.97784
1661398669.525146008 -1.71108 -0.66931 0.96096 0.02720 -0.20700 0.01803 0.97780
1661398669.535145998 -1.71181 -0.67325 0.96166 0.02683 -0.20722 0.01914 0.97774
1661398669.545145988 -1.71256 -0.67713 0.96238 0.02648 -0.20752 0.02023 0.97766
1661398669.555145979 -1.71334 -0.68093 0.96311 0.02612 -0.20791 0.02128 0.97757
1661398669.565145969 -1.71416 -0.68465 0.96383 0.02575 -0.20838 0.02231 0.97746
1661398669.575146198 -1.71500 -0.68829 0.96456 0.02536 -0.20891 0.02330 0.97733
1661398669.585145950 -1.71587 -0.69185 0.96528 0.02493 -0.20951 0.02425 0.97719
1661398669.595146179 -1.71675 -0.69533 0.96599 0.02445 -0.21016 0.02517 0.97704
1661398669.605145931 -1.71764 -0.69872 0.96668 0.02390 -0.21086 0.02605 0.97688
1661398669.615146160 -1.71854 -0.70202 0.96735 0.02329 -0.21158 0.02689 0.97671
1661398669.625145912 -1.71943 -0.70523 0.96799 0.02258 -0.21233 0.02769 0.97654
1661398669.635146141 -1.72033 -0.70835 0.96860 0.02177 -0.21310 0.02845 0.97637
1661398669.645145893 -1.72122 -0.71137 0.96917 0.02085 -0.21387 0.02916 0.97621
1661398669.655146122 -1.72209 -0.71430 0.96971 0.01981 -0.21463 0.02983 0.97604
1661398669.665145874 -1.72295 -0.71715 0.97019 0.01868 -0.21535 0.03045 0.97588
1661398669.675146103 -1.72377 -0.71991 0.97064 0.01748 -0.21601 0.03103 0.97574
1661398669.685145855 -1.72457 -0.72259 0.97104 0.01626 -0.21657 0.03158 0.97562
1661398669.695146084 -1.72532 -0.72521 0.97140 0.01503 -0.21699 0.03209 0.97553
1661398669.705146074 -1.72603 -0.72777 0.97171 0.01385 -0.21725 0.03256 0.97547
1661398669.715146065 -1.72668 -0.73027 0.97198 0.01273 -0.21732 0.03301 0.97546
1661398669.725146055 -1.72728 -0.73273 0.97220 0.01172 -0.21716 0.03342 0.97549
1661398669.735146046 -1.72781 -0.73515 0.97238 0.01083 -0.21674 0.03381 0.97558
1661398669.745146036 -1.72827 -0.73754 0.97251 0.01012 -0.21603 0.03417 0.97574
1661398669.755146027 -1.72865 -0.73990 0.97259 0.00959 -0.21502 0.03451 0.97595
1661398669.765146017 -1.72899 -0.74224 0.97264 0.00922 -0.21382 0.03484 0.97621
1661398669.775146008 -1.72931 -0.74455 0.97266 0.00899 -0.21254 0.03517 0.97648
1661398669.785145998 -1.72964 -0.74683 0.97265 0.00886 -0.21131 0.03550 0.97673
1661398669.795145988 -1.73001 -0.74908 0.97264 0.00880 -0.21024 0.03584 0.97695
1661398669.805145979 -1.73045 -0.75129 0.97261 0.00877 -0.20945 0.03621 0.97711
1661398669.815145969 -1.73096 -0.75347 0.97258 0.00880 -0.20892 0.03658 0.97721
1661398669.825145960 -1.73153 -0.75561 0.97252 0.00889 -0.20862 0.03696 0.97726
1661398669.835146189 -1.73215 -0.75771 0.97243 0.00906 -0.20852 0.03734 0.97726
1661398669.845145941 -1.73282 -0.75976 0.97229 0.00933 -0.20859 0.03772 0.97723
1661398669.855146170 -1.73352 -0.76175 0.97209 0.00971 -0.20881 0.03807 0.97717
1661398669.865145922 -1.73427 -0.76370 0.97184 0.01018 -0.20913 0.03842 0.97708
1661398669.875146151 -1.73504 -0.76560 0.97155 0.01075 -0.20954 0.03877 0.97697
1661398669.885145903 -1.73583 -0.76745 0.97120 0.01138 -0.20999 0.03913 0.97685
1661398669.895146132 -1.73665 -0.76925 0.97082 0.01208 -0.21046 0.03951 0.97673
1661398669.905145884 -1.73748 -0.77099 0.97039 0.01283 -0.21091 0.03992 0.97661
1661398669.915146112 -1.73831 -0.77269 0.96993 0.01360 -0.21131 0.04037 0.97649
1661398669.925145864 -1.73915 -0.77434 0.96944 0.01440 -0.21164 0.04086 0.97639
1661398669.935146093 -1.74000 -0.77595 0.96891 0.01521 -0.21186 0.04142 0.97630
1661398669.945145845 -1.74083 -0.77750 0.96836 0.01601 -0.21194 0.04205 0.97625
1661398669.955146074 -1.74166 -0.77901 0.96779 0.01679 -0.21186 0.04275 0.97622
1661398669.965146065 -1.74247 -0.78047 0.96720 0.01753 -0.21163 0.04351 0.97622
1661398669.975146055 -1.74329 -0.78188 0.96658 0.01823 -0.21127 0.04430 0.97625
1661398669.985146046 -1.74410 -0.78325 0.96593 0.01886 -0.21080 0.04512 0.97631
1661398669.995146036 -1.74492 -0.78457 0.96526 0.01942 -0.21024 0.04593 0.97638
1661398670.005146027 -1.74574 -0.78585 0.96456 0.01989 -0.20961 0.04672 0.97647
1661398670.015146017 -1.74658 -0.78709 0.96383 0.02026 -0.20894 0.04748 0.97657
1661398670.025146008 -1.74743 -0.78829 0.96307 0.02050 -0.20824 0.04817 0.97668
1661398670.035145998 -1.74830 -0.78944 0.96228 0.02061 -0.20753 0.04878 0.97679
1661398670.045145988 -1.74919 -0.79056 0.96146 0.02058 -0.20684 0.04929 0.97692
1661398670.055145979 -1.75011 -0.79163 0.96061 0.02039 -0.20618 0.04968 0.97704
1661398670.065145969 -1.75105 -0.79267 0.95973 0.02007 -0.20555 0.04997 0.97716
1661398670.075146198 -1.75201 -0.79367 0.95883 0.01965 -0.20495 0.05015 0.97729
1661398670.085145950 -1.75300 -0.79463 0.95792 0.01917 -0.20436 0.05023 0.97742
1661398670.095146179 -1.75401 -0.79555 0.95701 0.01866 -0.20379 0.05023 0.97755
1661398670.105145931 -1.75504 -0.79644 0.95610 0.01815 -0.20322 0.05016 0.97768
1661398670.115146160 -1.75609 -0.79729 0.95519 0.01766 -0.20266 0.05001 0.97781
1661398670.125145912 -1.75717 -0.79811 0.95431 0.01725 -0.20209 0.04980 0.97795
1661398670.135146141 -1.75826 -0.79889 0.95344 0.01693 -0.20151 0.04954 0.97809
1661398670.145145893 -1.75937 -0.79963 0.95261 0.01674 -0.20091 0.04924 0.97823
1661398670.155146122 -1.76050 -0.80034 0.95181 0.01670 -0.20030 0.04890 0.97837
1661398670.165145874 -1.76164 -0.80102 0.95105 0.01679 -0.19966 0.04852 0.97852
1661398670.175146103 -1.76281 -0.80167 0.95033 0.01699 -0.19900 0.04811 0.97867
1661398670.185145855 -1.76399 -0.80229 0.94964 0.01727 -0.19831 0.04767 0.97883
1661398670.195146084 -1.76518 -0.80289 0.94899 0.01760 -0.19761 0.04721 0.97899
1661398670.205146074 -1.76639 -0.80346 0.94837 0.01796 -0.19688 0.04671 0.97915
1661398670.215146065 -1.76762 -0.80401 0.94778 0.01831 -0.19613 0.04619 0.97932
1661398670.225146055 -1.76887 -0.80454 0.94723 0.01863 -0.19536 0.04564 0.97949
1661398670.235146046 -1.77013 -0.80505 0.94671 0.01889 -0.19457 0.04507 0.97967
1661398670.245146036 -1.77141 -0.80554 0.94622 0.01906 -0.19375 0.04448 0.97986
1661398670.255146027 -1.77270 -0.80602 0.94575 0.01913 -0.19291 0.04387 0.98005
1661398670.265146017 -1.77401 -0.80648 0.94532 0.01909 -0.19207 0.04324 0.98024
1661398670.275146008 -1.77536 -0.80692 0.94490 0.01897 -0.19123 0.04258 0.98044
1661398670.285145998 -1.77673 -0.80734 0.94450 0.01877 -0.19041 0.04190 0.98063
1661398670.295145988 -1.77814 -0.80773 0.94411 0.01850 -0.18963 0.04120 0.98082
1661398670.305145979 -1.77959 -0.80809 0.94372 0.01819 -0.18890 0.04047 0.98099
1661398670.315145969 -1.78110 -0.80842 0.94333 0.01783 -0.18823 0.03970 0.98116
1661398670.325145960 -1.78266 -0.80871 0.94293 0.01744 -0.18765 0.03891 0.98131
1661398670.335146189 -1.78427 -0.80896 0.94252 0.01704 -0.18716 0.03809 0.98144
1661398670.345145941 -1.78596 -0.80917 0.94209 0.01663 -0.18678 0.03723 0.98156
1661398670.355146170 -1.78771 -0.80934 0.94164 0.01623 -0.18652 0.03634 0.98165
1661398670.365145922 -1.78953 -0.80945 0.94118 0.01584 -0.18635 0.03543 0.98172
1661398670.375146151 -1.79141 -0.80952 0.94069 0.01546 -0.18626 0.03451 0.98177
1661398670.385145903 -1.79335 -0.80955 0.94020 0.01508 -0.18620 0.03360 0.98182
1661398670.395146132 -1.79533 -0.80952 0.93969 0.01471 -0.18617 0.03270 0.98186
1661398670.405145884 -1.79736 -0.80944 0.93918 0.01435 -0.18612 0.03183 0.98191
1661398670.415146112 -1.79942 -0.80932 0.93867 0.01400 -0.18603 0.03100 0.98196
1661398670.425145864 -1.80152 -0.80914 0.93816 0.01365 -0.18587 0.03022 0.98201
1661398670.435146093 -1.80365 -0.80891 0.93766 0.01331 -0.18562 0.02951 0.98209
1661398670.445145845 -1.80580 -0.80862 0.93717 0.01298 -0.18525 0.02888 0.98218
1661398670.455146074 -1.80797 -0.80828 0.93668 0.01266 -0.18474 0.02834 0.98230
1661398670.465146065 -1.81015 -0.80789 0.93621 0.01234 -0.18409 0.02789 0.98244
1661398670.475146055 -1.81234 -0.80744 0.93575 0.01201 -0.18335 0.02750 0.98259
1661398670.485146046 -1.81455 -0.80694 0.93530 0.01167 -0.18252 0.02718 0.98276
1661398670.495146036 -1.81677 -0.80639 0.93485 0.01132 -0.18164 0.02691 0.98293
1661398670.505146027 -1.81899 -0.80578 0.93442 0.01096 -0.18072 0.02668 0.98311
1661398670.515146017 -1.82122 -0.80513 0.93398 0.01057 -0.17979 0.02649 0.98329
1661398670.525146008 -1.82346 -0.80442 0.93356 0.01015 -0.17887 0.02632 0.98347
1661398670.535145998 -1.82569 -0.80366 0.93313 0.00969 -0.17798 0.02616 0.98364
1661398670.545145988 -1.82793 -0.80286 0.93271 0.00920 -0.17714 0.02600 0.98380
1661398670.555145979 -1.83017 -0.80200 0.93229 0.00866 -0.17638 0.02585 0.98394
1661398670.565145969 -1.83242 -0.80110 0.93186 0.00810 -0.17567 0.02569 0.98408
1661398670.575146198 -1.83467 -0.80016 0.93144 0.00751 -0.17501 0.02555 0.98421
1661398670.585145950 -1.83693 -0.79918 0.93101 0.00692 -0.17436 0.02543 0.98433
1661398670.595146179 -1.83921 -0.79818 0.93058 0.00634 -0.17372 0.02535 0.98445
1661398670.605145931 -1.84151 -0.79715 0.93014 0.00577 -0.17305 0.02530 0.98457
1661398670.615146160 -1.84384 -0.79610 0.92969 0.00524 -0.17234 0.02530 0.98470
1661398670.625145912 -1.84619 -0.79503 0.92923 0.00474 -0.17158 0.02536 0.98483
1661398670.635146141 -1.84858 -0.79396 0.92876 0.00431 -0.17073 0.02549 0.98498
1661398670.645145893 -1.85100 -0.79287 0.92828 0.00394 -0.16979 0.02570 0.98514
1661398670.655146122 -1.85347 -0.79179 0.92779 0.00365 -0.16874 0.02599 0.98531
1661398670.665145874 -1.85597 -0.79070 0.92729 0.00344 -0.16759 0.02635 0.98550
1661398670.675146103 -1.85851 -0.78961 0.92677 0.00330 -0.16637 0.02677 0.98569
1661398670.685145855 -1.86108 -0.78852 0.92625 0.00321 -0.16511 0.02723 0.98589
1661398670.695146084 -1.86369 -0.78741 0.92572 0.00319 -0.16382 0.02772 0.98610
1661398670.705146074 -1.86633 -0.78631 0.92519 0.00321 -0.16253 0.02822 0.98629
1661398670.715146065 -1.86899 -0.78519 0.92467 0.00328 -0.16127 0.02873 0.98649
1661398670.725146055 -1.87168 -0.78407 0.92414 0.00339 -0.16006 0.02922 0.98667
1661398670.735146046 -1.87440 -0.78293 0.92362 0.00352 -0.15892 0.02968 0.98684
1661398670.745146036 -1.87713 -0.78179 0.92310 0.00369 -0.15788 0.03009 0.98699
1661398670.755146027 -1.87989 -0.78063 0.92259 0.00387 -0.15695 0.03045 0.98713
1661398670.765146017 -1.88266 -0.77947 0.92209 0.00407 -0.15613 0.03076 0.98725
1661398670.775146008 -1.88545 -0.77830 0.92161 0.00429 -0.15540 0.03103 0.98736
1661398670.785145998 -1.88825 -0.77713 0.92113 0.00452 -0.15474 0.03126 0.98745
1661398670.795145988 -1.89106 -0.77598 0.92067 0.00477 -0.15415 0.03147 0.98753
1661398670.805145979 -1.89388 -0.77483 0.92023 0.00504 -0.15361 0.03165 0.98761
1661398670.815145969 -1.89671 -0.77370 0.91981 0.00532 -0.15309 0.03184 0.98769
1661398670.825145960 -1.89954 -0.77260 0.91941 0.00562 -0.15259 0.03202 0.98776
1661398670.835146189 -1.90238 -0.77152 0.91902 0.00593 -0.15209 0.03220 0.98782
1661398670.845145941 -1.90521 -0.77047 0.91867 0.00625 -0.15158 0.03241 0.98789
1661398670.855146170 -1.90805 -0.76946 0.91833 0.00658 -0.15104 0.03263 0.98797
1661398670.865145922 -1.91088 -0.76848 0.91802 0.00692 -0.15048 0.03287 0.98804
1661398670.875146151 -1.91371 -0.76753 0.91773 0.00726 -0.14991 0.03313 0.98812
1661398670.885145903 -1.91654 -0.76661 0.91747 0.00759 -0.14933 0.03338 0.98819
1661398670.895146132 -1.91936 -0.76572 0.91723 0.00791 -0.14876 0.03364 0.98827
1661398670.905145884 -1.92217 -0.76485 0.91701 0.00821 -0.14820 0.03388 0.98834
1661398670.915146112 -1.92497 -0.76401 0.91681 0.00848 -0.14766 0.03411 0.98841
1661398670.925145864 -1.92776 -0.76318 0.91663 0.00873 -0.14715 0.03432 0.98848
1661398670.935146093 -1.93053 -0.76237 0.91647 0.00894 -0.14669 0.03449 0.98854
1661398670.945145845 -1.93330 -0.76157 0.91632 0.00910 -0.14627 0.03463 0.98860
1661398670.955146074 -1.93605 -0.76079 0.91620 0.00922 -0.14590 0.03473 0.98865
1661398670.965146065 -1.93879 -0.76002 0.91609 0.00929 -0.14558 0.03479 0.98869
1661398670.975146055 -1.94152 -0.75926 0.91601 0.00933 -0.14529 0.03481 0.98873
1661398670.985146046 -1.94424 -0.75851 0.91595 0.00933 -0.14504 0.03479 0.98877
1661398670.995146036 -1.94697 -0.75778 0.91591 0.00931 -0.14481 0.03475 0.98881
1661398671.005146027 -1.94969 -0.75706 0.91590 0.00926 -0.14459 0.03468 0.98884
1661398671.015146017 -1.95242 -0.75636 0.91591 0.00920 -0.14437 0.03458 0.98888
1661398671.025146008 -1.95516 -0.75568 0.91595 0.00913 -0.14414 0.03446 0.98891
1661398671.035145998 -1.95791 -0.75501 0.91602 0.00905 -0.14390 0.03433 0.98895
1661398671.045145988 -1.96068 -0.75437 0.91611 0.00897 -0.14364 0.03417 0.98900
1661398671.055145979 -1.96346 -0.75374 0.91624 0.00890 -0.14335 0.03401 0.98905
1661398671.065145969 -1.96626 -0.75313 0.91640 0.00882 -0.14306 0.03383 0.98910
1661398671.075146198 -1.96908 -0.75254 0.91658 0.00875 -0.14278 0.03365 0.98914
1661398671.085145950 -1.97191 -0.75198 0.91678 0.00868 -0.14253 0.03346 0.98919
1661398671.095146179 -1.97476 -0.75143 0.91701 0.00861 -0.14235 0.03326 0.98922
1661398671.105145931 -1.97762 -0.75090 0.91724 0.00853 -0.14226 0.03305 0.98924
1661398671.115146160 -1.98049 -0.75040 0.91749 0.00845 -0.14228 0.03284 0.98925
1661398671.125145912 -1.98338 -0.74991 0.91775 0.00835 -0.14243 0.03262 0.98923
1661398671.135146141 -1.98628 -0.74945 0.91801 0.00825 -0.14274 0.03241 0.98919
1661398671.145145893 -1.98919 -0.74900 0.91827 0.00813 -0.14324 0.03219 0.98913
1661398671.155146122 -1.99211 -0.74858 0.91853 0.00800 -0.14392 0.03198 0.98904
1661398671.165145874 -1.99503 -0.74818 0.91879 0.00785 -0.14477 0.03176 0.98892
1661398671.175146103 -1.99794 -0.74780 0.91904 0.00769 -0.14574 0.03153 0.98879
1661398671.185145855 -2.00085 -0.74744 0.91929 0.00751 -0.14677 0.03128 0.98865
1661398671.195146084 -2.00373 -0.74710 0.91954 0.00733 -0.14783 0.03101 0.98850
1661398671.205146074 -2.00659 -0.74677 0.91977 0.00713 -0.14886 0.03072 0.98835
1661398671.215146065 -2.00942 -0.74647 0.92000 0.00693 -0.14984 0.03040 0.98822
1661398671.225146055 -2.01221 -0.74619 0.92022 0.00672 -0.15070 0.03004 0.98810
1661398671.235146046 -2.01496 -0.74593 0.92042 0.00650 -0.15140 0.02964 0.98801
1661398671.245146036 -2.01765 -0.74568 0.92062 0.00628 -0.15191 0.02919 0.98794
1661398671.255146027 -2.02028 -0.74545 0.92080 0.00605 -0.15218 0.02869 0.98792
1661398671.265146017 -2.02285 -0.74524 0.92097 0.00581 -0.15223 0.02815 0.98793
1661398671.275146008 -2.02537 -0.74505 0.92112 0.00556 -0.15209 0.02757 0.98797
1661398671.285145998 -2.02783 -0.74487 0.92124 0.00530 -0.15177 0.02696 0.98803
1661398671.295145988 -2.03025 -0.74471 0.92134 0.00502 -0.15130 0.02632 0.98812
1661398671.305145979 -2.03261 -0.74456 0.92141 0.00472 -0.15071 0.02567 0.98823
1661398671.315145969 -2.03493 -0.74442 0.92145 0.00439 -0.15002 0.02502 0.98836
1661398671.325145960 -2.03720 -0.74429 0.92145 0.00404 -0.14926 0.02436 0.98849
1661398671.335146189 -2.03944 -0.74418 0.92141 0.00365 -0.14844 0.02370 0.98863
1661398671.345145941 -2.04163 -0.74407 0.92133 0.00323 -0.14761 0.02306 0.98877
1661398671.355146170 -2.04379 -0.74397 0.92121 0.00277 -0.14676 0.02244 0.98891
1661398671.365145922 -2.04592 -0.74389 0.92104 0.00229 -0.14592 0.02184 0.98905
1661398671.375146151 -2.04801 -0.74381 0.92084 0.00179 -0.14508 0.02126 0.98919
1661398671.385145903 -2.05008 -0.74374 0.92060 0.00129 -0.14425 0.02071 0.98932
1661398671.395146132 -2.05212 -0.74368 0.92033 0.00079 -0.14342 0.02018 0.98946
1661398671.405145884 -2.05415 -0.74364 0.92003 0.00030 -0.14259 0.01967 0.98959
1661398671.415146112 -2.05615 -0.74360 0.91971 -0.00016 -0.14178 0.01919 0.98971
1661398671.425145864 -2.05815 -0.74358 0.91937 -0.00058 -0.14098 0.01873 0.98984
1661398671.435146093 -2.06013 -0.74356 0.91902 -0.00095 -0.14019 0.01831 0.98996
1661398671.445145845 -2.06210 -0.74356 0.91865 -0.00127 -0.13941 0.01791 0.99007
1661398671.455146074 -2.06407 -0.74358 0.91827 -0.00152 -0.13865 0.01754 0.99018
1661398671.465146065 -2.06602 -0.74360 0.91789 -0.00171 -0.13792 0.01719 0.99029
1661398671.475146055 -2.06797 -0.74364 0.91750 -0.00185 -0.13721 0.01688 0.99040
1661398671.485146046 -2.06989 -0.74369 0.91711 -0.00193 -0.13653 0.01658 0.99050
1661398671.495146036 -2.07178 -0.74376 0.91672 -0.00198 -0.13589 0.01631 0.99059
1661398671.505146027 -2.07364 -0.74384 0.91633 -0.00199 -0.13530 0.01606 0.99067
1661398671.515146017 -2.07547 -0.74394 0.91594 -0.00197 -0.13476 0.01582 0.99075
1661398671.525146008 -2.07725 -0.74405 0.91556 -0.00192 -0.13428 0.01560 0.99082
1661398671.535145998 -2.07898 -0.74418 0.91518 -0.00187 -0.13386 0.01540 0.99088
1661398671.545145988 -2.08067 -0.74433 0.91481 -0.00180 -0.13350 0.01521 0.99093
1661398671.555145979 -2.08229 -0.74450 0.91444 -0.00173 -0.13322 0.01503 0.99097
1661398671.565145969 -2.08386 -0.74468 0.91409 -0.00166 -0.13300 0.01486 0.99100
1661398671.575146198 -2.08538 -0.74489 0.91374 -0.00159 -0.13281 0.01470 0.99103
1661398671.585145950 -2.08686 -0.74511 0.91341 -0.00153 -0.13265 0.01453 0.99106
1661398671.595146179 -2.08830 -0.74536 0.91307 -0.00148 -0.13249 0.01436 0.99108
1661398671.605145931 -2.08970 -0.74562 0.91275 -0.00144 -0.13231 0.01419 0.99111
1661398671.615146160 -2.09108 -0.74590 0.91242 -0.00141 -0.13210 0.01400 0.99114
1661398671.625145912 -2.09244 -0.74621 0.91211 -0.00140 -0.13185 0.01380 0.99117
1661398671.635146141 -2.09379 -0.74653 0.91179 -0.00141 -0.13152 0.01359 0.99122
1661398671.645145893 -2.09512 -0.74688 0.91148 -0.00145 -0.13111 0.01335 0.99128
1661398671.655146122 -2.09644 -0.74725 0.91116 -0.00151 -0.13061 0.01309 0.99135
1661398671.665145874 -2.09776 -0.74764 0.91085 -0.00159 -0.13004 0.01281 0.99143
1661398671.675146103 -2.09909 -0.74806 0.91055 -0.00167 -0.12942 0.01252 0.99151
1661398671.685145855 -2.10041 -0.74851 0.91025 -0.00176 -0.12880 0.01222 0.99159
1661398671.695146084 -2.10175 -0.74898 0.90996 -0.00183 -0.12820 0.01192 0.99167
1661398671.705146074 -2.10309 -0.74948 0.90968 -0.00189 -0.12766 0.01161 0.99175
1661398671.715146065 -2.10445 -0.75000 0.90940 -0.00192 -0.12721 0.01131 0.99181
1661398671.725146055 -2.10582 -0.75057 0.90914 -0.00192 -0.12688 0.01102 0.99186
1661398671.735146046 -2.10722 -0.75116 0.90890 -0.00187 -0.12670 0.01075 0.99188
1661398671.745146036 -2.10863 -0.75179 0.90867 -0.00177 -0.12670 0.01050 0.99188
1661398671.755146027 -2.11007 -0.75245 0.90846 -0.00160 -0.12690 0.01027 0.99186
1661398671.765146017 -2.11154 -0.75315 0.90826 -0.00139 -0.12729 0.01006 0.99181
1661398671.775146008 -2.11303 -0.75388 0.90807 -0.00115 -0.12781 0.00987 0.99175
1661398671.785145998 -2.11454 -0.75464 0.90789 -0.00090 -0.12843 0.00970 0.99167
1661398671.795145988 -2.11606 -0.75543 0.90772 -0.00064 -0.12911 0.00955 0.99158
1661398671.805145979 -2.11760 -0.75625 0.90755 -0.00039 -0.12981 0.00941 0.99149
1661398671.815145969 -2.11916 -0.75710 0.90738 -0.00018 -0.13049 0.00928 0.99141
1661398671.825145960 -2.12073 -0.75797 0.90720 -0.00001 -0.13112 0.00916 0.99132
1661398671.835146189 -2.12231 -0.75886 0.90702 0.00011 -0.13165 0.00905 0.99125
1661398671.845145941 -2.12390 -0.75978 0.90683 0.00014 -0.13206 0.00894 0.99120
1661398671.855146170 -2.12550 -0.76072 0.90662 0.00009 -0.13229 0.00884 0.99117
1661398671.865145922 -2.12711 -0.76168 0.90640 -0.00004 -0.13239 0.00873 0.99116
1661398671.875146151 -2.12873 -0.76266 0.90616 -0.00024 -0.13235 0.00863 0.99117
1661398671.885145903 -2.13037 -0.76366 0.90591 -0.00050 -0.13221 0.00853 0.99118
1661398671.895146132 -2.13204 -0.76467 0.90563 -0.00080 -0.13199 0.00842 0.99121
1661398671.905145884 -2.13373 -0.76569 0.90533 -0.00115 -0.13172 0.00832 0.99125
1661398671.915146112 -2.13545 -0.76674 0.90501 -0.00152 -0.13141 0.00821 0.99129
1661398671.925145864 -2.13720 -0.76779 0.90465 -0.00191 -0.13109 0.00810 0.99134
1661398671.935146093 -2.13899 -0.76885 0.90427 -0.00230 -0.13079 0.00798 0.99138
1661398671.945145845 -2.14083 -0.76993 0.90386 -0.00268 -0.13052 0.00786 0.99141
1661398671.955146074 -2.14271 -0.77101 0.90342 -0.00306 -0.13030 0.00773 0.99144
1661398671.965146065 -2.14463 -0.77210 0.90294 -0.00341 -0.13013 0.00760 0.99146
1661398671.975146055 -2.14659 -0.77321 0.90244 -0.00375 -0.12997 0.00748 0.99148
1661398671.985146046 -2.14859 -0.77433 0.90190 -0.00406 -0.12983 0.00738 0.99150
1661398671.995146036 -2.15062 -0.77547 0.90135 -0.00435 -0.12967 0.00730 0.99152
1661398672.005146027 -2.15269 -0.77662 0.90077 -0.00462 -0.12949 0.00725 0.99154
1661398672.015146017 -2.15479 -0.77780 0.90016 -0.00486 -0.12926 0.00723 0.99157
1661398672.025146008 -2.15691 -0.77899 0.89954 -0.00507 -0.12897 0.00727 0.99161
1661398672.035145998 -2.15907 -0.78021 0.89890 -0.00524 -0.12860 0.00735 0.99166
1661398672.045145988 -2.16124 -0.78146 0.89825 -0.00539 -0.12813 0.00750 0.99171
1661398672.055145979 -2.16343 -0.78273 0.89758 -0.00550 -0.12755 0.00771 0.99179
1661398672.065145969 -2.16565 -0.78403 0.89690 -0.00559 -0.12687 0.00799 0.99187
1661398672.075146198 -2.16789 -0.78534 0.89620 -0.00565 -0.12612 0.00832 0.99196
1661398672.085145950 -2.17017 -0.78668 0.89550 -0.00570 -0.12531 0.00872 0.99206
1661398672.095146179 -2.17247 -0.78803 0.89479 -0.00575 -0.12445 0.00916 0.99217
1661398672.105145931 -2.17480 -0.78939 0.89407 -0.00579 -0.12356 0.00966 0.99227
1661398672.115146160 -2.17717 -0.79076 0.89334 -0.00584 -0.12267 0.01021 0.99238
1661398672.125145912 -2.17957 -0.79213 0.89260 -0.00590 -0.12178 0.01081 0.99248
1661398672.135146141 -2.18202 -0.79350 0.89187 -0.00599 -0.12092 0.01144 0.99258
1661398672.145145893 -2.18451 -0.79488 0.89112 -0.00610 -0.12011 0.01212 0.99267
1661398672.155146122 -2.18704 -0.79624 0.89038 -0.00625 -0.11936 0.01282 0.99275
1661398672.165145874 -2.18961 -0.79760 0.88963 -0.00643 -0.11865 0.01357 0.99282
1661398672.175146103 -2.19222 -0.79896 0.88888 -0.00664 -0.11799 0.01435 0.99289
1661398672.185145855 -2.19486 -0.80030 0.88812 -0.00689 -0.11735 0.01516 0.99295
1661398672.195146084 -2.19752 -0.80164 0.88735 -0.00717 -0.11673 0.01600 0.99301
1661398672.205146074 -2.20021 -0.80297 0.88657 -0.00749 -0.11611 0.01687 0.99307
1661398672.215146065 -2.20290 -0.80428 0.88578 -0.00784 -0.11548 0.01778 0.99312
1661398672.225146055 -2.20561 -0.80558 0.88498 -0.00823 -0.11483 0.01871 0.99317
1661398672.235146046 -2.20832 -0.80687 0.88416 -0.00865 -0.11415 0.01967 0.99323
1661398672.245146036 -2.21104 -0.80814 0.88333 -0.00911 -0.11343 0.02066 0.99329
1661398672.255146027 -2.21375 -0.80940 0.88248 -0.00960 -0.11265 0.02168 0.99335
1661398672.265146017 -2.21646 -0.81064 0.88162 -0.01012 -0.11182 0.02272 0.99342
1661398672.275146008 -2.21917 -0.81186 0.88074 -0.01066 -0.11094 0.02378 0.99349
1661398672.285145998 -2.22188 -0.81306 0.87986 -0.01121 -0.11000 0.02487 0.99356
1661398672.295145988 -2.22460 -0.81425 0.87896 -0.01176 -0.10902 0.02597 0.99363
1661398672.305145979 -2.22733 -0.81542 0.87806 -0.01231 -0.10798 0.02708 0.99371
1661398672.315145969 -2.23007 -0.81656 0.87716 -0.01285 -0.10690 0.02821 0.99379
1661398672.325145960 -2.23282 -0.81769 0.87626 -0.01336 -0.10578 0.02934 0.99387
1661398672.335146189 -2.23559 -0.81880 0.87535 -0.01385 -0.10461 0.03049 0.99395
1661398672.345145941 -2.23839 -0.81988 0.87445 -0.01430 -0.10340 0.03164 0.99403
1661398672.355146170 -2.24120 -0.82095 0.87356 -0.01471 -0.10215 0.03279 0.99412
1661398672.365145922 -2.24404 -0.82199 0.87267 -0.01507 -0.10089 0.03395 0.99420
1661398672.375146151 -2.24689 -0.82301 0.87180 -0.01539 -0.09964 0.03512 0.99428
1661398672.385145903 -2.24977 -0.82400 0.87095 -0.01565 -0.09843 0.03631 0.99436
1661398672.395146132 -2.25266 -0.82498 0.87012 -0.01586 -0.09728 0.03753 0.99442
1661398672.405145884 -2.25556 -0.82593 0.86933 -0.01601 -0.09622 0.03877 0.99448
1661398672.415146112 -2.25847 -0.82686 0.86857 -0.01610 -0.09528 0.04004 0.99451
1661398672.425145864 -2.26140 -0.82776 0.86784 -0.01612 -0.09449 0.04136 0.99454
1661398672.435146093 -2.26433 -0.82864 0.86716 -0.01608 -0.09386 0.04271 0.99454
1661398672.445145845 -2.26726 -0.82950 0.86653 -0.01598 -0.09343 0.04412 0.99452
1661398672.455146074 -2.27021 -0.83033 0.86595 -0.01580 -0.09320 0.04557 0.99448
1661398672.465146065 -2.27315 -0.83113 0.86543 -0.01556 -0.09316 0.04707 0.99442
1661398672.475146055 -2.27610 -0.83190 0.86495 -0.01527 -0.09326 0.04860 0.99434
1661398672.485146046 -2.27906 -0.83264 0.86452 -0.01494 -0.09347 0.05016 0.99425
1661398672.495146036 -2.28202 -0.83335 0.86414 -0.01458 -0.09374 0.05173 0.99415
1661398672.505146027 -2.28498 -0.83401 0.86380 -0.01419 -0.09403 0.05331 0.99404
1661398672.515146017 -2.28795 -0.83463 0.86350 -0.01380 -0.09431 0.05488 0.99393
1661398672.525146008 -2.29093 -0.83520 0.86325 -0.01340 -0.09453 0.05644 0.99383
1661398672.535145998 -2.29391 -0.83573 0.86304 -0.01301 -0.09467 0.05798 0.99373
1661398672.545145988 -2.29690 -0.83621 0.86286 -0.01265 -0.09466 0.05948 0.99365
1661398672.555145979 -2.29990 -0.83663 0.86272 -0.01231 -0.09450 0.06095 0.99358
1661398672.565145969 -2.30290 -0.83699 0.86262 -0.01199 -0.09420 0.06237 0.99352
1661398672.575146198 -2.30592 -0.83731 0.86255 -0.01171 -0.09380 0.06375 0.99348
1661398672.585145950 -2.30895 -0.83758 0.86250 -0.01146 -0.09332 0.06509 0.99344
1661398672.595146179 -2.31199 -0.83779 0.86249 -0.01124 -0.09281 0.06639 0.99340
1661398672.605145931 -2.31505 -0.83797 0.86251 -0.01105 -0.09229 0.06765 0.99337
1661398672.615146160 -2.31812 -0.83810 0.86256 -0.01089 -0.09180 0.06887 0.99333
1661398672.625145912 -2.32122 -0.83818 0.86263 -0.01077 -0.09138 0.07004 0.99329
1661398672.635146141 -2.32434 -0.83823 0.86272 -0.01067 -0.09105 0.07118 0.99324
1661398672.645145893 -2.32748 -0.83823 0.86284 -0.01061 -0.09086 0.07227 0.99318
1661398672.655146122 -2.33065 -0.83820 0.86298 -0.01058 -0.09082 0.07333 0.99311
1661398672.665145874 -2.33383 -0.83813 0.86314 -0.01058 -0.09092 0.07434 0.99302
1661398672.675146103 -2.33703 -0.83802 0.86333 -0.01059 -0.09115 0.07531 0.99293
1661398672.685145855 -2.34024 -0.83787 0.86354 -0.01062 -0.09148 0.07624 0.99283
1661398672.695146084 -2.34345 -0.83768 0.86379 -0.01064 -0.09190 0.07712 0.99272
1661398672.705146074 -2.34665 -0.83744 0.86406 -0.01066 -0.09239 0.07796 0.99261
1661398672.715146065 -2.34983 -0.83716 0.86436 -0.01066 -0.09292 0.07875 0.99250
1661398672.725146055 -2.35300 -0.83684 0.86470 -0.01064 -0.09348 0.07950 0.99239
1661398672.735146046 -2.35615 -0.83648 0.86508 -0.01059 -0.09404 0.08019 0.99228
1661398672.745146036 -2.35926 -0.83607 0.86550 -0.01050 -0.09459 0.08084 0.99217
1661398672.755146027 -2.36234 -0.83561 0.86595 -0.01037 -0.09511 0.08143 0.99208
1661398672.765146017 -2.36539 -0.83511 0.86644 -0.01019 -0.09560 0.08199 0.99198
1661398672.775146008 -2.36841 -0.83456 0.86695 -0.00999 -0.09606 0.08250 0.99190
1661398672.785145998 -2.37141 -0.83397 0.86749 -0.00976 -0.09648 0.08299 0.99182
1661398672.795145988 -2.37439 -0.83334 0.86803 -0.00952 -0.09687 0.08345 0.99175
1661398672.805145979 -2.37737 -0.83266 0.86858 -0.00928 -0.09723 0.08389 0.99168
1661398672.815145969 -2.38035 -0.83195 0.86913 -0.00904 -0.09756 0.08432 0.99161
1661398672.825145960 -2.38332 -0.83120 0.86967 -0.00882 -0.09785 0.08474 0.99155
1661398672.835146189 -2.38631 -0.83042 0.87020 -0.00862 -0.09811 0.08516 0.99149
1661398672.845145941 -2.38931 -0.82960 0.87070 -0.00846 -0.09833 0.08560 0.99143
1661398672.855146170 -2.39233 -0.82874 0.87117 -0.00833 -0.09852 0.08604 0.99137
1661398672.865145922 -2.39536 -0.82785 0.87161 -0.00824 -0.09869 0.08649 0.99132
1661398672.875146151 -2.39842 -0.82693 0.87203 -0.00818 -0.09883 0.08692 0.99127
1661398672.885145903 -2.40150 -0.82596 0.87241 -0.00815 -0.09896 0.08735 0.99122
1661398672.895146132 -2.40459 -0.82495 0.87276 -0.00813 -0.09908 0.08774 0.99117
1661398672.905145884 -2.40771 -0.82389 0.87308 -0.00813 -0.09919 0.08809 0.99113
1661398672.915146112 -2.41084 -0.82279 0.87337 -0.00813 -0.09930 0.08840 0.99109
1661398672.925145864 -2.41398 -0.82164 0.87362 -0.00814 -0.09943 0.08864 0.99106
1661398672.935146093 -2.41715 -0.82044 0.87385 -0.00815 -0.09956 0.08882 0.99103
1661398672.945145845 -2.42033 -0.81919 0.87404 -0.00814 -0.09972 0.08891 0.99100
1661398672.955146074 -2.42353 -0.81788 0.87420 -0.00813 -0.09989 0.08892 0.99098
1661398672.965146065 -2.42674 -0.81651 0.87432 -0.00810 -0.10009 0.08884 0.99097
1661398672.975146055 -2.42998 -0.81510 0.87442 -0.00807 -0.10032 0.08869 0.99096
1661398672.985146046 -2.43323 -0.81363 0.87448 -0.00804 -0.10056 0.08847 0.99096
1661398672.995146036 -2.43650 -0.81211 0.87451 -0.00802 -0.10082 0.08820 0.99096
1661398673.005146027 -2.43980 -0.81054 0.87452 -0.00801 -0.10109 0.08788 0.99096
1661398673.015146017 -2.44312 -0.80892 0.87449 -0.00801 -0.10139 0.08751 0.99096
1661398673.025146008 -2.44646 -0.80726 0.87444 -0.00804 -0.10169 0.08712 0.99096
1661398673.035145998 -2.44982 -0.80554 0.87435 -0.00809 -0.10200 0.08670 0.99097
1661398673.045145988 -2.45321 -0.80378 0.87424 -0.00817 -0.10233 0.08627 0.99097
1661398673.055145979 -2.45663 -0.80197 0.87410 -0.00829 -0.10266 0.08582 0.99097
1661398673.065145969 -2.46008 -0.80012 0.87393 -0.00845 -0.10299 0.08538 0.99098
1661398673.075146198 -2.46355 -0.79821 0.87373 -0.00864 -0.10330 0.08492 0.99098
1661398673.085145950 -2.46706 -0.79626 0.87350 -0.00886 -0.10360 0.08445 0.99099
1661398673.095146179 -2.47060 -0.79425 0.87324 -0.00911 -0.10385 0.08398 0.99100
1661398673.105145931 -2.47417 -0.79218 0.87294 -0.00939 -0.10407 0.08350 0.99101
1661398673.115146160 -2.47778 -0.79007 0.87260 -0.00969 -0.10423 0.08301 0.99104
1661398673.125145912 -2.48142 -0.78789 0.87222 -0.01002 -0.10433 0.08251 0.99106
1661398673.135146141 -2.48510 -0.78565 0.87180 -0.01038 -0.10435 0.08200 0.99110
1661398673.145145893 -2.48883 -0.78336 0.87134 -0.01076 -0.10428 0.08148 0.99115
1661398673.155146122 -2.49259 -0.78100 0.87083 -0.01115 -0.10413 0.08095 0.99120
1661398673.165145874 -2.49639 -0.77858 0.87028 -0.01155 -0.10390 0.08041 0.99127
1661398673.175146103 -2.50024 -0.77610 0.86969 -0.01195 -0.10361 0.07986 0.99134
1661398673.185145855 -2.50413 -0.77356 0.86905 -0.01233 -0.10328 0.07930 0.99141
1661398673.195146084 -2.50807 -0.77096 0.86838 -0.01268 -0.10293 0.07874 0.99149
1661398673.205146074 -2.51206 -0.76831 0.86766 -0.01298 -0.10257 0.07817 0.99156
1661398673.215146065 -2.51610 -0.76560 0.86691 -0.01323 -0.10224 0.07759 0.99164
1661398673.225146055 -2.52018 -0.76284 0.86612 -0.01342 -0.10194 0.07700 0.99171
1661398673.235146046 -2.52433 -0.76003 0.86529 -0.01352 -0.10170 0.07642 0.99178
1661398673.245146036 -2.52852 -0.75716 0.86443 -0.01352 -0.10153 0.07583 0.99185
1661398673.255146027 -2.53277 -0.75425 0.86354 -0.01343 -0.10145 0.07523 0.99190
1661398673.265146017 -2.53707 -0.75130 0.86261 -0.01323 -0.10143 0.07463 0.99195
1661398673.275146008 -2.54142 -0.74830 0.86165 -0.01295 -0.10146 0.07402 0.99200
1661398673.285145998 -2.54579 -0.74526 0.86066 -0.01258 -0.10150 0.07339 0.99205
1661398673.295145988 -2.55019 -0.74219 0.85965 -0.01215 -0.10152 0.07274 0.99210
1661398673.305145979 -2.55462 -0.73909 0.85861 -0.01165 -0.10151 0.07206 0.99215
1661398673.315145969 -2.55906 -0.73596 0.85755 -0.01110 -0.10144 0.07136 0.99222
1661398673.325145960 -2.56350 -0.73281 0.85647 -0.01050 -0.10127 0.07062 0.99229
1661398673.335146189 -2.56794 -0.72964 0.85537 -0.00986 -0.10099 0.06985 0.99238
1661398673.345145941 -2.57237 -0.72646 0.85425 -0.00920 -0.10056 0.06903 0.99249
1661398673.355146170 -2.57679 -0.72326 0.85311 -0.00851 -0.09997 0.06817 0.99262
1661398673.365145922 -2.58120 -0.72005 0.85197 -0.00780 -0.09921 0.06728 0.99276
1661398673.375146151 -2.58559 -0.71683 0.85082 -0.00706 -0.09830 0.06636 0.99292
1661398673.385145903 -2.58997 -0.71360 0.84968 -0.00629 -0.09722 0.06544 0.99309
1661398673.395146132 -2.59434 -0.71037 0.84853 -0.00548 -0.09600 0.06452 0.99327
1661398673.405145884 -2.59870 -0.70712 0.84740 -0.00464 -0.09463 0.06360 0.99347
1661398673.415146112 -2.60305 -0.70387 0.84629 -0.00375 -0.09312 0.06272 0.99367
1661398673.425145864 -2.60739 -0.70061 0.84519 -0.00281 -0.09147 0.06187 0.99388
1661398673.435146093 -2.61173 -0.69734 0.84412 -0.00182 -0.08969 0.06107 0.99409
1661398673.445145845 -2.61606 -0.69407 0.84309 -0.00077 -0.08778 0.06034 0.99431
1661398673.455146074 -2.62039 -0.69080 0.84209 0.00033 -0.08575 0.05967 0.99453
1661398673.465146065 -2.62472 -0.68752 0.84113 0.00148 -0.08364 0.05907 0.99474
1661398673.475146055 -2.62904 -0.68424 0.84020 0.00263 -0.08149 0.05854 0.99495
1661398673.485146046 -2.63336 -0.68096 0.83932 0.00377 -0.07934 0.05805 0.99515
1661398673.495146036 -2.63767 -0.67769 0.83848 0.00488 -0.07723 0.05761 0.99534
1661398673.505146027 -2.64197 -0.67441 0.83768 0.00592 -0.07521 0.05722 0.99551
1661398673.515146017 -2.64627 -0.67115 0.83693 0.00688 -0.07332 0.05685 0.99566
1661398673.525146008 -2.65056 -0.66788 0.83623 0.00773 -0.07159 0.05652 0.99580
1661398673.535145998 -2.65484 -0.66463 0.83557 0.00844 -0.07007 0.05621 0.99592
1661398673.545145988 -2.65912 -0.66138 0.83496 0.00900 -0.06881 0.05591 0.99602
1661398673.555145979 -2.66338 -0.65815 0.83439 0.00938 -0.06782 0.05562 0.99610
1661398673.565145969 -2.66763 -0.65494 0.83388 0.00960 -0.06709 0.05535 0.99616
1661398673.575146198 -2.67187 -0.65175 0.83343 0.00970 -0.06657 0.05509 0.99621
1661398673.585145950 -2.67609 -0.64859 0.83302 0.00970 -0.06621 0.05487 0.99625
1661398673.595146179 -2.68029 -0.64547 0.83268 0.00963 -0.06597 0.05467 0.99628
1661398673.605145931 -2.68448 -0.64240 0.83239 0.00951 -0.06582 0.05451 0.99630
1661398673.615146160 -2.68863 -0.63937 0.83216 0.00938 -0.06571 0.05439 0.99631
1661398673.625145912 -2.69276 -0.63641 0.83199 0.00926 -0.06559 0.05431 0.99632
1661398673.635146141 -2.69686 -0.63352 0.83188 0.00917 -0.06543 0.05429 0.99634
1661398673.645145893 -2.70093 -0.63070 0.83184 0.00916 -0.06518 0.05433 0.99635
1661398673.655146122 -2.70497 -0.62796 0.83187 0.00923 -0.06481 0.05443 0.99637
1661398673.665145874 -2.70897 -0.62529 0.83195 0.00937 -0.06435 0.05458 0.99639
1661398673.675146103 -2.71294 -0.62271 0.83209 0.00957 -0.06382 0.05477 0.99641
1661398673.685145855 -2.71689 -0.62020 0.83229 0.00979 -0.06328 0.05501 0.99643
1661398673.695146084 -2.72081 -0.61777 0.83255 0.01002 -0.06275 0.05527 0.99645
1661398673.705146074 -2.72471 -0.61541 0.83285 0.01023 -0.06226 0.05555 0.99646
1661398673.715146065 -2.72859 -0.61311 0.83319 0.01040 -0.06187 0.05584 0.99647
1661398673.725146055 -2.73245 -0.61089 0.83358 0.01052 -0.06159 0.05613 0.99647
1661398673.735146046 -2.73629 -0.60874 0.83401 0.01055 -0.06148 0.05642 0.99646
1661398673.745146036 -2.74013 -0.60665 0.83447 0.01047 -0.06155 0.05669 0.99644
1661398673.755146027 -2.74395 -0.60463 0.83497 0.01027 -0.06185 0.05693 0.99641
1661398673.765146017 -2.74775 -0.60267 0.83550 0.00996 -0.06236 0.05716 0.99637
1661398673.775146008 -2.75154 -0.60078 0.83605 0.00956 -0.06305 0.05739 0.99631
1661398673.785145998 -2.75531 -0.59895 0.83662 0.00907 -0.06392 0.05761 0.99625
1661398673.795145988 -2.75906 -0.59718 0.83721 0.00851 -0.06492 0.05785 0.99618
1661398673.805145979 -2.76279 -0.59548 0.83782 0.00791 -0.06605 0.05811 0.99609
1661398673.815145969 -2.76648 -0.59384 0.83845 0.00726 -0.06729 0.05840 0.99600
1661398673.825145960 -2.77015 -0.59226 0.83908 0.00659 -0.06860 0.05874 0.99589
1661398673.835146189 -2.77378 -0.59074 0.83972 0.00591 -0.06998 0.05912 0.99578
1661398673.845145941 -2.77737 -0.58929 0.84036 0.00524 -0.07139 0.05957 0.99565
1661398673.855146170 -2.78093 -0.58789 0.84100 0.00459 -0.07282 0.06007 0.99552
1661398673.865145922 -2.78445 -0.58656 0.84164 0.00395 -0.07426 0.06064 0.99539
1661398673.875146151 -2.78794 -0.58527 0.84227 0.00334 -0.07568 0.06125 0.99524
1661398673.885145903 -2.79140 -0.58404 0.84289 0.00274 -0.07707 0.06189 0.99510
1661398673.895146132 -2.79482 -0.58285 0.84350 0.00216 -0.07842 0.06255 0.99495
1661398673.905145884 -2.79822 -0.58170 0.84409 0.00159 -0.07970 0.06321 0.99481
1661398673.915146112 -2.80160 -0.58059 0.84466 0.00103 -0.08091 0.06387 0.99467
1661398673.925145864 -2.80495 -0.57952 0.84520 0.00049 -0.08203 0.06450 0.99454
1661398673.935146093 -2.80829 -0.57847 0.84572 -0.00005 -0.08304 0.06510 0.99442
1661398673.945145845 -2.81160 -0.57745 0.84621 -0.00058 -0.08393 0.06566 0.99431
1661398673.955146074 -2.81490 -0.57645 0.84667 -0.00110 -0.08468 0.06615 0.99421
1661398673.965146065 -2.81819 -0.57547 0.84709 -0.00161 -0.08532 0.06660 0.99412
1661398673.975146055 -2.82147 -0.57452 0.84748 -0.00210 -0.08584 0.06699 0.99405
1661398673.985146046 -2.82475 -0.57360 0.84784 -0.00258 -0.08627 0.06735 0.99399
1661398673.995146036 -2.82802 -0.57271 0.84817 -0.00304 -0.08663 0.06767 0.99393
1661398674.005146027 -2.83129 -0.57184 0.84847 -0.00346 -0.08692 0.06797 0.99389
1661398674.015146017 -2.83457 -0.57101 0.84874 -0.00386 -0.08717 0.06825 0.99385
1661398674.025146008 -2.83785 -0.57021 0.84897 -0.00422 -0.08738 0.06851 0.99381
1661398674.035145998 -2.84114 -0.56945 0.84918 -0.00454 -0.08758 0.06876 0.99377
1661398674.045145988 -2.84444 -0.56873 0.84936 -0.00481 -0.08777 0.06902 0.99374
1661398674.055145979 -2.84776 -0.56804 0.84951 -0.00504 -0.08798 0.06927 0.99370
1661398674.065145969 -2.85109 -0.56739 0.84964 -0.00522 -0.08820 0.06954 0.99366
1661398674.075146198 -2.85443 -0.56678 0.84973 -0.00538 -0.08842 0.06981 0.99362
1661398674.085145950 -2.85780 -0.56621 0.84979 -0.00550 -0.08864 0.07009 0.99358
1661398674.095146179 -2.86118 -0.56566 0.84981 -0.00561 -0.08886 0.07037 0.99354
1661398674.105145931 -2.86457 -0.56515 0.84981 -0.00572 -0.08907 0.07067 0.99350
1661398674.115146160 -2.86798 -0.56466 0.84976 -0.00581 -0.08927 0.07098 0.99346
1661398674.125145912 -2.87141 -0.56420 0.84968 -0.00592 -0.08946 0.07129 0.99342
1661398674.135146141 -2.87486 -0.56377 0.84957 -0.00604 -0.08962 0.07162 0.99338
1661398674.145145893 -2.87832 -0.56336 0.84941 -0.00617 -0.08976 0.07196 0.99334
1661398674.155146122 -2.88181 -0.56297 0.84921 -0.00634 -0.08987 0.07231 0.99331
1661398674.165145874 -2.88531 -0.56259 0.84897 -0.00653 -0.08994 0.07267 0.99327
1661398674.175146103 -2.88883 -0.56223 0.84869 -0.00674 -0.08998 0.07302 0.99324
1661398674.185145855 -2.89238 -0.56189 0.84837 -0.00696 -0.08997 0.07337 0.99321
1661398674.195146084 -2.89595 -0.56155 0.84802 -0.00718 -0.08992 0.07370 0.99319
1661398674.205146074 -2.89955 -0.56121 0.84762 -0.00741 -0.08983 0.07400 0.99318
1661398674.215146065 -2.90317 -0.56088 0.84718 -0.00763 -0.08967 0.07428 0.99317
1661398674.225146055 -2.90683 -0.56055 0.84671 -0.00784 -0.08947 0.07451 0.99317
1661398674.235146046 -2.91052 -0.56021 0.84619 -0.00803 -0.08920 0.07471 0.99318
1661398674.245146036 -2.91424 -0.55986 0.84564 -0.00820 -0.08886 0.07485 0.99319
1661398674.255146027 -2.91800 -0.55950 0.84505 -0.00834 -0.08846 0.07493 0.99322
1661398674.265146017 -2.92179 -0.55914 0.84443 -0.00846 -0.08800 0.07496 0.99326
1661398674.275146008 -2.92561 -0.55876 0.84377 -0.00857 -0.08747 0.07494 0.99331
1661398674.285145998 -2.92947 -0.55838 0.84308 -0.00867 -0.08690 0.07488 0.99336
1661398674.295145988 -2.93336 -0.55798 0.84237 -0.00877 -0.08628 0.07479 0.99342
1661398674.305145979 -2.93728 -0.55759 0.84164 -0.00888 -0.08562 0.07466 0.99349
1661398674.315145969 -2.94123 -0.55719 0.84088 -0.00900 -0.08492 0.07452 0.99356
1661398674.325145960 -2.94521 -0.55678 0.84011 -0.00915 -0.08419 0.07435 0.99363
1661398674.335146189 -2.94922 -0.55638 0.83932 -0.00932 -0.08344 0.07417 0.99370
1661398674.345145941 -2.95326 -0.55597 0.83852 -0.00952 -0.08267 0.07399 0.99378
1661398674.355146170 -2.95732 -0.55556 0.83772 -0.00977 -0.08189 0.07381 0.99386
1661398674.365145922 -2.96140 -0.55515 0.83691 -0.01005 -0.08110 0.07364 0.99393
1661398674.375146151 -2.96549 -0.55473 0.83610 -0.01036 -0.08033 0.07347 0.99400
1661398674.385145903 -2.96960 -0.55430 0.83529 -0.01070 -0.07960 0.07332 0.99407
1661398674.395146132 -2.97370 -0.55385 0.83450 -0.01106 -0.07891 0.07320 0.99413
1661398674.405145884 -2.97781 -0.55339 0.83371 -0.01143 -0.07828 0.07310 0.99418
1661398674.415146112 -2.98191 -0.55291 0.83295 -0.01181 -0.07772 0.07303 0.99423
1661398674.425145864 -2.98599 -0.55240 0.83220 -0.01219 -0.07725 0.07300 0.99426
1661398674.435146093 -2.99005 -0.55186 0.83148 -0.01257 -0.07689 0.07300 0.99428
1661398674.445145845 -2.99409 -0.55129 0.83079 -0.01294 -0.07665 0.07306 0.99429
1661398674.455146074 -2.99810 -0.55068 0.83013 -0.01330 -0.07654 0.07317 0.99429
1661398674.465146065 -3.00208 -0.55004 0.82951 -0.01362 -0.07654 0.07332 0.99427
1661398674.475146055 -3.00604 -0.54938 0.82894 -0.01391 -0.07664 0.07352 0.99425
1661398674.485146046 -3.00997 -0.54869 0.82841 -0.01415 -0.07681 0.07375 0.99421
1661398674.495146036 -3.01389 -0.54797 0.82793 -0.01433 -0.07704 0.07401 0.99417
1661398674.505146027 -3.01779 -0.54725 0.82750 -0.01444 -0.07731 0.07430 0.99413
1661398674.515146017 -3.02168 -0.54650 0.82714 -0.01446 -0.07760 0.07460 0.99408
1661398674.525146008 -3.02556 -0.54575 0.82683 -0.01439 -0.07789 0.07492 0.99404
1661398674.535145998 -3.02944 -0.54500 0.82660 -0.01421 -0.07816 0.07525 0.99400
1661398674.545145988 -3.03331 -0.54424 0.82643 -0.01391 -0.07839 0.07559 0.99396
1661398674.555145979 -3.03719 -0.54348 0.82635 -0.01348 -0.07856 0.07592 0.99392
1661398674.565145969 -3.04106 -0.54273 0.82634 -0.01296 -0.07869 0.07623 0.99390
1661398674.575146198 -3.04493 -0.54197 0.82640 -0.01237 -0.07879 0.07651 0.99387
1661398674.585145950 -3.04881 -0.54121 0.82654 -0.01175 -0.07887 0.07673 0.99386
1661398674.595146179 -3.05268 -0.54044 0.82676 -0.01112 -0.07893 0.07689 0.99385
1661398674.605145931 -3.05655 -0.53967 0.82705 -0.01053 -0.07901 0.07696 0.99384
1661398674.615146160 -3.06042 -0.53890 0.82742 -0.00996 -0.07914 0.07698 0.99384
1661398674.625145912 -3.06430 -0.53813 0.82785 -0.00942 -0.07936 0.07695 0.99383
1661398674.635146141 -3.06818 -0.53736 0.82833 -0.00890 -0.07972 0.07692 0.99381
1661398674.645145893 -3.07207 -0.53661 0.82887 -0.00840 -0.08028 0.07689 0.99377
1661398674.655146122 -3.07597 -0.53587 0.82946 -0.00793 -0.08105 0.07690 0.99371
1661398674.665145874 -3.07987 -0.53514 0.83008 -0.00749 -0.08203 0.07695 0.99363
1661398674.675146103 -3.08377 -0.53441 0.83075 -0.00708 -0.08317 0.07703 0.99353
1661398674.685145855 -3.08765 -0.53368 0.83145 -0.00673 -0.08443 0.07714 0.99342
1661398674.695146084 -3.09151 -0.53295 0.83219 -0.00643 -0.08577 0.07728 0.99329
1661398674.705146074 -3.09534 -0.53221 0.83296 -0.00621 -0.08716 0.07746 0.99316
1661398674.715146065 -3.09913 -0.53145 0.83376 -0.00606 -0.08857 0.07766 0.99302
1661398674.725146055 -3.10287 -0.53068 0.83458 -0.00601 -0.08995 0.07790 0.99288
1661398674.735146046 -3.10656 -0.52988 0.83543 -0.00605 -0.09126 0.07816 0.99274
1661398674.745146036 -3.11018 -0.52906 0.83630 -0.00621 -0.09248 0.07844 0.99260
1661398674.755146027 -3.11374 -0.52820 0.83719 -0.00648 -0.09356 0.07875 0.99247
1661398674.765146017 -3.11722 -0.52731 0.83809 -0.00686 -0.09452 0.07908 0.99235
1661398674.775146008 -3.12065 -0.52638 0.83900 -0.00732 -0.09536 0.07942 0.99224
1661398674.785145998 -3.12404 -0.52542 0.83992 -0.00784 -0.09610 0.07975 0.99214
1661398674.795145988 -3.12738 -0.52441 0.84084 -0.00842 -0.09675 0.08008 0.99205
1661398674.805145979 -3.13068 -0.52337 0.84177 -0.00902 -0.09732 0.08040 0.99196
1661398674.815145969 -3.13396 -0.52229 0.84270 -0.00964 -0.09783 0.08069 0.99188
1661398674.825145960 -3.13722 -0.52116 0.84362 -0.01025 -0.09827 0.08095 0.99181
1661398674.835146189 -3.14047 -0.51998 0.84453 -0.01084 -0.09867 0.08117 0.99174
1661398674.845145941 -3.14372 -0.51876 0.84543 -0.01139 -0.09904 0.08135 0.99169
1661398674.855146170 -3.14698 -0.51750 0.84631 -0.01188 -0.09939 0.08148 0.99164
1661398674.865145922 -3.15024 -0.51618 0.84718 -0.01231 -0.09973 0.08156 0.99159
1661398674.875146151 -3.15353 -0.51482 0.84803 -0.01268 -0.10008 0.08160 0.99155
1661398674.885145903 -3.15685 -0.51342 0.84885 -0.01299 -0.10045 0.08161 0.99151
1661398674.895146132 -3.16021 -0.51198 0.84965 -0.01322 -0.10084 0.08160 0.99146
1661398674.905145884 -3.16362 -0.51050 0.85042 -0.01339 -0.10128 0.08157 0.99142
1661398674.915146112 -3.16708 -0.50899 0.85116 -0.01348 -0.10177 0.08154 0.99137
1661398674.925145864 -3.17062 -0.50744 0.85186 -0.01351 -0.10234 0.08151 0.99131
1661398674.935146093 -3.17422 -0.50586 0.85253 -0.01345 -0.10298 0.08150 0.99125
1661398674.945145845 -3.17791 -0.50425 0.85315 -0.01332 -0.10372 0.08150 0.99117
1661398674.955146074 -3.18169 -0.50261 0.85374 -0.01312 -0.10456 0.08153 0.99108
1661398674.965146065 -3.18555 -0.50092 0.85428 -0.01285 -0.10551 0.08158 0.99098
1661398674.975146055 -3.18948 -0.49917 0.85477 -0.01252 -0.10656 0.08167 0.99087
1661398674.985146046 -3.19347 -0.49734 0.85521 -0.01215 -0.10770 0.08179 0.99074
1661398674.995146036 -3.19750 -0.49542 0.85560 -0.01176 -0.10894 0.08195 0.99059
1661398675.005146027 -3.20156 -0.49340 0.85593 -0.01135 -0.11027 0.08214 0.99044
1661398675.015146017 -3.20567 -0.49128 0.85621 -0.01094 -0.11166 0.08237 0.99027
1661398675.025146008 -3.20981 -0.48907 0.85644 -0.01053 -0.11309 0.08264 0.99009
1661398675.035145998 -3.21401 -0.48680 0.85661 -0.01013 -0.11453 0.08295 0.98990
1661398675.045145988 -3.21826 -0.48447 0.85673 -0.00975 -0.11595 0.08330 0.98971
1661398675.055145979 -3.22257 -0.48209 0.85680 -0.00940 -0.11734 0.08369 0.98952
1661398675.065145969 -3.22694 -0.47966 0.85682 -0.00909 -0.11862 0.08410 0.98933
1661398675.075146198 -3.23134 -0.47716 0.85678 -0.00883 -0.11973 0.08454 0.98916
1661398675.085145950 -3.23578 -0.47456 0.85668 -0.00865 -0.12063 0.08497 0.98902
1661398675.095146179 -3.24025 -0.47187 0.85651 -0.00855 -0.12125 0.08540 0.98890
1661398675.105145931 -3.24474 -0.46905 0.85629 -0.00854 -0.12154 0.08581 0.98883
1661398675.115146160 -3.24925 -0.46612 0.85599 -0.00859 -0.12154 0.08621 0.98880
1661398675.125145912 -3.25378 -0.46308 0.85565 -0.00866 -0.12130 0.08661 0.98879
1661398675.135146141 -3.25834 -0.45992 0.85524 -0.00870 -0.12087 0.08702 0.98881
1661398675.145145893 -3.26293 -0.45666 0.85479 -0.00869 -0.12030 0.08744 0.98884
1661398675.155146122 -3.26755 -0.45329 0.85428 -0.00857 -0.11963 0.08788 0.98888
1661398675.165145874 -3.27220 -0.44982 0.85374 -0.00835 -0.11888 0.08836 0.98893
1661398675.175146103 -3.27689 -0.44626 0.85316 -0.00803 -0.11806 0.08885 0.98899
1661398675.185145855 -3.28161 -0.44263 0.85255 -0.00761 -0.11718 0.08937 0.98905
1661398675.195146084 -3.28637 -0.43892 0.85191 -0.00709 -0.11625 0.08991 0.98912
1661398675.205146074 -3.29118 -0.43515 0.85125 -0.00647 -0.11529 0.09046 0.98918
1661398675.215146065 -3.29603 -0.43132 0.85058 -0.00574 -0.11430 0.09103 0.98925
1661398675.225146055 -3.30093 -0.42746 0.84991 -0.00492 -0.11330 0.09162 0.98932
1661398675.235146046 -3.30587 -0.42355 0.84923 -0.00399 -0.11229 0.09222 0.98938
1661398675.245146036 -3.31087 -0.41962 0.84855 -0.00296 -0.11128 0.09284 0.98944
1661398675.255146027 -3.31592 -0.41567 0.84788 -0.00184 -0.11029 0.09346 0.98949
1661398675.265146017 -3.32102 -0.41170 0.84722 -0.00063 -0.10931 0.09409 0.98954
1661398675.275146008 -3.32617 -0.40773 0.84656 0.00066 -0.10833 0.09472 0.98959
1661398675.285145998 -3.33137 -0.40374 0.84591 0.00202 -0.10735 0.09536 0.98964
1661398675.295145988 -3.33661 -0.39975 0.84527 0.00343 -0.10635 0.09600 0.98968
1661398675.305145979 -3.34190 -0.39576 0.84463 0.00489 -0.10534 0.09664 0.98972
1661398675.315145969 -3.34723 -0.39177 0.84398 0.00638 -0.10429 0.09727 0.98976
1661398675.325145960 -3.35259 -0.38779 0.84334 0.00789 -0.10322 0.09791 0.98980
1661398675.335146189 -3.35800 -0.38382 0.84270 0.00942 -0.10210 0.09853 0.98984
1661398675.345145941 -3.36344 -0.37986 0.84205 0.01094 -0.10094 0.09915 0.98988
1661398675.355146170 -3.36891 -0.37592 0.84140 0.01246 -0.09972 0.09975 0.98992
1661398675.365145922 -3.37442 -0.37199 0.84076 0.01396 -0.09846 0.10035 0.98997
1661398675.375146151 -3.37994 -0.36808 0.84011 0.01543 -0.09717 0.10094 0.99002
1661398675.385145903 -3.38548 -0.36419 0.83948 0.01687 -0.09586 0.10153 0.99006
1661398675.395146132 -3.39104 -0.36033 0.83885 0.01827 -0.09456 0.10212 0.99010
1661398675.405145884 -3.39660 -0.35648 0.83824 0.01963 -0.09326 0.10272 0.99013
1661398675.415146112 -3.40217 -0.35267 0.83765 0.02094 -0.09198 0.10333 0.99016
1661398675.425145864 -3.40773 -0.34888 0.83709 0.02218 -0.09074 0.10395 0.99019
1661398675.435146093 -3.41328 -0.34511 0.83655 0.02336 -0.08955 0.10458 0.99020
1661398675.445145845 -3.41882 -0.34138 0.83605 0.02447 -0.08842 0.10523 0.99021
1661398675.455146074 -3.42435 -0.33767 0.83558 0.02550 -0.08736 0.10591 0.99020
1661398675.465146065 -3.42985 -0.33400 0.83514 0.02646 -0.08638 0.10661 0.99019
1661398675.475146055 -3.43531 -0.33038 0.83475 0.02737 -0.08548 0.10733 0.99016
1661398675.485146046 -3.44074 -0.32680 0.83439 0.02824 -0.08466 0.10807 0.99013
1661398675.495146036 -3.44612 -0.32328 0.83406 0.02909 -0.08393 0.10883 0.99008
1661398675.505146027 -3.45145 -0.31981 0.83378 0.02993 -0.08329 0.10962 0.99003
1661398675.515146017 -3.45672 -0.31641 0.83353 0.03076 -0.08274 0.11042 0.98996
1661398675.525146008 -3.46192 -0.31308 0.83332 0.03162 -0.08229 0.11125 0.98988
1661398675.535145998 -3.46705 -0.30983 0.83314 0.03250 -0.08193 0.11209 0.98978
1661398675.545145988 -3.47209 -0.30666 0.83301 0.03343 -0.08168 0.11296 0.98967
1661398675.555145979 -3.47706 -0.30358 0.83291 0.03441 -0.08152 0.11384 0.98955
1661398675.565145969 -3.48194 -0.30058 0.83286 0.03542 -0.08145 0.11474 0.98942
1661398675.575146198 -3.48674 -0.29766 0.83283 0.03645 -0.08143 0.11564 0.98928
1661398675.585145950 -3.49148 -0.29482 0.83285 0.03748 -0.08145 0.11656 0.98913
1661398675.595146179 -3.49615 -0.29205 0.83289 0.03847 -0.08148 0.11747 0.98898
1661398675.605145931 -3.50076 -0.28935 0.83297 0.03940 -0.08150 0.11838 0.98883
1661398675.615146160 -3.50532 -0.28671 0.83308 0.04026 -0.08150 0.11928 0.98869
1661398675.625145912 -3.50982 -0.28414 0.83321 0.04103 -0.08143 0.12017 0.98856
1661398675.635146141 -3.51429 -0.28162 0.83338 0.04167 -0.08129 0.12105 0.98843
1661398675.645145893 -3.51872 -0.27915 0.83356 0.04217 -0.08105 0.12190 0.98833
1661398675.655146122 -3.52312 -0.27674 0.83378 0.04251 -0.08070 0.12273 0.98824
1661398675.665145874 -3.52749 -0.27437 0.83401 0.04269 -0.08025 0.12355 0.98817
1661398675.675146103 -3.53183 -0.27206 0.83428 0.04272 -0.07974 0.12437 0.98810
1661398675.685145855 -3.53615 -0.26981 0.83457 0.04262 -0.07919 0.12520 0.98805
1661398675.695146084 -3.54045 -0.26762 0.83489 0.04237 -0.07862 0.12607 0.98799
1661398675.705146074 -3.54474 -0.26549 0.83524 0.04201 -0.07806 0.12697 0.98794
1661398675.715146065 -3.54901 -0.26342 0.83562 0.04153 -0.07755 0.12794 0.98787
1661398675.725146055 -3.55327 -0.26142 0.83604 0.04094 -0.07710 0.12898 0.98780
1661398675.735146046 -3.55752 -0.25949 0.83648 0.04025 -0.07675 0.13010 0.98771
1661398675.745146036 -3.56176 -0.25764 0.83697 0.03947 -0.07652 0.13133 0.98759
1661398675.755146027 -3.56601 -0.25586 0.83749 0.03861 -0.07643 0.13267 0.98746
1661398675.765146017 -3.57025 -0.25416 0.83804 0.03767 -0.07648 0.13410 0.98729
1661398675.775146008 -3.57449 -0.25253 0.83862 0.03669 -0.07667 0.13562 0.98711
1661398675.785145998 -3.57873 -0.25098 0.83924 0.03566 -0.07699 0.13722 0.98690
1661398675.795145988 -3.58298 -0.24950 0.83989 0.03462 -0.07742 0.13888 0.98667
1661398675.805145979 -3.58722 -0.24810 0.84056 0.03357 -0.07796 0.14058 0.98642
1661398675.815145969 -3.59148 -0.24677 0.84125 0.03252 -0.07861 0.14232 0.98616
1661398675.825145960 -3.59573 -0.24552 0.84198 0.03150 -0.07936 0.14407 0.98588
1661398675.835146189 -3.60000 -0.24434 0.84272 0.03051 -0.08019 0.14584 0.98558
1661398675.845145941 -3.60427 -0.24324 0.84348 0.02959 -0.08111 0.14759 0.98527
1661398675.855146170 -3.60855 -0.24221 0.84426 0.02873 -0.08210 0.14933 0.98495
1661398675.865145922 -3.61284 -0.24126 0.84505 0.02793 -0.08315 0.15105 0.98463
1661398675.875146151 -3.61715 -0.24037 0.84586 0.02720 -0.08425 0.15275 0.98429
1661398675.885145903 -3.62147 -0.23956 0.84667 0.02653 -0.08538 0.15442 0.98395
1661398675.895146132 -3.62582 -0.23883 0.84748 0.02592 -0.08654 0.15607 0.98361
1661398675.905145884 -3.63020 -0.23816 0.84829 0.02536 -0.08771 0.15770 0.98326
1661398675.915146112 -3.63460 -0.23757 0.84910 0.02485 -0.08888 0.15931 0.98291
1661398675.925145864 -3.63904 -0.23705 0.84989 0.02439 -0.09004 0.16089 0.98255
1661398675.935146093 -3.64352 -0.23660 0.85067 0.02397 -0.09117 0.16245 0.98220
1661398675.945145845 -3.64804 -0.23622 0.85143 0.02360 -0.09226 0.16398 0.98186
1661398675.955146074 -3.65260 -0.23591 0.85218 0.02326 -0.09331 0.16549 0.98151
1661398675.965146065 -3.65720 -0.23567 0.85289 0.02295 -0.09430 0.16697 0.98117
1661398675.975146055 -3.66183 -0.23549 0.85358 0.02267 -0.09523 0.16844 0.98084
1661398675.985146046 -3.66650 -0.23538 0.85424 0.02241 -0.09611 0.16988 0.98051
1661398675.995146036 -3.67119 -0.23534 0.85486 0.02216 -0.09694 0.17130 0.98019
1661398676.005146027 -3.67589 -0.23536 0.85543 0.02192 -0.09771 0.17270 0.97987
1661398676.015146017 -3.68062 -0.23544 0.85597 0.02168 -0.09842 0.17409 0.97956
1661398676.025146008 -3.68535 -0.23558 0.85646 0.02143 -0.09907 0.17547 0.97925
1661398676.035145998 -3.69008 -0.23578 0.85690 0.02117 -0.09967 0.17683 0.97895
1661398676.045145988 -3.69482 -0.23604 0.85728 0.02089 -0.10020 0.17818 0.97866
1661398676.055145979 -3.69955 -0.23635 0.85761 0.02059 -0.10067 0.17952 0.97837
1661398676.065145969 -3.70427 -0.23672 0.85788 0.02027 -0.10108 0.18084 0.97809
1661398676.075146198 -3.70897 -0.23713 0.85810 0.01995 -0.10141 0.18213 0.97783
1661398676.085145950 -3.71365 -0.23760 0.85827 0.01962 -0.10168 0.18338 0.97757
1661398676.095146179 -3.71830 -0.23810 0.85839 0.01931 -0.10187 0.18457 0.97734
1661398676.105145931 -3.72291 -0.23865 0.85847 0.01902 -0.10199 0.18569 0.97712
1661398676.115146160 -3.72748 -0.23923 0.85851 0.01876 -0.10202 0.18674 0.97692
1661398676.125145912 -3.73200 -0.23985 0.85850 0.01854 -0.10197 0.18770 0.97674
1661398676.135146141 -3.73647 -0.24049 0.85846 0.01836 -0.10184 0.18855 0.97660
1661398676.145145893 -3.74087 -0.24117 0.85839 0.01824 -0.10162 0.18930 0.97648
1661398676.155146122 -3.74521 -0.24186 0.85828 0.01818 -0.10130 0.18993 0.97639
1661398676.165145874 -3.74949 -0.24259 0.85815 0.01818 -0.10091 0.19046 0.97633
1661398676.175146103 -3.75370 -0.24334 0.85799 0.01823 -0.10044 0.19091 0.97629
1661398676.185145855 -3.75784 -0.24411 0.85780 0.01832 -0.09991 0.19128 0.97626
1661398676.195146084 -3.76191 -0.24491 0.85759 0.01845 -0.09933 0.19161 0.97626
1661398676.205146074 -3.76592 -0.24575 0.85736 0.01860 -0.09870 0.19192 0.97626
1661398676.215146065 -3.76986 -0.24661 0.85712 0.01877 -0.09805 0.19221 0.97626
1661398676.225146055 -3.77374 -0.24751 0.85685 0.01895 -0.09738 0.19252 0.97627
1661398676.235146046 -3.77755 -0.24844 0.85657 0.01914 -0.09669 0.19285 0.97627
1661398676.245146036 -3.78129 -0.24940 0.85628 0.01932 -0.09600 0.19323 0.97626
1661398676.255146027 -3.78497 -0.25040 0.85598 0.01948 -0.09532 0.19367 0.97623
1661398676.265146017 -3.78858 -0.25143 0.85567 0.01963 -0.09465 0.19416 0.97620
1661398676.275146008 -3.79213 -0.25248 0.85536 0.01976 -0.09398 0.19470 0.97615
1661398676.285145998 -3.79561 -0.25354 0.85505 0.01986 -0.09331 0.19527 0.97610
1661398676.295145988 -3.79902 -0.25461 0.85474 0.01992 -0.09264 0.19587 0.97604
1661398676.305145979 -3.80237 -0.25569 0.85444 0.01994 -0.09196 0.19647 0.97598
1661398676.315145969 -3.80566 -0.25676 0.85415 0.01992 -0.09127 0.19708 0.97593
1661398676.325145960 -3.80888 -0.25783 0.85388 0.01985 -0.09057 0.19767 0.97587
1661398676.335146189 -3.81204 -0.25887 0.85362 0.01973 -0.08985 0.19824 0.97583
1661398676.345145941 -3.81514 -0.25989 0.85338 0.01954 -0.08911 0.19878 0.97579
1661398676.355146170 -3.81817 -0.26088 0.85317 0.01930 -0.08835 0.19928 0.97576
1661398676.365145922 -3.82114 -0.26184 0.85299 0.01901 -0.08760 0.19974 0.97574
1661398676.375146151 -3.82406 -0.26278 0.85282 0.01869 -0.08686 0.20016 0.97573
1661398676.385145903 -3.82694 -0.26368 0.85268 0.01837 -0.08616 0.20056 0.97571
1661398676.395146132 -3.82977 -0.26457 0.85256 0.01807 -0.08552 0.20093 0.97570
1661398676.405145884 -3.83256 -0.26542 0.85246 0.01781 -0.08496 0.20128 0.97568
1661398676.415146112 -3.83533 -0.26626 0.85238 0.01761 -0.08451 0.20162 0.97565
1661398676.425145864 -3.83807 -0.26707 0.85232 0.01749 -0.08418 0.20195 0.97562
1661398676.435146093 -3.84078 -0.26786 0.85228 0.01748 -0.08399 0.20227 0.97557
1661398676.445145845 -3.84349 -0.26864 0.85225 0.01758 -0.08397 0.20259 0.97550
1661398676.455146074 -3.84618 -0.26939 0.85224 0.01782 -0.08412 0.20291 0.97541
1661398676.465146065 -3.84886 -0.27013 0.85224 0.01818 -0.08444 0.20324 0.97531
1661398676.475146055 -3.85152 -0.27085 0.85225 0.01864 -0.08489 0.20356 0.97520
1661398676.485146046 -3.85415 -0.27156 0.85227 0.01916 -0.08545 0.20389 0.97507
1661398676.495146036 -3.85675 -0.27224 0.85230 0.01972 -0.08609 0.20422 0.97493
1661398676.505146027 -3.85931 -0.27292 0.85233 0.02030 -0.08680 0.20454 0.97479
1661398676.515146017 -3.86182 -0.27357 0.85236 0.02086 -0.08754 0.20487 0.97464
1661398676.525146008 -3.86429 -0.27421 0.85239 0.02140 -0.08830 0.20518 0.97450
1661398676.535145998 -3.86671 -0.27483 0.85242 0.02187 -0.08903 0.20550 0.97435
1661398676.545145988 -3.86906 -0.27544 0.85245 0.02225 -0.08973 0.20580 0.97422
1661398676.555145979 -3.87135 -0.27603 0.85246 0.02253 -0.09037 0.20610 0.97409
1661398676.565145969 -3.87357 -0.27661 0.85247 0.02271 -0.09095 0.20639 0.97397
1661398676.575146198 -3.87573 -0.27718 0.85247 0.02280 -0.09148 0.20667 0.97386
1661398676.585145950 -3.87783 -0.27773 0.85247 0.02281 -0.09195 0.20695 0.97375
1661398676.595146179 -3.87987 -0.27827 0.85247 0.02275 -0.09237 0.20723 0.97366
1661398676.605145931 -3.88184 -0.27879 0.85247 0.02264 -0.09275 0.20750 0.97357
1661398676.615146160 -3.88375 -0.27931 0.85246 0.02248 -0.09308 0.20777 0.97348
1661398676.625145912 -3.88560 -0.27981 0.85246 0.02229 -0.09338 0.20805 0.97340
1661398676.635146141 -3.88740 -0.28030 0.85246 0.02208 -0.09365 0.20832 0.97332
1661398676.645145893 -3.88914 -0.28078 0.85247 0.02186 -0.09388 0.20860 0.97324
1661398676.655146122 -3.89082 -0.28126 0.85248 0.02163 -0.09409 0.20888 0.97316
1661398676.665145874 -3.89245 -0.28171 0.85249 0.02141 -0.09428 0.20916 0.97309
1661398676.675146103 -3.89403 -0.28215 0.85250 0.02118 -0.09444 0.20944 0.97302
1661398676.685145855 -3.89558 -0.28256 0.85251 0.02096 -0.09458 0.20973 0.97295
1661398676.695146084 -3.89709 -0.28295 0.85252 0.02073 -0.09469 0.21001 0.97288
1661398676.705146074 -3.89858 -0.28330 0.85251 0.02049 -0.09478 0.21029 0.97282
1661398676.715146065 -3.90005 -0.28361 0.85249 0.02025 -0.09485 0.21058 0.97275
1661398676.725146055 -3.90150 -0.28388 0.85246 0.02001 -0.09489 0.21085 0.97270
1661398676.735146046 -3.90294 -0.28410 0.85241 0.01976 -0.09491 0.21113 0.97264
1661398676.745146036 -3.90438 -0.28427 0.85234 0.01951 -0.09490 0.21140 0.97259
1661398676.755146027 -3.90582 -0.28439 0.85225 0.01925 -0.09488 0.21166 0.97254
1661398676.765146017 -3.90726 -0.28444 0.85213 0.01898 -0.09483 0.21192 0.97249
1661398676.775146008 -3.90869 -0.28444 0.85200 0.01870 -0.09476 0.21218 0.97245
1661398676.785145998 -3.91012 -0.28439 0.85186 0.01841 -0.09468 0.21244 0.97240
1661398676.795145988 -3.91152 -0.28428 0.85171 0.01812 -0.09457 0.21271 0.97236
1661398676.805145979 -3.91291 -0.28411 0.85156 0.01781 -0.09445 0.21299 0.97232
1661398676.815145969 -3.91428 -0.28388 0.85141 0.01749 -0.09431 0.21328 0.97227
1661398676.825145960 -3.91562 -0.28361 0.85126 0.01715 -0.09416 0.21358 0.97223
1661398676.835146189 -3.91692 -0.28327 0.85112 0.01680 -0.09400 0.21390 0.97218
1661398676.845145941 -3.91819 -0.28289 0.85099 0.01644 -0.09382 0.21424 0.97213
1661398676.855146170 -3.91942 -0.28244 0.85087 0.01606 -0.09364 0.21460 0.97207
1661398676.865145922 -3.92061 -0.28195 0.85078 0.01568 -0.09344 0.21498 0.97201
1661398676.875146151 -3.92178 -0.28142 0.85070 0.01529 -0.09323 0.21537 0.97195
1661398676.885145903 -3.92294 -0.28083 0.85064 0.01491 -0.09300 0.21578 0.97189
1661398676.895146132 -3.92409 -0.28021 0.85060 0.01454 -0.09277 0.21618 0.97183
1661398676.905145884 -3.92525 -0.27955 0.85059 0.01420 -0.09252 0.21659 0.97177
1661398676.915146112 -3.92642 -0.27886 0.85059 0.01388 -0.09226 0.21699 0.97171
1661398676.925145864 -3.92761 -0.27814 0.85062 0.01360 -0.09198 0.21738 0.97165
1661398676.935146093 -3.92883 -0.27740 0.85067 0.01336 -0.09169 0.21776 0.97160
1661398676.945145845 -3.93009 -0.27663 0.85075 0.01317 -0.09138 0.21811 0.97155
1661398676.955146074 -3.93140 -0.27584 0.85086 0.01304 -0.09106 0.21845 0.97150
1661398676.965146065 -3.93276 -0.27504 0.85099 0.01296 -0.09076 0.21876 0.97146
1661398676.975146055 -3.93417 -0.27422 0.85115 0.01294 -0.09048 0.21905 0.97142
1661398676.985146046 -3.93565 -0.27338 0.85134 0.01296 -0.09026 0.21933 0.97138
1661398676.995146036 -3.93717 -0.27254 0.85156 0.01302 -0.09011 0.21959 0.97133
1661398677.005146027 -3.93876 -0.27168 0.85182 0.01312 -0.09007 0.21984 0.97128
1661398677.015146017 -3.94042 -0.27081 0.85211 0.01326 -0.09016 0.22008 0.97122
1661398677.025146008 -3.94214 -0.26993 0.85243 0.01343 -0.09040 0.22031 0.97114
1661398677.035145998 -3.94392 -0.26905 0.85279 0.01363 -0.09081 0.22054 0.97105
1661398677.045145988 -3.94578 -0.26816 0.85318 0.01385 -0.09143 0.22076 0.97094
1661398677.055145979 -3.94771 -0.26726 0.85361 0.01409 -0.09225 0.22098 0.97080
1661398677.065145969 -3.94971 -0.26636 0.85408 0.01435 -0.09328 0.22119 0.97065
1661398677.075146198 -3.95177 -0.26545 0.85458 0.01463 -0.09448 0.22141 0.97048
1661398677.085145950 -3.95390 -0.26452 0.85511 0.01493 -0.09584 0.22164 0.97029
1661398677.095146179 -3.95609 -0.26358 0.85568 0.01524 -0.09733 0.22186 0.97009
1661398677.105145931 -3.95834 -0.26261 0.85626 0.01558 -0.09894 0.22209 0.96987
1661398677.115146160 -3.96064 -0.26163 0.85688 0.01594 -0.10063 0.22233 0.96963
1661398677.125145912 -3.96300 -0.26062 0.85751 0.01631 -0.10238 0.22258 0.96939
1661398677.135146141 -3.96540 -0.25958 0.85817 0.01670 -0.10419 0.22283 0.96913
1661398677.145145893 -3.96785 -0.25851 0.85884 0.01712 -0.10601 0.22310 0.96886
1661398677.155146122 -3.97034 -0.25741 0.85953 0.01754 -0.10784 0.22338 0.96859
1661398677.165145874 -3.97287 -0.25627 0.86023 0.01799 -0.10965 0.22366 0.96831
1661398677.175146103 -3.97542 -0.25511 0.86094 0.01845 -0.11144 0.22393 0.96804
1661398677.185145855 -3.97798 -0.25391 0.86165 0.01893 -0.11319 0.22420 0.96776
1661398677.195146084 -3.98055 -0.25269 0.86235 0.01942 -0.11489 0.22444 0.96750
1661398677.205146074 -3.98311 -0.25143 0.86305 0.01993 -0.11654 0.22464 0.96724
1661398677.215146065 -3.98565 -0.25015 0.86373 0.02046 -0.11811 0.22481 0.96700
1661398677.225146055 -3.98817 -0.24885 0.86440 0.02099 -0.11959 0.22492 0.96678
1661398677.235146046 -3.99065 -0.24752 0.86504 0.02154 -0.12098 0.22497 0.96659
1661398677.245146036 -3.99308 -0.24617 0.86566 0.02210 -0.12226 0.22496 0.96641
1661398677.255146027 -3.99546 -0.24480 0.86625 0.02267 -0.12342 0.22487 0.96627
1661398677.265146017 -3.99778 -0.24341 0.86680 0.02324 -0.12445 0.22471 0.96617
1661398677.275146008 -4.00005 -0.24200 0.86733 0.02381 -0.12536 0.22449 0.96609
1661398677.285145998 -4.00227 -0.24058 0.86784 0.02435 -0.12613 0.22420 0.96604
1661398677.295145988 -4.00445 -0.23914 0.86833 0.02486 -0.12677 0.22387 0.96602
1661398677.305145979 -4.00659 -0.23769 0.86879 0.02534 -0.12727 0.22348 0.96603
1661398677.315145969 -4.00868 -0.23622 0.86925 0.02576 -0.12763 0.22306 0.96607
1661398677.325145960 -4.01073 -0.23475 0.86969 0.02613 -0.12784 0.22261 0.96614
1661398677.335146189 -4.01275 -0.23327 0.87012 0.02642 -0.12790 0.22212 0.96623
1661398677.345145941 -4.01474 -0.23178 0.87054 0.02663 -0.12781 0.22162 0.96636
1661398677.355146170 -4.01670 -0.23029 0.87097 0.02676 -0.12757 0.22109 0.96650
1661398677.365145922 -4.01863 -0.22879 0.87139 0.02681 -0.12723 0.22055 0.96667
1661398677.375146151 -4.02055 -0.22730 0.87181 0.02681 -0.12685 0.22000 0.96685
1661398677.385145903 -4.02244 -0.22580 0.87225 0.02676 -0.12649 0.21942 0.96702
1661398677.395146132 -4.02432 -0.22432 0.87270 0.02670 -0.12622 0.21883 0.96720
1661398677.405145884 -4.02619 -0.22284 0.87317 0.02662 -0.12608 0.21821 0.96736
1661398677.415146112 -4.02806 -0.22137 0.87366 0.02656 -0.12614 0.21757 0.96750
1661398677.425145864 -4.02993 -0.21991 0.87418 0.02653 -0.12646 0.21691 0.96760
1661398677.435146093 -4.03180 -0.21847 0.87473 0.02654 -0.12709 0.21622 0.96767
1661398677.445145845 -4.03368 -0.21704 0.87532 0.02661 -0.12810 0.21551 0.96770
1661398677.455146074 -4.03557 -0.21564 0.87595 0.02676 -0.12953 0.21477 0.96767
1661398677.465146065 -4.03747 -0.21424 0.87662 0.02699 -0.13133 0.21401 0.96759
1661398677.475146055 -4.03937 -0.21286 0.87734 0.02729 -0.13344 0.21325 0.96746
1661398677.485146046 -4.04126 -0.21147 0.87811 0.02769 -0.13580 0.21248 0.96729
1661398677.495146036 -4.04316 -0.21008 0.87893 0.02817 -0.13836 0.21173 0.96707
1661398677.505146027 -4.04504 -0.20867 0.87981 0.02873 -0.14104 0.21101 0.96683
1661398677.515146017 -4.04691 -0.20724 0.88076 0.02939 -0.14380 0.21031 0.96655
1661398677.525146008 -4.04876 -0.20578 0.88176 0.03013 -0.14656 0.20967 0.96626
1661398677.535145998 -4.05059 -0.20429 0.88284 0.03097 -0.14927 0.20907 0.96594
1661398677.545145988 -4.05239 -0.20276 0.88399 0.03190 -0.15187 0.20855 0.96562
1661398677.555145979 -4.05416 -0.20118 0.88520 0.03292 -0.15432 0.20809 0.96530
1661398677.565145969 -4.05588 -0.19956 0.88648 0.03402 -0.15663 0.20769 0.96497
1661398677.575146198 -4.05753 -0.19792 0.88780 0.03517 -0.15886 0.20732 0.96465
1661398677.585145950 -4.05910 -0.19626 0.88914 0.03636 -0.16104 0.20697 0.96432
1661398677.595146179 -4.06056 -0.19459 0.89050 0.03756 -0.16323 0.20661 0.96398
1661398677.605145931 -4.06192 -0.19293 0.89185 0.03876 -0.16544 0.20622 0.96364
1661398677.615146160 -4.06317 -0.19128 0.89319 0.03993 -0.16763 0.20579 0.96330
1661398677.625145912 -4.06432 -0.18966 0.89454 0.04107 -0.16973 0.20531 0.96299
1661398677.635146141 -4.06541 -0.18808 0.89589 0.04215 -0.17168 0.20475 0.96272
1661398677.645145893 -4.06644 -0.18656 0.89724 0.04317 -0.17340 0.20411 0.96250
1661398677.655146122 -4.06741 -0.18510 0.89862 0.04411 -0.17486 0.20338 0.96235
1661398677.665145874 -4.06836 -0.18369 0.89999 0.04497 -0.17608 0.20256 0.96226
1661398677.675146103 -4.06927 -0.18235 0.90138 0.04576 -0.17711 0.20164 0.96223
1661398677.685145855 -4.07016 -0.18107 0.90275 0.04648 -0.17800 0.20064 0.96224
1661398677.695146084 -4.07103 -0.17984 0.90412 0.04714 -0.17880 0.19955 0.96228
1661398677.705146074 -4.07189 -0.17866 0.90548 0.04774 -0.17956 0.19838 0.96236
1661398677.715146065 -4.07275 -0.17753 0.90681 0.04828 -0.18031 0.19712 0.96244
1661398677.725146055 -4.07362 -0.17644 0.90813 0.04877 -0.18112 0.19579 0.96254
1661398677.735146046 -4.07450 -0.17541 0.90941 0.04922 -0.18204 0.19439 0.96263
1661398677.745146036 -4.07539 -0.17441 0.91065 0.04962 -0.18310 0.19291 0.96270
1661398677.755146027 -4.07632 -0.17345 0.91186 0.04998 -0.18434 0.19136 0.96276
1661398677.765146017 -4.07726 -0.17252 0.91302 0.05031 -0.18576 0.18976 0.96278
1661398677.775146008 -4.07823 -0.17163 0.91416 0.05061 -0.18732 0.18813 0.96279
1661398677.785145998 -4.07922 -0.17077 0.91526 0.05088 -0.18901 0.18649 0.96276
1661398677.795145988 -4.08022 -0.16994 0.91635 0.05113 -0.19079 0.18487 0.96271
1661398677.805145979 -4.08123 -0.16912 0.91741 0.05136 -0.19264 0.18327 0.96263
1661398677.815145969 -4.08225 -0.16833 0.91845 0.05157 -0.19453 0.18173 0.96253
1661398677.825145960 -4.08327 -0.16756 0.91948 0.05176 -0.19645 0.18027 0.96241
1661398677.835146189 -4.08430 -0.16680 0.92051 0.05194 -0.19835 0.17890 0.96226
1661398677.845145941 -4.08532 -0.16605 0.92153 0.05212 -0.20023 0.17765 0.96210
1661398677.855146170 -4.08635 -0.16531 0.92255 0.05229 -0.20206 0.17652 0.96191
1661398677.865145922 -4.08737 -0.16457 0.92357 0.05244 -0.20381 0.17552 0.96172
1661398677.875146151 -4.08839 -0.16385 0.92458 0.05257 -0.20549 0.17463 0.96152
1661398677.885145903 -4.08941 -0.16312 0.92557 0.05267 -0.20708 0.17384 0.96131
1661398677.895146132 -4.09044 -0.16239 0.92656 0.05272 -0.20856 0.17312 0.96112
1661398677.905145884 -4.09147 -0.16166 0.92752 0.05272 -0.20994 0.17246 0.96094
1661398677.915146112 -4.09251 -0.16093 0.92846 0.05266 -0.21119 0.17186 0.96078
1661398677.925145864 -4.09356 -0.16019 0.92937 0.05252 -0.21231 0.17129 0.96064
1661398677.935146093 -4.09462 -0.15945 0.93025 0.05231 -0.21328 0.17074 0.96053
1661398677.945145845 -4.09569 -0.15870 0.93110 0.05200 -0.21409 0.17020 0.96047
1661398677.955146074 -4.09677 -0.15793 0.93190 0.05159 -0.21474 0.16965 0.96044
1661398677.965146065 -4.09787 -0.15717 0.93267 0.05110 -0.21525 0.16910 0.96045
1661398677.975146055 -4.09899 -0.15640 0.93342 0.05053 -0.21565 0.16853 0.96049
1661398677.985146046 -4.10011 -0.15564 0.93413 0.04992 -0.21598 0.16795 0.96055
1661398677.995146036 -4.10124 -0.15489 0.93482 0.04926 -0.21626 0.16736 0.96062
1661398678.005146027 -4.10239 -0.15417 0.93549 0.04858 -0.21653 0.16676 0.96070
1661398678.015146017 -4.10354 -0.15347 0.93615 0.04789 -0.21681 0.16615 0.96078
1661398678.025146008 -4.10470 -0.15280 0.93680 0.04721 -0.21713 0.16553 0.96085
1661398678.035145998 -4.10586 -0.15217 0.93745 0.04655 -0.21754 0.16489 0.96090
1661398678.045145988 -4.10704 -0.15158 0.93809 0.04594 -0.21805 0.16424 0.96092
1661398678.055145979 -4.10821 -0.15104 0.93873 0.04537 -0.21869 0.16358 0.96091
1661398678.065145969 -4.10939 -0.15055 0.93938 0.04486 -0.21945 0.16291 0.96088
1661398678.075146198 -4.11058 -0.15011 0.94004 0.04440 -0.22031 0.16225 0.96082
1661398678.085145950 -4.11177 -0.14971 0.94071 0.04399 -0.22126 0.16159 0.96073
1661398678.095146179 -4.11296 -0.14935 0.94138 0.04362 -0.22226 0.16096 0.96062
1661398678.105145931 -4.11416 -0.14904 0.94208 0.04329 -0.22331 0.16035 0.96049
1661398678.115146160 -4.11536 -0.14876 0.94279 0.04300 -0.22438 0.15978 0.96035
1661398678.125145912 -4.11656 -0.14852 0.94352 0.04275 -0.22546 0.15925 0.96020
1661398678.135146141 -4.11777 -0.14832 0.94427 0.04253 -0.22653 0.15878 0.96004
1661398678.145145893 -4.11898 -0.14815 0.94504 0.04233 -0.22756 0.15836 0.95987
1661398678.155146122 -4.12020 -0.14801 0.94584 0.04217 -0.22855 0.15801 0.95970
1661398678.165145874 -4.12142 -0.14790 0.94667 0.04203 -0.22950 0.15772 0.95952
1661398678.175146103 -4.12265 -0.14783 0.94752 0.04191 -0.23044 0.15746 0.95935
1661398678.185145855 -4.12389 -0.14777 0.94841 0.04182 -0.23137 0.15722 0.95917
1661398678.195146084 -4.12514 -0.14775 0.94932 0.04175 -0.23231 0.15700 0.95898
1661398678.205146074 -4.12640 -0.14775 0.95026 0.04170 -0.23328 0.15676 0.95879
1661398678.215146065 -4.12769 -0.14777 0.95123 0.04168 -0.23429 0.15649 0.95858
1661398678.225146055 -4.12899 -0.14781 0.95223 0.04167 -0.23535 0.15619 0.95837
1661398678.235146046 -4.13031 -0.14787 0.95327 0.04167 -0.23650 0.15583 0.95815
1661398678.245146036 -4.13165 -0.14794 0.95433 0.04170 -0.23772 0.15540 0.95791
1661398678.255146027 -4.13301 -0.14804 0.95543 0.04174 -0.23905 0.15488 0.95767
1661398678.265146017 -4.13440 -0.14815 0.95655 0.04179 -0.24047 0.15429 0.95741
1661398678.275146008 -4.13580 -0.14827 0.95770 0.04184 -0.24195 0.15364 0.95713
1661398678.285145998 -4.13722 -0.14841 0.95886 0.04190 -0.24348 0.15295 0.95685
1661398678.295145988 -4.13864 -0.14856 0.96004 0.04195 -0.24504 0.15223 0.95657
1661398678.305145979 -4.14007 -0.14872 0.96123 0.04199 -0.24661 0.15149 0.95628
1661398678.315145969 -4.14150 -0.14890 0.96243 0.04202 -0.24818 0.15076 0.95599
1661398678.325145960 -4.14293 -0.14910 0.96362 0.04202 -0.24972 0.15005 0.95570
1661398678.335146189 -4.14435 -0.14930 0.96481 0.04201 -0.25122 0.14936 0.95541
1661398678.345145941 -4.14575 -0.14952 0.96599 0.04196 -0.25267 0.14872 0.95513
1661398678.355146170 -4.14714 -0.14975 0.96716 0.04189 -0.25403 0.14814 0.95486
1661398678.365145922 -4.14852 -0.14999 0.96831 0.04178 -0.25533 0.14762 0.95461
1661398678.375146151 -4.14988 -0.15025 0.96945 0.04165 -0.25654 0.14714 0.95436
1661398678.385145903 -4.15123 -0.15051 0.97058 0.04149 -0.25769 0.14671 0.95412
1661398678.395146132 -4.15256 -0.15079 0.97169 0.04131 -0.25877 0.14632 0.95390
1661398678.405145884 -4.15388 -0.15109 0.97279 0.04112 -0.25978 0.14595 0.95369
1661398678.415146112 -4.15518 -0.15140 0.97387 0.04091 -0.26072 0.14561 0.95349
1661398678.425145864 -4.15647 -0.15172 0.97493 0.04070 -0.26161 0.14528 0.95331
1661398678.435146093 -4.15775 -0.15207 0.97598 0.04047 -0.26243 0.14497 0.95314
1661398678.445145845 -4.15901 -0.15242 0.97702 0.04025 -0.26319 0.14466 0.95299
1661398678.455146074 -4.16026 -0.15279 0.97804 0.04002 -0.26390 0.14434 0.95285
1661398678.465146065 -4.16149 -0.15318 0.97904 0.03979 -0.26455 0.14403 0.95272
1661398678.475146055 -4.16271 -0.15358 0.98002 0.03957 -0.26516 0.14372 0.95261
1661398678.485146046 -4.16391 -0.15398 0.98097 0.03935 -0.26572 0.14341 0.95251
1661398678.495146036 -4.16510 -0.15440 0.98190 0.03914 -0.26625 0.14309 0.95242
1661398678.505146027 -4.16626 -0.15482 0.98280 0.03893 -0.26674 0.14278 0.95234
1661398678.515146017 -4.16741 -0.15524 0.98366 0.03873 -0.26720 0.14248 0.95226
1661398678.525146008 -4.16854 -0.15567 0.98449 0.03854 -0.26764 0.14217 0.95219
1661398678.535145998 -4.16964 -0.15609 0.98528 0.03836 -0.26806 0.14187 0.95213
1661398678.545145988 -4.17072 -0.15651 0.98602 0.03820 -0.26846 0.14158 0.95206
1661398678.555145979 -4.17178 -0.15693 0.98672 0.03804 -0.26885 0.14129 0.95200
1661398678.565145969 -4.17281 -0.15734 0.98738 0.03790 -0.26923 0.14101 0.95194
1661398678.575146198 -4.17382 -0.15774 0.98800 0.03776 -0.26960 0.14073 0.95189
1661398678.585145950 -4.17481 -0.15813 0.98859 0.03762 -0.26996 0.14045 0.95183
1661398678.595146179 -4.17579 -0.15852 0.98916 0.03748 -0.27032 0.14017 0.95177
1661398678.605145931 -4.17674 -0.15889 0.98970 0.03734 -0.27067 0.13989 0.95172
1661398678.615146160 -4.17769 -0.15925 0.99022 0.03719 -0.27102 0.13961 0.95167
1661398678.625145912 -4.17862 -0.15960 0.99072 0.03703 -0.27136 0.13933 0.95162
1661398678.635146141 -4.17953 -0.15994 0.99122 0.03686 -0.27171 0.13904 0.95157
1661398678.645145893 -4.18044 -0.16026 0.99171 0.03667 -0.27205 0.13875 0.95152
1661398678.655146122 -4.18134 -0.16057 0.99220 0.03645 -0.27240 0.13845 0.95147
1661398678.665145874 -4.18222 -0.16087 0.99269 0.03622 -0.27275 0.13815 0.95142
1661398678.675146103 -4.18310 -0.16115 0.99317 0.03597 -0.27312 0.13784 0.95137
1661398678.685145855 -4.18396 -0.16141 0.99367 0.03570 -0.27351 0.13751 0.95132
1661398678.695146084 -4.18480 -0.16167 0.99416 0.03542 -0.27392 0.13718 0.95126
1661398678.705146074 -4.18562 -0.16192 0.99466 0.03513 -0.27436 0.13684 0.95119
1661398678.715146065 -4.18643 -0.16216 0.99517 0.03484 -0.27483 0.13650 0.95112
1661398678.725146055 -4.18721 -0.16239 0.99568 0.03454 -0.27535 0.13614 0.95103
1661398678.735146046 -4.18796 -0.16262 0.99620 0.03424 -0.27592 0.13577 0.95093
1661398678.745146036 -4.18869 -0.16284 0.99673 0.03393 -0.27654 0.13539 0.95081
1661398678.755146027 -4.18939 -0.16305 0.99727 0.03363 -0.27721 0.13499 0.95068
1661398678.765146017 -4.19006 -0.16326 0.99781 0.03333 -0.27793 0.13459 0.95054
1661398678.775146008 -4.19071 -0.16347 0.99836 0.03302 -0.27869 0.13418 0.95039
1661398678.785145998 -4.19132 -0.16368 0.99891 0.03272 -0.27946 0.13376 0.95023
1661398678.795145988 -4.19192 -0.16388 0.99945 0.03240 -0.28023 0.13333 0.95008
1661398678.805145979 -4.19248 -0.16409 0.99998 0.03207 -0.28099 0.13290 0.94992
1661398678.815145969 -4.19302 -0.16429 1.00050 0.03174 -0.28173 0.13247 0.94977
1661398678.825145960 -4.19354 -0.16449 1.00100 0.03139 -0.28243 0.13204 0.94964
1661398678.835146189 -4.19403 -0.16470 1.00148 0.03102 -0.28308 0.13161 0.94952
1661398678.845145941 -4.19451 -0.16490 1.00194 0.03063 -0.28366 0.13117 0.94942
1661398678.855146170 -4.19495 -0.16511 1.00237 0.03023 -0.28417 0.13075 0.94934
1661398678.865145922 -4.19538 -0.16532 1.00277 0.02981 -0.28461 0.13032 0.94928
1661398678.875146151 -4.19579 -0.16552 1.00316 0.02939 -0.28499 0.12990 0.94923
1661398678.885145903 -4.19618 -0.16573 1.00352 0.02896 -0.28533 0.12949 0.94920
1661398678.895146132 -4.19655 -0.16593 1.00388 0.02855 -0.28563 0.12908 0.94918
1661398678.905145884 -4.19690 -0.16614 1.00422 0.02815 -0.28591 0.12868 0.94916
1661398678.915146112 -4.19723 -0.16634 1.00456 0.02778 -0.28617 0.12828 0.94915
1661398678.925145864 -4.19754 -0.16653 1.00490 0.02743 -0.28643 0.12789 0.94913
1661398678.935146093 -4.19784 -0.16672 1.00525 0.02713 -0.28671 0.12751 0.94911
1661398678.945145845 -4.19812 -0.16691 1.00560 0.02687 -0.28700 0.12714 0.94907
1661398678.955146074 -4.19838 -0.16709 1.00596 0.02665 -0.28733 0.12677 0.94903
1661398678.965146065 -4.19863 -0.16726 1.00634 0.02649 -0.28768 0.12642 0.94898
1661398678.975146055 -4.19887 -0.16742 1.00672 0.02636 -0.28807 0.12606 0.94891
1661398678.985146046 -4.19910 -0.16758 1.00711 0.02627 -0.28848 0.12571 0.94883
1661398678.995146036 -4.19932 -0.16773 1.00750 0.02619 -0.28892 0.12535 0.94875
1661398679.005146027 -4.19954 -0.16787 1.00790 0.02614 -0.28939 0.12499 0.94866
1661398679.015146017 -4.19975 -0.16800 1.00831 0.02610 -0.28987 0.12462 0.94856
1661398679.025146008 -4.19996 -0.16812 1.00871 0.02605 -0.29038 0.12425 0.94845
1661398679.035145998 -4.20017 -0.16823 1.00912 0.02601 -0.29091 0.12387 0.94834
1661398679.045145988 -4.20038 -0.16833 1.00952 0.02595 -0.29146 0.12347 0.94823
1661398679.055145979 -4.20059 -0.16842 1.00992 0.02587 -0.29202 0.12305 0.94811
1661398679.065145969 -4.20081 -0.16850 1.01032 0.02577 -0.29260 0.12263 0.94799
1661398679.075146198 -4.20104 -0.16857 1.01071 0.02565 -0.29320 0.12219 0.94786
1661398679.085145950 -4.20127 -0.16862 1.01110 0.02550 -0.29380 0.12175 0.94774
1661398679.095146179 -4.20152 -0.16866 1.01149 0.02532 -0.29442 0.12130 0.94761
1661398679.105145931 -4.20177 -0.16869 1.01187 0.02511 -0.29505 0.12085 0.94748
1661398679.115146160 -4.20203 -0.16870 1.01225 0.02486 -0.29568 0.12040 0.94734
1661398679.125145912 -4.20230 -0.16870 1.01262 0.02457 -0.29632 0.11995 0.94721
1661398679.135146141 -4.20259 -0.16868 1.01299 0.02424 -0.29697 0.11951 0.94707
1661398679.145145893 -4.20288 -0.16865 1.01335 0.02386 -0.29761 0.11908 0.94693
1661398679.155146122 -4.20320 -0.16860 1.01371 0.02344 -0.29826 0.11867 0.94679
1661398679.165145874 -4.20352 -0.16854 1.01406 0.02297 -0.29892 0.11826 0.94664
1661398679.175146103 -4.20386 -0.16846 1.01441 0.02247 -0.29958 0.11787 0.94650
1661398679.185145855 -4.20422 -0.16836 1.01475 0.02195 -0.30024 0.11749 0.94634
1661398679.195146084 -4.20459 -0.16825 1.01509 0.02141 -0.30093 0.11713 0.94618
1661398679.205146074 -4.20497 -0.16812 1.01542 0.02085 -0.30162 0.11678 0.94602
1661398679.215146065 -4.20537 -0.16798 1.01574 0.02029 -0.30233 0.11645 0.94584
1661398679.225146055 -4.20578 -0.16782 1.01606 0.01973 -0.30306 0.11614 0.94566
1661398679.235146046 -4.20620 -0.16765 1.01637 0.01919 -0.30381 0.11584 0.94547
1661398679.245146036 -4.20664 -0.16746 1.01668 0.01866 -0.30459 0.11556 0.94526
1661398679.255146027 -4.20710 -0.16726 1.01698 0.01815 -0.30539 0.11530 0.94505
1661398679.265146017 -4.20756 -0.16704 1.01728 0.01766 -0.30622 0.11506 0.94482
1661398679.275146008 -4.20804 -0.16681 1.01757 0.01720 -0.30706 0.11483 0.94458
1661398679.285145998 -4.20853 -0.16656 1.01786 0.01675 -0.30790 0.11461 0.94434
1661398679.295145988 -4.20902 -0.16631 1.01814 0.01631 -0.30875 0.11441 0.94410
1661398679.305145979 -4.20952 -0.16604 1.01841 0.01589 -0.30959 0.11422 0.94385
1661398679.315145969 -4.21003 -0.16576 1.01868 0.01548 -0.31042 0.11404 0.94361
1661398679.325145960 -4.21054 -0.16547 1.01895 0.01507 -0.31123 0.11386 0.94337
1661398679.335146189 -4.21105 -0.16517 1.01921 0.01467 -0.31201 0.11370 0.94314
1661398679.345145941 -4.21156 -0.16486 1.01946 0.01427 -0.31276 0.11353 0.94291
1661398679.355146170 -4.21207 -0.16454 1.01971 0.01387 -0.31348 0.11338 0.94270
1661398679.365145922 -4.21258 -0.16422 1.01996 0.01347 -0.31416 0.11322 0.94250
1661398679.375146151 -4.21308 -0.16387 1.02019 0.01307 -0.31481 0.11307 0.94231
1661398679.385145903 -4.21359 -0.16351 1.02042 0.01268 -0.31542 0.11292 0.94212
1661398679.395146132 -4.21410 -0.16313 1.02064 0.01228 -0.31600 0.11277 0.94195
1661398679.405145884 -4.21461 -0.16273 1.02085 0.01188 -0.31656 0.11263 0.94179
1661398679.415146112 -4.21512 -0.16229 1.02105 0.01148 -0.31708 0.11249 0.94163
1661398679.425145864 -4.21563 -0.16183 1.02123 0.01108 -0.31758 0.11235 0.94149
1661398679.435146093 -4.21614 -0.16133 1.02141 0.01068 -0.31805 0.11222 0.94135
1661398679.445145845 -4.21666 -0.16080 1.02157 0.01029 -0.31851 0.11209 0.94121
1661398679.455146074 -4.21718 -0.16023 1.02171 0.00989 -0.31894 0.11196 0.94109
1661398679.465146065 -4.21770 -0.15961 1.02184 0.00949 -0.31935 0.11184 0.94097
1661398679.475146055 -4.21821 -0.15896 1.02195 0.00909 -0.31973 0.11171 0.94086
1661398679.485146046 -4.21873 -0.15828 1.02204 0.00868 -0.32008 0.11159 0.94076
1661398679.495146036 -4.21923 -0.15755 1.02212 0.00827 -0.32040 0.11146 0.94066
1661398679.505146027 -4.21972 -0.15680 1.02218 0.00784 -0.32069 0.11133 0.94059
1661398679.515146017 -4.22020 -0.15601 1.02222 0.00740 -0.32095 0.11119 0.94052
1661398679.525146008 -4.22066 -0.15519 1.02224 0.00694 -0.32116 0.11105 0.94047
1661398679.535145998 -4.22110 -0.15434 1.02223 0.00646 -0.32133 0.11090 0.94043
1661398679.545145988 -4.22152 -0.15346 1.02221 0.00597 -0.32146 0.11075 0.94041
1661398679.555145979 -4.22191 -0.15256 1.02216 0.00545 -0.32154 0.11058 0.94040
1661398679.565145969 -4.22229 -0.15163 1.02209 0.00492 -0.32158 0.11040 0.94041
1661398679.575146198 -4.22264 -0.15068 1.02199 0.00438 -0.32157 0.11020 0.94044
1661398679.585145950 -4.22299 -0.14970 1.02186 0.00383 -0.32152 0.10999 0.94049
1661398679.595146179 -4.22333 -0.14871 1.02171 0.00329 -0.32143 0.10975 0.94055
1661398679.605145931 -4.22367 -0.14771 1.02152 0.00276 -0.32129 0.10948 0.94063
1661398679.615146160 -4.22401 -0.14669 1.02129 0.00224 -0.32112 0.10918 0.94072
1661398679.625145912 -4.22436 -0.14567 1.02103 0.00175 -0.32091 0.10885 0.94083
1661398679.635146141 -4.22473 -0.14463 1.02074 0.00128 -0.32066 0.10849 0.94096
1661398679.645145893 -4.22511 -0.14359 1.02040 0.00086 -0.32037 0.10808 0.94111
1661398679.655146122 -4.22552 -0.14255 1.02002 0.00047 -0.32005 0.10763 0.94127
1661398679.665145874 -4.22595 -0.14151 1.01960 0.00013 -0.31970 0.10715 0.94144
1661398679.675146103 -4.22640 -0.14045 1.01915 -0.00017 -0.31933 0.10665 0.94162
1661398679.685145855 -4.22687 -0.13938 1.01866 -0.00041 -0.31894 0.10614 0.94181
1661398679.695146084 -4.22735 -0.13829 1.01814 -0.00061 -0.31855 0.10564 0.94200
1661398679.705146074 -4.22785 -0.13719 1.01760 -0.00076 -0.31815 0.10515 0.94219
1661398679.715146065 -4.22836 -0.13606 1.01704 -0.00085 -0.31775 0.10469 0.94238
1661398679.725146055 -4.22889 -0.13490 1.01645 -0.00089 -0.31736 0.10426 0.94255
1661398679.735146046 -4.22942 -0.13371 1.01585 -0.00088 -0.31699 0.10389 0.94272
1661398679.745146036 -4.22996 -0.13249 1.01524 -0.00080 -0.31664 0.10358 0.94287
1661398679.755146027 -4.23051 -0.13123 1.01462 -0.00067 -0.31631 0.10333 0.94301
1661398679.765146017 -4.23106 -0.12993 1.01398 -0.00048 -0.31601 0.10315 0.94313
1661398679.775146008 -4.23161 -0.12858 1.01333 -0.00026 -0.31572 0.10303 0.94324
1661398679.785145998 -4.23217 -0.12720 1.01267 -0.00000 -0.31544 0.10294 0.94335
1661398679.795145988 -4.23272 -0.12577 1.01200 0.00027 -0.31516 0.10287 0.94345
1661398679.805145979 -4.23327 -0.12429 1.01131 0.00056 -0.31488 0.10283 0.94355
1661398679.815145969 -4.23382 -0.12276 1.01060 0.00085 -0.31458 0.10279 0.94365
1661398679.825145960 -4.23436 -0.12118 1.00987 0.00114 -0.31426 0.10274 0.94376
1661398679.835146189 -4.23490 -0.11955 1.00913 0.00140 -0.31392 0.10267 0.94388
1661398679.845145941 -4.23542 -0.11787 1.00837 0.00164 -0.31355 0.10257 0.94401
1661398679.855146170 -4.23594 -0.11613 1.00758 0.00185 -0.31314 0.10243 0.94417
1661398679.865145922 -4.23645 -0.11434 1.00678 0.00201 -0.31269 0.10226 0.94433
1661398679.875146151 -4.23694 -0.11249 1.00597 0.00214 -0.31220 0.10206 0.94451
1661398679.885145903 -4.23741 -0.11059 1.00514 0.00223 -0.31169 0.10184 0.94471
1661398679.895146132 -4.23786 -0.10865 1.00431 0.00227 -0.31114 0.10161 0.94491
1661398679.905145884 -4.23829 -0.10665 1.00348 0.00228 -0.31056 0.10138 0.94513
1661398679.915146112 -4.23869 -0.10461 1.00266 0.00223 -0.30996 0.10115 0.94535
1661398679.925145864 -4.23906 -0.10252 1.00184 0.00214 -0.30933 0.10092 0.94558
1661398679.935146093 -4.23940 -0.10038 1.00103 0.00201 -0.30868 0.10072 0.94582
1661398679.945145845 -4.23970 -0.09821 1.00023 0.00183 -0.30800 0.10054 0.94606
1661398679.955146074 -4.23997 -0.09599 0.99946 0.00160 -0.30731 0.10040 0.94630
1661398679.965146065 -4.24020 -0.09373 0.99871 0.00134 -0.30660 0.10028 0.94654
1661398679.975146055 -4.24040 -0.09143 0.99799 0.00107 -0.30587 0.10020 0.94679
1661398679.985146046 -4.24057 -0.08909 0.99731 0.00080 -0.30511 0.10014 0.94704
1661398679.995146036 -4.24070 -0.08671 0.99667 0.00057 -0.30433 0.10011 0.94729
1661398680.005146027 -4.24081 -0.08429 0.99608 0.00039 -0.30352 0.10010 0.94755
1661398680.015146017 -4.24089 -0.08183 0.99555 0.00027 -0.30268 0.10012 0.94782
1661398680.025146008 -4.24095 -0.07933 0.99509 0.00024 -0.30182 0.10016 0.94809
1661398680.035145998 -4.24099 -0.07679 0.99469 0.00032 -0.30093 0.10022 0.94837
1661398680.045145988 -4.24101 -0.07421 0.99437 0.00052 -0.30000 0.10030 0.94865
1661398680.055145979 -4.24100 -0.07159 0.99413 0.00086 -0.29904 0.10039 0.94894
1661398680.065145969 -4.24097 -0.06893 0.99396 0.00133 -0.29806 0.10050 0.94924
1661398680.075146198 -4.24092 -0.06623 0.99384 0.00190 -0.29707 0.10062 0.94954
1661398680.085145950 -4.24082 -0.06348 0.99377 0.00254 -0.29609 0.10075 0.94983
1661398680.095146179 -4.24069 -0.06069 0.99372 0.00325 -0.29511 0.10089 0.95012
1661398680.105145931 -4.24050 -0.05785 0.99370 0.00399 -0.29417 0.10104 0.95039
1661398680.115146160 -4.24027 -0.05496 0.99367 0.00474 -0.29326 0.10119 0.95065
1661398680.125145912 -4.23997 -0.05201 0.99364 0.00548 -0.29240 0.10135 0.95090
1661398680.135146141 -4.23961 -0.04901 0.99358 0.00619 -0.29160 0.10151 0.95112
1661398680.145145893 -4.23918 -0.04596 0.99349 0.00685 -0.29088 0.10167 0.95132
1661398680.155146122 -4.23868 -0.04285 0.99335 0.00744 -0.29023 0.10183 0.95149
1661398680.165145874 -4.23809 -0.03968 0.99317 0.00795 -0.28966 0.10199 0.95165
1661398680.175146103 -4.23741 -0.03645 0.99294 0.00839 -0.28913 0.10215 0.95179
1661398680.185145855 -4.23665 -0.03317 0.99267 0.00875 -0.28863 0.10230 0.95192
1661398680.195146084 -4.23579 -0.02983 0.99236 0.00905 -0.28814 0.10245 0.95205
1661398680.205146074 -4.23483 -0.02643 0.99202 0.00927 -0.28764 0.10260 0.95218
1661398680.215146065 -4.23376 -0.02297 0.99165 0.00943 -0.28711 0.10275 0.95233
1661398680.225146055 -4.23259 -0.01946 0.99124 0.00952 -0.28653 0.10289 0.95248
1661398680.235146046 -4.23130 -0.01589 0.99081 0.00954 -0.28589 0.10302 0.95266
1661398680.245146036 -4.22989 -0.01226 0.99036 0.00950 -0.28515 0.10315 0.95287
1661398680.255146027 -4.22836 -0.00858 0.98989 0.00939 -0.28432 0.10327 0.95310
1661398680.265146017 -4.22672 -0.00485 0.98939 0.00923 -0.28341 0.10340 0.95336
1661398680.275146008 -4.22498 -0.00105 0.98889 0.00903 -0.28243 0.10353 0.95364
1661398680.285145998 -4.22315 0.00279 0.98837 0.00881 -0.28141 0.10369 0.95393
1661398680.295145988 -4.22124 0.00669 0.98784 0.00857 -0.28036 0.10386 0.95422
1661398680.305145979 -4.21926 0.01065 0.98731 0.00832 -0.27932 0.10407 0.95451
1661398680.315145969 -4.21723 0.01466 0.98678 0.00809 -0.27829 0.10432 0.95478
1661398680.325145960 -4.21515 0.01871 0.98625 0.00788 -0.27731 0.10461 0.95504
1661398680.335146189 -4.21304 0.02283 0.98572 0.00770 -0.27638 0.10496 0.95527
1661398680.345145941 -4.21091 0.02699 0.98520 0.00757 -0.27554 0.10537 0.95547
1661398680.355146170 -4.20876 0.03120 0.98469 0.00750 -0.27481 0.10584 0.95563
1661398680.365145922 -4.20660 0.03546 0.98420 0.00748 -0.27417 0.10639 0.95575
1661398680.375146151 -4.20443 0.03977 0.98372 0.00753 -0.27364 0.10699 0.95583
1661398680.385145903 -4.20225 0.04412 0.98326 0.00764 -0.27321 0.10766 0.95588
1661398680.395146132 -4.20005 0.04852 0.98283 0.00781 -0.27288 0.10838 0.95589
1661398680.405145884 -4.19783 0.05296 0.98242 0.00804 -0.27266 0.10915 0.95587
1661398680.415146112 -4.19560 0.05744 0.98203 0.00834 -0.27253 0.10997 0.95581
1661398680.425145864 -4.19335 0.06195 0.98168 0.00870 -0.27250 0.11083 0.95571
1661398680.435146093 -4.19109 0.06650 0.98136 0.00912 -0.27258 0.11174 0.95558
1661398680.445145845 -4.18881 0.07109 0.98108 0.00962 -0.27275 0.11268 0.95542
1661398680.455146074 -4.18650 0.07570 0.98084 0.01017 -0.27301 0.11365 0.95522
1661398680.465146065 -4.18418 0.08035 0.98063 0.01078 -0.27336 0.11465 0.95499
1661398680.475146055 -4.18185 0.08503 0.98047 0.01141 -0.27376 0.11568 0.95475
1661398680.485146046 -4.17951 0.08973 0.98034 0.01206 -0.27420 0.11673 0.95449
1661398680.495146036 -4.17715 0.09445 0.98025 0.01269 -0.27466 0.11779 0.95422
1661398680.505146027 -4.17480 0.09920 0.98019 0.01330 -0.27512 0.11886 0.95394
1661398680.515146017 -4.17243 0.10396 0.98017 0.01387 -0.27555 0.11994 0.95367
1661398680.525146008 -4.17007 0.10875 0.98019 0.01436 -0.27595 0.12102 0.95341
1661398680.535145998 -4.16771 0.11355 0.98024 0.01478 -0.27629 0.12210 0.95317
1661398680.545145988 -4.16536 0.11836 0.98033 0.01508 -0.27655 0.12317 0.95295
1661398680.555145979 -4.16301 0.12319 0.98045 0.01528 -0.27672 0.12423 0.95276
1661398680.565145969 -4.16067 0.12802 0.98061 0.01539 -0.27681 0.12528 0.95260
1661398680.575146198 -4.15834 0.13287 0.98080 0.01544 -0.27682 0.12630 0.95246
1661398680.585145950 -4.15603 0.13771 0.98104 0.01547 -0.27679 0.12730 0.95234
1661398680.595146179 -4.15373 0.14255 0.98132 0.01551 -0.27672 0.12826 0.95223
1661398680.605145931 -4.15145 0.14739 0.98165 0.01559 -0.27662 0.12919 0.95213
1661398680.615146160 -4.14919 0.15221 0.98202 0.01576 -0.27652 0.13008 0.95203
1661398680.625145912 -4.14695 0.15703 0.98244 0.01603 -0.27643 0.13091 0.95194
1661398680.635146141 -4.14473 0.16183 0.98292 0.01645 -0.27636 0.13169 0.95184
1661398680.645145893 -4.14254 0.16662 0.98345 0.01705 -0.27634 0.13242 0.95174
1661398680.655146122 -4.14038 0.17138 0.98403 0.01784 -0.27636 0.13308 0.95163
1661398680.665145874 -4.13824 0.17612 0.98466 0.01881 -0.27643 0.13369 0.95150
1661398680.675146103 -4.13613 0.18084 0.98533 0.01990 -0.27655 0.13427 0.95137
1661398680.685145855 -4.13404 0.18555 0.98602 0.02109 -0.27671 0.13482 0.95122
1661398680.695146084 -4.13198 0.19024 0.98672 0.02232 -0.27690 0.13537 0.95105
1661398680.705146074 -4.12994 0.19492 0.98743 0.02356 -0.27714 0.13592 0.95088
1661398680.715146065 -4.12792 0.19959 0.98813 0.02476 -0.27740 0.13650 0.95069
1661398680.725146055 -4.12592 0.20425 0.98881 0.02590 -0.27769 0.13711 0.95048
1661398680.735146046 -4.12394 0.20890 0.98947 0.02691 -0.27800 0.13778 0.95027
1661398680.745146036 -4.12198 0.21355 0.99009 0.02777 -0.27834 0.13851 0.95004
1661398680.755146027 -4.12004 0.21819 0.99065 0.02844 -0.27868 0.13931 0.94980
1661398680.765146017 -4.11811 0.22283 0.99118 0.02894 -0.27903 0.14017 0.94956
1661398680.775146008 -4.11620 0.22747 0.99166 0.02926 -0.27936 0.14107 0.94932
1661398680.785145998 -4.11429 0.23212 0.99210 0.02944 -0.27965 0.14199 0.94909
1661398680.795145988 -4.11239 0.23678 0.99250 0.02948 -0.27989 0.14290 0.94888
1661398680.805145979 -4.11049 0.24147 0.99287 0.02941 -0.28005 0.14379 0.94870
1661398680.815145969 -4.10859 0.24617 0.99321 0.02923 -0.28013 0.14463 0.94855
1661398680.825145960 -4.10669 0.25089 0.99352 0.02896 -0.28010 0.14540 0.94845
1661398680.835146189 -4.10478 0.25565 0.99381 0.02863 -0.27995 0.14609 0.94840
1661398680.845145941 -4.10287 0.26044 0.99407 0.02823 -0.27966 0.14666 0.94841
1661398680.855146170 -4.10095 0.26526 0.99432 0.02780 -0.27923 0.14711 0.94848
1661398680.865145922 -4.09901 0.27012 0.99456 0.02732 -0.27866 0.14745 0.94861
1661398680.875146151 -4.09707 0.27502 0.99479 0.02682 -0.27799 0.14768 0.94879
1661398680.885145903 -4.09513 0.27996 0.99500 0.02628 -0.27725 0.14782 0.94900
1661398680.895146132 -4.09319 0.28493 0.99522 0.02572 -0.27646 0.14788 0.94923
1661398680.905145884 -4.09125 0.28995 0.99543 0.02513 -0.27566 0.14788 0.94948
1661398680.915146112 -4.08931 0.29499 0.99565 0.02452 -0.27487 0.14784 0.94973
1661398680.925145864 -4.08737 0.30008 0.99587 0.02389 -0.27411 0.14776 0.94998
1661398680.935146093 -4.08545 0.30520 0.99611 0.02325 -0.27343 0.14766 0.95021
1661398680.945145845 -4.08354 0.31035 0.99635 0.02260 -0.27284 0.14755 0.95041
1661398680.955146074 -4.08164 0.31554 0.99661 0.02194 -0.27236 0.14745 0.95058
1661398680.965146065 -4.07975 0.32077 0.99689 0.02128 -0.27201 0.14735 0.95071
1661398680.975146055 -4.07788 0.32603 0.99716 0.02064 -0.27178 0.14725 0.95080
1661398680.985146046 -4.07603 0.33132 0.99744 0.02003 -0.27168 0.14714 0.95086
1661398680.995146036 -4.07419 0.33665 0.99772 0.01945 -0.27169 0.14703 0.95089
1661398681.005146027 -4.07237 0.34200 0.99799 0.01892 -0.27183 0.14691 0.95088
1661398681.015146017 -4.07057 0.34738 0.99824 0.01845 -0.27208 0.14677 0.95084
1661398681.025146008 -4.06880 0.35278 0.99847 0.01806 -0.27246 0.14661 0.95076
1661398681.035145998 -4.06704 0.35822 0.99868 0.01774 -0.27296 0.14644 0.95065
1661398681.045145988 -4.06531 0.36367 0.99886 0.01753 -0.27357 0.14623 0.95051
1661398681.055145979 -4.06360 0.36915 0.99900 0.01741 -0.27430 0.14600 0.95034
1661398681.065145969 -4.06191 0.37465 0.99912 0.01739 -0.27511 0.14574 0.95014
1661398681.075146198 -4.06025 0.38018 0.99921 0.01745 -0.27595 0.14544 0.94994
1661398681.085145950 -4.05860 0.38574 0.99929 0.01758 -0.27680 0.14511 0.94975
1661398681.095146179 -4.05697 0.39134 0.99935 0.01777 -0.27760 0.14473 0.94957
1661398681.105145931 -4.05535 0.39696 0.99941 0.01801 -0.27831 0.14431 0.94942
1661398681.115146160 -4.05374 0.40262 0.99946 0.01829 -0.27891 0.14384 0.94931
1661398681.125145912 -4.05215 0.40832 0.99952 0.01860 -0.27934 0.14332 0.94925
1661398681.135146141 -4.05057 0.41406 0.99959 0.01892 -0.27957 0.14275 0.94927
1661398681.145145893 -4.04899 0.41984 0.99968 0.01924 -0.27955 0.14213 0.94936
1661398681.155146122 -4.04742 0.42566 0.99978 0.01957 -0.27927 0.14144 0.94954
1661398681.165145874 -4.04585 0.43153 0.99991 0.01988 -0.27876 0.14071 0.94979
1661398681.175146103 -4.04430 0.43743 1.00005 0.02020 -0.27808 0.13994 0.95010
1661398681.185145855 -4.04276 0.44336 1.00021 0.02053 -0.27728 0.13914 0.95044
1661398681.195146084 -4.04124 0.44931 1.00038 0.02087 -0.27643 0.13832 0.95080
1661398681.205146074 -4.03973 0.45529 1.00056 0.02122 -0.27558 0.13748 0.95116
1661398681.215146065 -4.03825 0.46128 1.00075 0.02159 -0.27479 0.13665 0.95150
1661398681.225146055 -4.03678 0.46728 1.00096 0.02198 -0.27411 0.13582 0.95180
1661398681.235146046 -4.03535 0.47329 1.00116 0.02239 -0.27361 0.13501 0.95206
1661398681.245146036 -4.03395 0.47929 1.00138 0.02284 -0.27334 0.13422 0.95223
1661398681.255146027 -4.03257 0.48530 1.00159 0.02332 -0.27333 0.13347 0.95233
1661398681.265146017 -4.03123 0.49130 1.00181 0.02382 -0.27357 0.13275 0.95235
1661398681.275146008 -4.02990 0.49732 1.00204 0.02434 -0.27401 0.13207 0.95231
1661398681.285145998 -4.02860 0.50334 1.00226 0.02485 -0.27459 0.13142 0.95222
1661398681.295145988 -4.02731 0.50937 1.00249 0.02536 -0.27527 0.13080 0.95209
1661398681.305145979 -4.02602 0.51542 1.00272 0.02584 -0.27602 0.13021 0.95194
1661398681.315145969 -4.02475 0.52150 1.00296 0.02629 -0.27677 0.12966 0.95179
1661398681.325145960 -4.02347 0.52761 1.00320 0.02670 -0.27749 0.12913 0.95164
1661398681.335146189 -4.02218 0.53374 1.00344 0.02706 -0.27813 0.12864 0.95151
1661398681.345145941 -4.02089 0.53992 1.00368 0.02734 -0.27864 0.12817 0.95141
1661398681.355146170 -4.01959 0.54613 1.00393 0.02756 -0.27899 0.12773 0.95136
1661398681.365145922 -4.01828 0.55238 1.00418 0.02772 -0.27919 0.12733 0.95135
1661398681.375146151 -4.01697 0.55866 1.00444 0.02785 -0.27928 0.12695 0.95137
1661398681.385145903 -4.01567 0.56496 1.00471 0.02797 -0.27927 0.12662 0.95142
1661398681.395146132 -4.01438 0.57127 1.00500 0.02812 -0.27919 0.12632 0.95147
1661398681.405145884 -4.01312 0.57758 1.00530 0.02830 -0.27907 0.12607 0.95154
1661398681.415146112 -4.01189 0.58389 1.00563 0.02854 -0.27894 0.12587 0.95160
1661398681.425145864 -4.01069 0.59019 1.00598 0.02888 -0.27881 0.12572 0.95164
1661398681.435146093 -4.00954 0.59647 1.00635 0.02933 -0.27872 0.12562 0.95167
1661398681.445145845 -4.00844 0.60273 1.00676 0.02991 -0.27870 0.12558 0.95166
1661398681.455146074 -4.00739 0.60896 1.00719 0.03065 -0.27875 0.12560 0.95162
1661398681.465146065 -4.00640 0.61515 1.00765 0.03152 -0.27890 0.12568 0.95154
1661398681.475146055 -4.00544 0.62131 1.00813 0.03250 -0.27915 0.12582 0.95141
1661398681.485146046 -4.00452 0.62745 1.00863 0.03358 -0.27949 0.12602 0.95125
1661398681.495146036 -4.00361 0.63354 1.00913 0.03473 -0.27994 0.12630 0.95104
1661398681.505146027 -4.00271 0.63961 1.00964 0.03593 -0.28050 0.12663 0.95078
1661398681.515146017 -4.00180 0.64565 1.01014 0.03714 -0.28117 0.12704 0.95049
1661398681.525146008 -4.00089 0.65166 1.01064 0.03836 -0.28197 0.12751 0.95014
1661398681.535145998 -3.99995 0.65764 1.01112 0.03956 -0.28288 0.12805 0.94975
1661398681.545145988 -3.99898 0.66359 1.01158 0.04072 -0.28392 0.12867 0.94930
1661398681.555145979 -3.99797 0.66950 1.01201 0.04181 -0.28507 0.12935 0.94882
1661398681.565145969 -3.99692 0.67540 1.01242 0.04283 -0.28631 0.13010 0.94830
1661398681.575146198 -3.99582 0.68126 1.01282 0.04377 -0.28757 0.13091 0.94776
1661398681.585145950 -3.99468 0.68710 1.01320 0.04463 -0.28880 0.13178 0.94722
1661398681.595146179 -3.99349 0.69291 1.01358 0.04539 -0.28995 0.13270 0.94671
1661398681.605145931 -3.99225 0.69869 1.01395 0.04606 -0.29097 0.13367 0.94623
1661398681.615146160 -3.99097 0.70446 1.01433 0.04663 -0.29180 0.13469 0.94580
1661398681.625145912 -3.98963 0.71020 1.01471 0.04708 -0.29239 0.13574 0.94545
1661398681.635146141 -3.98824 0.71592 1.01511 0.04742 -0.29268 0.13683 0.94518
1661398681.645145893 -3.98681 0.72162 1.01552 0.04763 -0.29264 0.13795 0.94502
1661398681.655146122 -3.98532 0.72729 1.01596 0.04772 -0.29221 0.13910 0.94498
1661398681.665145874 -3.98378 0.73295 1.01641 0.04770 -0.29147 0.14026 0.94504
1661398681.675146103 -3.98221 0.73858 1.01687 0.04759 -0.29050 0.14144 0.94517
1661398681.685145855 -3.98059 0.74417 1.01733 0.04740 -0.28937 0.14262 0.94534
1661398681.695146084 -3.97895 0.74973 1.01778 0.04716 -0.28817 0.14380 0.94554
1661398681.705146074 -3.97729 0.75526 1.01821 0.04688 -0.28699 0.14497 0.94574
1661398681.715146065 -3.97560 0.76074 1.01862 0.04658 -0.28589 0.14612 0.94591
1661398681.725146055 -3.97390 0.76617 1.01899 0.04628 -0.28497 0.14724 0.94603
1661398681.735146046 -3.97220 0.77156 1.01933 0.04601 -0.28431 0.14834 0.94607
1661398681.745146036 -3.97049 0.77689 1.01961 0.04576 -0.28398 0.14939 0.94601
1661398681.755146027 -3.96878 0.78216 1.01984 0.04557 -0.28405 0.15041 0.94584
1661398681.765146017 -3.96707 0.78738 1.02002 0.04543 -0.28448 0.15138 0.94556
1661398681.775146008 -3.96535 0.79256 1.02015 0.04533 -0.28521 0.15233 0.94520
1661398681.785145998 -3.96360 0.79769 1.02023 0.04526 -0.28618 0.15324 0.94476
1661398681.795145988 -3.96183 0.80277 1.02027 0.04521 -0.28731 0.15414 0.94427
1661398681.805145979 -3.96001 0.80783 1.02026 0.04517 -0.28856 0.15502 0.94375
1661398681.815145969 -3.95814 0.81285 1.02022 0.04513 -0.28985 0.15589 0.94321
1661398681.825145960 -3.95622 0.81784 1.02014 0.04510 -0.29113 0.15676 0.94267
1661398681.835146189 -3.95423 0.82281 1.02003 0.04505 -0.29234 0.15764 0.94216
1661398681.845145941 -3.95217 0.82776 1.01990 0.04498 -0.29341 0.15852 0.94168
1661398681.855146170 -3.95002 0.83270 1.01974 0.04488 -0.29430 0.15942 0.94125
1661398681.865145922 -3.94780 0.83763 1.01955 0.04476 -0.29500 0.16032 0.94089
1661398681.875146151 -3.94549 0.84255 1.01936 0.04462 -0.29554 0.16123 0.94057
1661398681.885145903 -3.94311 0.84746 1.01916 0.04447 -0.29594 0.16213 0.94030
1661398681.895146132 -3.94065 0.85238 1.01896 0.04431 -0.29620 0.16301 0.94007
1661398681.905145884 -3.93812 0.85731 1.01877 0.04415 -0.29636 0.16387 0.93988
1661398681.915146112 -3.93551 0.86225 1.01858 0.04400 -0.29641 0.16469 0.93972
1661398681.925145864 -3.93284 0.86720 1.01842 0.04385 -0.29639 0.16547 0.93960
1661398681.935146093 -3.93009 0.87217 1.01828 0.04372 -0.29631 0.16621 0.93950
1661398681.945145845 -3.92728 0.87717 1.01817 0.04360 -0.29619 0.16689 0.93943
1661398681.955146074 -3.92440 0.88219 1.01810 0.04351 -0.29603 0.16750 0.93937
1661398681.965146065 -3.92146 0.88723 1.01807 0.04346 -0.29587 0.16807 0.93932
1661398681.975146055 -3.91847 0.89229 1.01806 0.04345 -0.29572 0.16858 0.93928
1661398681.985146046 -3.91543 0.89736 1.01809 0.04350 -0.29559 0.16906 0.93923
1661398681.995146036 -3.91235 0.90243 1.01814 0.04361 -0.29550 0.16952 0.93917
1661398682.005146027 -3.90923 0.90750 1.01822 0.04380 -0.29548 0.16996 0.93909
1661398682.015146017 -3.90609 0.91257 1.01832 0.04408 -0.29553 0.17040 0.93898
1661398682.025146008 -3.90292 0.91763 1.01845 0.04445 -0.29567 0.17084 0.93884
1661398682.035145998 -3.89974 0.92267 1.01859 0.04494 -0.29592 0.17130 0.93865
1661398682.045145988 -3.89655 0.92769 1.01874 0.04554 -0.29631 0.17178 0.93841
1661398682.055145979 -3.89335 0.93268 1.01891 0.04626 -0.29683 0.17230 0.93812
1661398682.065145969 -3.89014 0.93765 1.01910 0.04709 -0.29747 0.17284 0.93777
1661398682.075146198 -3.88693 0.94259 1.01931 0.04801 -0.29822 0.17341 0.93739
1661398682.085145950 -3.88370 0.94752 1.01954 0.04898 -0.29904 0.17399 0.93696
1661398682.095146179 -3.88046 0.95241 1.01981 0.04998 -0.29993 0.17458 0.93652
1661398682.105145931 -3.87720 0.95729 1.02011 0.05100 -0.30086 0.17517 0.93605
1661398682.115146160 -3.87392 0.96216 1.02044 0.05201 -0.30181 0.17576 0.93558
1661398682.125145912 -3.87062 0.96700 1.02082 0.05298 -0.30275 0.17633 0.93512
1661398682.135146141 -3.86729 0.97183 1.02125 0.05389 -0.30367 0.17689 0.93466
1661398682.145145893 -3.86393 0.97665 1.02173 0.05473 -0.30455 0.17742 0.93423
1661398682.155146122 -3.86055 0.98146 1.02226 0.05546 -0.30537 0.17791 0.93382
1661398682.165145874 -3.85714 0.98625 1.02285 0.05609 -0.30612 0.17839 0.93345
1661398682.175146103 -3.85371 0.99103 1.02349 0.05664 -0.30681 0.17884 0.93310
1661398682.185145855 -3.85028 0.99579 1.02419 0.05710 -0.30744 0.17929 0.93278
1661398682.195146084 -3.84684 1.00053 1.02494 0.05748 -0.30799 0.17974 0.93249
1661398682.205146074 -3.84341 1.00525 1.02574 0.05780 -0.30848 0.18019 0.93222
1661398682.215146065 -3.84000 1.00994 1.02659 0.05805 -0.30890 0.18066 0.93197
1661398682.225146055 -3.83661 1.01462 1.02749 0.05825 -0.30926 0.18115 0.93175
1661398682.235146046 -3.83325 1.01926 1.02845 0.05841 -0.30955 0.18166 0.93154
1661398682.245146036 -3.82992 1.02388 1.02945 0.05852 -0.30976 0.18222 0.93135
1661398682.255146027 -3.82664 1.02847 1.03049 0.05860 -0.30991 0.18282 0.93118
1661398682.265146017 -3.82341 1.03303 1.03158 0.05866 -0.31002 0.18346 0.93101
1661398682.275146008 -3.82022 1.03755 1.03269 0.05871 -0.31012 0.18414 0.93084
1661398682.285145998 -3.81708 1.04205 1.03381 0.05876 -0.31024 0.18486 0.93066
1661398682.295145988 -3.81398 1.04650 1.03494 0.05884 -0.31039 0.18561 0.93045
1661398682.305145979 -3.81094 1.05093 1.03605 0.05894 -0.31062 0.18639 0.93021
1661398682.315145969 -3.80794 1.05532 1.03715 0.05909 -0.31096 0.18720 0.92993
1661398682.325145960 -3.80499 1.05967 1.03822 0.05930 -0.31142 0.18803 0.92960
1661398682.335146189 -3.80209 1.06399 1.03925 0.05957 -0.31204 0.18889 0.92920
1661398682.345145941 -3.79925 1.06827 1.04022 0.05993 -0.31284 0.18977 0.92872
1661398682.355146170 -3.79645 1.07251 1.04113 0.06038 -0.31384 0.19066 0.92817
1661398682.365145922 -3.79370 1.07671 1.04198 0.06088 -0.31497 0.19156 0.92758
1661398682.375146151 -3.79099 1.08089 1.04274 0.06141 -0.31613 0.19245 0.92696
1661398682.385145903 -3.78831 1.08504 1.04343 0.06193 -0.31724 0.19331 0.92637
1661398682.395146132 -3.78566 1.08917 1.04402 0.06241 -0.31821 0.19414 0.92583
1661398682.405145884 -3.78303 1.09329 1.04453 0.06282 -0.31896 0.19492 0.92538
1661398682.415146112 -3.78042 1.09738 1.04496 0.06314 -0.31950 0.19566 0.92501
1661398682.425145864 -3.77783 1.10147 1.04532 0.06338 -0.31984 0.19636 0.92473
1661398682.435146093 -3.77528 1.10553 1.04563 0.06355 -0.31999 0.19701 0.92453
1661398682.445145845 -3.77276 1.10959 1.04589 0.06363 -0.31996 0.19761 0.92441
1661398682.455146074 -3.77027 1.11362 1.04612 0.06362 -0.31977 0.19818 0.92435
1661398682.465146065 -3.76781 1.11764 1.04632 0.06355 -0.31946 0.19871 0.92435
1661398682.475146055 -3.76539 1.12165 1.04650 0.06342 -0.31906 0.19920 0.92439
1661398682.485146046 -3.76301 1.12564 1.04665 0.06324 -0.31862 0.19964 0.92446
1661398682.495146036 -3.76066 1.12961 1.04678 0.06302 -0.31816 0.20004 0.92455
1661398682.505146027 -3.75834 1.13357 1.04689 0.06279 -0.31772 0.20040 0.92464
1661398682.515146017 -3.75605 1.13751 1.04699 0.06254 -0.31735 0.20071 0.92471
1661398682.525146008 -3.75380 1.14142 1.04706 0.06229 -0.31709 0.20097 0.92476
1661398682.535145998 -3.75157 1.14532 1.04713 0.06206 -0.31696 0.20119 0.92478
1661398682.545145988 -3.74938 1.14920 1.04718 0.06186 -0.31700 0.20136 0.92474
1661398682.555145979 -3.74723 1.15306 1.04723 0.06169 -0.31725 0.20149 0.92463
1661398682.565145969 -3.74509 1.15690 1.04726 0.06156 -0.31768 0.20158 0.92448
1661398682.575146198 -3.74298 1.16073 1.04729 0.06147 -0.31826 0.20163 0.92427
1661398682.585145950 -3.74089 1.16456 1.04730 0.06141 -0.31894 0.20166 0.92404
1661398682.595146179 -3.73882 1.16838 1.04731 0.06138 -0.31970 0.20167 0.92377
1661398682.605145931 -3.73675 1.17220 1.04729 0.06139 -0.32049 0.20167 0.92350
1661398682.615146160 -3.73469 1.17602 1.04727 0.06143 -0.32130 0.20167 0.92321
1661398682.625145912 -3.73264 1.17985 1.04723 0.06150 -0.32207 0.20167 0.92294
1661398682.635146141 -3.73058 1.18370 1.04717 0.06159 -0.32278 0.20169 0.92268
1661398682.645145893 -3.72852 1.18757 1.04710 0.06172 -0.32339 0.20173 0.92245
1661398682.655146122 -3.72644 1.19145 1.04701 0.06187 -0.32388 0.20179 0.92226
1661398682.665145874 -3.72436 1.19536 1.04691 0.06204 -0.32423 0.20188 0.92210
1661398682.675146103 -3.72225 1.19929 1.04679 0.06224 -0.32446 0.20197 0.92199
1661398682.685145855 -3.72013 1.20325 1.04666 0.06245 -0.32457 0.20207 0.92191
1661398682.695146084 -3.71797 1.20724 1.04653 0.06268 -0.32456 0.20217 0.92188
1661398682.705146074 -3.71579 1.21125 1.04639 0.06292 -0.32444 0.20224 0.92189
1661398682.715146065 -3.71358 1.21530 1.04625 0.06316 -0.32422 0.20230 0.92194
1661398682.725146055 -3.71133 1.21937 1.04611 0.06342 -0.32388 0.20233 0.92203
1661398682.735146046 -3.70903 1.22348 1.04598 0.06367 -0.32345 0.20232 0.92217
1661398682.745146036 -3.70670 1.22762 1.04585 0.06393 -0.32293 0.20226 0.92235
1661398682.755146027 -3.70431 1.23180 1.04572 0.06418 -0.32232 0.20214 0.92257
1661398682.765146017 -3.70188 1.23601 1.04561 0.06443 -0.32164 0.20198 0.92282
1661398682.775146008 -3.69942 1.24025 1.04549 0.06469 -0.32091 0.20177 0.92310
1661398682.785145998 -3.69692 1.24452 1.04538 0.06495 -0.32017 0.20152 0.92340
1661398682.795145988 -3.69440 1.24882 1.04527 0.06521 -0.31942 0.20124 0.92370
1661398682.805145979 -3.69185 1.25314 1.04516 0.06549 -0.31870 0.20093 0.92399
1661398682.815145969 -3.68929 1.25749 1.04504 0.06578 -0.31803 0.20060 0.92428
1661398682.825145960 -3.68672 1.26185 1.04491 0.06609 -0.31744 0.20025 0.92453
1661398682.835146189 -3.68415 1.26624 1.04478 0.06642 -0.31693 0.19989 0.92476
1661398682.845145941 -3.68157 1.27064 1.04464 0.06677 -0.31655 0.19953 0.92495
1661398682.855146170 -3.67901 1.27505 1.04448 0.06714 -0.31630 0.19916 0.92508
1661398682.865145922 -3.67645 1.27948 1.04432 0.06755 -0.31618 0.19880 0.92517
1661398682.875146151 -3.67391 1.28393 1.04415 0.06799 -0.31615 0.19843 0.92523
1661398682.885145903 -3.67139 1.28839 1.04398 0.06847 -0.31620 0.19807 0.92525
1661398682.895146132 -3.66888 1.29286 1.04383 0.06900 -0.31632 0.19770 0.92525
1661398682.905145884 -3.66641 1.29734 1.04368 0.06959 -0.31647 0.19734 0.92524
1661398682.915146112 -3.66396 1.30184 1.04356 0.07023 -0.31664 0.19698 0.92521
1661398682.925145864 -3.66155 1.30634 1.04345 0.07093 -0.31681 0.19661 0.92517
1661398682.935146093 -3.65918 1.31086 1.04338 0.07171 -0.31695 0.19625 0.92514
1661398682.945145845 -3.65684 1.31539 1.04333 0.07256 -0.31705 0.19589 0.92512
1661398682.955146074 -3.65455 1.31994 1.04333 0.07349 -0.31708 0.19553 0.92511
1661398682.965146065 -3.65231 1.32448 1.04336 0.07448 -0.31708 0.19517 0.92511
1661398682.975146055 -3.65011 1.32904 1.04342 0.07553 -0.31705 0.19482 0.92511
1661398682.985146046 -3.64795 1.33360 1.04352 0.07661 -0.31701 0.19448 0.92510
1661398682.995146036 -3.64585 1.33816 1.04366 0.07773 -0.31699 0.19415 0.92509
1661398683.005146027 -3.64378 1.34271 1.04384 0.07885 -0.31700 0.19384 0.92505
1661398683.015146017 -3.64176 1.34726 1.04404 0.07997 -0.31706 0.19354 0.92499
1661398683.025146008 -3.63979 1.35180 1.04428 0.08108 -0.31721 0.19327 0.92491
1661398683.035145998 -3.63787 1.35633 1.04456 0.08216 -0.31744 0.19302 0.92478
1661398683.045145988 -3.63599 1.36084 1.04486 0.08320 -0.31779 0.19279 0.92462
1661398683.055145979 -3.63416 1.36534 1.04520 0.08418 -0.31827 0.19260 0.92440
1661398683.065145969 -3.63237 1.36981 1.04557 0.08512 -0.31887 0.19243 0.92415
1661398683.075146198 -3.63063 1.37427 1.04597 0.08600 -0.31954 0.19228 0.92386
1661398683.085145950 -3.62893 1.37871 1.04639 0.08685 -0.32028 0.19216 0.92356
1661398683.095146179 -3.62727 1.38312 1.04685 0.08765 -0.32105 0.19206 0.92323
1661398683.105145931 -3.62565 1.38750 1.04734 0.08842 -0.32183 0.19198 0.92290
1661398683.115146160 -3.62407 1.39186 1.04785 0.08916 -0.32260 0.19191 0.92258
1661398683.125145912 -3.62252 1.39619 1.04839 0.08988 -0.32333 0.19186 0.92226
1661398683.135146141 -3.62101 1.40049 1.04896 0.09057 -0.32399 0.19183 0.92197
1661398683.145145893 -3.61954 1.40476 1.04956 0.09125 -0.32457 0.19180 0.92171
1661398683.155146122 -3.61809 1.40899 1.05017 0.09191 -0.32504 0.19179 0.92148
1661398683.165145874 -3.61668 1.41319 1.05081 0.09256 -0.32541 0.19178 0.92128
1661398683.175146103 -3.61530 1.41735 1.05146 0.09320 -0.32572 0.19179 0.92111
1661398683.185145855 -3.61396 1.42148 1.05212 0.09382 -0.32598 0.19183 0.92094
1661398683.195146084 -3.61264 1.42557 1.05278 0.09443 -0.32621 0.19188 0.92079
1661398683.205146074 -3.61135 1.42962 1.05343 0.09502 -0.32644 0.19196 0.92063
1661398683.215146065 -3.61010 1.43364 1.05407 0.09559 -0.32669 0.19207 0.92046
1661398683.225146055 -3.60887 1.43761 1.05470 0.09614 -0.32698 0.19222 0.92027
1661398683.235146046 -3.60767 1.44155 1.05530 0.09668 -0.32733 0.19240 0.92005
1661398683.245146036 -3.60650 1.44545 1.05588 0.09719 -0.32776 0.19263 0.91979
1661398683.255146027 -3.60536 1.44930 1.05642 0.09769 -0.32829 0.19290 0.91950
1661398683.265146017 -3.60424 1.45312 1.05693 0.09816 -0.32891 0.19322 0.91916
1661398683.275146008 -3.60312 1.45689 1.05743 0.09861 -0.32957 0.19359 0.91879
1661398683.285145998 -3.60201 1.46061 1.05790 0.09904 -0.33026 0.19403 0.91841
1661398683.295145988 -3.60088 1.46428 1.05837 0.09945 -0.33095 0.19453 0.91801
1661398683.305145979 -3.59974 1.46789 1.05884 0.09984 -0.33162 0.19511 0.91760
1661398683.315145969 -3.59858 1.47145 1.05931 0.10021 -0.33223 0.19577 0.91720
1661398683.325145960 -3.59737 1.47495 1.05980 0.10056 -0.33275 0.19651 0.91681
1661398683.335146189 -3.59612 1.47840 1.06030 0.10089 -0.33318 0.19734 0.91644
1661398683.345145941 -3.59481 1.48177 1.06083 0.10119 -0.33347 0.19827 0.91611
1661398683.355146170 -3.59344 1.48508 1.06139 0.10148 -0.33361 0.19930 0.91580
1661398683.365145922 -3.59201 1.48833 1.06197 0.10175 -0.33362 0.20041 0.91552
1661398683.375146151 -3.59053 1.49152 1.06258 0.10202 -0.33353 0.20158 0.91527
1661398683.385145903 -3.58900 1.49464 1.06321 0.10230 -0.33338 0.20280 0.91502
1661398683.395146132 -3.58743 1.49771 1.06385 0.10259 -0.33318 0.20404 0.91478
1661398683.405145884 -3.58583 1.50071 1.06451 0.10290 -0.33299 0.20529 0.91454
1661398683.415146112 -3.58419 1.50367 1.06517 0.10325 -0.33282 0.20653 0.91429
1661398683.425145864 -3.58253 1.50657 1.06584 0.10364 -0.33270 0.20773 0.91401
1661398683.435146093 -3.58086 1.50942 1.06650 0.10408 -0.33267 0.20889 0.91371
1661398683.445145845 -3.57917 1.51222 1.06716 0.10458 -0.33276 0.20998 0.91337
1661398683.455146074 -3.57747 1.51498 1.06781 0.10515 -0.33299 0.21098 0.91299
1661398683.465146065 -3.57576 1.51769 1.06845 0.10577 -0.33335 0.21191 0.91257
1661398683.475146055 -3.57403 1.52035 1.06908 0.10644 -0.33383 0.21279 0.91211
1661398683.485146046 -3.57228 1.52297 1.06971 0.10714 -0.33442 0.21362 0.91162
1661398683.495146036 -3.57050 1.52555 1.07032 0.10786 -0.33511 0.21443 0.91109
1661398683.505146027 -3.56869 1.52809 1.07093 0.10859 -0.33587 0.21522 0.91054
1661398683.515146017 -3.56684 1.53059 1.07153 0.10932 -0.33670 0.21602 0.90996
1661398683.525146008 -3.56493 1.53305 1.07211 0.11003 -0.33758 0.21683 0.90935
1661398683.535145998 -3.56298 1.53548 1.07270 0.11072 -0.33850 0.21768 0.90872
1661398683.545145988 -3.56097 1.53787 1.07327 0.11136 -0.33944 0.21858 0.90808
1661398683.555145979 -3.55890 1.54022 1.07383 0.11196 -0.34039 0.21954 0.90741
1661398683.565145969 -3.55677 1.54254 1.07439 0.11251 -0.34133 0.22056 0.90674
1661398683.575146198 -3.55457 1.54483 1.07494 0.11301 -0.34226 0.22163 0.90607
1661398683.585145950 -3.55231 1.54709 1.07548 0.11348 -0.34314 0.22274 0.90541
1661398683.595146179 -3.54999 1.54933 1.07602 0.11390 -0.34396 0.22389 0.90476
1661398683.605145931 -3.54761 1.55154 1.07655 0.11429 -0.34472 0.22508 0.90413
1661398683.615146160 -3.54517 1.55372 1.07708 0.11464 -0.34539 0.22628 0.90353
1661398683.625145912 -3.54267 1.55589 1.07760 0.11497 -0.34595 0.22751 0.90296
1661398683.635146141 -3.54012 1.55803 1.07812 0.11526 -0.34639 0.22875 0.90244
1661398683.645145893 -3.53750 1.56016 1.07863 0.11553 -0.34670 0.22999 0.90197
1661398683.655146122 -3.53483 1.56227 1.07915 0.11579 -0.34687 0.23123 0.90156
1661398683.665145874 -3.53210 1.56437 1.07966 0.11603 -0.34692 0.23247 0.90119
1661398683.675146103 -3.52931 1.56645 1.08017 0.11627 -0.34690 0.23370 0.90085
1661398683.685145855 -3.52648 1.56851 1.08068 0.11653 -0.34685 0.23492 0.90052
1661398683.695146084 -3.52360 1.57055 1.08120 0.11681 -0.34680 0.23614 0.90018
1661398683.705146074 -3.52067 1.57257 1.08172 0.11713 -0.34681 0.23734 0.89982
1661398683.715146065 -3.51770 1.57457 1.08226 0.11750 -0.34691 0.23853 0.89942
1661398683.725146055 -3.51469 1.57655 1.08280 0.11792 -0.34713 0.23971 0.89896
1661398683.735146046 -3.51164 1.57850 1.08336 0.11842 -0.34753 0.24087 0.89843
1661398683.745146036 -3.50856 1.58043 1.08393 0.11901 -0.34813 0.24201 0.89782
1661398683.755146027 -3.50544 1.58233 1.08452 0.11968 -0.34897 0.24313 0.89710
1661398683.765146017 -3.50229 1.58421 1.08512 0.12042 -0.35002 0.24423 0.89629
1661398683.775146008 -3.49910 1.58605 1.08574 0.12123 -0.35122 0.24532 0.89541
1661398683.785145998 -3.49588 1.58787 1.08637 0.12207 -0.35254 0.24640 0.89448
1661398683.795145988 -3.49262 1.58966 1.08703 0.12294 -0.35393 0.24746 0.89352
1661398683.805145979 -3.48932 1.59143 1.08769 0.12380 -0.35535 0.24853 0.89254
1661398683.815145969 -3.48599 1.59316 1.08838 0.12465 -0.35675 0.24959 0.89157
1661398683.825145960 -3.48261 1.59486 1.08908 0.12546 -0.35808 0.25066 0.89062
1661398683.835146189 -3.47920 1.59653 1.08979 0.12621 -0.35931 0.25173 0.88972
1661398683.845145941 -3.47575 1.59817 1.09052 0.12689 -0.36038 0.25281 0.88888
1661398683.855146170 -3.47226 1.59978 1.09127 0.12749 -0.36128 0.25390 0.88812
1661398683.865145922 -3.46874 1.60136 1.09203 0.12800 -0.36202 0.25500 0.88743
1661398683.875146151 -3.46519 1.60290 1.09280 0.12845 -0.36263 0.25610 0.88680
1661398683.885145903 -3.46163 1.60442 1.09358 0.12883 -0.36317 0.25719 0.88620
1661398683.895146132 -3.45806 1.60590 1.09437 0.12917 -0.36367 0.25828 0.88564
1661398683.905145884 -3.45449 1.60736 1.09517 0.12948 -0.36416 0.25935 0.88508
1661398683.915146112 -3.45094 1.60878 1.09597 0.12976 -0.36468 0.26039 0.88452
1661398683.925145864 -3.44740 1.61018 1.09678 0.13003 -0.36528 0.26140 0.88393
1661398683.935146093 -3.44389 1.61156 1.09758 0.13029 -0.36598 0.26238 0.88331
1661398683.945145845 -3.44041 1.61290 1.09839 0.13057 -0.36683 0.26331 0.88264
1661398683.955146074 -3.43698 1.61422 1.09920 0.13086 -0.36786 0.26420 0.88190
1661398683.965146065 -3.43359 1.61552 1.10000 0.13116 -0.36903 0.26505 0.88111
1661398683.975146055 -3.43023 1.61679 1.10080 0.13145 -0.37032 0.26586 0.88028
1661398683.985146046 -3.42691 1.61805 1.10160 0.13174 -0.37169 0.26664 0.87943
1661398683.995146036 -3.42362 1.61929 1.10240 0.13200 -0.37311 0.26740 0.87856
1661398684.005146027 -3.42035 1.62052 1.10319 0.13222 -0.37454 0.26815 0.87769
1661398684.015146017 -3.41711 1.62173 1.10397 0.13239 -0.37595 0.26889 0.87683
1661398684.025146008 -3.41389 1.62293 1.10475 0.13250 -0.37729 0.26963 0.87601
1661398684.035145998 -3.41068 1.62413 1.10552 0.13255 -0.37855 0.27038 0.87523
1661398684.045145988 -3.40749 1.62532 1.10629 0.13251 -0.37968 0.27115 0.87451
1661398684.055145979 -3.40431 1.62651 1.10704 0.13238 -0.38066 0.27193 0.87386
1661398684.065145969 -3.40114 1.62770 1.10779 0.13218 -0.38149 0.27274 0.87327
1661398684.075146198 -3.39799 1.62888 1.10853 0.13191 -0.38220 0.27356 0.87275
1661398684.085145950 -3.39488 1.63006 1.10926 0.13161 -0.38280 0.27439 0.87227
1661398684.095146179 -3.39180 1.63124 1.10997 0.13129 -0.38331 0.27523 0.87183
1661398684.105145931 -3.38875 1.63241 1.11066 0.13095 -0.38374 0.27608 0.87142
1661398684.115146160 -3.38576 1.63358 1.11134 0.13063 -0.38411 0.27692 0.87104
1661398684.125145912 -3.38282 1.63474 1.11200 0.13034 -0.38443 0.27777 0.87067
1661398684.135146141 -3.37993 1.63589 1.11264 0.13010 -0.38473 0.27862 0.87030
1661398684.145145893 -3.37712 1.63704 1.11325 0.12991 -0.38503 0.27945 0.86993
1661398684.155146122 -3.37437 1.63818 1.11384 0.12980 -0.38532 0.28027 0.86955
1661398684.165145874 -3.37169 1.63931 1.11441 0.12976 -0.38563 0.28109 0.86916
1661398684.175146103 -3.36908 1.64043 1.11494 0.12978 -0.38595 0.28188 0.86876
1661398684.185145855 -3.36654 1.64155 1.11545 0.12983 -0.38628 0.28267 0.86835
1661398684.195146084 -3.36405 1.64265 1.11592 0.12991 -0.38663 0.28343 0.86793
1661398684.205146074 -3.36162 1.64375 1.11635 0.13001 -0.38701 0.28418 0.86750
1661398684.215146065 -3.35926 1.64484 1.11675 0.13011 -0.38741 0.28491 0.86707
1661398684.225146055 -3.35694 1.64591 1.11711 0.13019 -0.38784 0.28562 0.86663
1661398684.235146046 -3.35468 1.64698 1.11743 0.13025 -0.38829 0.28631 0.86619
1661398684.245146036 -3.35246 1.64803 1.11770 0.13028 -0.38878 0.28697 0.86575
1661398684.255146027 -3.35029 1.64907 1.11792 0.13025 -0.38931 0.28762 0.86530
1661398684.265146017 -3.34818 1.65010 1.11810 0.13019 -0.38985 0.28823 0.86486
1661398684.275146008 -3.34610 1.65112 1.11824 0.13009 -0.39041 0.28883 0.86443
1661398684.285145998 -3.34408 1.65213 1.11835 0.12996 -0.39096 0.28939 0.86401
1661398684.295145988 -3.34212 1.65314 1.11841 0.12982 -0.39150 0.28992 0.86361
1661398684.305145979 -3.34020 1.65414 1.11845 0.12967 -0.39201 0.29043 0.86323
1661398684.315145969 -3.33834 1.65514 1.11845 0.12951 -0.39248 0.29090 0.86288
1661398684.325145960 -3.33653 1.65613 1.11842 0.12937 -0.39289 0.29134 0.86256
1661398684.335146189 -3.33479 1.65713 1.11838 0.12924 -0.39324 0.29175 0.86229
1661398684.345145941 -3.33310 1.65812 1.11831 0.12914 -0.39351 0.29212 0.86206
1661398684.355146170 -3.33146 1.65912 1.11822 0.12907 -0.39369 0.29245 0.86187
1661398684.365145922 -3.32989 1.66013 1.11811 0.12903 -0.39378 0.29276 0.86173
1661398684.375146151 -3.32837 1.66114 1.11799 0.12903 -0.39381 0.29303 0.86163
1661398684.385145903 -3.32691 1.66216 1.11787 0.12905 -0.39377 0.29329 0.86155
1661398684.395146132 -3.32550 1.66319 1.11773 0.12911 -0.39369 0.29353 0.86150
1661398684.405145884 -3.32415 1.66423 1.11759 0.12919 -0.39356 0.29376 0.86147
1661398684.415146112 -3.32284 1.66528 1.11745 0.12930 -0.39341 0.29399 0.86144
1661398684.425145864 -3.32159 1.66635 1.11732 0.12943 -0.39323 0.29423 0.86142
1661398684.435146093 -3.32038 1.66744 1.11718 0.12960 -0.39305 0.29447 0.86140
1661398684.445145845 -3.31922 1.66855 1.11706 0.12978 -0.39287 0.29472 0.86137
1661398684.455146074 -3.31810 1.66968 1.11694 0.12999 -0.39270 0.29499 0.86132
1661398684.465146065 -3.31703 1.67083 1.11684 0.13023 -0.39254 0.29527 0.86126
1661398684.475146055 -3.31601 1.67199 1.11675 0.13049 -0.39239 0.29556 0.86119
1661398684.485146046 -3.31503 1.67316 1.11669 0.13078 -0.39225 0.29586 0.86110
1661398684.495146036 -3.31410 1.67433 1.11664 0.13110 -0.39212 0.29616 0.86101
1661398684.505146027 -3.31321 1.67550 1.11661 0.13146 -0.39200 0.29645 0.86091
1661398684.515146017 -3.31238 1.67668 1.11662 0.13185 -0.39188 0.29673 0.86081
1661398684.525146008 -3.31159 1.67784 1.11665 0.13228 -0.39177 0.29699 0.86071
1661398684.535145998 -3.31085 1.67900 1.11671 0.13275 -0.39166 0.29724 0.86060
1661398684.545145988 -3.31017 1.68014 1.11680 0.13326 -0.39155 0.29746 0.86050
1661398684.555145979 -3.30953 1.68126 1.11693 0.13382 -0.39144 0.29765 0.86039
1661398684.565145969 -3.30894 1.68236 1.11709 0.13442 -0.39134 0.29782 0.86029
1661398684.575146198 -3.30841 1.68344 1.11728 0.13507 -0.39125 0.29796 0.86017
1661398684.585145950 -3.30793 1.68450 1.11750 0.13577 -0.39119 0.29808 0.86005
1661398684.595146179 -3.30751 1.68554 1.11774 0.13651 -0.39116 0.29819 0.85991
1661398684.605145931 -3.30714 1.68656 1.11799 0.13731 -0.39116 0.29829 0.85974
1661398684.615146160 -3.30684 1.68755 1.11826 0.13816 -0.39120 0.29839 0.85956
1661398684.625145912 -3.30660 1.68853 1.11854 0.13907 -0.39130 0.29848 0.85933
1661398684.635146141 -3.30641 1.68948 1.11883 0.14003 -0.39145 0.29857 0.85908
1661398684.645145893 -3.30630 1.69041 1.11912 0.14105 -0.39167 0.29866 0.85878
1661398684.655146122 -3.30624 1.69132 1.11942 0.14212 -0.39195 0.29876 0.85844
1661398684.665145874 -3.30625 1.69220 1.11971 0.14324 -0.39230 0.29887 0.85805
1661398684.675146103 -3.30632 1.69307 1.12001 0.14439 -0.39271 0.29899 0.85763
1661398684.685145855 -3.30645 1.69393 1.12032 0.14556 -0.39317 0.29913 0.85718
1661398684.695146084 -3.30664 1.69477 1.12063 0.14674 -0.39368 0.29927 0.85669
1661398684.705146074 -3.30689 1.69560 1.12095 0.14791 -0.39423 0.29943 0.85618
1661398684.715146065 -3.30718 1.69643 1.12129 0.14905 -0.39481 0.29960 0.85565
1661398684.725146055 -3.30753 1.69725 1.12164 0.15017 -0.39543 0.29979 0.85511
1661398684.735146046 -3.30792 1.69807 1.12200 0.15124 -0.39606 0.29999 0.85456
1661398684.745146036 -3.30837 1.69889 1.12238 0.15225 -0.39671 0.30021 0.85400
1661398684.755146027 -3.30886 1.69972 1.12278 0.15319 -0.39738 0.30045 0.85344
1661398684.765146017 -3.30939 1.70055 1.12319 0.15406 -0.39805 0.30071 0.85287
1661398684.775146008 -3.30996 1.70138 1.12361 0.15487 -0.39874 0.30100 0.85230
1661398684.785145998 -3.31057 1.70222 1.12404 0.15562 -0.39944 0.30131 0.85173
1661398684.795145988 -3.31121 1.70306 1.12446 0.15632 -0.40015 0.30164 0.85115
1661398684.805145979 -3.31190 1.70391 1.12489 0.15697 -0.40088 0.30201 0.85055
1661398684.815145969 -3.31261 1.70476 1.12531 0.15758 -0.40163 0.30241 0.84995
1661398684.825145960 -3.31336 1.70562 1.12572 0.15815 -0.40239 0.30284 0.84933
1661398684.835146189 -3.31413 1.70648 1.12611 0.15868 -0.40316 0.30330 0.84870
1661398684.845145941 -3.31493 1.70735 1.12648 0.15919 -0.40396 0.30380 0.84805
1661398684.855146170 -3.31575 1.70823 1.12683 0.15967 -0.40476 0.30435 0.84738
1661398684.865145922 -3.31660 1.70911 1.12715 0.16012 -0.40558 0.30492 0.84669
1661398684.875146151 -3.31745 1.71000 1.12746 0.16056 -0.40638 0.30554 0.84600
1661398684.885145903 -3.31832 1.71089 1.12773 0.16097 -0.40717 0.30619 0.84531
1661398684.895146132 -3.31919 1.71180 1.12799 0.16137 -0.40792 0.30687 0.84463
1661398684.905145884 -3.32006 1.71271 1.12823 0.16174 -0.40862 0.30758 0.84396
1661398684.915146112 -3.32092 1.71363 1.12845 0.16210 -0.40926 0.30832 0.84331
1661398684.925145864 -3.32177 1.71456 1.12864 0.16243 -0.40983 0.30909 0.84268
1661398684.935146093 -3.32260 1.71550 1.12882 0.16275 -0.41032 0.30989 0.84209
1661398684.945145845 -3.32341 1.71645 1.12898 0.16305 -0.41071 0.31071 0.84154
1661398684.955146074 -3.32420 1.71741 1.12912 0.16334 -0.41098 0.31156 0.84104
1661398684.965146065 -3.32495 1.71838 1.12924 0.16361 -0.41116 0.31242 0.84058
1661398684.975146055 -3.32567 1.71935 1.12935 0.16387 -0.41123 0.31330 0.84016
1661398684.985146046 -3.32637 1.72032 1.12945 0.16412 -0.41122 0.31418 0.83979
1661398684.995146036 -3.32703 1.72129 1.12953 0.16437 -0.41111 0.31507 0.83947
1661398685.005146027 -3.32765 1.72225 1.12961 0.16460 -0.41093 0.31595 0.83918
1661398685.015146017 -3.32824 1.72320 1.12968 0.16483 -0.41066 0.31682 0.83893
1661398685.025146008 -3.32879 1.72414 1.12975 0.16506 -0.41033 0.31768 0.83873
1661398685.035145998 -3.32930 1.72506 1.12981 0.16529 -0.40994 0.31851 0.83856
1661398685.045145988 -3.32978 1.72596 1.12988 0.16552 -0.40949 0.31932 0.83842
1661398685.055145979 -3.33021 1.72683 1.12994 0.16574 -0.40899 0.32010 0.83833
1661398685.065145969 -3.33060 1.72768 1.13001 0.16598 -0.40846 0.32085 0.83825
1661398685.075146198 -3.33096 1.72852 1.13007 0.16621 -0.40790 0.32157 0.83820
1661398685.085145950 -3.33128 1.72933 1.13013 0.16646 -0.40735 0.32226 0.83816
1661398685.095146179 -3.33158 1.73013 1.13019 0.16671 -0.40681 0.32292 0.83811
1661398685.105145931 -3.33184 1.73092 1.13025 0.16697 -0.40631 0.32356 0.83806
1661398685.115146160 -3.33209 1.73171 1.13031 0.16723 -0.40585 0.32417 0.83799
1661398685.125145912 -3.33231 1.73248 1.13035 0.16751 -0.40547 0.32476 0.83790
1661398685.135146141 -3.33252 1.73325 1.13040 0.16780 -0.40516 0.32532 0.83777
1661398685.145145893 -3.33272 1.73402 1.13043 0.16811 -0.40496 0.32587 0.83759
1661398685.155146122 -3.33290 1.73478 1.13046 0.16843 -0.40486 0.32639 0.83737
1661398685.165145874 -3.33308 1.73555 1.13049 0.16875 -0.40487 0.32690 0.83710
1661398685.175146103 -3.33324 1.73632 1.13051 0.16908 -0.40495 0.32740 0.83680
1661398685.185145855 -3.33341 1.73708 1.13052 0.16941 -0.40510 0.32790 0.83647
1661398685.195146084 -3.33358 1.73785 1.13054 0.16973 -0.40529 0.32840 0.83611
1661398685.205146074 -3.33374 1.73860 1.13056 0.17004 -0.40551 0.32891 0.83574
1661398685.215146065 -3.33391 1.73936 1.13058 0.17033 -0.40573 0.32944 0.83537
1661398685.225146055 -3.33409 1.74011 1.13061 0.17059 -0.40595 0.32998 0.83500
1661398685.235146046 -3.33428 1.74085 1.13064 0.17082 -0.40613 0.33055 0.83463
1661398685.245146036 -3.33448 1.74159 1.13068 0.17102 -0.40628 0.33115 0.83429
1661398685.255146027 -3.33470 1.74231 1.13073 0.17117 -0.40636 0.33178 0.83396
1661398685.265146017 -3.33493 1.74303 1.13079 0.17129 -0.40638 0.33244 0.83366
1661398685.275146008 -3.33518 1.74374 1.13087 0.17139 -0.40637 0.33313 0.83338
1661398685.285145998 -3.33544 1.74444 1.13095 0.17145 -0.40634 0.33382 0.83310
1661398685.295145988 -3.33573 1.74512 1.13103 0.17150 -0.40628 0.33452 0.83283
1661398685.305145979 -3.33604 1.74580 1.13113 0.17154 -0.40623 0.33522 0.83257
1661398685.315145969 -3.33638 1.74645 1.13124 0.17158 -0.40619 0.33591 0.83231
1661398685.325145960 -3.33674 1.74710 1.13135 0.17161 -0.40617 0.33658 0.83204
1661398685.335146189 -3.33712 1.74772 1.13147 0.17166 -0.40619 0.33721 0.83176
1661398685.345145941 -3.33754 1.74833 1.13160 0.17171 -0.40626 0.33782 0.83147
1661398685.355146170 -3.33798 1.74892 1.13174 0.17179 -0.40639 0.33838 0.83116
1661398685.365145922 -3.33846 1.74950 1.13188 0.17188 -0.40657 0.33892 0.83084
1661398685.375146151 -3.33895 1.75005 1.13203 0.17199 -0.40681 0.33943 0.83049
1661398685.385145903 -3.33947 1.75059 1.13219 0.17211 -0.40709 0.33993 0.83012
1661398685.395146132 -3.34000 1.75112 1.13237 0.17224 -0.40741 0.34043 0.82973
1661398685.405145884 -3.34055 1.75163 1.13255 0.17238 -0.40776 0.34095 0.82932
1661398685.415146112 -3.34112 1.75213 1.13275 0.17253 -0.40814 0.34149 0.82888
1661398685.425145864 -3.34169 1.75261 1.13297 0.17268 -0.40853 0.34206 0.82842
1661398685.435146093 -3.34227 1.75308 1.13320 0.17283 -0.40895 0.34268 0.82792
1661398685.445145845 -3.34285 1.75354 1.13344 0.17298 -0.40937 0.34336 0.82740
1661398685.455146074 -3.34343 1.75399 1.13371 0.17313 -0.40980 0.34411 0.82685
1661398685.465146065 -3.34402 1.75444 1.13398 0.17327 -0.41022 0.34491 0.82628
1661398685.475146055 -3.34461 1.75487 1.13427 0.17342 -0.41064 0.34576 0.82568
1661398685.485146046 -3.34520 1.75530 1.13456 0.17356 -0.41106 0.34665 0.82507
1661398685.495146036 -3.34581 1.75572 1.13484 0.17371 -0.41146 0.34756 0.82445
1661398685.505146027 -3.34642 1.75613 1.13512 0.17386 -0.41185 0.34850 0.82383
1661398685.515146017 -3.34704 1.75655 1.13539 0.17402 -0.41223 0.34944 0.82321
1661398685.525146008 -3.34767 1.75696 1.13564 0.17418 -0.41258 0.35037 0.82260
1661398685.535145998 -3.34832 1.75737 1.13587 0.17435 -0.41291 0.35130 0.82201
1661398685.545145988 -3.34899 1.75778 1.13607 0.17453 -0.41322 0.35220 0.82143
1661398685.555145979 -3.34967 1.75820 1.13624 0.17472 -0.41349 0.35307 0.82088
1661398685.565145969 -3.35037 1.75861 1.13638 0.17492 -0.41374 0.35391 0.82035
1661398685.575146198 -3.35107 1.75903 1.13649 0.17513 -0.41396 0.35474 0.81984
1661398685.585145950 -3.35177 1.75944 1.13657 0.17533 -0.41414 0.35556 0.81934
1661398685.595146179 -3.35247 1.75986 1.13662 0.17554 -0.41429 0.35637 0.81887
1661398685.605145931 -3.35316 1.76027 1.13664 0.17574 -0.41441 0.35719 0.81841
1661398685.615146160 -3.35383 1.76069 1.13663 0.17593 -0.41449 0.35802 0.81796
1661398685.625145912 -3.35449 1.76110 1.13660 0.17612 -0.41454 0.35888 0.81753
1661398685.635146141 -3.35511 1.76151 1.13654 0.17629 -0.41455 0.35976 0.81710
1661398685.645145893 -3.35571 1.76191 1.13645 0.17645 -0.41452 0.36068 0.81667
1661398685.655146122 -3.35626 1.76231 1.13634 0.17659 -0.41445 0.36163 0.81625
1661398685.665145874 -3.35678 1.76271 1.13621 0.17670 -0.41435 0.36263 0.81584
1661398685.675146103 -3.35727 1.76311 1.13606 0.17680 -0.41420 0.36364 0.81544
1661398685.685145855 -3.35773 1.76351 1.13589 0.17686 -0.41400 0.36468 0.81507
1661398685.695146084 -3.35816 1.76391 1.13570 0.17689 -0.41375 0.36571 0.81472
1661398685.705146074 -3.35855 1.76432 1.13550 0.17689 -0.41345 0.36674 0.81441
1661398685.715146065 -3.35893 1.76473 1.13529 0.17686 -0.41310 0.36776 0.81414
1661398685.725146055 -3.35927 1.76515 1.13508 0.17678 -0.41268 0.36876 0.81391
1661398685.735146046 -3.35960 1.76557 1.13486 0.17666 -0.41221 0.36972 0.81374
1661398685.745146036 -3.35991 1.76600 1.13463 0.17649 -0.41168 0.37064 0.81363
1661398685.755146027 -3.36019 1.76645 1.13441 0.17628 -0.41108 0.37151 0.81358
1661398685.765146017 -3.36046 1.76690 1.13418 0.17602 -0.41043 0.37233 0.81359
1661398685.775146008 -3.36072 1.76737 1.13395 0.17573 -0.40974 0.37312 0.81364
1661398685.785145998 -3.36096 1.76783 1.13371 0.17539 -0.40902 0.37388 0.81373
1661398685.795145988 -3.36120 1.76831 1.13347 0.17503 -0.40828 0.37461 0.81384
1661398685.805145979 -3.36142 1.76879 1.13322 0.17465 -0.40754 0.37533 0.81396
1661398685.815145969 -3.36164 1.76927 1.13296 0.17425 -0.40681 0.37604 0.81409
1661398685.825145960 -3.36185 1.76976 1.13268 0.17383 -0.40610 0.37676 0.81420
1661398685.835146189 -3.36206 1.77025 1.13239 0.17341 -0.40542 0.37748 0.81429
1661398685.845145941 -3.36227 1.77074 1.13209 0.17299 -0.40479 0.37821 0.81436
1661398685.855146170 -3.36248 1.77122 1.13177 0.17256 -0.40421 0.37897 0.81438
1661398685.865145922 -3.36269 1.77171 1.13144 0.17214 -0.40368 0.37974 0.81437
1661398685.875146151 -3.36291 1.77220 1.13109 0.17171 -0.40319 0.38054 0.81434
1661398685.885145903 -3.36312 1.77270 1.13074 0.17128 -0.40273 0.38135 0.81428
1661398685.895146132 -3.36334 1.77321 1.13038 0.17085 -0.40229 0.38217 0.81420
1661398685.905145884 -3.36356 1.77372 1.13001 0.17041 -0.40186 0.38300 0.81411
1661398685.915146112 -3.36379 1.77425 1.12964 0.16996 -0.40143 0.38384 0.81402
1661398685.925145864 -3.36402 1.77480 1.12927 0.16949 -0.40099 0.38469 0.81394
1661398685.935146093 -3.36425 1.77536 1.12891 0.16902 -0.40054 0.38554 0.81386
1661398685.945145845 -3.36449 1.77594 1.12855 0.16853 -0.40006 0.38639 0.81379
1661398685.955146074 -3.36473 1.77655 1.12820 0.16802 -0.39954 0.38724 0.81375
1661398685.965146065 -3.36498 1.77718 1.12785 0.16750 -0.39899 0.38809 0.81372
1661398685.975146055 -3.36523 1.77783 1.12751 0.16696 -0.39841 0.38895 0.81370
1661398685.985146046 -3.36548 1.77851 1.12719 0.16641 -0.39780 0.38981 0.81370
1661398685.995146036 -3.36574 1.77921 1.12686 0.16585 -0.39717 0.39069 0.81370
1661398686.005146027 -3.36600 1.77993 1.12655 0.16528 -0.39651 0.39158 0.81371
1661398686.015146017 -3.36626 1.78068 1.12624 0.16471 -0.39584 0.39249 0.81372
1661398686.025146008 -3.36653 1.78146 1.12594 0.16412 -0.39514 0.39343 0.81372
1661398686.035145998 -3.36679 1.78226 1.12564 0.16353 -0.39443 0.39439 0.81372
1661398686.045145988 -3.36706 1.78310 1.12535 0.16293 -0.39371 0.39539 0.81370
1661398686.055145979 -3.36733 1.78395 1.12507 0.16233 -0.39298 0.39641 0.81368
1661398686.065145969 -3.36759 1.78484 1.12479 0.16174 -0.39223 0.39747 0.81364
1661398686.075146198 -3.36786 1.78574 1.12451 0.16115 -0.39148 0.39856 0.81359
1661398686.085145950 -3.36812 1.78665 1.12423 0.16058 -0.39072 0.39967 0.81352
1661398686.095146179 -3.36838 1.78758 1.12395 0.16004 -0.38995 0.40080 0.81344
1661398686.105145931 -3.36864 1.78852 1.12366 0.15951 -0.38917 0.40195 0.81335
1661398686.115146160 -3.36889 1.78945 1.12336 0.15903 -0.38837 0.40312 0.81325
1661398686.125145912 -3.36913 1.79039 1.12306 0.15858 -0.38757 0.40430 0.81313
1661398686.135146141 -3.36937 1.79132 1.12274 0.15818 -0.38675 0.40549 0.81301
1661398686.145145893 -3.36960 1.79224 1.12241 0.15783 -0.38592 0.40668 0.81287
1661398686.155146122 -3.36981 1.79314 1.12206 0.15754 -0.38508 0.40788 0.81273
1661398686.165145874 -3.37002 1.79404 1.12169 0.15731 -0.38423 0.40908 0.81257
1661398686.175146103 -3.37023 1.79492 1.12132 0.15712 -0.38337 0.41028 0.81241
1661398686.185145855 -3.37042 1.79579 1.12093 0.15698 -0.38249 0.41148 0.81224
1661398686.195146084 -3.37061 1.79666 1.12054 0.15687 -0.38160 0.41268 0.81207
1661398686.205146074 -3.37079 1.79752 1.12015 0.15680 -0.38070 0.41389 0.81190
1661398686.215146065 -3.37096 1.79837 1.11976 0.15676 -0.37978 0.41508 0.81173
1661398686.225146055 -3.37113 1.79922 1.11936 0.15674 -0.37885 0.41628 0.81155
1661398686.235146046 -3.37130 1.80006 1.11897 0.15675 -0.37791 0.41747 0.81138
1661398686.245146036 -3.37146 1.80091 1.11859 0.15676 -0.37695 0.41866 0.81121
1661398686.255146027 -3.37161 1.80175 1.11822 0.15678 -0.37597 0.41984 0.81105
1661398686.265146017 -3.37177 1.80259 1.11786 0.15682 -0.37500 0.42101 0.81089
1661398686.275146008 -3.37192 1.80343 1.11752 0.15685 -0.37402 0.42216 0.81073
1661398686.285145998 -3.37206 1.80426 1.11719 0.15689 -0.37305 0.42330 0.81058
1661398686.295145988 -3.37221 1.80508 1.11688 0.15693 -0.37210 0.42440 0.81043
1661398686.305145979 -3.37235 1.80589 1.11659 0.15697 -0.37118 0.42546 0.81029
1661398686.315145969 -3.37250 1.80669 1.11632 0.15700 -0.37029 0.42649 0.81015
1661398686.325145960 -3.37264 1.80747 1.11608 0.15703 -0.36945 0.42747 0.81001
1661398686.335146189 -3.37278 1.80824 1.11586 0.15705 -0.36865 0.42840 0.80988
1661398686.345145941 -3.37292 1.80898 1.11567 0.15707 -0.36792 0.42927 0.80975
1661398686.355146170 -3.37306 1.80970 1.11551 0.15707 -0.36725 0.43008 0.80962
1661398686.365145922 -3.37320 1.81039 1.11538 0.15706 -0.36665 0.43084 0.80950
1661398686.375146151 -3.37334 1.81107 1.11527 0.15704 -0.36610 0.43154 0.80937
1661398686.385145903 -3.37347 1.81172 1.11517 0.15702 -0.36560 0.43220 0.80925
1661398686.395146132 -3.37360 1.81234 1.11510 0.15699 -0.36515 0.43281 0.80913
1661398686.405145884 -3.37372 1.81294 1.11503 0.15695 -0.36474 0.43340 0.80901
1661398686.415146112 -3.37382 1.81352 1.11497 0.15691 -0.36437 0.43396 0.80888
1661398686.425145864 -3.37392 1.81408 1.11492 0.15687 -0.36402 0.43450 0.80876
1661398686.435146093 -3.37400 1.81461 1.11487 0.15683 -0.36370 0.43502 0.80863
1661398686.445145845 -3.37406 1.81511 1.11481 0.15679 -0.36339 0.43554 0.80850
1661398686.455146074 -3.37410 1.81559 1.11474 0.15675 -0.36310 0.43605 0.80836
1661398686.465146065 -3.37413 1.81605 1.11467 0.15670 -0.36282 0.43656 0.80822
1661398686.475146055 -3.37415 1.81648 1.11459 0.15665 -0.36255 0.43706 0.80808
1661398686.485146046 -3.37415 1.81690 1.11451 0.15660 -0.36228 0.43754 0.80795
1661398686.495146036 -3.37414 1.81729 1.11442 0.15653 -0.36202 0.43801 0.80783
1661398686.505146027 -3.37413 1.81766 1.11432 0.15645 -0.36176 0.43847 0.80772
1661398686.515146017 -3.37411 1.81801 1.11422 0.15634 -0.36149 0.43890 0.80762
1661398686.525146008 -3.37409 1.81835 1.11411 0.15622 -0.36123 0.43931 0.80754
1661398686.535145998 -3.37407 1.81867 1.11400 0.15608 -0.36096 0.43969 0.80748
1661398686.545145988 -3.37405 1.81897 1.11388 0.15590 -0.36068 0.44004 0.80745
1661398686.555145979 -3.37404 1.81925 1.11376 0.15570 -0.36040 0.44035 0.80744
1661398686.565145969 -3.37403 1.81953 1.11364 0.15547 -0.36012 0.44064 0.80746
1661398686.575146198 -3.37402 1.81978 1.11352 0.15523 -0.35984 0.44089 0.80749
1661398686.585145950 -3.37402 1.82003 1.11340 0.15498 -0.35959 0.44111 0.80753
1661398686.595146179 -3.37402 1.82026 1.11328 0.15472 -0.35937 0.44129 0.80758
1661398686.605145931 -3.37402 1.82048 1.11316 0.15447 -0.35918 0.44145 0.80762
1661398686.615146160 -3.37403 1.82068 1.11305 0.15423 -0.35905 0.44157 0.80766
1661398686.625145912 -3.37403 1.82088 1.11295 0.15401 -0.35897 0.44166 0.80768
1661398686.635146141 -3.37404 1.82106 1.11285 0.15382 -0.35896 0.44173 0.80769
1661398686.645145893 -3.37404 1.82124 1.11277 0.15366 -0.35903 0.44176 0.80767
1661398686.655146122 -3.37404 1.82140 1.11270 0.15353 -0.35918 0.44176 0.80763
1661398686.665145874 -3.37405 1.82156 1.11263 0.15344 -0.35941 0.44174 0.80756
1661398686.675146103 -3.37405 1.82171 1.11257 0.15336 -0.35968 0.44168 0.80748
1661398686.685145855 -3.37405 1.82185 1.11251 0.15328 -0.35999 0.44161 0.80740
1661398686.695146084 -3.37405 1.82198 1.11245 0.15320 -0.36033 0.44150 0.80732
1661398686.705146074 -3.37404 1.82211 1.11239 0.15311 -0.36066 0.44138 0.80726
1661398686.715146065 -3.37404 1.82223 1.11231 0.15298 -0.36098 0.44123 0.80722
1661398686.725146055 -3.37403 1.82235 1.11223 0.15282 -0.36126 0.44106 0.80722
1661398686.735146046 -3.37401 1.82247 1.11212 0.15260 -0.36150 0.44087 0.80726
1661398686.745146036 -3.37400 1.82259 1.11200 0.15233 -0.36166 0.44067 0.80735
1661398686.755146027 -3.37398 1.82270 1.11185 0.15198 -0.36175 0.44044 0.80750
1661398686.765146017 -3.37395 1.82281 1.11169 0.15157 -0.36177 0.44021 0.80770
1661398686.775146008 -3.37392 1.82292 1.11150 0.15109 -0.36172 0.43996 0.80794
1661398686.785145998 -3.37388 1.82304 1.11128 0.15057 -0.36162 0.43970 0.80822
1661398686.795145988 -3.37384 1.82315 1.11105 0.15001 -0.36148 0.43943 0.80853
1661398686.805145979 -3.37379 1.82327 1.11079 0.14942 -0.36131 0.43917 0.80887
1661398686.815145969 -3.37373 1.82340 1.11051 0.14880 -0.36112 0.43890 0.80921
1661398686.825145960 -3.37367 1.82353 1.11020 0.14816 -0.36093 0.43863 0.80956
1661398686.835146189 -3.37359 1.82366 1.10988 0.14751 -0.36074 0.43837 0.80990
1661398686.845145941 -3.37351 1.82381 1.10953 0.14686 -0.36056 0.43812 0.81023
1661398686.855146170 -3.37342 1.82396 1.10916 0.14621 -0.36040 0.43788 0.81055
1661398686.865145922 -3.37332 1.82412 1.10878 0.14558 -0.36027 0.43765 0.81085
1661398686.875146151 -3.37321 1.82428 1.10838 0.14497 -0.36013 0.43742 0.81114
1661398686.885145903 -3.37309 1.82446 1.10797 0.14437 -0.36000 0.43720 0.81142
1661398686.895146132 -3.37297 1.82464 1.10756 0.14380 -0.35986 0.43699 0.81171
1661398686.905145884 -3.37283 1.82483 1.10716 0.14327 -0.35969 0.43677 0.81199
1661398686.915146112 -3.37267 1.82503 1.10676 0.14277 -0.35950 0.43655 0.81228
1661398686.925145864 -3.37251 1.82523 1.10638 0.14231 -0.35927 0.43633 0.81258
1661398686.935146093 -3.37234 1.82544 1.10601 0.14190 -0.35900 0.43611 0.81289
1661398686.945145845 -3.37215 1.82565 1.10567 0.14154 -0.35866 0.43588 0.81323
1661398686.955146074 -3.37195 1.82587 1.10536 0.14124 -0.35827 0.43564 0.81358
1661398686.965146065 -3.37174 1.82609 1.10507 0.14098 -0.35782 0.43539 0.81396
1661398686.975146055 -3.37153 1.82632 1.10480 0.14075 -0.35732 0.43513 0.81436
1661398686.985146046 -3.37130 1.82655 1.10455 0.14055 -0.35678 0.43486 0.81477
1661398686.995146036 -3.37107 1.82677 1.10431 0.14037 -0.35621 0.43459 0.81519
1661398687.005146027 -3.37083 1.82700 1.10408 0.14018 -0.35563 0.43432 0.81563
1661398687.015146017 -3.37059 1.82723 1.10386 0.13999 -0.35503 0.43404 0.81607
1661398687.025146008 -3.37034 1.82745 1.10364 0.13978 -0.35442 0.43376 0.81652
1661398687.035145998 -3.37010 1.82767 1.10342 0.13954 -0.35382 0.43347 0.81697
1661398687.045145988 -3.36985 1.82789 1.10318 0.13925 -0.35324 0.43319 0.81742
1661398687.055145979 -3.36961 1.82810 1.10295 0.13892 -0.35268 0.43290 0.81787
1661398687.065145969 -3.36936 1.82830 1.10270 0.13854 -0.35214 0.43261 0.81832
1661398687.075146198 -3.36912 1.82851 1.10244 0.13811 -0.35163 0.43231 0.81877
1661398687.085145950 -3.36887 1.82871 1.10217 0.13765 -0.35114 0.43200 0.81923
1661398687.095146179 -3.36862 1.82891 1.10189 0.13715 -0.35068 0.43166 0.81968
1661398687.105145931 -3.36837 1.82911 1.10161 0.13662 -0.35024 0.43130 0.82015
1661398687.115146160 -3.36811 1.82931 1.10132 0.13607 -0.34983 0.43092 0.82062
1661398687.125145912 -3.36784 1.82952 1.10102 0.13549 -0.34945 0.43050 0.82109
1661398687.135146141 -3.36756 1.82974 1.10072 0.13490 -0.34910 0.43004 0.82158
1661398687.145145893 -3.36727 1.82996 1.10041 0.13429 -0.34877 0.42955 0.82208
1661398687.155146122 -3.36697 1.83019 1.10010 0.13368 -0.34847 0.42900 0.82259
1661398687.165145874 -3.36666 1.83043 1.09978 0.13305 -0.34820 0.42842 0.82311
1661398687.175146103 -3.36633 1.83067 1.09946 0.13242 -0.34795 0.42781 0.82364
1661398687.185145855 -3.36599 1.83092 1.09914 0.13177 -0.34770 0.42717 0.82418
1661398687.195146084 -3.36564 1.83117 1.09883 0.13111 -0.34746 0.42651 0.82472
1661398687.205146074 -3.36527 1.83142 1.09852 0.13044 -0.34722 0.42584 0.82528
1661398687.215146065 -3.36489 1.83166 1.09822 0.12976 -0.34697 0.42517 0.82584
1661398687.225146055 -3.36449 1.83191 1.09792 0.12907 -0.34671 0.42450 0.82640
1661398687.235146046 -3.36407 1.83215 1.09764 0.12836 -0.34643 0.42384 0.82697
1661398687.245146036 -3.36364 1.83238 1.09738 0.12764 -0.34612 0.42320 0.82753
1661398687.255146027 -3.36318 1.83261 1.09712 0.12690 -0.34579 0.42258 0.82810
1661398687.265146017 -3.36272 1.83283 1.09689 0.12615 -0.34542 0.42198 0.82868
1661398687.275146008 -3.36224 1.83305 1.09667 0.12539 -0.34504 0.42140 0.82925
1661398687.285145998 -3.36175 1.83328 1.09647 0.12462 -0.34463 0.42083 0.82982
1661398687.295145988 -3.36125 1.83350 1.09629 0.12385 -0.34421 0.42027 0.83039
1661398687.305145979 -3.36075 1.83374 1.09613 0.12307 -0.34378 0.41972 0.83097
1661398687.315145969 -3.36024 1.83398 1.09599 0.12228 -0.34334 0.41917 0.83154
1661398687.325145960 -3.35974 1.83424 1.09587 0.12150 -0.34290 0.41862 0.83212
1661398687.335146189 -3.35923 1.83451 1.09577 0.12071 -0.34246 0.41806 0.83269
1661398687.345145941 -3.35874 1.83481 1.09569 0.11993 -0.34202 0.41750 0.83327
1661398687.355146170 -3.35825 1.83513 1.09564 0.11916 -0.34159 0.41692 0.83384
1661398687.365145922 -3.35777 1.83546 1.09560 0.11838 -0.34118 0.41633 0.83442
1661398687.375146151 -3.35731 1.83581 1.09559 0.11762 -0.34077 0.41573 0.83499
1661398687.385145903 -3.35686 1.83618 1.09559 0.11686 -0.34037 0.41511 0.83557
1661398687.395146132 -3.35644 1.83655 1.09561 0.11610 -0.33998 0.41449 0.83614
1661398687.405145884 -3.35604 1.83693 1.09565 0.11535 -0.33960 0.41385 0.83672
1661398687.415146112 -3.35566 1.83732 1.09570 0.11460 -0.33922 0.41320 0.83730
1661398687.425145864 -3.35532 1.83770 1.09575 0.11386 -0.33885 0.41254 0.83787
1661398687.435146093 -3.35502 1.83807 1.09582 0.11312 -0.33849 0.41186 0.83845
1661398687.445145845 -3.35475 1.83844 1.09590 0.11239 -0.33814 0.41118 0.83903
1661398687.455146074 -3.35452 1.83880 1.09597 0.11167 -0.33779 0.41048 0.83960
1661398687.465146065 -3.35434 1.83914 1.09606 0.11095 -0.33744 0.40978 0.84018
1661398687.475146055 -3.35418 1.83947 1.09613 0.11023 -0.33710 0.40907 0.84076
1661398687.485146046 -3.35405 1.83980 1.09620 0.10952 -0.33676 0.40836 0.84133
1661398687.495146036 -3.35395 1.84010 1.09626 0.10882 -0.33641 0.40765 0.84191
1661398687.505146027 -3.35386 1.84040 1.09630 0.10812 -0.33606 0.40695 0.84248
1661398687.515146017 -3.35379 1.84068 1.09632 0.10743 -0.33569 0.40625 0.84304
1661398687.525146008 -3.35373 1.84095 1.09631 0.10675 -0.33532 0.40557 0.84361
1661398687.535145998 -3.35368 1.84121 1.09627 0.10608 -0.33494 0.40490 0.84417
1661398687.545145988 -3.35363 1.84145 1.09619 0.10541 -0.33453 0.40425 0.84472
1661398687.555145979 -3.35358 1.84169 1.09608 0.10475 -0.33411 0.40361 0.84528
1661398687.565145969 -3.35352 1.84191 1.09593 0.10409 -0.33367 0.40300 0.84583
1661398687.575146198 -3.35346 1.84212 1.09574 0.10343 -0.33320 0.40240 0.84638
1661398687.585145950 -3.35339 1.84233 1.09551 0.10277 -0.33269 0.40181 0.84694
1661398687.595146179 -3.35332 1.84254 1.09525 0.10209 -0.33215 0.40123 0.84751
1661398687.605145931 -3.35324 1.84276 1.09496 0.10140 -0.33157 0.40065 0.84809
1661398687.615146160 -3.35314 1.84298 1.09463 0.10069 -0.33093 0.40008 0.84869
1661398687.625145912 -3.35304 1.84321 1.09427 0.09995 -0.33025 0.39950 0.84932
1661398687.635146141 -3.35292 1.84346 1.09389 0.09918 -0.32950 0.39893 0.84997
1661398687.645145893 -3.35280 1.84372 1.09348 0.09838 -0.32870 0.39834 0.85065
1661398687.655146122 -3.35265 1.84400 1.09304 0.09754 -0.32782 0.39775 0.85136
1661398687.665145874 -3.35249 1.84430 1.09258 0.09666 -0.32688 0.39715 0.85210
1661398687.675146103 -3.35232 1.84462 1.09209 0.09577 -0.32589 0.39654 0.85287
1661398687.685145855 -3.35214 1.84496 1.09158 0.09485 -0.32483 0.39594 0.85365
1661398687.695146084 -3.35195 1.84530 1.09105 0.09391 -0.32373 0.39535 0.85445
1661398687.705146074 -3.35175 1.84567 1.09049 0.09297 -0.32258 0.39477 0.85525
1661398687.715146065 -3.35154 1.84604 1.08992 0.09203 -0.32140 0.39420 0.85606
1661398687.725146055 -3.35132 1.84642 1.08933 0.09110 -0.32017 0.39365 0.85687
1661398687.735146046 -3.35110 1.84681 1.08872 0.09018 -0.31892 0.39313 0.85768
1661398687.745146036 -3.35087 1.84721 1.08809 0.08928 -0.31763 0.39264 0.85847
1661398687.755146027 -3.35063 1.84762 1.08744 0.08840 -0.31633 0.39218 0.85925
1661398687.765146017 -3.35040 1.84803 1.08678 0.08755 -0.31500 0.39175 0.86002
1661398687.775146008 -3.35016 1.84844 1.08610 0.08672 -0.31365 0.39135 0.86079
1661398687.785145998 -3.34993 1.84886 1.08541 0.08591 -0.31228 0.39097 0.86154
1661398687.795145988 -3.34970 1.84929 1.08469 0.08512 -0.31089 0.39061 0.86228
1661398687.805145979 -3.34948 1.84971 1.08396 0.08435 -0.30947 0.39026 0.86302
1661398687.815145969 -3.34927 1.85015 1.08321 0.08359 -0.30804 0.38993 0.86376
1661398687.825145960 -3.34907 1.85058 1.08244 0.08285 -0.30658 0.38961 0.86449
1661398687.835146189 -3.34888 1.85102 1.08165 0.08212 -0.30511 0.38929 0.86523
1661398687.845145941 -3.34872 1.85146 1.08084 0.08140 -0.30361 0.38898 0.86596
1661398687.855146170 -3.34857 1.85191 1.08001 0.08069 -0.30210 0.38866 0.86670
1661398687.865145922 -3.34844 1.85236 1.07916 0.07999 -0.30057 0.38835 0.86744
1661398687.875146151 -3.34832 1.85281 1.07829 0.07930 -0.29903 0.38804 0.86817
1661398687.885145903 -3.34822 1.85326 1.07740 0.07862 -0.29748 0.38774 0.86890
1661398687.895146132 -3.34812 1.85372 1.07650 0.07797 -0.29593 0.38744 0.86962
1661398687.905145884 -3.34803 1.85418 1.07558 0.07732 -0.29439 0.38716 0.87032
1661398687.915146112 -3.34795 1.85465 1.07464 0.07670 -0.29286 0.38688 0.87102
1661398687.925145864 -3.34787 1.85512 1.07369 0.07609 -0.29135 0.38663 0.87169
1661398687.935146093 -3.34780 1.85559 1.07273 0.07551 -0.28985 0.38638 0.87235
1661398687.945145845 -3.34772 1.85608 1.07176 0.07495 -0.28838 0.38616 0.87298
1661398687.955146074 -3.34764 1.85656 1.07078 0.07442 -0.28694 0.38596 0.87359
1661398687.965146065 -3.34755 1.85705 1.06979 0.07390 -0.28552 0.38578 0.87418
1661398687.975146055 -3.34747 1.85755 1.06880 0.07341 -0.28414 0.38561 0.87474
1661398687.985146046 -3.34738 1.85804 1.06781 0.07293 -0.28279 0.38546 0.87529
1661398687.995146036 -3.34730 1.85855 1.06682 0.07246 -0.28147 0.38532 0.87582
1661398688.005146027 -3.34722 1.85905 1.06584 0.07201 -0.28018 0.38518 0.87633
1661398688.015146017 -3.34715 1.85956 1.06487 0.07156 -0.27892 0.38505 0.87683
1661398688.025146008 -3.34708 1.86007 1.06391 0.07111 -0.27769 0.38491 0.87731
1661398688.035145998 -3.34703 1.86058 1.06296 0.07066 -0.27649 0.38477 0.87779
1661398688.045145988 -3.34698 1.86109 1.06204 0.07022 -0.27532 0.38463 0.87825
1661398688.055145979 -3.34694 1.86160 1.06114 0.06976 -0.27419 0.38448 0.87871
1661398688.065145969 -3.34692 1.86211 1.06026 0.06931 -0.27309 0.38432 0.87916
1661398688.075146198 -3.34692 1.86262 1.05941 0.06886 -0.27202 0.38416 0.87959
1661398688.085145950 -3.34693 1.86312 1.05858 0.06841 -0.27099 0.38399 0.88002
1661398688.095146179 -3.34696 1.86361 1.05778 0.06797 -0.27000 0.38383 0.88043
1661398688.105145931 -3.34702 1.86409 1.05700 0.06754 -0.26905 0.38366 0.88083
1661398688.115146160 -3.34711 1.86455 1.05624 0.06713 -0.26814 0.38350 0.88120
1661398688.125145912 -3.34722 1.86501 1.05551 0.06674 -0.26728 0.38334 0.88157
1661398688.135146141 -3.34736 1.86544 1.05481 0.06637 -0.26646 0.38319 0.88191
1661398688.145145893 -3.34754 1.86585 1.05413 0.06603 -0.26569 0.38305 0.88222
1661398688.155146122 -3.34775 1.86624 1.05348 0.06571 -0.26497 0.38293 0.88252
1661398688.165145874 -3.34800 1.86661 1.05286 0.06542 -0.26429 0.38281 0.88279
1661398688.175146103 -3.34827 1.86696 1.05225 0.06515 -0.26367 0.38270 0.88305
1661398688.185145855 -3.34857 1.86729 1.05167 0.06490 -0.26309 0.38261 0.88328
1661398688.195146084 -3.34890 1.86761 1.05111 0.06466 -0.26256 0.38252 0.88349
1661398688.205146074 -3.34924 1.86791 1.05057 0.06442 -0.26208 0.38243 0.88369
1661398688.215146065 -3.34960 1.86820 1.05004 0.06418 -0.26165 0.38236 0.88387
1661398688.225146055 -3.34998 1.86847 1.04953 0.06394 -0.26126 0.38228 0.88403
1661398688.235146046 -3.35036 1.86874 1.04903 0.06369 -0.26092 0.38222 0.88418
1661398688.245146036 -3.35076 1.86899 1.04855 0.06343 -0.26062 0.38215 0.88432
1661398688.255146027 -3.35115 1.86924 1.04807 0.06315 -0.26037 0.38208 0.88444
1661398688.265146017 -3.35156 1.86948 1.04761 0.06286 -0.26015 0.38202 0.88455
1661398688.275146008 -3.35196 1.86971 1.04715 0.06255 -0.25996 0.38195 0.88466
1661398688.285145998 -3.35238 1.86993 1.04670 0.06224 -0.25978 0.38188 0.88477
1661398688.295145988 -3.35279 1.87014 1.04625 0.06193 -0.25960 0.38181 0.88487
1661398688.305145979 -3.35321 1.87034 1.04581 0.06162 -0.25942 0.38173 0.88498
1661398688.315145969 -3.35364 1.87052 1.04537 0.06132 -0.25922 0.38165 0.88509
1661398688.325145960 -3.35408 1.87070 1.04493 0.06102 -0.25900 0.38156 0.88522
1661398688.335146189 -3.35452 1.87086 1.04449 0.06074 -0.25874 0.38146 0.88535
1661398688.345145941 -3.35496 1.87101 1.04406 0.06048 -0.25843 0.38135 0.88551
1661398688.355146170 -3.35541 1.87115 1.04361 0.06024 -0.25807 0.38124 0.88568
1661398688.365145922 -3.35587 1.87127 1.04317 0.06001 -0.25766 0.38111 0.88587
1661398688.375146151 -3.35633 1.87138 1.04272 0.05981 -0.25720 0.38098 0.88607
1661398688.385145903 -3.35679 1.87148 1.04226 0.05961 -0.25672 0.38085 0.88628
1661398688.395146132 -3.35725 1.87157 1.04180 0.05942 -0.25621 0.38071 0.88650
1661398688.405145884 -3.35771 1.87165 1.04133 0.05924 -0.25568 0.38057 0.88673
1661398688.415146112 -3.35817 1.87171 1.04086 0.05906 -0.25514 0.38043 0.88696
1661398688.425145864 -3.35862 1.87177 1.04037 0.05887 -0.25461 0.38029 0.88718
1661398688.435146093 -3.35907 1.87182 1.03988 0.05869 -0.25408 0.38015 0.88740
1661398688.445145845 -3.35952 1.87186 1.03937 0.05849 -0.25356 0.38003 0.88762
1661398688.455146074 -3.35995 1.87189 1.03885 0.05828 -0.25307 0.37991 0.88782
1661398688.465146065 -3.36038 1.87191 1.03832 0.05806 -0.25259 0.37979 0.88802
1661398688.475146055 -3.36080 1.87193 1.03778 0.05783 -0.25211 0.37969 0.88822
1661398688.485146046 -3.36122 1.87195 1.03723 0.05758 -0.25163 0.37958 0.88842
1661398688.495146036 -3.36163 1.87197 1.03666 0.05732 -0.25113 0.37948 0.88862
1661398688.505146027 -3.36203 1.87198 1.03609 0.05704 -0.25060 0.37938 0.88883
1661398688.515146017 -3.36243 1.87199 1.03550 0.05674 -0.25004 0.37928 0.88905
1661398688.525146008 -3.36282 1.87201 1.03491 0.05643 -0.24943 0.37918 0.88928
1661398688.535145998 -3.36320 1.87203 1.03430 0.05610 -0.24876 0.37908 0.88953
1661398688.545145988 -3.36358 1.87205 1.03368 0.05574 -0.24803 0.37898 0.88980
1661398688.555145979 -3.36396 1.87208 1.03306 0.05537 -0.24722 0.37887 0.89010
1661398688.565145969 -3.36433 1.87211 1.03242 0.05498 -0.24635 0.37876 0.89041
1661398688.575146198 -3.36469 1.87214 1.03178 0.05459 -0.24542 0.37865 0.89074
1661398688.585145950 -3.36503 1.87217 1.03113 0.05420 -0.24444 0.37854 0.89108
1661398688.595146179 -3.36537 1.87220 1.03048 0.05381 -0.24342 0.37843 0.89143
1661398688.605145931 -3.36569 1.87222 1.02982 0.05344 -0.24238 0.37832 0.89178
1661398688.615146160 -3.36600 1.87223 1.02915 0.05310 -0.24132 0.37821 0.89213
1661398688.625145912 -3.36629 1.87224 1.02848 0.05278 -0.24025 0.37811 0.89248
1661398688.635146141 -3.36656 1.87224 1.02782 0.05250 -0.23918 0.37802 0.89283
1661398688.645145893 -3.36680 1.87222 1.02714 0.05227 -0.23813 0.37793 0.89316
1661398688.655146122 -3.36703 1.87219 1.02647 0.05209 -0.23709 0.37785 0.89348
1661398688.665145874 -3.36723 1.87215 1.02580 0.05195 -0.23608 0.37778 0.89378
1661398688.675146103 -3.36741 1.87210 1.02513 0.05185 -0.23508 0.37772 0.89408
1661398688.685145855 -3.36758 1.87204 1.02446 0.05178 -0.23411 0.37765 0.89437
1661398688.695146084 -3.36773 1.87198 1.02378 0.05173 -0.23315 0.37759 0.89465
1661398688.705146074 -3.36786 1.87192 1.02311 0.05169 -0.23221 0.37752 0.89492
1661398688.715146065 -3.36798 1.87186 1.02243 0.05165 -0.23128 0.37745 0.89519
1661398688.725146055 -3.36809 1.87181 1.02176 0.05161 -0.23037 0.37737 0.89546
1661398688.735146046 -3.36820 1.87177 1.02108 0.05155 -0.22947 0.37729 0.89573
1661398688.745146036 -3.36829 1.87174 1.02040 0.05148 -0.22859 0.37719 0.89601
1661398688.755146027 -3.36838 1.87172 1.01971 0.05137 -0.22772 0.37707 0.89628
1661398688.765146017 -3.36846 1.87172 1.01903 0.05125 -0.22685 0.37695 0.89656
1661398688.775146008 -3.36854 1.87173 1.01834 0.05110 -0.22599 0.37681 0.89684
1661398688.785145998 -3.36861 1.87175 1.01766 0.05094 -0.22513 0.37667 0.89713
1661398688.795145988 -3.36868 1.87178 1.01697 0.05077 -0.22427 0.37652 0.89742
1661398688.805145979 -3.36874 1.87182 1.01629 0.05060 -0.22339 0.37636 0.89771
1661398688.815145969 -3.36880 1.87186 1.01561 0.05042 -0.22251 0.37620 0.89801
1661398688.825145960 -3.36885 1.87191 1.01493 0.05025 -0.22160 0.37603 0.89831
1661398688.835146189 -3.36889 1.87195 1.01425 0.05010 -0.22068 0.37587 0.89862
1661398688.845145941 -3.36893 1.87200 1.01358 0.04995 -0.21974 0.37570 0.89893
1661398688.855146170 -3.36896 1.87205 1.01291 0.04983 -0.21877 0.37554 0.89924
1661398688.865145922 -3.36899 1.87210 1.01225 0.04973 -0.21777 0.37538 0.89955
1661398688.875146151 -3.36902 1.87215 1.01159 0.04964 -0.21677 0.37522 0.89986
1661398688.885145903 -3.36904 1.87219 1.01094 0.04956 -0.21577 0.37507 0.90017
1661398688.895146132 -3.36907 1.87223 1.01029 0.04949 -0.21477 0.37491 0.90048
1661398688.905145884 -3.36909 1.87227 1.00965 0.04943 -0.21379 0.37476 0.90078
1661398688.915146112 -3.36912 1.87230 1.00901 0.04937 -0.21283 0.37462 0.90107
1661398688.925145864 -3.36916 1.87233 1.00837 0.04931 -0.21190 0.37447 0.90135
1661398688.935146093 -3.36919 1.87235 1.00774 0.04925 -0.21102 0.37433 0.90162
1661398688.945145845 -3.36924 1.87237 1.00712 0.04919 -0.21018 0.37419 0.90188
1661398688.955146074 -3.36929 1.87238 1.00650 0.04912 -0.20940 0.37405 0.90212
1661398688.965146065 -3.36936 1.87238 1.00589 0.04905 -0.20868 0.37391 0.90235
1661398688.975146055 -3.36943 1.87238 1.00528 0.04898 -0.20800 0.37378 0.90257
1661398688.985146046 -3.36951 1.87238 1.00468 0.04890 -0.20738 0.37365 0.90277
1661398688.995146036 -3.36960 1.87238 1.00409 0.04883 -0.20679 0.37352 0.90296
1661398689.005146027 -3.36969 1.87238 1.00351 0.04877 -0.20624 0.37339 0.90314
1661398689.015146017 -3.36980 1.87238 1.00293 0.04871 -0.20573 0.37326 0.90332
1661398689.025146008 -3.36991 1.87238 1.00237 0.04867 -0.20524 0.37314 0.90348
1661398689.035145998 -3.37003 1.87239 1.00181 0.04864 -0.20479 0.37301 0.90364
1661398689.045145988 -3.37016 1.87240 1.00127 0.04862 -0.20435 0.37289 0.90379
1661398689.055145979 -3.37030 1.87243 1.00074 0.04863 -0.20393 0.37276 0.90393
1661398689.065145969 -3.37044 1.87246 1.00021 0.04864 -0.20353 0.37263 0.90408
1661398689.075146198 -3.37059 1.87250 0.99970 0.04867 -0.20314 0.37251 0.90421
1661398689.085145950 -3.37074 1.87255 0.99920 0.04870 -0.20277 0.37238 0.90435
1661398689.095146179 -3.37089 1.87261 0.99871 0.04874 -0.20240 0.37224 0.90449
1661398689.105145931 -3.37104 1.87268 0.99824 0.04878 -0.20204 0.37210 0.90462
1661398689.115146160 -3.37119 1.87275 0.99777 0.04881 -0.20168 0.37196 0.90476
1661398689.125145912 -3.37134 1.87284 0.99731 0.04883 -0.20133 0.37181 0.90490
1661398689.135146141 -3.37147 1.87293 0.99686 0.04884 -0.20097 0.37165 0.90504
1661398689.145145893 -3.37160 1.87303 0.99642 0.04884 -0.20062 0.37148 0.90519
1661398689.155146122 -3.37172 1.87314 0.99599 0.04881 -0.20026 0.37130 0.90534
1661398689.165145874 -3.37183 1.87326 0.99557 0.04877 -0.19989 0.37112 0.90550
1661398689.175146103 -3.37194 1.87338 0.99516 0.04871 -0.19953 0.37093 0.90567
1661398689.185145855 -3.37203 1.87350 0.99476 0.04863 -0.19916 0.37073 0.90583
1661398689.195146084 -3.37213 1.87362 0.99438 0.04854 -0.19880 0.37052 0.90600
1661398689.205146074 -3.37221 1.87374 0.99400 0.04844 -0.19843 0.37032 0.90617
1661398689.215146065 -3.37230 1.87385 0.99364 0.04833 -0.19807 0.37011 0.90634
1661398689.225146055 -3.37239 1.87395 0.99329 0.04821 -0.19771 0.36990 0.90651
1661398689.235146046 -3.37247 1.87404 0.99296 0.04809 -0.19736 0.36969 0.90668
1661398689.245146036 -3.37256 1.87412 0.99264 0.04796 -0.19701 0.36948 0.90685
1661398689.255146027 -3.37265 1.87418 0.99234 0.04783 -0.19667 0.36927 0.90701
1661398689.265146017 -3.37275 1.87424 0.99204 0.04770 -0.19633 0.36906 0.90718
1661398689.275146008 -3.37284 1.87427 0.99176 0.04756 -0.19601 0.36886 0.90734
1661398689.285145998 -3.37294 1.87431 0.99149 0.04742 -0.19570 0.36866 0.90749
1661398689.295145988 -3.37304 1.87433 0.99122 0.04728 -0.19540 0.36845 0.90765
1661398689.305145979 -3.37313 1.87436 0.99096 0.04714 -0.19511 0.36825 0.90780
1661398689.315145969 -3.37323 1.87438 0.99069 0.04699 -0.19484 0.36804 0.90795
1661398689.325145960 -3.37333 1.87441 0.99043 0.04685 -0.19459 0.36783 0.90810
1661398689.335146189 -3.37343 1.87445 0.99015 0.04670 -0.19435 0.36762 0.90824
1661398689.345145941 -3.37353 1.87449 0.98987 0.04655 -0.19414 0.36741 0.90838
1661398689.355146170 -3.37362 1.87454 0.98958 0.04639 -0.19394 0.36719 0.90852
1661398689.365145922 -3.37371 1.87461 0.98929 0.04624 -0.19376 0.36696 0.90866
1661398689.375146151 -3.37380 1.87468 0.98898 0.04608 -0.19360 0.36674 0.90879
1661398689.385145903 -3.37389 1.87476 0.98866 0.04592 -0.19345 0.36652 0.90892
1661398689.395146132 -3.37397 1.87485 0.98833 0.04575 -0.19330 0.36630 0.90905
1661398689.405145884 -3.37406 1.87494 0.98799 0.04558 -0.19316 0.36609 0.90917
1661398689.415146112 -3.37413 1.87503 0.98763 0.04540 -0.19301 0.36588 0.90929
1661398689.425145864 -3.37421 1.87513 0.98727 0.04522 -0.19287 0.36568 0.90941
1661398689.435146093 -3.37428 1.87523 0.98690 0.04503 -0.19271 0.36550 0.90953
1661398689.445145845 -3.37435 1.87533 0.98651 0.04483 -0.19254 0.36532 0.90965
1661398689.455146074 -3.37441 1.87543 0.98612 0.04463 -0.19236 0.36517 0.90976
1661398689.465146065 -3.37447 1.87553 0.98571 0.04442 -0.19216 0.36502 0.90987
1661398689.475146055 -3.37452 1.87564 0.98529 0.04421 -0.19194 0.36489 0.90998
1661398689.485146046 -3.37458 1.87575 0.98487 0.04400 -0.19169 0.36477 0.91009
1661398689.495146036 -3.37463 1.87587 0.98443 0.04379 -0.19142 0.36465 0.91020
1661398689.505146027 -3.37469 1.87599 0.98399 0.04358 -0.19111 0.36455 0.91032
1661398689.515146017 -3.37474 1.87613 0.98353 0.04338 -0.19078 0.36446 0.91044
1661398689.525146008 -3.37480 1.87628 0.98307 0.04319 -0.19040 0.36436 0.91056
1661398689.535145998 -3.37486 1.87644 0.98261 0.04302 -0.18999 0.36428 0.91069
1661398689.545145988 -3.37492 1.87662 0.98214 0.04285 -0.18953 0.36420 0.91083
1661398689.555145979 -3.37499 1.87682 0.98166 0.04271 -0.18903 0.36411 0.91097
1661398689.565145969 -3.37506 1.87703 0.98117 0.04258 -0.18849 0.36404 0.91112
1661398689.575146198 -3.37514 1.87726 0.98069 0.04247 -0.18792 0.36396 0.91127
1661398689.585145950 -3.37522 1.87751 0.98019 0.04238 -0.18733 0.36388 0.91143
1661398689.595146179 -3.37529 1.87777 0.97970 0.04231 -0.18674 0.36381 0.91158
1661398689.605145931 -3.37537 1.87803 0.97921 0.04226 -0.18614 0.36374 0.91173
1661398689.615146160 -3.37545 1.87831 0.97871 0.04223 -0.18554 0.36368 0.91188
1661398689.625145912 -3.37553 1.87860 0.97821 0.04222 -0.18497 0.36362 0.91202
1661398689.635146141 -3.37560 1.87889 0.97772 0.04224 -0.18442 0.36356 0.91216
1661398689.645145893 -3.37567 1.87918 0.97722 0.04228 -0.18390 0.36350 0.91228
1661398689.655146122 -3.37573 1.87948 0.97673 0.04235 -0.18342 0.36345 0.91240
1661398689.665145874 -3.37579 1.87979 0.97624 0.04243 -0.18297 0.36341 0.91250
1661398689.675146103 -3.37585 1.88009 0.97575 0.04253 -0.18255 0.36337 0.91260
1661398689.685145855 -3.37590 1.88040 0.97527 0.04262 -0.18214 0.36333 0.91269
1661398689.695146084 -3.37595 1.88072 0.97478 0.04272 -0.18173 0.36330 0.91278
1661398689.705146074 -3.37600 1.88103 0.97428 0.04281 -0.18131 0.36327 0.91287
1661398689.715146065 -3.37606 1.88135 0.97379 0.04288 -0.18087 0.36325 0.91296
1661398689.725146055 -3.37611 1.88167 0.97329 0.04292 -0.18041 0.36323 0.91306
1661398689.735146046 -3.37616 1.88200 0.97279 0.04294 -0.17991 0.36322 0.91316
1661398689.745146036 -3.37622 1.88232 0.97228 0.04291 -0.17935 0.36322 0.91327
1661398689.755146027 -3.37628 1.88265 0.97176 0.04285 -0.17874 0.36322 0.91339
1661398689.765146017 -3.37634 1.88298 0.97124 0.04274 -0.17808 0.36323 0.91352
1661398689.775146008 -3.37640 1.88332 0.97071 0.04261 -0.17737 0.36324 0.91366
1661398689.785145998 -3.37647 1.88365 0.97017 0.04245 -0.17663 0.36325 0.91381
1661398689.795145988 -3.37653 1.88400 0.96963 0.04228 -0.17586 0.36326 0.91396
1661398689.805145979 -3.37659 1.88434 0.96907 0.04211 -0.17507 0.36326 0.91412
1661398689.815145969 -3.37665 1.88470 0.96851 0.04193 -0.17427 0.36326 0.91428
1661398689.825145960 -3.37671 1.88505 0.96794 0.04176 -0.17346 0.36325 0.91445
1661398689.835146189 -3.37676 1.88542 0.96736 0.04160 -0.17265 0.36324 0.91461
1661398689.845145941 -3.37680 1.88579 0.96677 0.04146 -0.17185 0.36321 0.91478
1661398689.855146170 -3.37684 1.88617 0.96617 0.04136 -0.17107 0.36317 0.91495
1661398689.865145922 -3.37687 1.88655 0.96556 0.04128 -0.17031 0.36313 0.91511
1661398689.875146151 -3.37690 1.88694 0.96495 0.04122 -0.16956 0.36307 0.91528
1661398689.885145903 -3.37693 1.88733 0.96433 0.04117 -0.16882 0.36301 0.91544
1661398689.895146132 -3.37696 1.88772 0.96372 0.04115 -0.16809 0.36296 0.91560
1661398689.905145884 -3.37699 1.88811 0.96311 0.04113 -0.16737 0.36290 0.91575
1661398689.915146112 -3.37702 1.88850 0.96250 0.04111 -0.16665 0.36284 0.91590
1661398689.925145864 -3.37706 1.88889 0.96191 0.04110 -0.16594 0.36280 0.91605
1661398689.935146093 -3.37710 1.88927 0.96132 0.04109 -0.16523 0.36276 0.91620
1661398689.945145845 -3.37714 1.88965 0.96075 0.04107 -0.16451 0.36274 0.91634
1661398689.955146074 -3.37720 1.89002 0.96020 0.04104 -0.16379 0.36273 0.91647
1661398689.965146065 -3.37726 1.89038 0.95966 0.04100 -0.16308 0.36273 0.91660
1661398689.975146055 -3.37733 1.89074 0.95914 0.04095 -0.16237 0.36274 0.91672
1661398689.985146046 -3.37739 1.89109 0.95863 0.04089 -0.16168 0.36276 0.91684
1661398689.995146036 -3.37746 1.89143 0.95813 0.04081 -0.16100 0.36277 0.91696
1661398690.005146027 -3.37752 1.89176 0.95764 0.04073 -0.16035 0.36279 0.91707
1661398690.015146017 -3.37758 1.89209 0.95716 0.04063 -0.15973 0.36280 0.91718
1661398690.025146008 -3.37763 1.89241 0.95668 0.04052 -0.15915 0.36280 0.91728
1661398690.035145998 -3.37766 1.89272 0.95621 0.04039 -0.15861 0.36279 0.91738
1661398690.045145988 -3.37769 1.89303 0.95574 0.04025 -0.15812 0.36276 0.91749
1661398690.055145979 -3.37770 1.89333 0.95527 0.04010 -0.15768 0.36272 0.91759
1661398690.065145969 -3.37769 1.89362 0.95481 0.03994 -0.15728 0.36266 0.91769
1661398690.075146198 -3.37768 1.89391 0.95435 0.03977 -0.15691 0.36259 0.91778
1661398690.085145950 -3.37765 1.89420 0.95389 0.03959 -0.15658 0.36250 0.91788
1661398690.095146179 -3.37762 1.89449 0.95344 0.03942 -0.15625 0.36241 0.91798
1661398690.105145931 -3.37758 1.89478 0.95300 0.03926 -0.15594 0.36232 0.91808
1661398690.115146160 -3.37753 1.89508 0.95256 0.03910 -0.15561 0.36222 0.91818
1661398690.125145912 -3.37749 1.89537 0.95214 0.03895 -0.15528 0.36212 0.91828
1661398690.135146141 -3.37744 1.89568 0.95173 0.03882 -0.15492 0.36203 0.91838
1661398690.145145893 -3.37740 1.89599 0.95132 0.03871 -0.15453 0.36194 0.91849
1661398690.155146122 -3.37735 1.89631 0.95093 0.03862 -0.15411 0.36186 0.91859
1661398690.165145874 -3.37732 1.89664 0.95056 0.03856 -0.15364 0.36179 0.91870
1661398690.175146103 -3.37728 1.89697 0.95019 0.03851 -0.15315 0.36173 0.91881
1661398690.185145855 -3.37724 1.89730 0.94984 0.03849 -0.15264 0.36167 0.91892
1661398690.195146084 -3.37721 1.89764 0.94949 0.03849 -0.15211 0.36162 0.91903
1661398690.205146074 -3.37717 1.89797 0.94915 0.03850 -0.15158 0.36157 0.91914
1661398690.215146065 -3.37713 1.89830 0.94882 0.03854 -0.15105 0.36152 0.91924
1661398690.225146055 -3.37709 1.89862 0.94849 0.03859 -0.15052 0.36147 0.91935
1661398690.235146046 -3.37704 1.89892 0.94817 0.03866 -0.15001 0.36142 0.91945
1661398690.245146036 -3.37699 1.89922 0.94786 0.03875 -0.14952 0.36137 0.91954
1661398690.255146027 -3.37694 1.89950 0.94754 0.03885 -0.14905 0.36131 0.91964
1661398690.265146017 -3.37687 1.89977 0.94723 0.03896 -0.14861 0.36125 0.91972
1661398690.275146008 -3.37681 1.90002 0.94692 0.03908 -0.14819 0.36119 0.91981
1661398690.285145998 -3.37673 1.90027 0.94661 0.03920 -0.14779 0.36114 0.91989
1661398690.295145988 -3.37666 1.90050 0.94630 0.03931 -0.14740 0.36108 0.91997
1661398690.305145979 -3.37657 1.90072 0.94599 0.03942 -0.14703 0.36102 0.92005
1661398690.315145969 -3.37648 1.90094 0.94568 0.03951 -0.14666 0.36097 0.92012
1661398690.325145960 -3.37638 1.90114 0.94536 0.03959 -0.14630 0.36092 0.92020
1661398690.335146189 -3.37628 1.90134 0.94505 0.03965 -0.14594 0.36088 0.92027
1661398690.345145941 -3.37617 1.90154 0.94473 0.03968 -0.14557 0.36085 0.92034
1661398690.355146170 -3.37605 1.90173 0.94441 0.03967 -0.14521 0.36082 0.92041
1661398690.365145922 -3.37592 1.90192 0.94408 0.03965 -0.14483 0.36080 0.92048
1661398690.375146151 -3.37579 1.90211 0.94375 0.03960 -0.14444 0.36078 0.92055
1661398690.385145903 -3.37565 1.90229 0.94342 0.03954 -0.14405 0.36076 0.92062
1661398690.395146132 -3.37551 1.90247 0.94308 0.03948 -0.14363 0.36074 0.92069
1661398690.405145884 -3.37536 1.90265 0.94273 0.03941 -0.14321 0.36072 0.92077
1661398690.415146112 -3.37519 1.90283 0.94238 0.03935 -0.14276 0.36070 0.92085
1661398690.425145864 -3.37503 1.90301 0.94202 0.03930 -0.14229 0.36067 0.92094
1661398690.435146093 -3.37485 1.90319 0.94166 0.03927 -0.14180 0.36064 0.92103
1661398690.445145845 -3.37467 1.90338 0.94129 0.03927 -0.14128 0.36059 0.92113
1661398690.455146074 -3.37447 1.90356 0.94092 0.03929 -0.14073 0.36053 0.92123
1661398690.465146065 -3.37428 1.90375 0.94053 0.03934 -0.14017 0.36047 0.92134
1661398690.475146055 -3.37407 1.90394 0.94014 0.03941 -0.13958 0.36040 0.92145
1661398690.485146046 -3.37386 1.90413 0.93974 0.03948 -0.13898 0.36032 0.92157
1661398690.495146036 -3.37365 1.90433 0.93933 0.03956 -0.13838 0.36024 0.92169
1661398690.505146027 -3.37343 1.90453 0.93891 0.03963 -0.13777 0.36016 0.92181
1661398690.515146017 -3.37322 1.90475 0.93848 0.03969 -0.13716 0.36009 0.92193
1661398690.525146008 -3.37300 1.90496 0.93804 0.03972 -0.13656 0.36003 0.92204
1661398690.535145998 -3.37278 1.90519 0.93759 0.03973 -0.13597 0.35997 0.92215
1661398690.545145988 -3.37257 1.90543 0.93713 0.03971 -0.13540 0.35992 0.92225
1661398690.555145979 -3.37235 1.90567 0.93665 0.03964 -0.13484 0.35989 0.92235
1661398690.565145969 -3.37214 1.90593 0.93617 0.03954 -0.13431 0.35987 0.92244
1661398690.575146198 -3.37193 1.90619 0.93567 0.03940 -0.13380 0.35987 0.92252
1661398690.585145950 -3.37172 1.90645 0.93517 0.03923 -0.13330 0.35986 0.92260
1661398690.595146179 -3.37151 1.90672 0.93467 0.03904 -0.13281 0.35987 0.92268
1661398690.605145931 -3.37130 1.90700 0.93416 0.03883 -0.13234 0.35987 0.92275
1661398690.615146160 -3.37109 1.90727 0.93366 0.03861 -0.13187 0.35988 0.92283
1661398690.625145912 -3.37087 1.90755 0.93315 0.03837 -0.13142 0.35988 0.92290
1661398690.635146141 -3.37065 1.90783 0.93266 0.03812 -0.13097 0.35988 0.92297
1661398690.645145893 -3.37042 1.90810 0.93217 0.03788 -0.13052 0.35987 0.92305
1661398690.655146122 -3.37019 1.90837 0.93168 0.03763 -0.13008 0.35986 0.92313
1661398690.665145874 -3.36996 1.90864 0.93121 0.03739 -0.12963 0.35983 0.92321
1661398690.675146103 -3.36972 1.90890 0.93075 0.03715 -0.12917 0.35980 0.92330
1661398690.685145855 -3.36947 1.90917 0.93029 0.03691 -0.12870 0.35976 0.92339
1661398690.695146084 -3.36922 1.90943 0.92984 0.03668 -0.12821 0.35972 0.92348
1661398690.705146074 -3.36897 1.90970 0.92940 0.03644 -0.12770 0.35967 0.92358
1661398690.715146065 -3.36872 1.90996 0.92897 0.03621 -0.12716 0.35963 0.92368
1661398690.725146055 -3.36847 1.91023 0.92855 0.03598 -0.12658 0.35958 0.92379
1661398690.735146046 -3.36822 1.91051 0.92813 0.03575 -0.12596 0.35954 0.92390
1661398690.745146036 -3.36798 1.91078 0.92772 0.03552 -0.12530 0.35949 0.92401
1661398690.755146027 -3.36773 1.91106 0.92732 0.03530 -0.12459 0.35945 0.92413
1661398690.765146017 -3.36749 1.91135 0.92692 0.03508 -0.12384 0.35942 0.92426
1661398690.775146008 -3.36725 1.91164 0.92653 0.03487 -0.12307 0.35939 0.92438
1661398690.785145998 -3.36701 1.91193 0.92614 0.03467 -0.12227 0.35936 0.92451
1661398690.795145988 -3.36677 1.91221 0.92575 0.03448 -0.12147 0.35933 0.92463
1661398690.805145979 -3.36654 1.91250 0.92537 0.03431 -0.12068 0.35931 0.92475
1661398690.815145969 -3.36632 1.91279 0.92499 0.03417 -0.11990 0.35929 0.92486
1661398690.825145960 -3.36610 1.91307 0.92460 0.03405 -0.11915 0.35928 0.92497
1661398690.835146189 -3.36589 1.91334 0.92422 0.03396 -0.11843 0.35927 0.92507
1661398690.845145941 -3.36568 1.91361 0.92383 0.03390 -0.11777 0.35926 0.92516
1661398690.855146170 -3.36548 1.91387 0.92345 0.03388 -0.11716 0.35926 0.92524
1661398690.865145922 -3.36528 1.91412 0.92306 0.03388 -0.11661 0.35925 0.92531
1661398690.875146151 -3.36509 1.91437 0.92267 0.03391 -0.11612 0.35926 0.92537
1661398690.885145903 -3.36491 1.91461 0.92228 0.03395 -0.11567 0.35926 0.92542
1661398690.895146132 -3.36473 1.91485 0.92189 0.03399 -0.11528 0.35926 0.92546
1661398690.905145884 -3.36456 1.91508 0.92150 0.03402 -0.11494 0.35927 0.92551
1661398690.915146112 -3.36440 1.91531 0.92111 0.03405 -0.11464 0.35927 0.92554
1661398690.925145864 -3.36424 1.91553 0.92072 0.03405 -0.11439 0.35927 0.92557
1661398690.935146093 -3.36410 1.91576 0.92034 0.03403 -0.11417 0.35927 0.92560
1661398690.945145845 -3.36395 1.91598 0.91996 0.03397 -0.11400 0.35926 0.92563
1661398690.955146074 -3.36382 1.91620 0.91959 0.03387 -0.11385 0.35925 0.92565
1661398690.965146065 -3.36369 1.91642 0.91922 0.03372 -0.11373 0.35924 0.92567
1661398690.975146055 -3.36357 1.91664 0.91886 0.03355 -0.11362 0.35923 0.92570
1661398690.985146046 -3.36346 1.91685 0.91851 0.03334 -0.11351 0.35923 0.92572
1661398690.995146036 -3.36335 1.91707 0.91818 0.03311 -0.11337 0.35924 0.92574
1661398691.005146027 -3.36325 1.91728 0.91786 0.03286 -0.11320 0.35925 0.92577
1661398691.015146017 -3.36316 1.91748 0.91757 0.03259 -0.11299 0.35928 0.92579
1661398691.025146008 -3.36307 1.91768 0.91729 0.03232 -0.11272 0.35933 0.92581
1661398691.035145998 -3.36300 1.91788 0.91704 0.03204 -0.11237 0.35940 0.92584
1661398691.045145988 -3.36293 1.91807 0.91682 0.03176 -0.11194 0.35949 0.92587
1661398691.055145979 -3.36287 1.91825 0.91662 0.03148 -0.11142 0.35961 0.92589
1661398691.065145969 -3.36281 1.91842 0.91646 0.03121 -0.11082 0.35975 0.92592
1661398691.075146198 -3.36276 1.91859 0.91631 0.03096 -0.11017 0.35990 0.92595
1661398691.085145950 -3.36272 1.91874 0.91619 0.03073 -0.10950 0.36007 0.92597
1661398691.095146179 -3.36268 1.91889 0.91608 0.03054 -0.10884 0.36024 0.92598
1661398691.105145931 -3.36264 1.91902 0.91599 0.03037 -0.10821 0.36042 0.92600
1661398691.115146160 -3.36261 1.91914 0.91591 0.03025 -0.10763 0.36059 0.92600
1661398691.125145912 -3.36258 1.91924 0.91583 0.03017 -0.10714 0.36076 0.92599
1661398691.135146141 -3.36255 1.91933 0.91577 0.03014 -0.10676 0.36092 0.92597
1661398691.145145893 -3.36252 1.91940 0.91570 0.03018 -0.10651 0.36107 0.92594
1661398691.155146122 -3.36249 1.91946 0.91563 0.03027 -0.10642 0.36120 0.92590
1661398691.165145874 -3.36246 1.91950 0.91556 0.03042 -0.10646 0.36130 0.92585
1661398691.175146103 -3.36244 1.91953 0.91549 0.03061 -0.10660 0.36140 0.92579
1661398691.185145855 -3.36241 1.91954 0.91542 0.03084 -0.10681 0.36148 0.92573
1661398691.195146084 -3.36239 1.91955 0.91534 0.03108 -0.10707 0.36155 0.92566
1661398691.205146074 -3.36237 1.91955 0.91526 0.03133 -0.10734 0.36161 0.92560
1661398691.215146065 -3.36235 1.91955 0.91518 0.03158 -0.10759 0.36166 0.92554
1661398691.225146055 -3.36233 1.91955 0.91509 0.03182 -0.10780 0.36171 0.92549
1661398691.235146046 -3.36232 1.91955 0.91500 0.03203 -0.10794 0.36176 0.92545
1661398691.245146036 -3.36232 1.91955 0.91491 0.03221 -0.10797 0.36181 0.92542
1661398691.255146027 -3.36232 1.91955 0.91481 0.03234 -0.10787 0.36185 0.92541
1661398691.265146017 -3.36232 1.91956 0.91471 0.03243 -0.10766 0.36190 0.92541
1661398691.275146008 -3.36233 1.91958 0.91460 0.03249 -0.10735 0.36195 0.92542
1661398691.285145998 -3.36234 1.91959 0.91448 0.03251 -0.10697 0.36200 0.92545
1661398691.295145988 -3.36235 1.91962 0.91435 0.03251 -0.10652 0.36205 0.92548
1661398691.305145979 -3.36237 1.91964 0.91421 0.03248 -0.10603 0.36210 0.92552
1661398691.315145969 -3.36238 1.91967 0.91405 0.03243 -0.10552 0.36214 0.92556
1661398691.325145960 -3.36238 1.91970 0.91388 0.03237 -0.10501 0.36219 0.92561
1661398691.335146189 -3.36239 1.91974 0.91369 0.03230 -0.10451 0.36222 0.92565
1661398691.345145941 -3.36238 1.91977 0.91348 0.03223 -0.10404 0.36226 0.92569
1661398691.355146170 -3.36238 1.91981 0.91325 0.03215 -0.10363 0.36229 0.92573
1661398691.365145922 -3.36236 1.91985 0.91300 0.03207 -0.10325 0.36231 0.92577
1661398691.375146151 -3.36234 1.91989 0.91273 0.03198 -0.10291 0.36233 0.92580
1661398691.385145903 -3.36232 1.91993 0.91243 0.03189 -0.10258 0.36234 0.92584
1661398691.395146132 -3.36230 1.91996 0.91211 0.03178 -0.10228 0.36234 0.92587
1661398691.405145884 -3.36227 1.91999 0.91177 0.03165 -0.10197 0.36234 0.92591
1661398691.415146112 -3.36224 1.92001 0.91140 0.03151 -0.10166 0.36233 0.92595
1661398691.425145864 -3.36221 1.92003 0.91100 0.03134 -0.10134 0.36231 0.92600
1661398691.435146093 -3.36218 1.92003 0.91057 0.03114 -0.10098 0.36229 0.92606
1661398691.445145845 -3.36215 1.92003 0.91011 0.03092 -0.10060 0.36225 0.92612
1661398691.455146074 -3.36213 1.92002 0.90962 0.03066 -0.10017 0.36221 0.92619
1661398691.465146065 -3.36210 1.92000 0.90911 0.03038 -0.09970 0.36216 0.92627
1661398691.475146055 -3.36208 1.91997 0.90858 0.03007 -0.09920 0.36210 0.92636
1661398691.485146046 -3.36206 1.91995 0.90804 0.02975 -0.09868 0.36204 0.92645
1661398691.495146036 -3.36204 1.91992 0.90748 0.02941 -0.09813 0.36198 0.92654
1661398691.505146027 -3.36202 1.91989 0.90693 0.02907 -0.09757 0.36192 0.92663
1661398691.515146017 -3.36200 1.91986 0.90638 0.02872 -0.09701 0.36186 0.92673
1661398691.525146008 -3.36199 1.91984 0.90584 0.02839 -0.09645 0.36181 0.92682
1661398691.535145998 -3.36197 1.91983 0.90532 0.02806 -0.09589 0.36176 0.92690
1661398691.545145988 -3.36196 1.91984 0.90482 0.02774 -0.09534 0.36172 0.92698
1661398691.555145979 -3.36194 1.91985 0.90435 0.02745 -0.09481 0.36170 0.92706
1661398691.565145969 -3.36193 1.91988 0.90390 0.02717 -0.09430 0.36168 0.92712
1661398691.575146198 -3.36192 1.91992 0.90347 0.02691 -0.09380 0.36167 0.92718
1661398691.585145950 -3.36191 1.91996 0.90307 0.02668 -0.09332 0.36167 0.92724
1661398691.595146179 -3.36190 1.92000 0.90268 0.02646 -0.09284 0.36168 0.92729
1661398691.605145931 -3.36188 1.92005 0.90231 0.02626 -0.09237 0.36170 0.92734
1661398691.615146160 -3.36187 1.92009 0.90196 0.02608 -0.09189 0.36172 0.92738
1661398691.625145912 -3.36185 1.92013 0.90162 0.02592 -0.09142 0.36175 0.92742
1661398691.635146141 -3.36184 1.92017 0.90129 0.02578 -0.09095 0.36179 0.92746
1661398691.645145893 -3.36182 1.92019 0.90097 0.02565 -0.09047 0.36183 0.92749
1661398691.655146122 -3.36179 1.92020 0.90066 0.02554 -0.08998 0.36187 0.92752
1661398691.665145874 -3.36177 1.92020 0.90035 0.02544 -0.08949 0.36192 0.92756
1661398691.675146103 -3.36175 1.92020 0.90005 0.02536 -0.08901 0.36196 0.92759
1661398691.685145855 -3.36173 1.92018 0.89975 0.02529 -0.08854 0.36202 0.92761
1661398691.695146084 -3.36171 1.92016 0.89946 0.02522 -0.08810 0.36207 0.92764
1661398691.705146074 -3.36169 1.92013 0.89918 0.02515 -0.08767 0.36213 0.92766
1661398691.715146065 -3.36168 1.92010 0.89890 0.02509 -0.08729 0.36218 0.92767
1661398691.725146055 -3.36168 1.92007 0.89863 0.02502 -0.08694 0.36224 0.92768
1661398691.735146046 -3.36168 1.92004 0.89836 0.02495 -0.08665 0.36230 0.92769
1661398691.745146036 -3.36170 1.92001 0.89809 0.02488 -0.08641 0.36235 0.92769
1661398691.755146027 -3.36172 1.91998 0.89783 0.02479 -0.08623 0.36241 0.92769
1661398691.765146017 -3.36175 1.91995 0.89758 0.02470 -0.08610 0.36247 0.92768
1661398691.775146008 -3.36179 1.91993 0.89733 0.02459 -0.08602 0.36252 0.92767
1661398691.785145998 -3.36184 1.91992 0.89708 0.02449 -0.08596 0.36258 0.92766
1661398691.795145988 -3.36189 1.91990 0.89685 0.02437 -0.08593 0.36263 0.92764
1661398691.805145979 -3.36194 1.91989 0.89662 0.02425 -0.08591 0.36269 0.92763
1661398691.815145969 -3.36200 1.91989 0.89640 0.02413 -0.08588 0.36274 0.92761
1661398691.825145960 -3.36206 1.91989 0.89620 0.02401 -0.08584 0.36280 0.92760
1661398691.835146189 -3.36211 1.91989 0.89600 0.02388 -0.08578 0.36285 0.92758
1661398691.845145941 -3.36217 1.91990 0.89581 0.02375 -0.08568 0.36290 0.92758
1661398691.855146170 -3.36222 1.91992 0.89564 0.02363 -0.08555 0.36295 0.92757
1661398691.865145922 -3.36227 1.91994 0.89547 0.02351 -0.08537 0.36301 0.92757
1661398691.875146151 -3.36232 1.91996 0.89532 0.02339 -0.08516 0.36306 0.92757
1661398691.885145903 -3.36236 1.91999 0.89517 0.02329 -0.08492 0.36312 0.92757
1661398691.895146132 -3.36241 1.92001 0.89504 0.02320 -0.08466 0.36317 0.92758
1661398691.905145884 -3.36246 1.92002 0.89491 0.02313 -0.08438 0.36324 0.92758
1661398691.915146112 -3.36252 1.92004 0.89479 0.02308 -0.08408 0.36330 0.92758
1661398691.925145864 -3.36258 1.92004 0.89468 0.02306 -0.08378 0.36338 0.92758
1661398691.935146093 -3.36265 1.92003 0.89457 0.02307 -0.08348 0.36346 0.92758
1661398691.945145845 -3.36273 1.92001 0.89446 0.02310 -0.08318 0.36354 0.92757
1661398691.955146074 -3.36281 1.91998 0.89436 0.02317 -0.08288 0.36364 0.92756
1661398691.965146065 -3.36291 1.91994 0.89426 0.02328 -0.08260 0.36374 0.92754
1661398691.975146055 -3.36301 1.91988 0.89417 0.02340 -0.08233 0.36384 0.92752
1661398691.985146046 -3.36312 1.91982 0.89407 0.02355 -0.08207 0.36395 0.92750
1661398691.995146036 -3.36323 1.91975 0.89398 0.02371 -0.08182 0.36406 0.92747
1661398692.005146027 -3.36335 1.91967 0.89389 0.02388 -0.08159 0.36416 0.92745
1661398692.015146017 -3.36348 1.91959 0.89379 0.02406 -0.08138 0.36427 0.92742
1661398692.025146008 -3.36361 1.91951 0.89370 0.02423 -0.08119 0.36436 0.92740
1661398692.035145998 -3.36374 1.91943 0.89360 0.02440 -0.08101 0.36445 0.92737
1661398692.045145988 -3.36388 1.91935 0.89350 0.02456 -0.08086 0.36453 0.92735
1661398692.055145979 -3.36402 1.91928 0.89340 0.02470 -0.08073 0.36459 0.92733
1661398692.065145969 -3.36416 1.91920 0.89329 0.02483 -0.08061 0.36465 0.92732
1661398692.075146198 -3.36429 1.91913 0.89318 0.02494 -0.08051 0.36469 0.92731
1661398692.085145950 -3.36442 1.91906 0.89306 0.02504 -0.08041 0.36472 0.92730
1661398692.095146179 -3.36455 1.91899 0.89294 0.02512 -0.08031 0.36475 0.92730
1661398692.105145931 -3.36467 1.91892 0.89281 0.02518 -0.08020 0.36476 0.92730
1661398692.115146160 -3.36478 1.91885 0.89267 0.02523 -0.08008 0.36477 0.92730
1661398692.125145912 -3.36488 1.91877 0.89252 0.02526 -0.07995 0.36477 0.92731
1661398692.135146141 -3.36497 1.91869 0.89237 0.02528 -0.07979 0.36476 0.92733
1661398692.145145893 -3.36504 1.91861 0.89220 0.02528 -0.07960 0.36475 0.92735
1661398692.155146122 -3.36509 1.91853 0.89203 0.02526 -0.07937 0.36473 0.92738
1661398692.165145874 -3.36513 1.91844 0.89184 0.02523 -0.07912 0.36471 0.92741
1661398692.175146103 -3.36515 1.91835 0.89165 0.02518 -0.07883 0.36468 0.92745
1661398692.185145855 -3.36517 1.91825 0.89145 0.02512 -0.07851 0.36464 0.92749
1661398692.195146084 -3.36517 1.91815 0.89123 0.02504 -0.07817 0.36459 0.92754
1661398692.205146074 -3.36516 1.91806 0.89102 0.02494 -0.07781 0.36454 0.92760
1661398692.215146065 -3.36514 1.91796 0.89079 0.02482 -0.07742 0.36448 0.92766
1661398692.225146055 -3.36511 1.91785 0.89056 0.02469 -0.07702 0.36441 0.92772
1661398692.235146046 -3.36508 1.91775 0.89032 0.02454 -0.07660 0.36433 0.92779
1661398692.245146036 -3.36505 1.91765 0.89007 0.02436 -0.07616 0.36424 0.92787
1661398692.255146027 -3.36501 1.91755 0.88982 0.02417 -0.07572 0.36413 0.92795
1661398692.265146017 -3.36497 1.91745 0.88956 0.02396 -0.07526 0.36403 0.92803
1661398692.275146008 -3.36492 1.91736 0.88930 0.02375 -0.07479 0.36391 0.92812
1661398692.285145998 -3.36488 1.91726 0.88904 0.02352 -0.07432 0.36380 0.92821
1661398692.295145988 -3.36482 1.91717 0.88877 0.02330 -0.07384 0.36368 0.92830
1661398692.305145979 -3.36477 1.91708 0.88849 0.02308 -0.07336 0.36357 0.92839
1661398692.315145969 -3.36470 1.91700 0.88822 0.02287 -0.07288 0.36346 0.92847
1661398692.325145960 -3.36464 1.91691 0.88793 0.02267 -0.07239 0.36336 0.92856
1661398692.335146189 -3.36456 1.91683 0.88765 0.02249 -0.07190 0.36327 0.92863
1661398692.345145941 -3.36448 1.91676 0.88736 0.02233 -0.07142 0.36319 0.92871
1661398692.355146170 -3.36440 1.91669 0.88707 0.02220 -0.07093 0.36312 0.92877
1661398692.365145922 -3.36430 1.91662 0.88678 0.02209 -0.07046 0.36307 0.92883
1661398692.375146151 -3.36421 1.91655 0.88648 0.02200 -0.06998 0.36303 0.92889
1661398692.385145903 -3.36411 1.91649 0.88619 0.02192 -0.06952 0.36300 0.92894
1661398692.395146132 -3.36401 1.91644 0.88589 0.02184 -0.06906 0.36297 0.92898
1661398692.405145884 -3.36391 1.91638 0.88560 0.02176 -0.06862 0.36294 0.92903
1661398692.415146112 -3.36381 1.91633 0.88531 0.02167 -0.06818 0.36291 0.92907
1661398692.425145864 -3.36371 1.91627 0.88503 0.02157 -0.06776 0.36288 0.92912
1661398692.435146093 -3.36362 1.91622 0.88475 0.02145 -0.06736 0.36284 0.92917
1661398692.445145845 -3.36352 1.91617 0.88448 0.02131 -0.06697 0.36280 0.92921
1661398692.455146074 -3.36344 1.91612 0.88422 0.02114 -0.06661 0.36274 0.92927
1661398692.465146065 -3.36335 1.91606 0.88396 0.02095 -0.06626 0.36268 0.92932
1661398692.475146055 -3.36327 1.91601 0.88370 0.02073 -0.06593 0.36261 0.92938
1661398692.485146046 -3.36320 1.91595 0.88345 0.02051 -0.06561 0.36253 0.92943
1661398692.495146036 -3.36312 1.91588 0.88321 0.02028 -0.06532 0.36246 0.92949
1661398692.505146027 -3.36305 1.91580 0.88296 0.02004 -0.06503 0.36239 0.92954
1661398692.515146017 -3.36297 1.91571 0.88272 0.01981 -0.06477 0.36233 0.92958
1661398692.525146008 -3.36290 1.91562 0.88248 0.01959 -0.06452 0.36228 0.92963
1661398692.535145998 -3.36282 1.91550 0.88224 0.01939 -0.06428 0.36225 0.92966
1661398692.545145988 -3.36275 1.91537 0.88199 0.01921 -0.06406 0.36222 0.92969
1661398692.555145979 -3.36267 1.91523 0.88175 0.01905 -0.06385 0.36222 0.92971
1661398692.565145969 -3.36259 1.91507 0.88150 0.01892 -0.06365 0.36223 0.92972
1661398692.575146198 -3.36250 1.91491 0.88125 0.01881 -0.06345 0.36226 0.92973
1661398692.585145950 -3.36242 1.91474 0.88100 0.01872 -0.06326 0.36229 0.92973
1661398692.595146179 -3.36234 1.91456 0.88076 0.01865 -0.06307 0.36233 0.92973
1661398692.605145931 -3.36226 1.91439 0.88052 0.01859 -0.06288 0.36237 0.92973
1661398692.615146160 -3.36218 1.91423 0.88029 0.01854 -0.06268 0.36240 0.92973
1661398692.625145912 -3.36210 1.91408 0.88006 0.01849 -0.06247 0.36243 0.92973
1661398692.635146141 -3.36203 1.91394 0.87984 0.01846 -0.06225 0.36245 0.92974
1661398692.645145893 -3.36197 1.91382 0.87964 0.01842 -0.06201 0.36246 0.92975
1661398692.655146122 -3.36191 1.91372 0.87944 0.01839 -0.06176 0.36245 0.92977
1661398692.665145874 -3.36186 1.91364 0.87926 0.01835 -0.06149 0.36242 0.92980
1661398692.675146103 -3.36182 1.91358 0.87908 0.01831 -0.06122 0.36239 0.92984
1661398692.685145855 -3.36178 1.91353 0.87892 0.01828 -0.06093 0.36234 0.92987
1661398692.695146084 -3.36174 1.91350 0.87876 0.01825 -0.06065 0.36229 0.92991
1661398692.705146074 -3.36171 1.91347 0.87861 0.01821 -0.06037 0.36224 0.92995
1661398692.715146065 -3.36169 1.91345 0.87847 0.01819 -0.06009 0.36218 0.92999
1661398692.725146055 -3.36167 1.91343 0.87834 0.01816 -0.05982 0.36213 0.93003
1661398692.735146046 -3.36165 1.91341 0.87822 0.01813 -0.05957 0.36208 0.93007
1661398692.745146036 -3.36164 1.91339 0.87810 0.01811 -0.05933 0.36204 0.93010
1661398692.755146027 -3.36164 1.91337 0.87799 0.01810 -0.05912 0.36200 0.93012
1661398692.765146017 -3.36163 1.91335 0.87788 0.01808 -0.05893 0.36198 0.93015
1661398692.775146008 -3.36163 1.91332 0.87777 0.01807 -0.05876 0.36196 0.93016
1661398692.785145998 -3.36163 1.91328 0.87767 0.01805 -0.05860 0.36195 0.93018
1661398692.795145988 -3.36164 1.91324 0.87758 0.01803 -0.05846 0.36194 0.93019
1661398692.805145979 -3.36165 1.91320 0.87749 0.01800 -0.05833 0.36194 0.93020
1661398692.815145969 -3.36166 1.91316 0.87740 0.01797 -0.05821 0.36193 0.93021
1661398692.825145960 -3.36167 1.91311 0.87731 0.01792 -0.05811 0.36192 0.93023
1661398692.835146189 -3.36168 1.91306 0.87723 0.01786 -0.05801 0.36190 0.93024
1661398692.845145941 -3.36169 1.91301 0.87715 0.01779 -0.05791 0.36188 0.93025
1661398692.855146170 -3.36171 1.91295 0.87707 0.01770 -0.05782 0.36185 0.93027
1661398692.865145922 -3.36172 1.91290 0.87699 0.01760 -0.05773 0.36182 0.93029
1661398692.875146151 -3.36174 1.91284 0.87691 0.01749 -0.05764 0.36178 0.93032
1661398692.885145903 -3.36176 1.91278 0.87683 0.01737 -0.05755 0.36174 0.93034
1661398692.895146132 -3.36179 1.91271 0.87675 0.01725 -0.05745 0.36170 0.93036
1661398692.905145884 -3.36182 1.91264 0.87667 0.01713 -0.05734 0.36166 0.93039
1661398692.915146112 -3.36186 1.91257 0.87659 0.01702 -0.05722 0.36162 0.93041
1661398692.925145864 -3.36191 1.91250 0.87651 0.01691 -0.05708 0.36159 0.93043
1661398692.935146093 -3.36196 1.91242 0.87642 0.01681 -0.05693 0.36157 0.93045
1661398692.945145845 -3.36203 1.91234 0.87633 0.01673 -0.05676 0.36156 0.93047
1661398692.955146074 -3.36211 1.91225 0.87623 0.01667 -0.05656 0.36155 0.93049
1661398692.965146065 -3.36220 1.91216 0.87613 0.01662 -0.05635 0.36156 0.93050
1661398692.975146055 -3.36230 1.91206 0.87603 0.01659 -0.05612 0.36157 0.93051
1661398692.985146046 -3.36240 1.91196 0.87591 0.01656 -0.05587 0.36158 0.93052
1661398692.995146036 -3.36252 1.91186 0.87577 0.01654 -0.05561 0.36160 0.93053
1661398693.005146027 -3.36264 1.91175 0.87562 0.01651 -0.05533 0.36162 0.93054
1661398693.015146017 -3.36276 1.91164 0.87546 0.01649 -0.05505 0.36163 0.93055
1661398693.025146008 -3.36288 1.91152 0.87527 0.01645 -0.05476 0.36164 0.93056
1661398693.035145998 -3.36301 1.91140 0.87507 0.01641 -0.05446 0.36164 0.93058
1661398693.045145988 -3.36314 1.91127 0.87483 0.01636 -0.05416 0.36163 0.93060
1661398693.055145979 -3.36326 1.91114 0.87458 0.01628 -0.05385 0.36161 0.93063
1661398693.065145969 -3.36339 1.91100 0.87429 0.01619 -0.05354 0.36157 0.93067
1661398693.075146198 -3.36351 1.91086 0.87399 0.01608 -0.05322 0.36153 0.93070
1661398693.085145950 -3.36364 1.91072 0.87366 0.01594 -0.05288 0.36148 0.93074
1661398693.095146179 -3.36377 1.91057 0.87331 0.01577 -0.05252 0.36142 0.93079
1661398693.105145931 -3.36390 1.91043 0.87294 0.01558 -0.05213 0.36135 0.93084
1661398693.115146160 -3.36404 1.91028 0.87256 0.01535 -0.05172 0.36128 0.93090
1661398693.125145912 -3.36418 1.91014 0.87216 0.01509 -0.05127 0.36121 0.93095
1661398693.135146141 -3.36432 1.91000 0.87175 0.01480 -0.05077 0.36113 0.93101
1661398693.145145893 -3.36448 1.90986 0.87133 0.01446 -0.05024 0.36105 0.93108
1661398693.155146122 -3.36463 1.90972 0.87090 0.01408 -0.04965 0.36098 0.93115
1661398693.165145874 -3.36480 1.90959 0.87046 0.01367 -0.04903 0.36090 0.93122
1661398693.175146103 -3.36497 1.90946 0.87002 0.01324 -0.04838 0.36082 0.93129
1661398693.185145855 -3.36516 1.90934 0.86956 0.01278 -0.04772 0.36074 0.93136
1661398693.195146084 -3.36535 1.90921 0.86910 0.01231 -0.04704 0.36065 0.93143
1661398693.205146074 -3.36555 1.90909 0.86864 0.01184 -0.04638 0.36056 0.93151
1661398693.215146065 -3.36575 1.90897 0.86816 0.01137 -0.04573 0.36047 0.93158
1661398693.225146055 -3.36597 1.90885 0.86769 0.01091 -0.04510 0.36036 0.93166
1661398693.235146046 -3.36620 1.90872 0.86721 0.01046 -0.04452 0.36025 0.93173
1661398693.245146036 -3.36644 1.90860 0.86673 0.01004 -0.04398 0.36014 0.93181
1661398693.255146027 -3.36669 1.90848 0.86625 0.00966 -0.04350 0.36001 0.93188
1661398693.265146017 -3.36695 1.90835 0.86576 0.00930 -0.04308 0.35988 0.93196
1661398693.275146008 -3.36722 1.90822 0.86528 0.00897 -0.04269 0.35975 0.93203
1661398693.285145998 -3.36751 1.90809 0.86480 0.00868 -0.04234 0.35962 0.93210
1661398693.295145988 -3.36781 1.90795 0.86432 0.00842 -0.04202 0.35950 0.93216
1661398693.305145979 -3.36812 1.90782 0.86385 0.00819 -0.04171 0.35938 0.93222
1661398693.315145969 -3.36845 1.90767 0.86338 0.00800 -0.04141 0.35928 0.93227
1661398693.325145960 -3.36880 1.90753 0.86292 0.00783 -0.04111 0.35920 0.93232
1661398693.335146189 -3.36917 1.90738 0.86247 0.00771 -0.04080 0.35914 0.93236
1661398693.345145941 -3.36955 1.90723 0.86202 0.00761 -0.04047 0.35911 0.93239
1661398693.355146170 -3.36995 1.90707 0.86159 0.00754 -0.04012 0.35910 0.93241
1661398693.365145922 -3.37036 1.90691 0.86117 0.00751 -0.03974 0.35912 0.93242
1661398693.375146151 -3.37080 1.90675 0.86075 0.00751 -0.03936 0.35916 0.93242
1661398693.385145903 -3.37125 1.90658 0.86035 0.00752 -0.03897 0.35922 0.93241
1661398693.395146132 -3.37171 1.90642 0.85995 0.00757 -0.03857 0.35929 0.93240
1661398693.405145884 -3.37218 1.90625 0.85957 0.00763 -0.03819 0.35938 0.93238
1661398693.415146112 -3.37267 1.90608 0.85919 0.00771 -0.03782 0.35947 0.93236
1661398693.425145864 -3.37316 1.90591 0.85882 0.00780 -0.03747 0.35957 0.93233
1661398693.435146093 -3.37367 1.90575 0.85846 0.00790 -0.03715 0.35967 0.93231
1661398693.445145845 -3.37418 1.90558 0.85811 0.00801 -0.03687 0.35977 0.93228
1661398693.455146074 -3.37470 1.90542 0.85776 0.00813 -0.03662 0.35986 0.93225
1661398693.465146065 -3.37522 1.90526 0.85742 0.00825 -0.03641 0.35995 0.93222
1661398693.475146055 -3.37576 1.90510 0.85709 0.00836 -0.03622 0.36003 0.93220
1661398693.485146046 -3.37630 1.90494 0.85676 0.00848 -0.03605 0.36011 0.93217
1661398693.495146036 -3.37686 1.90478 0.85644 0.00858 -0.03588 0.36019 0.93215
1661398693.505146027 -3.37743 1.90462 0.85612 0.00867 -0.03571 0.36025 0.93213
1661398693.515146017 -3.37801 1.90446 0.85580 0.00874 -0.03552 0.36032 0.93211
1661398693.525146008 -3.37861 1.90429 0.85549 0.00879 -0.03530 0.36037 0.93210
1661398693.535145998 -3.37922 1.90411 0.85518 0.00882 -0.03506 0.36043 0.93209
1661398693.545145988 -3.37985 1.90393 0.85487 0.00881 -0.03477 0.36048 0.93208
1661398693.555145979 -3.38050 1.90375 0.85456 0.00878 -0.03444 0.36052 0.93207
1661398693.565145969 -3.38117 1.90355 0.85425 0.00873 -0.03406 0.36056 0.93207
1661398693.575146198 -3.38185 1.90335 0.85394 0.00865 -0.03365 0.36061 0.93207
1661398693.585145950 -3.38255 1.90314 0.85363 0.00857 -0.03322 0.36065 0.93207
1661398693.595146179 -3.38327 1.90292 0.85331 0.00848 -0.03279 0.36069 0.93207
1661398693.605145931 -3.38400 1.90270 0.85300 0.00840 -0.03235 0.36075 0.93207
1661398693.615146160 -3.38475 1.90246 0.85268 0.00833 -0.03192 0.36080 0.93206
1661398693.625145912 -3.38551 1.90222 0.85235 0.00828 -0.03151 0.36087 0.93205
1661398693.635146141 -3.38628 1.90197 0.85203 0.00826 -0.03113 0.36095 0.93203
1661398693.645145893 -3.38706 1.90171 0.85169 0.00827 -0.03080 0.36104 0.93201
1661398693.655146122 -3.38785 1.90143 0.85135 0.00832 -0.03051 0.36114 0.93198
1661398693.665145874 -3.38865 1.90115 0.85100 0.00841 -0.03027 0.36126 0.93194
1661398693.675146103 -3.38946 1.90085 0.85065 0.00853 -0.03006 0.36138 0.93189
1661398693.685145855 -3.39028 1.90055 0.85028 0.00866 -0.02988 0.36152 0.93185
1661398693.695146084 -3.39111 1.90023 0.84991 0.00881 -0.02973 0.36166 0.93179
1661398693.705146074 -3.39193 1.89990 0.84953 0.00896 -0.02959 0.36181 0.93174
1661398693.715146065 -3.39277 1.89955 0.84914 0.00911 -0.02946 0.36196 0.93169
1661398693.725146055 -3.39360 1.89920 0.84874 0.00925 -0.02933 0.36211 0.93163
1661398693.735146046 -3.39444 1.89882 0.84833 0.00938 -0.02919 0.36226 0.93157
1661398693.745146036 -3.39528 1.89844 0.84791 0.00947 -0.02904 0.36240 0.93152
1661398693.755146027 -3.39611 1.89803 0.84747 0.00954 -0.02888 0.36255 0.93147
1661398693.765146017 -3.39695 1.89761 0.84703 0.00958 -0.02869 0.36269 0.93142
1661398693.775146008 -3.39778 1.89718 0.84658 0.00959 -0.02848 0.36282 0.93137
1661398693.785145998 -3.39861 1.89673 0.84612 0.00958 -0.02826 0.36296 0.93133
1661398693.795145988 -3.39943 1.89625 0.84566 0.00954 -0.02802 0.36309 0.93128
1661398693.805145979 -3.40024 1.89576 0.84519 0.00949 -0.02777 0.36322 0.93124
1661398693.815145969 -3.40104 1.89525 0.84472 0.00942 -0.02750 0.36335 0.93120
1661398693.825145960 -3.40183 1.89471 0.84426 0.00933 -0.02721 0.36348 0.93116
1661398693.835146189 -3.40262 1.89416 0.84379 0.00923 -0.02692 0.36362 0.93111
1661398693.845145941 -3.40339 1.89358 0.84333 0.00912 -0.02661 0.36376 0.93107
1661398693.855146170 -3.40414 1.89297 0.84288 0.00900 -0.02629 0.36389 0.93103
1661398693.865145922 -3.40488 1.89235 0.84243 0.00886 -0.02596 0.36403 0.93098
1661398693.875146151 -3.40562 1.89170 0.84199 0.00872 -0.02563 0.36417 0.93094
1661398693.885145903 -3.40634 1.89103 0.84156 0.00857 -0.02529 0.36431 0.93090
1661398693.895146132 -3.40705 1.89034 0.84113 0.00839 -0.02495 0.36443 0.93086
1661398693.905145884 -3.40776 1.88964 0.84072 0.00821 -0.02460 0.36455 0.93082
1661398693.915146112 -3.40846 1.88891 0.84031 0.00800 -0.02426 0.36466 0.93079
1661398693.925145864 -3.40916 1.88817 0.83992 0.00777 -0.02392 0.36475 0.93077
1661398693.935146093 -3.40986 1.88742 0.83954 0.00751 -0.02358 0.36483 0.93075
1661398693.945145845 -3.41055 1.88665 0.83916 0.00723 -0.02325 0.36488 0.93074
1661398693.955146074 -3.41125 1.88587 0.83880 0.00693 -0.02293 0.36492 0.93073
1661398693.965146065 -3.41195 1.88508 0.83845 0.00660 -0.02262 0.36494 0.93073
1661398693.975146055 -3.41264 1.88427 0.83812 0.00627 -0.02233 0.36495 0.93074
1661398693.985146046 -3.41334 1.88343 0.83779 0.00594 -0.02207 0.36496 0.93074
1661398693.995146036 -3.41403 1.88258 0.83747 0.00562 -0.02183 0.36497 0.93075
1661398694.005146027 -3.41472 1.88170 0.83717 0.00532 -0.02162 0.36499 0.93075
1661398694.015146017 -3.41541 1.88080 0.83688 0.00505 -0.02145 0.36502 0.93074
1661398694.025146008 -3.41609 1.87986 0.83659 0.00481 -0.02132 0.36508 0.93072
1661398694.035145998 -3.41676 1.87890 0.83632 0.00463 -0.02125 0.36517 0.93069
1661398694.045145988 -3.41743 1.87790 0.83606 0.00450 -0.02122 0.36529 0.93064
1661398694.055145979 -3.41810 1.87686 0.83580 0.00443 -0.02124 0.36545 0.93058
1661398694.065145969 -3.41876 1.87580 0.83556 0.00443 -0.02131 0.36564 0.93050
1661398694.075146198 -3.41940 1.87469 0.83532 0.00449 -0.02140 0.36587 0.93041
1661398694.085145950 -3.42004 1.87356 0.83509 0.00461 -0.02150 0.36613 0.93030
1661398694.095146179 -3.42067 1.87240 0.83487 0.00478 -0.02159 0.36642 0.93019
1661398694.105145931 -3.42129 1.87122 0.83465 0.00500 -0.02166 0.36674 0.93006
1661398694.115146160 -3.42189 1.87001 0.83443 0.00527 -0.02169 0.36707 0.92992
1661398694.125145912 -3.42248 1.86877 0.83422 0.00558 -0.02166 0.36743 0.92978
1661398694.135146141 -3.42306 1.86752 0.83401 0.00593 -0.02155 0.36780 0.92964
1661398694.145145893 -3.42362 1.86624 0.83381 0.00632 -0.02136 0.36819 0.92949
1661398694.155146122 -3.42417 1.86495 0.83360 0.00674 -0.02107 0.36858 0.92933
1661398694.165145874 -3.42470 1.86364 0.83340 0.00718 -0.02068 0.36898 0.92918
1661398694.175146103 -3.42523 1.86232 0.83319 0.00764 -0.02023 0.36937 0.92903
1661398694.185145855 -3.42574 1.86097 0.83299 0.00810 -0.01972 0.36975 0.92889
1661398694.195146084 -3.42624 1.85960 0.83279 0.00856 -0.01917 0.37011 0.92875
1661398694.205146074 -3.42675 1.85821 0.83259 0.00901 -0.01859 0.37044 0.92863
1661398694.215146065 -3.42724 1.85680 0.83239 0.00942 -0.01802 0.37074 0.92851
1661398694.225146055 -3.42774 1.85536 0.83219 0.00981 -0.01745 0.37101 0.92841
1661398694.235146046 -3.42824 1.85390 0.83199 0.01015 -0.01691 0.37122 0.92834
1661398694.245146036 -3.42875 1.85241 0.83180 0.01044 -0.01642 0.37138 0.92828
1661398694.255146027 -3.42926 1.85090 0.83160 0.01066 -0.01599 0.37148 0.92824
1661398694.265146017 -3.42978 1.84936 0.83141 0.01083 -0.01562 0.37153 0.92823
1661398694.275146008 -3.43030 1.84779 0.83122 0.01095 -0.01531 0.37153 0.92823
1661398694.285145998 -3.43083 1.84620 0.83104 0.01102 -0.01507 0.37151 0.92824
1661398694.295145988 -3.43135 1.84458 0.83087 0.01106 -0.01489 0.37146 0.92826
1661398694.305145979 -3.43187 1.84293 0.83070 0.01106 -0.01479 0.37141 0.92829
1661398694.315145969 -3.43239 1.84126 0.83055 0.01105 -0.01475 0.37135 0.92831
1661398694.325145960 -3.43291 1.83957 0.83040 0.01102 -0.01478 0.37131 0.92833
1661398694.335146189 -3.43341 1.83784 0.83028 0.01097 -0.01489 0.37128 0.92834
1661398694.345145941 -3.43391 1.83609 0.83016 0.01093 -0.01506 0.37128 0.92833
1661398694.355146170 -3.43441 1.83432 0.83007 0.01089 -0.01531 0.37132 0.92831
1661398694.365145922 -3.43489 1.83252 0.82999 0.01084 -0.01561 0.37140 0.92828
1661398694.375146151 -3.43536 1.83071 0.82992 0.01078 -0.01595 0.37149 0.92824
1661398694.385145903 -3.43582 1.82888 0.82986 0.01069 -0.01631 0.37159 0.92819
1661398694.395146132 -3.43628 1.82703 0.82981 0.01057 -0.01666 0.37170 0.92814
1661398694.405145884 -3.43672 1.82519 0.82978 0.01041 -0.01699 0.37180 0.92810
1661398694.415146112 -3.43716 1.82334 0.82974 0.01020 -0.01729 0.37188 0.92806
1661398694.425145864 -3.43759 1.82148 0.82971 0.00992 -0.01752 0.37194 0.92804
1661398694.435146093 -3.43801 1.81964 0.82969 0.00958 -0.01768 0.37196 0.92803
1661398694.445145845 -3.43843 1.81780 0.82966 0.00916 -0.01773 0.37193 0.92805
1661398694.455146074 -3.43883 1.81597 0.82963 0.00865 -0.01768 0.37185 0.92809
1661398694.465146065 -3.43924 1.81415 0.82960 0.00807 -0.01753 0.37172 0.92814
1661398694.475146055 -3.43964 1.81234 0.82957 0.00744 -0.01730 0.37155 0.92822
1661398694.485146046 -3.44004 1.81054 0.82953 0.00677 -0.01701 0.37136 0.92831
1661398694.495146036 -3.44045 1.80875 0.82949 0.00608 -0.01667 0.37115 0.92840
1661398694.505146027 -3.44086 1.80696 0.82944 0.00539 -0.01631 0.37092 0.92850
1661398694.515146017 -3.44128 1.80517 0.82939 0.00472 -0.01595 0.37070 0.92860
1661398694.525146008 -3.44172 1.80338 0.82933 0.00408 -0.01559 0.37048 0.92870
1661398694.535145998 -3.44217 1.80159 0.82926 0.00349 -0.01526 0.37029 0.92879
1661398694.545145988 -3.44264 1.79981 0.82918 0.00296 -0.01499 0.37011 0.92886
1661398694.555145979 -3.44313 1.79802 0.82910 0.00252 -0.01477 0.36998 0.92892
1661398694.565145969 -3.44364 1.79622 0.82901 0.00215 -0.01460 0.36987 0.92897
1661398694.575146198 -3.44418 1.79443 0.82890 0.00185 -0.01446 0.36979 0.92900
1661398694.585145950 -3.44474 1.79264 0.82879 0.00160 -0.01433 0.36974 0.92902
1661398694.595146179 -3.44532 1.79084 0.82866 0.00140 -0.01419 0.36970 0.92904
1661398694.605145931 -3.44593 1.78904 0.82853 0.00123 -0.01403 0.36968 0.92905
1661398694.615146160 -3.44657 1.78725 0.82838 0.00109 -0.01382 0.36966 0.92906
1661398694.625145912 -3.44724 1.78545 0.82821 0.00096 -0.01355 0.36966 0.92907
1661398694.635146141 -3.44794 1.78366 0.82804 0.00083 -0.01320 0.36965 0.92908
1661398694.645145893 -3.44867 1.78187 0.82785 0.00070 -0.01276 0.36964 0.92909
1661398694.655146122 -3.44944 1.78008 0.82764 0.00055 -0.01220 0.36962 0.92910
1661398694.665145874 -3.45023 1.77830 0.82743 0.00039 -0.01155 0.36960 0.92912
1661398694.675146103 -3.45105 1.77653 0.82720 0.00023 -0.01083 0.36957 0.92914
1661398694.685145855 -3.45189 1.77477 0.82695 0.00007 -0.01007 0.36953 0.92917
1661398694.695146084 -3.45276 1.77303 0.82670 -0.00009 -0.00928 0.36948 0.92919
1661398694.705146074 -3.45364 1.77132 0.82645 -0.00024 -0.00849 0.36943 0.92922
1661398694.715146065 -3.45453 1.76964 0.82618 -0.00037 -0.00772 0.36937 0.92925
1661398694.725146055 -3.45544 1.76799 0.82591 -0.00048 -0.00700 0.36931 0.92928
1661398694.735146046 -3.45635 1.76637 0.82563 -0.00057 -0.00636 0.36925 0.92931
1661398694.745146036 -3.45727 1.76480 0.82535 -0.00062 -0.00580 0.36918 0.92934
1661398694.755146027 -3.45819 1.76327 0.82507 -0.00064 -0.00536 0.36911 0.92937
1661398694.765146017 -3.45912 1.76178 0.82478 -0.00064 -0.00501 0.36903 0.92940
1661398694.775146008 -3.46005 1.76034 0.82450 -0.00062 -0.00473 0.36895 0.92944
1661398694.785145998 -3.46098 1.75894 0.82422 -0.00059 -0.00451 0.36887 0.92947
1661398694.795145988 -3.46191 1.75757 0.82396 -0.00057 -0.00432 0.36879 0.92950
1661398694.805145979 -3.46284 1.75624 0.82370 -0.00057 -0.00414 0.36871 0.92953
1661398694.815145969 -3.46378 1.75495 0.82345 -0.00060 -0.00395 0.36863 0.92957
1661398694.825145960 -3.46472 1.75369 0.82322 -0.00067 -0.00372 0.36854 0.92960
1661398694.835146189 -3.46567 1.75245 0.82301 -0.00079 -0.00344 0.36846 0.92964
1661398694.845145941 -3.46662 1.75125 0.82281 -0.00097 -0.00309 0.36837 0.92967
1661398694.855146170 -3.46757 1.75007 0.82264 -0.00121 -0.00264 0.36828 0.92971
1661398694.865145922 -3.46853 1.74891 0.82249 -0.00151 -0.00213 0.36819 0.92975
1661398694.875146151 -3.46949 1.74778 0.82236 -0.00185 -0.00157 0.36809 0.92979
1661398694.885145903 -3.47045 1.74668 0.82224 -0.00221 -0.00100 0.36798 0.92983
1661398694.895146132 -3.47141 1.74559 0.82215 -0.00257 -0.00044 0.36786 0.92988
1661398694.905145884 -3.47238 1.74452 0.82208 -0.00292 0.00008 0.36772 0.92993
1661398694.915146112 -3.47334 1.74348 0.82202 -0.00324 0.00053 0.36756 0.92999
1661398694.925145864 -3.47430 1.74244 0.82198 -0.00351 0.00089 0.36738 0.93007
1661398694.935146093 -3.47526 1.74143 0.82195 -0.00372 0.00112 0.36716 0.93015
1661398694.945145845 -3.47622 1.74043 0.82194 -0.00385 0.00120 0.36692 0.93024
1661398694.955146074 -3.47718 1.73945 0.82194 -0.00388 0.00111 0.36664 0.93035
1661398694.965146065 -3.47813 1.73848 0.82196 -0.00384 0.00087 0.36634 0.93047
1661398694.975146055 -3.47909 1.73752 0.82198 -0.00373 0.00051 0.36600 0.93061
1661398694.985146046 -3.48004 1.73659 0.82202 -0.00358 0.00006 0.36563 0.93075
1661398694.995146036 -3.48098 1.73567 0.82205 -0.00341 -0.00045 0.36524 0.93091
1661398695.005146027 -3.48193 1.73476 0.82209 -0.00323 -0.00101 0.36483 0.93107
1661398695.015146017 -3.48288 1.73388 0.82213 -0.00307 -0.00156 0.36440 0.93124
1661398695.025146008 -3.48382 1.73302 0.82217 -0.00295 -0.00210 0.36394 0.93141
1661398695.035145998 -3.48476 1.73218 0.82221 -0.00287 -0.00258 0.36347 0.93160
1661398695.045145988 -3.48570 1.73137 0.82224 -0.00287 -0.00298 0.36299 0.93178
1661398695.055145979 -3.48664 1.73057 0.82226 -0.00296 -0.00328 0.36250 0.93197
1661398695.065145969 -3.48758 1.72980 0.82228 -0.00312 -0.00350 0.36200 0.93217
1661398695.075146198 -3.48852 1.72906 0.82228 -0.00334 -0.00364 0.36149 0.93236
1661398695.085145950 -3.48946 1.72834 0.82229 -0.00361 -0.00374 0.36098 0.93256
1661398695.095146179 -3.49040 1.72764 0.82228 -0.00392 -0.00382 0.36048 0.93275
1661398695.105145931 -3.49134 1.72697 0.82228 -0.00425 -0.00388 0.35999 0.93294
1661398695.115146160 -3.49229 1.72633 0.82227 -0.00458 -0.00396 0.35951 0.93312
1661398695.125145912 -3.49323 1.72571 0.82225 -0.00491 -0.00408 0.35904 0.93330
1661398695.135146141 -3.49418 1.72511 0.82223 -0.00523 -0.00425 0.35860 0.93347
1661398695.145145893 -3.49513 1.72455 0.82221 -0.00551 -0.00450 0.35817 0.93363
1661398695.155146122 -3.49608 1.72401 0.82219 -0.00574 -0.00484 0.35778 0.93378
1661398695.165145874 -3.49704 1.72350 0.82217 -0.00593 -0.00525 0.35740 0.93392
1661398695.175146103 -3.49800 1.72303 0.82214 -0.00609 -0.00573 0.35705 0.93405
1661398695.185145855 -3.49897 1.72259 0.82212 -0.00620 -0.00624 0.35671 0.93417
1661398695.195146084 -3.49994 1.72219 0.82208 -0.00629 -0.00678 0.35639 0.93429
1661398695.205146074 -3.50092 1.72183 0.82205 -0.00635 -0.00733 0.35607 0.93441
1661398695.215146065 -3.50190 1.72151 0.82201 -0.00639 -0.00786 0.35575 0.93453
1661398695.225146055 -3.50289 1.72124 0.82196 -0.00640 -0.00836 0.35543 0.93464
1661398695.235146046 -3.50389 1.72103 0.82192 -0.00640 -0.00880 0.35511 0.93476
1661398695.245146036 -3.50490 1.72086 0.82186 -0.00639 -0.00918 0.35478 0.93488
1661398695.255146027 -3.50591 1.72075 0.82180 -0.00637 -0.00948 0.35443 0.93501
1661398695.265146017 -3.50694 1.72069 0.82174 -0.00635 -0.00970 0.35407 0.93515
1661398695.275146008 -3.50796 1.72069 0.82166 -0.00632 -0.00986 0.35370 0.93529
1661398695.285145998 -3.50899 1.72074 0.82159 -0.00630 -0.00997 0.35331 0.93543
1661398695.295145988 -3.51002 1.72084 0.82151 -0.00628 -0.01003 0.35289 0.93559
1661398695.305145979 -3.51104 1.72100 0.82142 -0.00627 -0.01007 0.35246 0.93575
1661398695.315145969 -3.51206 1.72120 0.82133 -0.00626 -0.01010 0.35201 0.93592
1661398695.325145960 -3.51307 1.72146 0.82124 -0.00627 -0.01011 0.35153 0.93610
1661398695.335146189 -3.51408 1.72177 0.82114 -0.00630 -0.01014 0.35103 0.93629
1661398695.345145941 -3.51506 1.72212 0.82104 -0.00635 -0.01018 0.35051 0.93648
1661398695.355146170 -3.51604 1.72253 0.82093 -0.00641 -0.01026 0.34995 0.93669
1661398695.365145922 -3.51700 1.72298 0.82083 -0.00650 -0.01036 0.34937 0.93690
1661398695.375146151 -3.51794 1.72347 0.82072 -0.00660 -0.01048 0.34876 0.93713
1661398695.385145903 -3.51888 1.72400 0.82060 -0.00671 -0.01062 0.34813 0.93736
1661398695.395146132 -3.51980 1.72457 0.82049 -0.00682 -0.01078 0.34747 0.93761
1661398695.405145884 -3.52071 1.72518 0.82038 -0.00693 -0.01095 0.34678 0.93786
1661398695.415146112 -3.52160 1.72581 0.82027 -0.00704 -0.01112 0.34606 0.93812
1661398695.425145864 -3.52249 1.72648 0.82016 -0.00715 -0.01130 0.34532 0.93839
1661398695.435146093 -3.52336 1.72717 0.82006 -0.00724 -0.01147 0.34455 0.93867
1661398695.445145845 -3.52422 1.72788 0.81996 -0.00731 -0.01164 0.34375 0.93896
1661398695.455146074 -3.52508 1.72861 0.81986 -0.00737 -0.01180 0.34293 0.93926
1661398695.465146065 -3.52592 1.72936 0.81976 -0.00740 -0.01194 0.34209 0.93956
1661398695.475146055 -3.52676 1.73013 0.81968 -0.00742 -0.01206 0.34124 0.93987
1661398695.485146046 -3.52760 1.73091 0.81960 -0.00742 -0.01213 0.34038 0.94018
1661398695.495146036 -3.52843 1.73171 0.81953 -0.00741 -0.01217 0.33953 0.94049
1661398695.505146027 -3.52926 1.73253 0.81946 -0.00739 -0.01215 0.33868 0.94079
1661398695.515146017 -3.53010 1.73337 0.81941 -0.00735 -0.01208 0.33785 0.94109
1661398695.525146008 -3.53093 1.73422 0.81937 -0.00731 -0.01193 0.33704 0.94139
1661398695.535145998 -3.53178 1.73509 0.81934 -0.00726 -0.01171 0.33626 0.94167
1661398695.545145988 -3.53263 1.73598 0.81933 -0.00720 -0.01140 0.33552 0.94194
1661398695.555145979 -3.53348 1.73687 0.81933 -0.00714 -0.01101 0.33482 0.94219
1661398695.565145969 -3.53435 1.73779 0.81934 -0.00707 -0.01054 0.33417 0.94243
1661398695.575146198 -3.53523 1.73871 0.81936 -0.00700 -0.01004 0.33355 0.94265
1661398695.585145950 -3.53611 1.73965 0.81939 -0.00693 -0.00953 0.33296 0.94287
1661398695.595146179 -3.53700 1.74060 0.81942 -0.00685 -0.00903 0.33241 0.94307
1661398695.605145931 -3.53789 1.74157 0.81945 -0.00676 -0.00857 0.33188 0.94326
1661398695.615146160 -3.53880 1.74254 0.81948 -0.00668 -0.00819 0.33138 0.94344
1661398695.625145912 -3.53971 1.74353 0.81950 -0.00659 -0.00790 0.33089 0.94361
1661398695.635146141 -3.54062 1.74453 0.81951 -0.00649 -0.00774 0.33043 0.94378
1661398695.645145893 -3.54154 1.74554 0.81952 -0.00639 -0.00774 0.32997 0.94394
1661398695.655146122 -3.54246 1.74656 0.81951 -0.00629 -0.00790 0.32953 0.94409
1661398695.665145874 -3.54339 1.74759 0.81949 -0.00618 -0.00821 0.32910 0.94424
1661398695.675146103 -3.54433 1.74863 0.81945 -0.00608 -0.00863 0.32868 0.94438
1661398695.685145855 -3.54526 1.74968 0.81941 -0.00598 -0.00913 0.32826 0.94452
1661398695.695146084 -3.54620 1.75073 0.81935 -0.00589 -0.00967 0.32785 0.94466
1661398695.705146074 -3.54714 1.75179 0.81929 -0.00581 -0.01021 0.32744 0.94480
1661398695.715146065 -3.54809 1.75285 0.81922 -0.00575 -0.01073 0.32704 0.94493
1661398695.725146055 -3.54903 1.75392 0.81914 -0.00570 -0.01119 0.32664 0.94506
1661398695.735146046 -3.54998 1.75500 0.81905 -0.00567 -0.01155 0.32625 0.94520
1661398695.745146036 -3.55092 1.75608 0.81896 -0.00566 -0.01178 0.32585 0.94533
1661398695.755146027 -3.55187 1.75716 0.81886 -0.00567 -0.01186 0.32546 0.94546
1661398695.765146017 -3.55282 1.75824 0.81876 -0.00572 -0.01179 0.32507 0.94560
1661398695.775146008 -3.55376 1.75932 0.81866 -0.00579 -0.01162 0.32467 0.94574
1661398695.785145998 -3.55471 1.76041 0.81855 -0.00589 -0.01136 0.32426 0.94588
1661398695.795145988 -3.55565 1.76150 0.81844 -0.00602 -0.01106 0.32384 0.94603
1661398695.805145979 -3.55659 1.76260 0.81833 -0.00618 -0.01073 0.32341 0.94618
1661398695.815145969 -3.55752 1.76369 0.81822 -0.00637 -0.01040 0.32297 0.94633
1661398695.825145960 -3.55846 1.76479 0.81811 -0.00660 -0.01010 0.32250 0.94649
1661398695.835146189 -3.55938 1.76589 0.81801 -0.00687 -0.00986 0.32202 0.94666
1661398695.845145941 -3.56031 1.76700 0.81790 -0.00718 -0.00971 0.32152 0.94683
1661398695.855146170 -3.56123 1.76810 0.81780 -0.00752 -0.00967 0.32099 0.94700
1661398695.865145922 -3.56214 1.76922 0.81770 -0.00789 -0.00974 0.32044 0.94719
1661398695.875146151 -3.56304 1.77033 0.81762 -0.00829 -0.00989 0.31988 0.94737
1661398695.885145903 -3.56393 1.77145 0.81753 -0.00871 -0.01012 0.31931 0.94756
1661398695.895146132 -3.56481 1.77258 0.81747 -0.00913 -0.01041 0.31874 0.94774
1661398695.905145884 -3.56568 1.77371 0.81741 -0.00955 -0.01075 0.31818 0.94792
1661398695.915146112 -3.56653 1.77485 0.81737 -0.00997 -0.01112 0.31763 0.94810
1661398695.925145864 -3.56736 1.77599 0.81735 -0.01037 -0.01151 0.31709 0.94827
1661398695.935146093 -3.56817 1.77715 0.81734 -0.01074 -0.01191 0.31658 0.94843
1661398695.945145845 -3.56895 1.77831 0.81736 -0.01108 -0.01231 0.31609 0.94858
1661398695.955146074 -3.56972 1.77948 0.81740 -0.01139 -0.01269 0.31564 0.94873
1661398695.965146065 -3.57046 1.78066 0.81747 -0.01166 -0.01305 0.31522 0.94886
1661398695.975146055 -3.57118 1.78185 0.81756 -0.01188 -0.01338 0.31483 0.94898
1661398695.985146046 -3.57188 1.78303 0.81767 -0.01208 -0.01370 0.31445 0.94910
1661398695.995146036 -3.57256 1.78423 0.81780 -0.01223 -0.01399 0.31409 0.94921
1661398696.005146027 -3.57323 1.78542 0.81796 -0.01234 -0.01426 0.31374 0.94932
1661398696.015146017 -3.57387 1.78661 0.81815 -0.01242 -0.01450 0.31339 0.94943
1661398696.025146008 -3.57451 1.78779 0.81836 -0.01247 -0.01472 0.31304 0.94955
1661398696.035145998 -3.57513 1.78898 0.81859 -0.01247 -0.01491 0.31268 0.94966
1661398696.045145988 -3.57574 1.79015 0.81885 -0.01245 -0.01508 0.31231 0.94978
1661398696.055145979 -3.57634 1.79132 0.81913 -0.01239 -0.01522 0.31192 0.94991
1661398696.065145969 -3.57693 1.79247 0.81944 -0.01230 -0.01534 0.31152 0.95004
1661398696.075146198 -3.57751 1.79362 0.81977 -0.01219 -0.01547 0.31110 0.95017
1661398696.085145950 -3.57808 1.79475 0.82012 -0.01206 -0.01562 0.31067 0.95031
1661398696.095146179 -3.57865 1.79587 0.82049 -0.01194 -0.01580 0.31023 0.95045
1661398696.105145931 -3.57920 1.79697 0.82089 -0.01181 -0.01603 0.30978 0.95060
1661398696.115146160 -3.57975 1.79805 0.82131 -0.01169 -0.01632 0.30933 0.95074
1661398696.125145912 -3.58030 1.79911 0.82174 -0.01159 -0.01669 0.30887 0.95089
1661398696.135146141 -3.58084 1.80016 0.82220 -0.01151 -0.01715 0.30841 0.95103
1661398696.145145893 -3.58137 1.80118 0.82268 -0.01147 -0.01772 0.30795 0.95117
1661398696.155146122 -3.58190 1.80217 0.82317 -0.01146 -0.01841 0.30748 0.95131
1661398696.165145874 -3.58243 1.80315 0.82369 -0.01147 -0.01920 0.30702 0.95144
1661398696.175146103 -3.58295 1.80410 0.82422 -0.01151 -0.02010 0.30656 0.95157
1661398696.185145855 -3.58346 1.80503 0.82477 -0.01156 -0.02107 0.30610 0.95170
1661398696.195146084 -3.58396 1.80595 0.82535 -0.01160 -0.02211 0.30564 0.95182
1661398696.205146074 -3.58445 1.80684 0.82595 -0.01164 -0.02320 0.30519 0.95194
1661398696.215146065 -3.58492 1.80772 0.82657 -0.01166 -0.02433 0.30473 0.95206
1661398696.225146055 -3.58539 1.80858 0.82721 -0.01165 -0.02549 0.30427 0.95217
1661398696.235146046 -3.58584 1.80943 0.82787 -0.01160 -0.02665 0.30382 0.95229
1661398696.245146036 -3.58627 1.81026 0.82857 -0.01150 -0.02782 0.30337 0.95240
1661398696.255146027 -3.58668 1.81108 0.82928 -0.01134 -0.02897 0.30292 0.95251
1661398696.265146017 -3.58708 1.81189 0.83002 -0.01114 -0.03010 0.30247 0.95262
1661398696.275146008 -3.58747 1.81268 0.83078 -0.01090 -0.03123 0.30203 0.95273
1661398696.285145998 -3.58784 1.81346 0.83157 -0.01063 -0.03235 0.30157 0.95283
1661398696.295145988 -3.58822 1.81423 0.83238 -0.01034 -0.03346 0.30112 0.95294
1661398696.305145979 -3.58858 1.81498 0.83322 -0.01003 -0.03458 0.30066 0.95305
1661398696.315145969 -3.58895 1.81572 0.83407 -0.00973 -0.03570 0.30019 0.95316
1661398696.325145960 -3.58932 1.81644 0.83495 -0.00942 -0.03683 0.29972 0.95327
1661398696.335146189 -3.58969 1.81715 0.83586 -0.00914 -0.03797 0.29924 0.95338
1661398696.345145941 -3.59007 1.81785 0.83678 -0.00888 -0.03913 0.29874 0.95349
1661398696.355146170 -3.59047 1.81853 0.83773 -0.00865 -0.04030 0.29824 0.95360
1661398696.365145922 -3.59087 1.81919 0.83869 -0.00844 -0.04151 0.29772 0.95371
1661398696.375146151 -3.59128 1.81984 0.83969 -0.00826 -0.04276 0.29720 0.95382
1661398696.385145903 -3.59169 1.82048 0.84070 -0.00808 -0.04405 0.29667 0.95393
1661398696.395146132 -3.59212 1.82110 0.84174 -0.00790 -0.04541 0.29614 0.95403
1661398696.405145884 -3.59255 1.82171 0.84281 -0.00771 -0.04683 0.29562 0.95413
1661398696.415146112 -3.59298 1.82231 0.84391 -0.00750 -0.04834 0.29510 0.95421
1661398696.425145864 -3.59342 1.82289 0.84503 -0.00727 -0.04993 0.29458 0.95429
1661398696.435146093 -3.59386 1.82346 0.84618 -0.00700 -0.05163 0.29408 0.95436
1661398696.445145845 -3.59430 1.82401 0.84736 -0.00669 -0.05344 0.29358 0.95442
1661398696.455146074 -3.59473 1.82456 0.84857 -0.00633 -0.05536 0.29311 0.95446
1661398696.465146065 -3.59517 1.82509 0.84981 -0.00593 -0.05738 0.29264 0.95448
1661398696.475146055 -3.59559 1.82561 0.85107 -0.00549 -0.05948 0.29219 0.95449
1661398696.485146046 -3.59601 1.82612 0.85236 -0.00503 -0.06163 0.29174 0.95450
1661398696.495146036 -3.59640 1.82663 0.85367 -0.00454 -0.06381 0.29131 0.95449
1661398696.505146027 -3.59677 1.82713 0.85499 -0.00404 -0.06600 0.29088 0.95447
1661398696.515146017 -3.59711 1.82763 0.85634 -0.00353 -0.06819 0.29045 0.95445
1661398696.525146008 -3.59742 1.82813 0.85770 -0.00302 -0.07033 0.29003 0.95442
1661398696.535145998 -3.59770 1.82863 0.85907 -0.00253 -0.07242 0.28961 0.95440
1661398696.545145988 -3.59793 1.82913 0.86045 -0.00205 -0.07444 0.28920 0.95437
1661398696.555145979 -3.59812 1.82963 0.86184 -0.00160 -0.07635 0.28878 0.95435
1661398696.565145969 -3.59827 1.83013 0.86323 -0.00117 -0.07818 0.28836 0.95432
1661398696.575146198 -3.59838 1.83064 0.86463 -0.00077 -0.07993 0.28794 0.95431
1661398696.585145950 -3.59847 1.83115 0.86604 -0.00039 -0.08162 0.28751 0.95429
1661398696.595146179 -3.59853 1.83167 0.86744 -0.00004 -0.08325 0.28708 0.95428
1661398696.605145931 -3.59857 1.83219 0.86885 0.00028 -0.08485 0.28664 0.95427
1661398696.615146160 -3.59861 1.83272 0.87025 0.00057 -0.08641 0.28620 0.95426
1661398696.625145912 -3.59863 1.83326 0.87165 0.00083 -0.08796 0.28575 0.95426
1661398696.635146141 -3.59866 1.83381 0.87305 0.00106 -0.08951 0.28529 0.95425
1661398696.645145893 -3.59869 1.83436 0.87444 0.00127 -0.09106 0.28482 0.95425
1661398696.655146122 -3.59873 1.83492 0.87582 0.00144 -0.09262 0.28434 0.95424
1661398696.665145874 -3.59877 1.83549 0.87719 0.00159 -0.09421 0.28385 0.95423
1661398696.675146103 -3.59883 1.83606 0.87856 0.00172 -0.09581 0.28336 0.95421
1661398696.685145855 -3.59890 1.83662 0.87992 0.00184 -0.09743 0.28286 0.95420
1661398696.695146084 -3.59899 1.83718 0.88127 0.00195 -0.09907 0.28238 0.95417
1661398696.705146074 -3.59908 1.83772 0.88261 0.00207 -0.10072 0.28190 0.95414
1661398696.715146065 -3.59919 1.83825 0.88395 0.00219 -0.10239 0.28143 0.95410
1661398696.725146055 -3.59930 1.83876 0.88528 0.00232 -0.10407 0.28097 0.95405
1661398696.735146046 -3.59943 1.83925 0.88661 0.00247 -0.10577 0.28054 0.95399
1661398696.745146036 -3.59957 1.83971 0.88793 0.00265 -0.10748 0.28013 0.95392
1661398696.755146027 -3.59973 1.84014 0.88924 0.00286 -0.10920 0.27975 0.95384
1661398696.765146017 -3.59989 1.84054 0.89055 0.00310 -0.11094 0.27939 0.95374
1661398696.775146008 -3.60007 1.84092 0.89185 0.00336 -0.11269 0.27905 0.95363
1661398696.785145998 -3.60027 1.84128 0.89314 0.00363 -0.11445 0.27873 0.95352
1661398696.795145988 -3.60047 1.84162 0.89443 0.00392 -0.11624 0.27841 0.95339
1661398696.805145979 -3.60069 1.84194 0.89570 0.00422 -0.11804 0.27809 0.95326
1661398696.815145969 -3.60091 1.84225 0.89696 0.00452 -0.11986 0.27778 0.95313
1661398696.825145960 -3.60115 1.84255 0.89821 0.00482 -0.12170 0.27746 0.95299
1661398696.835146189 -3.60141 1.84285 0.89945 0.00512 -0.12356 0.27713 0.95284
1661398696.845145941 -3.60167 1.84314 0.90067 0.00541 -0.12544 0.27678 0.95269
1661398696.855146170 -3.60194 1.84343 0.90188 0.00568 -0.12734 0.27642 0.95255
1661398696.865145922 -3.60222 1.84373 0.90307 0.00593 -0.12925 0.27603 0.95240
1661398696.875146151 -3.60251 1.84402 0.90425 0.00616 -0.13115 0.27563 0.95225
1661398696.885145903 -3.60279 1.84430 0.90541 0.00636 -0.13304 0.27522 0.95211
1661398696.895146132 -3.60308 1.84458 0.90655 0.00652 -0.13490 0.27479 0.95197
1661398696.905145884 -3.60335 1.84486 0.90768 0.00664 -0.13671 0.27435 0.95184
1661398696.915146112 -3.60361 1.84512 0.90878 0.00672 -0.13846 0.27390 0.95171
1661398696.925145864 -3.60386 1.84537 0.90986 0.00674 -0.14013 0.27345 0.95160
1661398696.935146093 -3.60408 1.84561 0.91092 0.00672 -0.14173 0.27299 0.95150
1661398696.945145845 -3.60429 1.84584 0.91196 0.00663 -0.14322 0.27252 0.95141
1661398696.955146074 -3.60447 1.84605 0.91298 0.00648 -0.14460 0.27206 0.95133
1661398696.965146065 -3.60462 1.84625 0.91397 0.00627 -0.14589 0.27159 0.95127
1661398696.975146055 -3.60476 1.84645 0.91493 0.00601 -0.14709 0.27112 0.95122
1661398696.985146046 -3.60489 1.84664 0.91588 0.00571 -0.14822 0.27066 0.95118
1661398696.995146036 -3.60501 1.84683 0.91679 0.00537 -0.14928 0.27019 0.95115
1661398697.005146027 -3.60513 1.84703 0.91768 0.00500 -0.15031 0.26973 0.95112
1661398697.015146017 -3.60525 1.84724 0.91855 0.00461 -0.15130 0.26928 0.95109
1661398697.025146008 -3.60538 1.84747 0.91939 0.00421 -0.15227 0.26884 0.95106
1661398697.035145998 -3.60553 1.84771 0.92021 0.00381 -0.15324 0.26840 0.95103
1661398697.045145988 -3.60569 1.84798 0.92099 0.00340 -0.15422 0.26797 0.95100
1661398697.055145979 -3.60588 1.84828 0.92175 0.00301 -0.15522 0.26755 0.95096
1661398697.065145969 -3.60608 1.84861 0.92249 0.00262 -0.15624 0.26714 0.95090
1661398697.075146198 -3.60631 1.84895 0.92320 0.00224 -0.15727 0.26675 0.95084
1661398697.085145950 -3.60655 1.84931 0.92388 0.00187 -0.15831 0.26639 0.95077
1661398697.095146179 -3.60681 1.84968 0.92455 0.00150 -0.15936 0.26604 0.95070
1661398697.105145931 -3.60707 1.85005 0.92519 0.00114 -0.16042 0.26573 0.95061
1661398697.115146160 -3.60735 1.85043 0.92580 0.00079 -0.16148 0.26544 0.95051
1661398697.125145912 -3.60763 1.85080 0.92640 0.00044 -0.16253 0.26520 0.95040
1661398697.135146141 -3.60792 1.85117 0.92698 0.00010 -0.16358 0.26499 0.95028
1661398697.145145893 -3.60821 1.85152 0.92753 -0.00024 -0.16462 0.26482 0.95014
1661398697.155146122 -3.60850 1.85185 0.92807 -0.00058 -0.16564 0.26470 0.95000
1661398697.165145874 -3.60879 1.85217 0.92859 -0.00091 -0.16665 0.26462 0.94984
1661398697.175146103 -3.60908 1.85248 0.92909 -0.00124 -0.16764 0.26457 0.94968
1661398697.185145855 -3.60938 1.85278 0.92958 -0.00158 -0.16861 0.26455 0.94952
1661398697.195146084 -3.60967 1.85308 0.93004 -0.00191 -0.16955 0.26454 0.94935
1661398697.205146074 -3.60997 1.85337 0.93049 -0.00225 -0.17047 0.26454 0.94918
1661398697.215146065 -3.61028 1.85366 0.93092 -0.00259 -0.17136 0.26455 0.94902
1661398697.225146055 -3.61059 1.85396 0.93133 -0.00293 -0.17221 0.26456 0.94886
1661398697.235146046 -3.61091 1.85427 0.93172 -0.00329 -0.17304 0.26455 0.94871
1661398697.245146036 -3.61123 1.85458 0.93210 -0.00365 -0.17382 0.26453 0.94858
1661398697.255146027 -3.61156 1.85491 0.93246 -0.00402 -0.17457 0.26448 0.94845
1661398697.265146017 -3.61190 1.85526 0.93281 -0.00439 -0.17528 0.26441 0.94834
1661398697.275146008 -3.61225 1.85561 0.93314 -0.00477 -0.17597 0.26432 0.94823
1661398697.285145998 -3.61261 1.85598 0.93345 -0.00515 -0.17663 0.26421 0.94814
1661398697.295145988 -3.61297 1.85635 0.93376 -0.00552 -0.17727 0.26407 0.94806
1661398697.305145979 -3.61333 1.85674 0.93406 -0.00588 -0.17790 0.26392 0.94798
1661398697.315145969 -3.61371 1.85713 0.93435 -0.00623 -0.17852 0.26375 0.94791
1661398697.325145960 -3.61409 1.85753 0.93464 -0.00657 -0.17913 0.26355 0.94784
1661398697.335146189 -3.61447 1.85794 0.93492 -0.00689 -0.17975 0.26335 0.94778
1661398697.345145941 -3.61486 1.85835 0.93521 -0.00718 -0.18038 0.26312 0.94772
1661398697.355146170 -3.61525 1.85876 0.93549 -0.00746 -0.18101 0.26289 0.94767
1661398697.365145922 -3.61565 1.85917 0.93577 -0.00770 -0.18166 0.26264 0.94761
1661398697.375146151 -3.61604 1.85958 0.93605 -0.00793 -0.18232 0.26238 0.94755
1661398697.385145903 -3.61645 1.85998 0.93634 -0.00814 -0.18299 0.26211 0.94749
1661398697.395146132 -3.61685 1.86037 0.93662 -0.00834 -0.18368 0.26184 0.94744
1661398697.405145884 -3.61725 1.86074 0.93691 -0.00852 -0.18437 0.26156 0.94737
1661398697.415146112 -3.61765 1.86109 0.93721 -0.00869 -0.18508 0.26129 0.94731
1661398697.425145864 -3.61805 1.86141 0.93751 -0.00886 -0.18580 0.26101 0.94724
1661398697.435146093 -3.61844 1.86171 0.93782 -0.00902 -0.18654 0.26075 0.94717
1661398697.445145845 -3.61883 1.86196 0.93813 -0.00917 -0.18728 0.26049 0.94710
1661398697.455146074 -3.61922 1.86218 0.93845 -0.00933 -0.18804 0.26023 0.94701
1661398697.465146065 -3.61960 1.86237 0.93877 -0.00949 -0.18880 0.25998 0.94693
1661398697.475146055 -3.61998 1.86253 0.93910 -0.00965 -0.18958 0.25973 0.94684
1661398697.485146046 -3.62036 1.86266 0.93944 -0.00981 -0.19036 0.25948 0.94675
1661398697.495146036 -3.62075 1.86278 0.93979 -0.00997 -0.19116 0.25921 0.94666
1661398697.505146027 -3.62113 1.86288 0.94014 -0.01013 -0.19195 0.25893 0.94658
1661398697.515146017 -3.62151 1.86297 0.94049 -0.01029 -0.19276 0.25863 0.94649
1661398697.525146008 -3.62190 1.86306 0.94085 -0.01046 -0.19356 0.25830 0.94642
1661398697.535145998 -3.62229 1.86315 0.94122 -0.01062 -0.19437 0.25795 0.94635
1661398697.545145988 -3.62269 1.86324 0.94158 -0.01079 -0.19518 0.25755 0.94628
1661398697.555145979 -3.62310 1.86335 0.94196 -0.01096 -0.19600 0.25712 0.94623
1661398697.565145969 -3.62351 1.86346 0.94233 -0.01113 -0.19681 0.25665 0.94619
1661398697.575146198 -3.62393 1.86358 0.94272 -0.01130 -0.19763 0.25615 0.94615
1661398697.585145950 -3.62435 1.86370 0.94310 -0.01147 -0.19847 0.25563 0.94612
1661398697.595146179 -3.62478 1.86382 0.94350 -0.01163 -0.19931 0.25508 0.94608
1661398697.605145931 -3.62521 1.86394 0.94389 -0.01179 -0.20017 0.25452 0.94605
1661398697.615146160 -3.62565 1.86406 0.94430 -0.01193 -0.20105 0.25395 0.94601
1661398697.625145912 -3.62609 1.86417 0.94471 -0.01207 -0.20195 0.25338 0.94597
1661398697.635146141 -3.62653 1.86427 0.94513 -0.01220 -0.20288 0.25281 0.94593
1661398697.645145893 -3.62697 1.86435 0.94556 -0.01231 -0.20384 0.25224 0.94587
1661398697.655146122 -3.62741 1.86443 0.94600 -0.01240 -0.20483 0.25168 0.94581
1661398697.665145874 -3.62786 1.86448 0.94645 -0.01249 -0.20584 0.25113 0.94573
1661398697.675146103 -3.62830 1.86452 0.94690 -0.01255 -0.20686 0.25059 0.94565
1661398697.685145855 -3.62875 1.86455 0.94737 -0.01261 -0.20790 0.25004 0.94557
1661398697.695146084 -3.62919 1.86457 0.94785 -0.01265 -0.20894 0.24950 0.94548
1661398697.705146074 -3.62964 1.86457 0.94835 -0.01268 -0.20998 0.24894 0.94540
1661398697.715146065 -3.63009 1.86455 0.94886 -0.01269 -0.21100 0.24838 0.94532
1661398697.725146055 -3.63054 1.86453 0.94938 -0.01270 -0.21200 0.24780 0.94524
1661398697.735146046 -3.63099 1.86449 0.94992 -0.01270 -0.21298 0.24721 0.94518
1661398697.745146036 -3.63145 1.86444 0.95048 -0.01268 -0.21392 0.24660 0.94513
1661398697.755146027 -3.63190 1.86437 0.95106 -0.01266 -0.21482 0.24597 0.94509
1661398697.765146017 -3.63236 1.86430 0.95166 -0.01263 -0.21568 0.24532 0.94506
1661398697.775146008 -3.63282 1.86421 0.95227 -0.01258 -0.21652 0.24465 0.94504
1661398697.785145998 -3.63329 1.86412 0.95289 -0.01252 -0.21734 0.24397 0.94503
1661398697.795145988 -3.63377 1.86402 0.95353 -0.01245 -0.21814 0.24328 0.94503
1661398697.805145979 -3.63426 1.86391 0.95419 -0.01237 -0.21894 0.24258 0.94502
1661398697.815145969 -3.63477 1.86380 0.95485 -0.01227 -0.21974 0.24188 0.94502
1661398697.825145960 -3.63529 1.86369 0.95553 -0.01215 -0.22054 0.24119 0.94501
1661398697.835146189 -3.63583 1.86357 0.95621 -0.01201 -0.22136 0.24049 0.94500
1661398697.845145941 -3.63640 1.86346 0.95690 -0.01186 -0.22220 0.23981 0.94498
1661398697.855146170 -3.63698 1.86334 0.95760 -0.01169 -0.22307 0.23913 0.94495
1661398697.865145922 -3.63758 1.86322 0.95831 -0.01150 -0.22396 0.23847 0.94490
1661398697.875146151 -3.63820 1.86311 0.95901 -0.01131 -0.22487 0.23781 0.94486
1661398697.885145903 -3.63883 1.86299 0.95972 -0.01111 -0.22579 0.23717 0.94480
1661398697.895146132 -3.63948 1.86287 0.96043 -0.01092 -0.22673 0.23654 0.94473
1661398697.905145884 -3.64013 1.86276 0.96114 -0.01074 -0.22767 0.23593 0.94466
1661398697.915146112 -3.64079 1.86265 0.96184 -0.01058 -0.22862 0.23532 0.94459
1661398697.925145864 -3.64145 1.86253 0.96253 -0.01045 -0.22956 0.23473 0.94451
1661398697.935146093 -3.64211 1.86242 0.96322 -0.01034 -0.23049 0.23415 0.94443
1661398697.945145845 -3.64276 1.86230 0.96390 -0.01027 -0.23142 0.23358 0.94434
1661398697.955146074 -3.64341 1.86219 0.96457 -0.01024 -0.23232 0.23302 0.94426
1661398697.965146065 -3.64406 1.86208 0.96522 -0.01025 -0.23321 0.23248 0.94417
1661398697.975146055 -3.64469 1.86197 0.96587 -0.01029 -0.23408 0.23193 0.94409
1661398697.985146046 -3.64532 1.86186 0.96650 -0.01036 -0.23493 0.23138 0.94401
1661398697.995146036 -3.64595 1.86175 0.96712 -0.01045 -0.23576 0.23082 0.94394
1661398698.005146027 -3.64656 1.86165 0.96773 -0.01055 -0.23655 0.23025 0.94388
1661398698.015146017 -3.64717 1.86156 0.96832 -0.01066 -0.23732 0.22965 0.94383
1661398698.025146008 -3.64777 1.86147 0.96890 -0.01078 -0.23806 0.22903 0.94380
1661398698.035145998 -3.64836 1.86139 0.96947 -0.01090 -0.23877 0.22837 0.94378
1661398698.045145988 -3.64895 1.86131 0.97002 -0.01101 -0.23944 0.22768 0.94377
1661398698.055145979 -3.64952 1.86124 0.97055 -0.01112 -0.24008 0.22694 0.94379
1661398698.065145969 -3.65009 1.86118 0.97107 -0.01121 -0.24068 0.22617 0.94382
1661398698.075146198 -3.65065 1.86113 0.97158 -0.01129 -0.24126 0.22537 0.94386
1661398698.085145950 -3.65121 1.86108 0.97207 -0.01137 -0.24181 0.22454 0.94392
1661398698.095146179 -3.65177 1.86105 0.97254 -0.01144 -0.24235 0.22370 0.94398
1661398698.105145931 -3.65233 1.86101 0.97301 -0.01150 -0.24287 0.22285 0.94404
1661398698.115146160 -3.65289 1.86099 0.97346 -0.01156 -0.24338 0.22199 0.94411
1661398698.125145912 -3.65346 1.86097 0.97389 -0.01162 -0.24389 0.22114 0.94418
1661398698.135146141 -3.65403 1.86095 0.97431 -0.01168 -0.24440 0.22030 0.94424
1661398698.145145893 -3.65461 1.86094 0.97472 -0.01174 -0.24492 0.21948 0.94430
1661398698.155146122 -3.65520 1.86094 0.97511 -0.01180 -0.24545 0.21867 0.94435
1661398698.165145874 -3.65579 1.86094 0.97549 -0.01186 -0.24599 0.21789 0.94439
1661398698.175146103 -3.65640 1.86095 0.97586 -0.01193 -0.24655 0.21712 0.94442
1661398698.185145855 -3.65701 1.86097 0.97622 -0.01199 -0.24713 0.21636 0.94444
1661398698.195146084 -3.65762 1.86100 0.97657 -0.01205 -0.24774 0.21560 0.94446
1661398698.205146074 -3.65824 1.86104 0.97692 -0.01212 -0.24838 0.21484 0.94446
1661398698.215146065 -3.65886 1.86110 0.97725 -0.01218 -0.24907 0.21407 0.94445
1661398698.225146055 -3.65948 1.86116 0.97759 -0.01224 -0.24979 0.21329 0.94444
1661398698.235146046 -3.66010 1.86125 0.97792 -0.01230 -0.25056 0.21250 0.94441
1661398698.245146036 -3.66072 1.86135 0.97825 -0.01236 -0.25138 0.21168 0.94438
1661398698.255146027 -3.66134 1.86147 0.97857 -0.01242 -0.25225 0.21083 0.94433
1661398698.265146017 -3.66196 1.86160 0.97890 -0.01248 -0.25316 0.20996 0.94428
1661398698.275146008 -3.66257 1.86176 0.97924 -0.01253 -0.25411 0.20907 0.94423
1661398698.285145998 -3.66317 1.86193 0.97958 -0.01258 -0.25507 0.20817 0.94417
1661398698.295145988 -3.66377 1.86211 0.97993 -0.01263 -0.25604 0.20725 0.94410
1661398698.305145979 -3.66436 1.86231 0.98030 -0.01267 -0.25700 0.20633 0.94404
1661398698.315145969 -3.66494 1.86252 0.98068 -0.01270 -0.25794 0.20540 0.94399
1661398698.325145960 -3.66550 1.86275 0.98108 -0.01273 -0.25885 0.20448 0.94394
1661398698.335146189 -3.66606 1.86299 0.98150 -0.01274 -0.25971 0.20357 0.94390
1661398698.345145941 -3.66660 1.86324 0.98194 -0.01275 -0.26052 0.20266 0.94387
1661398698.355146170 -3.66713 1.86350 0.98241 -0.01275 -0.26126 0.20177 0.94386
1661398698.365145922 -3.66764 1.86378 0.98291 -0.01275 -0.26194 0.20090 0.94386
1661398698.375146151 -3.66814 1.86407 0.98342 -0.01274 -0.26257 0.20003 0.94387
1661398698.385145903 -3.66863 1.86438 0.98395 -0.01272 -0.26315 0.19918 0.94388
1661398698.395146132 -3.66910 1.86470 0.98450 -0.01270 -0.26370 0.19833 0.94391
1661398698.405145884 -3.66957 1.86505 0.98506 -0.01268 -0.26421 0.19749 0.94394
1661398698.415146112 -3.67003 1.86542 0.98562 -0.01266 -0.26471 0.19664 0.94398
1661398698.425145864 -3.67048 1.86582 0.98619 -0.01265 -0.26519 0.19580 0.94402
1661398698.435146093 -3.67093 1.86624 0.98676 -0.01264 -0.26566 0.19496 0.94406
1661398698.445145845 -3.67137 1.86669 0.98732 -0.01263 -0.26614 0.19411 0.94410
1661398698.455146074 -3.67180 1.86717 0.98789 -0.01263 -0.26663 0.19326 0.94414
1661398698.465146065 -3.67223 1.86768 0.98844 -0.01264 -0.26712 0.19241 0.94417
1661398698.475146055 -3.67266 1.86822 0.98898 -0.01265 -0.26762 0.19155 0.94421
1661398698.485146046 -3.67309 1.86878 0.98952 -0.01267 -0.26813 0.19070 0.94424
1661398698.495146036 -3.67351 1.86937 0.99004 -0.01268 -0.26863 0.18986 0.94426
1661398698.505146027 -3.67393 1.86999 0.99055 -0.01270 -0.26913 0.18902 0.94429
1661398698.515146017 -3.67436 1.87063 0.99104 -0.01271 -0.26963 0.18820 0.94431
1661398698.525146008 -3.67478 1.87129 0.99151 -0.01272 -0.27013 0.18740 0.94433
1661398698.535145998 -3.67521 1.87198 0.99196 -0.01272 -0.27061 0.18662 0.94434
1661398698.545145988 -3.67563 1.87268 0.99239 -0.01271 -0.27109 0.18586 0.94436
1661398698.555145979 -3.67607 1.87340 0.99280 -0.01269 -0.27155 0.18512 0.94437
1661398698.565145969 -3.67650 1.87414 0.99319 -0.01266 -0.27199 0.18441 0.94438
1661398698.575146198 -3.67693 1.87490 0.99356 -0.01260 -0.27243 0.18373 0.94439
1661398698.585145950 -3.67736 1.87568 0.99391 -0.01252 -0.27284 0.18307 0.94440
1661398698.595146179 -3.67779 1.87646 0.99424 -0.01240 -0.27324 0.18242 0.94441
1661398698.605145931 -3.67822 1.87727 0.99456 -0.01225 -0.27363 0.18180 0.94442
1661398698.615146160 -3.67864 1.87808 0.99487 -0.01204 -0.27400 0.18119 0.94443
1661398698.625145912 -3.67905 1.87890 0.99516 -0.01179 -0.27434 0.18060 0.94445
1661398698.635146141 -3.67946 1.87974 0.99545 -0.01147 -0.27467 0.18002 0.94447
1661398698.645145893 -3.67986 1.88058 0.99572 -0.01109 -0.27498 0.17946 0.94449
1661398698.655146122 -3.68025 1.88143 0.99600 -0.01065 -0.27527 0.17890 0.94451
1661398698.665145874 -3.68063 1.88228 0.99626 -0.01014 -0.27554 0.17835 0.94454
1661398698.675146103 -3.68099 1.88315 0.99652 -0.00960 -0.27581 0.17781 0.94458
1661398698.685145855 -3.68133 1.88403 0.99677 -0.00902 -0.27606 0.17727 0.94461
1661398698.695146084 -3.68165 1.88492 0.99700 -0.00842 -0.27631 0.17672 0.94464
1661398698.705146074 -3.68194 1.88583 0.99723 -0.00782 -0.27656 0.17618 0.94468
1661398698.715146065 -3.68220 1.88675 0.99744 -0.00723 -0.27682 0.17563 0.94471
1661398698.725146055 -3.68243 1.88769 0.99764 -0.00666 -0.27709 0.17508 0.94474
1661398698.735146046 -3.68262 1.88865 0.99782 -0.00612 -0.27737 0.17452 0.94476
1661398698.745146036 -3.68276 1.88963 0.99799 -0.00563 -0.27767 0.17394 0.94478
1661398698.755146027 -3.68287 1.89064 0.99814 -0.00520 -0.27799 0.17335 0.94480
1661398698.765146017 -3.68293 1.89166 0.99828 -0.00483 -0.27833 0.17275 0.94481
1661398698.775146008 -3.68295 1.89270 0.99841 -0.00451 -0.27869 0.17213 0.94482
1661398698.785145998 -3.68291 1.89377 0.99853 -0.00424 -0.27904 0.17149 0.94483
1661398698.795145988 -3.68283 1.89485 0.99864 -0.00400 -0.27940 0.17084 0.94485
1661398698.805145979 -3.68270 1.89595 0.99875 -0.00381 -0.27975 0.17017 0.94486
1661398698.815145969 -3.68251 1.89706 0.99887 -0.00365 -0.28010 0.16948 0.94489
1661398698.825145960 -3.68227 1.89819 0.99899 -0.00352 -0.28042 0.16878 0.94492
1661398698.835146189 -3.68198 1.89934 0.99913 -0.00341 -0.28072 0.16805 0.94495
1661398698.845145941 -3.68162 1.90049 0.99927 -0.00332 -0.28100 0.16731 0.94501
1661398698.855146170 -3.68122 1.90166 0.99943 -0.00325 -0.28124 0.16655 0.94507
1661398698.865145922 -3.68075 1.90285 0.99961 -0.00318 -0.28146 0.16577 0.94514
1661398698.875146151 -3.68023 1.90404 0.99980 -0.00313 -0.28166 0.16496 0.94522
1661398698.885145903 -3.67965 1.90526 1.00000 -0.00308 -0.28185 0.16414 0.94531
1661398698.895146132 -3.67902 1.90649 1.00023 -0.00303 -0.28204 0.16330 0.94540
1661398698.905145884 -3.67834 1.90773 1.00046 -0.00298 -0.28224 0.16243 0.94549
1661398698.915146112 -3.67761 1.90900 1.00071 -0.00293 -0.28245 0.16155 0.94558
1661398698.925145864 -3.67682 1.91029 1.00098 -0.00288 -0.28269 0.16064 0.94566
1661398698.935146093 -3.67599 1.91159 1.00126 -0.00281 -0.28296 0.15972 0.94574
1661398698.945145845 -3.67511 1.91292 1.00155 -0.00273 -0.28326 0.15877 0.94580
1661398698.955146074 -3.67418 1.91428 1.00186 -0.00264 -0.28362 0.15780 0.94586
1661398698.965146065 -3.67321 1.91565 1.00218 -0.00253 -0.28403 0.15681 0.94590
1661398698.975146055 -3.67219 1.91706 1.00250 -0.00241 -0.28450 0.15580 0.94593
1661398698.985146046 -3.67113 1.91848 1.00283 -0.00229 -0.28502 0.15475 0.94594
1661398698.995146036 -3.67004 1.91994 1.00316 -0.00216 -0.28561 0.15368 0.94594
1661398699.005146027 -3.66890 1.92143 1.00349 -0.00203 -0.28627 0.15258 0.94592
1661398699.015146017 -3.66773 1.92294 1.00382 -0.00191 -0.28700 0.15145 0.94588
1661398699.025146008 -3.66652 1.92449 1.00414 -0.00178 -0.28781 0.15028 0.94582
1661398699.035145998 -3.66528 1.92607 1.00445 -0.00167 -0.28869 0.14908 0.94574
1661398699.045145988 -3.66401 1.92768 1.00474 -0.00156 -0.28966 0.14784 0.94564
1661398699.055145979 -3.66271 1.92932 1.00502 -0.00147 -0.29071 0.14656 0.94552
1661398699.065145969 -3.66138 1.93100 1.00528 -0.00139 -0.29183 0.14525 0.94538
1661398699.075146198 -3.66001 1.93272 1.00554 -0.00132 -0.29301 0.14391 0.94522
1661398699.085145950 -3.65859 1.93449 1.00578 -0.00125 -0.29423 0.14254 0.94504
1661398699.095146179 -3.65713 1.93630 1.00602 -0.00120 -0.29548 0.14116 0.94486
1661398699.105145931 -3.65561 1.93816 1.00626 -0.00115 -0.29673 0.13975 0.94468
1661398699.115146160 -3.65403 1.94007 1.00650 -0.00110 -0.29798 0.13834 0.94449
1661398699.125145912 -3.65239 1.94204 1.00675 -0.00106 -0.29921 0.13693 0.94431
1661398699.135146141 -3.65068 1.94406 1.00700 -0.00102 -0.30041 0.13551 0.94414
1661398699.145145893 -3.64889 1.94614 1.00726 -0.00098 -0.30155 0.13410 0.94397
1661398699.155146122 -3.64703 1.94829 1.00754 -0.00093 -0.30263 0.13269 0.94382
1661398699.165145874 -3.64511 1.95050 1.00783 -0.00088 -0.30365 0.13130 0.94369
1661398699.175146103 -3.64312 1.95278 1.00815 -0.00081 -0.30462 0.12992 0.94357
1661398699.185145855 -3.64108 1.95512 1.00849 -0.00072 -0.30553 0.12856 0.94346
1661398699.195146084 -3.63900 1.95752 1.00886 -0.00060 -0.30639 0.12722 0.94337
1661398699.205146074 -3.63689 1.95999 1.00926 -0.00045 -0.30721 0.12589 0.94328
1661398699.215146065 -3.63475 1.96253 1.00970 -0.00025 -0.30799 0.12459 0.94320
1661398699.225146055 -3.63261 1.96513 1.01018 -0.00000 -0.30873 0.12332 0.94312
1661398699.235146046 -3.63046 1.96779 1.01071 0.00030 -0.30945 0.12207 0.94305
1661398699.245146036 -3.62831 1.97052 1.01129 0.00067 -0.31013 0.12085 0.94298
1661398699.255146027 -3.62618 1.97332 1.01193 0.00110 -0.31080 0.11967 0.94291
1661398699.265146017 -3.62407 1.97618 1.01261 0.00159 -0.31147 0.11850 0.94284
1661398699.275146008 -3.62198 1.97910 1.01334 0.00213 -0.31214 0.11735 0.94276
1661398699.285145998 -3.61990 1.98207 1.01412 0.00270 -0.31285 0.11621 0.94266
1661398699.295145988 -3.61785 1.98508 1.01495 0.00329 -0.31361 0.11507 0.94255
1661398699.305145979 -3.61583 1.98814 1.01582 0.00389 -0.31444 0.11392 0.94241
1661398699.315145969 -3.61383 1.99125 1.01673 0.00449 -0.31535 0.11275 0.94224
1661398699.325145960 -3.61185 1.99438 1.01767 0.00507 -0.31636 0.11155 0.94204
1661398699.335146189 -3.60991 1.99755 1.01865 0.00561 -0.31749 0.11032 0.94181
1661398699.345145941 -3.60800 2.00075 1.01966 0.00612 -0.31876 0.10905 0.94152
1661398699.355146170 -3.60612 2.00396 1.02071 0.00657 -0.32018 0.10772 0.94119
1661398699.365145922 -3.60427 2.00720 1.02177 0.00697 -0.32170 0.10637 0.94082
1661398699.375146151 -3.60246 2.01046 1.02286 0.00730 -0.32330 0.10499 0.94043
1661398699.385145903 -3.60067 2.01374 1.02395 0.00757 -0.32491 0.10363 0.94002
1661398699.395146132 -3.59892 2.01705 1.02506 0.00778 -0.32651 0.10228 0.93961
1661398699.405145884 -3.59720 2.02037 1.02616 0.00791 -0.32804 0.10098 0.93922
1661398699.415146112 -3.59551 2.02372 1.02725 0.00798 -0.32946 0.09973 0.93885
1661398699.425145864 -3.59385 2.02709 1.02833 0.00797 -0.33072 0.09857 0.93853
1661398699.435146093 -3.59222 2.03047 1.02939 0.00789 -0.33180 0.09750 0.93827
1661398699.445145845 -3.59062 2.03388 1.03042 0.00772 -0.33262 0.09655 0.93807
1661398699.455146074 -3.58905 2.03731 1.03143 0.00748 -0.33319 0.09573 0.93796
1661398699.465146065 -3.58751 2.04076 1.03240 0.00719 -0.33352 0.09503 0.93791
1661398699.475146055 -3.58601 2.04421 1.03333 0.00687 -0.33367 0.09444 0.93792
1661398699.485146046 -3.58455 2.04767 1.03423 0.00656 -0.33371 0.09395 0.93796
1661398699.495146036 -3.58313 2.05114 1.03509 0.00628 -0.33367 0.09355 0.93802
1661398699.505146027 -3.58176 2.05460 1.03592 0.00607 -0.33362 0.09322 0.93807
1661398699.515146017 -3.58044 2.05806 1.03670 0.00594 -0.33361 0.09295 0.93810
1661398699.525146008 -3.57917 2.06150 1.03744 0.00595 -0.33368 0.09274 0.93809
1661398699.535145998 -3.57796 2.06493 1.03815 0.00610 -0.33391 0.09256 0.93803
1661398699.545145988 -3.57681 2.06833 1.03881 0.00643 -0.33434 0.09240 0.93789
1661398699.555145979 -3.57573 2.07172 1.03942 0.00695 -0.33499 0.09227 0.93767
1661398699.565145969 -3.57469 2.07507 1.03999 0.00762 -0.33583 0.09214 0.93737
1661398699.575146198 -3.57367 2.07841 1.04052 0.00837 -0.33677 0.09204 0.93704
1661398699.585145950 -3.57267 2.08173 1.04099 0.00912 -0.33774 0.09196 0.93669
1661398699.595146179 -3.57164 2.08503 1.04141 0.00982 -0.33867 0.09191 0.93635
1661398699.605145931 -3.57059 2.08832 1.04177 0.01040 -0.33949 0.09188 0.93605
1661398699.615146160 -3.56950 2.09160 1.04209 0.01083 -0.34019 0.09187 0.93579
1661398699.625145912 -3.56836 2.09488 1.04237 0.01108 -0.34075 0.09185 0.93559
1661398699.635146141 -3.56717 2.09814 1.04261 0.01114 -0.34117 0.09180 0.93544
1661398699.645145893 -3.56593 2.10141 1.04283 0.01098 -0.34142 0.09172 0.93536
1661398699.655146122 -3.56464 2.10468 1.04303 0.01057 -0.34151 0.09158 0.93535
1661398699.665145874 -3.56328 2.10794 1.04321 0.00995 -0.34145 0.09138 0.93540
1661398699.675146103 -3.56189 2.11121 1.04337 0.00914 -0.34124 0.09114 0.93550
1661398699.685145855 -3.56045 2.11448 1.04352 0.00817 -0.34092 0.09085 0.93566
1661398699.695146084 -3.55897 2.11774 1.04365 0.00706 -0.34048 0.09052 0.93586
1661398699.705146074 -3.55747 2.12100 1.04378 0.00586 -0.33995 0.09016 0.93609
1661398699.715146065 -3.55594 2.12426 1.04389 0.00459 -0.33935 0.08977 0.93635
1661398699.725146055 -3.55439 2.12752 1.04399 0.00328 -0.33869 0.08936 0.93664
1661398699.735146046 -3.55284 2.13078 1.04409 0.00195 -0.33798 0.08893 0.93694
1661398699.745146036 -3.55128 2.13403 1.04418 0.00064 -0.33724 0.08850 0.93725
1661398699.755146027 -3.54971 2.13727 1.04426 -0.00062 -0.33649 0.08805 0.93756
1661398699.765146017 -3.54816 2.14051 1.04433 -0.00183 -0.33574 0.08759 0.93787
1661398699.775146008 -3.54661 2.14375 1.04440 -0.00298 -0.33501 0.08713 0.93817
1661398699.785145998 -3.54508 2.14699 1.04444 -0.00407 -0.33430 0.08664 0.93847
1661398699.795145988 -3.54357 2.15022 1.04447 -0.00510 -0.33364 0.08613 0.93874
1661398699.805145979 -3.54208 2.15345 1.04447 -0.00605 -0.33303 0.08560 0.93900
1661398699.815145969 -3.54063 2.15668 1.04444 -0.00692 -0.33249 0.08504 0.93924
1661398699.825145960 -3.53921 2.15991 1.04438 -0.00770 -0.33204 0.08445 0.93945
1661398699.835146189 -3.53783 2.16314 1.04428 -0.00840 -0.33169 0.08383 0.93962
1661398699.845145941 -3.53650 2.16636 1.04415 -0.00901 -0.33145 0.08317 0.93976
1661398699.855146170 -3.53521 2.16959 1.04397 -0.00952 -0.33132 0.08246 0.93986
1661398699.865145922 -3.53397 2.17282 1.04375 -0.00995 -0.33131 0.08172 0.93992
1661398699.875146151 -3.53277 2.17606 1.04349 -0.01030 -0.33138 0.08093 0.93996
1661398699.885145903 -3.53160 2.17931 1.04320 -0.01060 -0.33151 0.08011 0.93998
1661398699.895146132 -3.53046 2.18257 1.04289 -0.01085 -0.33169 0.07925 0.93999
1661398699.905145884 -3.52934 2.18584 1.04255 -0.01107 -0.33189 0.07834 0.93999
1661398699.915146112 -3.52823 2.18914 1.04219 -0.01127 -0.33209 0.07740 0.94000
1661398699.925145864 -3.52714 2.19245 1.04182 -0.01146 -0.33228 0.07643 0.94001
1661398699.935146093 -3.52605 2.19579 1.04144 -0.01166 -0.33242 0.07542 0.94004
1661398699.945145845 -3.52497 2.19916 1.04105 -0.01187 -0.33250 0.07437 0.94009
1661398699.955146074 -3.52387 2.20257 1.04065 -0.01212 -0.33251 0.07329 0.94017
1661398699.965146065 -3.52277 2.20600 1.04026 -0.01240 -0.33244 0.07217 0.94028
1661398699.975146055 -3.52167 2.20947 1.03987 -0.01272 -0.33229 0.07102 0.94041
1661398699.985146046 -3.52055 2.21299 1.03948 -0.01306 -0.33208 0.06984 0.94057
1661398699.995146036 -3.51942 2.21654 1.03910 -0.01344 -0.33180 0.06862 0.94076
1661398700.005146027 -3.51828 2.22015 1.03872 -0.01385 -0.33145 0.06737 0.94096
1661398700.015146017 -3.51713 2.22380 1.03836 -0.01430 -0.33105 0.06608 0.94119
1661398700.025146008 -3.51597 2.22750 1.03801 -0.01477 -0.33059 0.06476 0.94143
1661398700.035145998 -3.51479 2.23126 1.03767 -0.01528 -0.33008 0.06341 0.94170
1661398700.045145988 -3.51360 2.23507 1.03735 -0.01581 -0.32953 0.06203 0.94197
1661398700.055145979 -3.51239 2.23895 1.03705 -0.01638 -0.32893 0.06062 0.94227
1661398700.065145969 -3.51117 2.24288 1.03677 -0.01697 -0.32828 0.05917 0.94257
1661398700.075146198 -3.50993 2.24687 1.03651 -0.01757 -0.32761 0.05770 0.94289
1661398700.085145950 -3.50869 2.25091 1.03627 -0.01817 -0.32690 0.05621 0.94321
1661398700.095146179 -3.50744 2.25501 1.03605 -0.01877 -0.32617 0.05469 0.94354
1661398700.105145931 -3.50619 2.25915 1.03585 -0.01935 -0.32542 0.05317 0.94388
1661398700.115146160 -3.50494 2.26335 1.03568 -0.01991 -0.32465 0.05162 0.94421
1661398700.125145912 -3.50369 2.26759 1.03553 -0.02043 -0.32387 0.05007 0.94455
1661398700.135146141 -3.50244 2.27188 1.03540 -0.02091 -0.32309 0.04851 0.94489
1661398700.145145893 -3.50120 2.27621 1.03529 -0.02134 -0.32230 0.04695 0.94523
1661398700.155146122 -3.49996 2.28057 1.03521 -0.02170 -0.32152 0.04539 0.94557
1661398700.165145874 -3.49874 2.28498 1.03516 -0.02200 -0.32075 0.04384 0.94589
1661398700.175146103 -3.49754 2.28943 1.03513 -0.02223 -0.31998 0.04229 0.94622
1661398700.185145855 -3.49635 2.29391 1.03512 -0.02239 -0.31924 0.04076 0.94653
1661398700.195146084 -3.49519 2.29843 1.03515 -0.02246 -0.31853 0.03925 0.94683
1661398700.205146074 -3.49406 2.30298 1.03519 -0.02246 -0.31784 0.03776 0.94713
1661398700.215146065 -3.49295 2.30756 1.03527 -0.02236 -0.31718 0.03631 0.94741
1661398700.225146055 -3.49188 2.31218 1.03537 -0.02218 -0.31657 0.03489 0.94767
1661398700.235146046 -3.49085 2.31682 1.03551 -0.02191 -0.31600 0.03351 0.94792
1661398700.245146036 -3.48986 2.32150 1.03566 -0.02153 -0.31548 0.03218 0.94814
1661398700.255146027 -3.48892 2.32620 1.03585 -0.02106 -0.31501 0.03089 0.94835
1661398700.265146017 -3.48801 2.33094 1.03607 -0.02052 -0.31458 0.02965 0.94854
1661398700.275146008 -3.48714 2.33570 1.03631 -0.01993 -0.31420 0.02845 0.94872
1661398700.285145998 -3.48630 2.34051 1.03657 -0.01934 -0.31383 0.02728 0.94889
1661398700.295145988 -3.48547 2.34536 1.03686 -0.01876 -0.31348 0.02613 0.94905
1661398700.305145979 -3.48466 2.35025 1.03717 -0.01823 -0.31314 0.02501 0.94920
1661398700.315145969 -3.48385 2.35519 1.03750 -0.01777 -0.31279 0.02390 0.94936
1661398700.325145960 -3.48305 2.36018 1.03785 -0.01743 -0.31242 0.02280 0.94951
1661398700.335146189 -3.48224 2.36523 1.03822 -0.01722 -0.31203 0.02171 0.94967
1661398700.345145941 -3.48142 2.37034 1.03860 -0.01718 -0.31160 0.02061 0.94984
1661398700.355146170 -3.48059 2.37550 1.03899 -0.01733 -0.31112 0.01950 0.95001
1661398700.365145922 -3.47974 2.38072 1.03940 -0.01764 -0.31060 0.01839 0.95020
1661398700.375146151 -3.47888 2.38597 1.03981 -0.01810 -0.31002 0.01729 0.95040
1661398700.385145903 -3.47801 2.39125 1.04021 -0.01867 -0.30940 0.01622 0.95061
1661398700.395146132 -3.47714 2.39653 1.04060 -0.01932 -0.30872 0.01517 0.95084
1661398700.405145884 -3.47627 2.40182 1.04098 -0.02002 -0.30799 0.01415 0.95107
1661398700.415146112 -3.47540 2.40709 1.04133 -0.02075 -0.30720 0.01319 0.95133
1661398700.425145864 -3.47455 2.41234 1.04166 -0.02148 -0.30636 0.01228 0.95159
1661398700.435146093 -3.47370 2.41754 1.04195 -0.02217 -0.30546 0.01144 0.95188
1661398700.445145845 -3.47287 2.42269 1.04220 -0.02281 -0.30450 0.01067 0.95218
1661398700.455146074 -3.47206 2.42778 1.04240 -0.02335 -0.30348 0.00998 0.95250
1661398700.465146065 -3.47127 2.43280 1.04255 -0.02381 -0.30243 0.00937 0.95283
1661398700.475146055 -3.47051 2.43774 1.04267 -0.02419 -0.30137 0.00882 0.95316
1661398700.485146046 -3.46978 2.44260 1.04274 -0.02448 -0.30033 0.00831 0.95349
1661398700.495146036 -3.46909 2.44738 1.04276 -0.02469 -0.29933 0.00784 0.95380
1661398700.505146027 -3.46844 2.45206 1.04275 -0.02483 -0.29839 0.00739 0.95409
1661398700.515146017 -3.46782 2.45667 1.04270 -0.02489 -0.29751 0.00696 0.95437
1661398700.525146008 -3.46724 2.46121 1.04261 -0.02489 -0.29668 0.00654 0.95463
1661398700.535145998 -3.46669 2.46571 1.04248 -0.02481 -0.29589 0.00613 0.95488
1661398700.545145988 -3.46617 2.47018 1.04231 -0.02466 -0.29513 0.00572 0.95512
1661398700.555145979 -3.46566 2.47462 1.04210 -0.02445 -0.29440 0.00530 0.95535
1661398700.565145969 -3.46517 2.47905 1.04186 -0.02419 -0.29369 0.00489 0.95558
1661398700.575146198 -3.46469 2.48344 1.04158 -0.02390 -0.29300 0.00448 0.95580
1661398700.585145950 -3.46420 2.48781 1.04128 -0.02360 -0.29231 0.00408 0.95602
1661398700.595146179 -3.46371 2.49214 1.04094 -0.02330 -0.29164 0.00369 0.95624
1661398700.605145931 -3.46321 2.49643 1.04057 -0.02303 -0.29097 0.00333 0.95645
1661398700.615146160 -3.46268 2.50068 1.04018 -0.02279 -0.29030 0.00298 0.95666
1661398700.625145912 -3.46213 2.50488 1.03977 -0.02261 -0.28962 0.00266 0.95687
1661398700.635146141 -3.46154 2.50904 1.03934 -0.02251 -0.28894 0.00237 0.95708
1661398700.645145893 -3.46091 2.51313 1.03888 -0.02249 -0.28824 0.00212 0.95729
1661398700.655146122 -3.46023 2.51717 1.03841 -0.02258 -0.28753 0.00191 0.95750
1661398700.665145874 -3.45952 2.52115 1.03793 -0.02277 -0.28681 0.00173 0.95772
1661398700.675146103 -3.45876 2.52508 1.03743 -0.02305 -0.28607 0.00159 0.95793
1661398700.685145855 -3.45797 2.52895 1.03692 -0.02341 -0.28533 0.00147 0.95814
1661398700.695146084 -3.45714 2.53277 1.03641 -0.02385 -0.28459 0.00137 0.95835
1661398700.705146074 -3.45630 2.53654 1.03589 -0.02436 -0.28385 0.00129 0.95856
1661398700.715146065 -3.45543 2.54026 1.03537 -0.02493 -0.28311 0.00123 0.95876
1661398700.725146055 -3.45454 2.54393 1.03486 -0.02555 -0.28237 0.00118 0.95896
1661398700.735146046 -3.45365 2.54756 1.03434 -0.02622 -0.28165 0.00113 0.95916
1661398700.745146036 -3.45274 2.55115 1.03384 -0.02692 -0.28093 0.00108 0.95935
1661398700.755146027 -3.45183 2.55469 1.03334 -0.02765 -0.28024 0.00103 0.95953
1661398700.765146017 -3.45092 2.55819 1.03286 -0.02839 -0.27957 0.00098 0.95971
1661398700.775146008 -3.45001 2.56166 1.03237 -0.02913 -0.27894 0.00092 0.95987
1661398700.785145998 -3.44908 2.56509 1.03190 -0.02985 -0.27836 0.00087 0.96001
1661398700.795145988 -3.44815 2.56849 1.03143 -0.03053 -0.27785 0.00081 0.96014
1661398700.805145979 -3.44721 2.57185 1.03096 -0.03117 -0.27741 0.00074 0.96025
1661398700.815145969 -3.44625 2.57518 1.03048 -0.03173 -0.27706 0.00067 0.96033
1661398700.825145960 -3.44529 2.57849 1.03001 -0.03222 -0.27681 0.00060 0.96039
1661398700.835146189 -3.44431 2.58176 1.02954 -0.03260 -0.27666 0.00053 0.96041
1661398700.845145941 -3.44332 2.58501 1.02906 -0.03287 -0.27665 0.00046 0.96041
1661398700.855146170 -3.44231 2.58823 1.02858 -0.03302 -0.27676 0.00038 0.96037
1661398700.865145922 -3.44127 2.59143 1.02809 -0.03307 -0.27697 0.00029 0.96031
1661398700.875146151 -3.44021 2.59460 1.02760 -0.03303 -0.27726 0.00019 0.96023
1661398700.885145903 -3.43911 2.59774 1.02711 -0.03292 -0.27759 0.00006 0.96014
1661398700.895146132 -3.43797 2.60085 1.02662 -0.03279 -0.27793 -0.00010 0.96004
1661398700.905145884 -3.43679 2.60394 1.02613 -0.03264 -0.27825 -0.00030 0.95995
1661398700.915146112 -3.43554 2.60699 1.02566 -0.03250 -0.27853 -0.00054 0.95988
1661398700.925145864 -3.43424 2.61001 1.02519 -0.03239 -0.27872 -0.00083 0.95983
1661398700.935146093 -3.43288 2.61300 1.02473 -0.03233 -0.27880 -0.00119 0.95980
1661398700.945145845 -3.43144 2.61595 1.02429 -0.03236 -0.27875 -0.00161 0.95982
1661398700.955146074 -3.42992 2.61886 1.02386 -0.03248 -0.27853 -0.00210 0.95988
1661398700.965146065 -3.42833 2.62175 1.02344 -0.03270 -0.27816 -0.00266 0.95997
1661398700.975146055 -3.42666 2.62460 1.02303 -0.03300 -0.27768 -0.00328 0.96010
1661398700.985146046 -3.42492 2.62744 1.02262 -0.03337 -0.27712 -0.00394 0.96025
1661398700.995146036 -3.42312 2.63025 1.02222 -0.03380 -0.27649 -0.00464 0.96041
1661398701.005146027 -3.42125 2.63306 1.02182 -0.03428 -0.27584 -0.00538 0.96058
1661398701.015146017 -3.41931 2.63585 1.02141 -0.03481 -0.27518 -0.00614 0.96074
1661398701.025146008 -3.41732 2.63863 1.02100 -0.03538 -0.27455 -0.00692 0.96090
1661398701.035145998 -3.41527 2.64142 1.02057 -0.03596 -0.27397 -0.00771 0.96103
1661398701.045145988 -3.41316 2.64421 1.02013 -0.03656 -0.27348 -0.00849 0.96114
1661398701.055145979 -3.41100 2.64700 1.01968 -0.03716 -0.27310 -0.00927 0.96122
1661398701.065145969 -3.40879 2.64981 1.01921 -0.03776 -0.27279 -0.01004 0.96128
1661398701.075146198 -3.40653 2.65263 1.01872 -0.03835 -0.27254 -0.01081 0.96132
1661398701.085145950 -3.40422 2.65546 1.01821 -0.03893 -0.27232 -0.01157 0.96135
1661398701.095146179 -3.40185 2.65832 1.01768 -0.03948 -0.27209 -0.01232 0.96138
1661398701.105145931 -3.39944 2.66120 1.01713 -0.04000 -0.27183 -0.01308 0.96143
1661398701.115146160 -3.39698 2.66411 1.01656 -0.04048 -0.27151 -0.01383 0.96149
1661398701.125145912 -3.39447 2.66705 1.01596 -0.04092 -0.27110 -0.01459 0.96157
1661398701.135146141 -3.39192 2.67002 1.01534 -0.04131 -0.27057 -0.01535 0.96169
1661398701.145145893 -3.38932 2.67303 1.01469 -0.04164 -0.26989 -0.01611 0.96186
1661398701.155146122 -3.38667 2.67607 1.01402 -0.04191 -0.26905 -0.01688 0.96207
1661398701.165145874 -3.38398 2.67916 1.01332 -0.04211 -0.26807 -0.01764 0.96232
1661398701.175146103 -3.38124 2.68229 1.01261 -0.04224 -0.26699 -0.01839 0.96260
1661398701.185145855 -3.37847 2.68547 1.01187 -0.04229 -0.26586 -0.01912 0.96289
1661398701.195146084 -3.37565 2.68870 1.01113 -0.04227 -0.26471 -0.01982 0.96320
1661398701.205146074 -3.37280 2.69198 1.01037 -0.04216 -0.26358 -0.02047 0.96350
1661398701.215146065 -3.36991 2.69531 1.00961 -0.04196 -0.26251 -0.02108 0.96379
1661398701.225146055 -3.36698 2.69869 1.00884 -0.04168 -0.26155 -0.02163 0.96405
1661398701.235146046 -3.36402 2.70213 1.00807 -0.04129 -0.26072 -0.02211 0.96428
1661398701.245146036 -3.36103 2.70562 1.00731 -0.04082 -0.26008 -0.02251 0.96446
1661398701.255146027 -3.35801 2.70918 1.00656 -0.04024 -0.25965 -0.02283 0.96459
1661398701.265146017 -3.35495 2.71278 1.00581 -0.03957 -0.25938 -0.02309 0.96469
1661398701.275146008 -3.35185 2.71640 1.00508 -0.03882 -0.25924 -0.02332 0.96475
1661398701.285145998 -3.34872 2.72004 1.00438 -0.03801 -0.25915 -0.02353 0.96480
1661398701.295145988 -3.34554 2.72367 1.00370 -0.03714 -0.25909 -0.02376 0.96485
1661398701.305145979 -3.34232 2.72728 1.00305 -0.03624 -0.25898 -0.02403 0.96490
1661398701.315145969 -3.33905 2.73085 1.00244 -0.03530 -0.25878 -0.02436 0.96498
1661398701.325145960 -3.33573 2.73436 1.00186 -0.03435 -0.25843 -0.02478 0.96510
1661398701.335146189 -3.33235 2.73781 1.00134 -0.03339 -0.25789 -0.02532 0.96526
1661398701.345145941 -3.32892 2.74116 1.00086 -0.03243 -0.25711 -0.02599 0.96549
1661398701.355146170 -3.32543 2.74442 1.00044 -0.03150 -0.25604 -0.02681 0.96578
1661398701.365145922 -3.32190 2.74760 1.00008 -0.03061 -0.25478 -0.02773 0.96612
1661398701.375146151 -3.31837 2.75071 0.99980 -0.02978 -0.25341 -0.02871 0.96647
1661398701.385145903 -3.31486 2.75379 0.99959 -0.02902 -0.25205 -0.02967 0.96682
1661398701.395146132 -3.31139 2.75685 0.99948 -0.02837 -0.25078 -0.03058 0.96715
1661398701.405145884 -3.30800 2.75991 0.99945 -0.02782 -0.24970 -0.03136 0.96741
1661398701.415146112 -3.30467 2.76297 0.99952 -0.02737 -0.24885 -0.03204 0.96763
1661398701.425145864 -3.30140 2.76605 0.99965 -0.02700 -0.24822 -0.03263 0.96778
1661398701.435146093 -3.29819 2.76912 0.99985 -0.02667 -0.24785 -0.03315 0.96786
1661398701.445145845 -3.29503 2.77221 1.00011 -0.02637 -0.24774 -0.03361 0.96788
1661398701.455146074 -3.29191 2.77530 1.00041 -0.02608 -0.24791 -0.03402 0.96783
1661398701.465146065 -3.28885 2.77840 1.00074 -0.02581 -0.24831 -0.03440 0.96772
1661398701.475146055 -3.28582 2.78150 1.00110 -0.02554 -0.24891 -0.03475 0.96757
1661398701.485146046 -3.28284 2.78460 1.00148 -0.02529 -0.24966 -0.03508 0.96737
1661398701.495146036 -3.27991 2.78771 1.00186 -0.02507 -0.25050 -0.03540 0.96714
1661398701.505146027 -3.27701 2.79081 1.00224 -0.02487 -0.25140 -0.03572 0.96690
1661398701.515146017 -3.27415 2.79391 1.00261 -0.02471 -0.25231 -0.03603 0.96666
1661398701.525146008 -3.27134 2.79701 1.00297 -0.02458 -0.25318 -0.03635 0.96642
1661398701.535145998 -3.26856 2.80010 1.00329 -0.02449 -0.25398 -0.03669 0.96620
1661398701.545145988 -3.26582 2.80319 1.00358 -0.02444 -0.25464 -0.03705 0.96602
1661398701.555145979 -3.26312 2.80626 1.00383 -0.02445 -0.25514 -0.03744 0.96587
1661398701.565145969 -3.26046 2.80933 1.00403 -0.02450 -0.25549 -0.03785 0.96576
1661398701.575146198 -3.25783 2.81238 1.00421 -0.02460 -0.25569 -0.03829 0.96569
1661398701.585145950 -3.25524 2.81541 1.00435 -0.02474 -0.25577 -0.03875 0.96564
1661398701.595146179 -3.25268 2.81842 1.00448 -0.02493 -0.25573 -0.03923 0.96563
1661398701.605145931 -3.25015 2.82140 1.00459 -0.02517 -0.25560 -0.03972 0.96564
1661398701.615146160 -3.24766 2.82436 1.00468 -0.02545 -0.25538 -0.04023 0.96567
1661398701.625145912 -3.24520 2.82728 1.00478 -0.02578 -0.25509 -0.04076 0.96571
1661398701.635146141 -3.24277 2.83016 1.00488 -0.02615 -0.25475 -0.04129 0.96577
1661398701.645145893 -3.24038 2.83301 1.00499 -0.02657 -0.25437 -0.04183 0.96584
1661398701.655146122 -3.23801 2.83581 1.00511 -0.02702 -0.25396 -0.04237 0.96591
1661398701.665145874 -3.23568 2.83858 1.00524 -0.02751 -0.25354 -0.04293 0.96598
1661398701.675146103 -3.23338 2.84132 1.00539 -0.02803 -0.25312 -0.04352 0.96605
1661398701.685145855 -3.23112 2.84402 1.00555 -0.02855 -0.25271 -0.04413 0.96611
1661398701.695146084 -3.22889 2.84671 1.00572 -0.02909 -0.25233 -0.04478 0.96617
1661398701.705146074 -3.22670 2.84937 1.00590 -0.02962 -0.25198 -0.04548 0.96621
1661398701.715146065 -3.22455 2.85203 1.00609 -0.03013 -0.25167 -0.04624 0.96624
1661398701.725146055 -3.22244 2.85467 1.00630 -0.03063 -0.25143 -0.04706 0.96625
1661398701.735146046 -3.22037 2.85732 1.00651 -0.03109 -0.25126 -0.04796 0.96623
1661398701.745146036 -3.21834 2.85996 1.00673 -0.03152 -0.25116 -0.04894 0.96619
1661398701.755146027 -3.21636 2.86262 1.00695 -0.03190 -0.25117 -0.05001 0.96612
1661398701.765146017 -3.21442 2.86528 1.00718 -0.03224 -0.25126 -0.05116 0.96603
1661398701.775146008 -3.21253 2.86796 1.00741 -0.03255 -0.25143 -0.05239 0.96591
1661398701.785145998 -3.21067 2.87065 1.00764 -0.03284 -0.25168 -0.05367 0.96576
1661398701.795145988 -3.20885 2.87336 1.00786 -0.03311 -0.25201 -0.05501 0.96559
1661398701.805145979 -3.20706 2.87610 1.00808 -0.03338 -0.25240 -0.05639 0.96540
1661398701.815145969 -3.20531 2.87885 1.00828 -0.03366 -0.25286 -0.05779 0.96519
1661398701.825145960 -3.20359 2.88164 1.00846 -0.03395 -0.25337 -0.05922 0.96496
1661398701.835146189 -3.20189 2.88445 1.00862 -0.03427 -0.25393 -0.06066 0.96471
1661398701.845145941 -3.20023 2.88730 1.00877 -0.03462 -0.25454 -0.06210 0.96445
1661398701.855146170 -3.19859 2.89018 1.00888 -0.03501 -0.25518 -0.06353 0.96417
1661398701.865145922 -3.19697 2.89309 1.00898 -0.03543 -0.25585 -0.06495 0.96388
1661398701.875146151 -3.19536 2.89605 1.00905 -0.03588 -0.25654 -0.06636 0.96359
1661398701.885145903 -3.19376 2.89904 1.00912 -0.03634 -0.25722 -0.06775 0.96329
1661398701.895146132 -3.19216 2.90208 1.00917 -0.03681 -0.25788 -0.06913 0.96300
1661398701.905145884 -3.19057 2.90515 1.00922 -0.03727 -0.25851 -0.07049 0.96271
1661398701.915146112 -3.18896 2.90827 1.00927 -0.03773 -0.25910 -0.07183 0.96244
1661398701.925145864 -3.18734 2.91144 1.00932 -0.03816 -0.25964 -0.07314 0.96218
1661398701.935146093 -3.18570 2.91465 1.00938 -0.03856 -0.26009 -0.07444 0.96194
1661398701.945145845 -3.18404 2.91791 1.00945 -0.03892 -0.26047 -0.07571 0.96172
1661398701.955146074 -3.18234 2.92122 1.00954 -0.03923 -0.26074 -0.07696 0.96154
1661398701.965146065 -3.18062 2.92458 1.00964 -0.03949 -0.26093 -0.07819 0.96138
1661398701.975146055 -3.17888 2.92798 1.00975 -0.03971 -0.26103 -0.07940 0.96124
1661398701.985146046 -3.17712 2.93144 1.00987 -0.03988 -0.26106 -0.08060 0.96112
1661398701.995146036 -3.17534 2.93494 1.01000 -0.04000 -0.26102 -0.08179 0.96103
1661398702.005146027 -3.17356 2.93850 1.01013 -0.04008 -0.26093 -0.08299 0.96095
1661398702.015146017 -3.17176 2.94210 1.01025 -0.04011 -0.26079 -0.08419 0.96088
1661398702.025146008 -3.16997 2.94575 1.01038 -0.04009 -0.26062 -0.08540 0.96082
1661398702.035145998 -3.16818 2.94945 1.01049 -0.04003 -0.26041 -0.08662 0.96077
1661398702.045145988 -3.16639 2.95320 1.01060 -0.03992 -0.26018 -0.08786 0.96072
1661398702.055145979 -3.16462 2.95699 1.01070 -0.03977 -0.25995 -0.08912 0.96068
1661398702.065145969 -3.16285 2.96084 1.01079 -0.03959 -0.25970 -0.09040 0.96063
1661398702.075146198 -3.16111 2.96473 1.01087 -0.03937 -0.25946 -0.09170 0.96058
1661398702.085145950 -3.15938 2.96867 1.01094 -0.03914 -0.25921 -0.09301 0.96053
1661398702.095146179 -3.15767 2.97266 1.01102 -0.03889 -0.25899 -0.09433 0.96048
1661398702.105145931 -3.15599 2.97669 1.01110 -0.03863 -0.25877 -0.09565 0.96041
1661398702.115146160 -3.15434 2.98078 1.01118 -0.03838 -0.25858 -0.09698 0.96034
1661398702.125145912 -3.15271 2.98491 1.01127 -0.03813 -0.25841 -0.09829 0.96026
1661398702.135146141 -3.15112 2.98909 1.01137 -0.03790 -0.25828 -0.09960 0.96017
1661398702.145145893 -3.14956 2.99332 1.01148 -0.03769 -0.25819 -0.10090 0.96007
1661398702.155146122 -3.14804 2.99760 1.01160 -0.03752 -0.25814 -0.10218 0.95996
1661398702.165145874 -3.14656 3.00192 1.01174 -0.03737 -0.25813 -0.10344 0.95983
1661398702.175146103 -3.14511 3.00629 1.01189 -0.03726 -0.25816 -0.10467 0.95969
1661398702.185145855 -3.14369 3.01070 1.01205 -0.03719 -0.25824 -0.10587 0.95954
1661398702.195146084 -3.14229 3.01515 1.01222 -0.03715 -0.25836 -0.10703 0.95938
1661398702.205146074 -3.14093 3.01964 1.01239 -0.03714 -0.25852 -0.10815 0.95921
1661398702.215146065 -3.13958 3.02416 1.01256 -0.03717 -0.25872 -0.10923 0.95904
1661398702.225146055 -3.13825 3.02873 1.01274 -0.03725 -0.25897 -0.11025 0.95885
1661398702.235146046 -3.13694 3.03332 1.01292 -0.03736 -0.25925 -0.11122 0.95866
1661398702.245146036 -3.13565 3.03794 1.01309 -0.03751 -0.25958 -0.11213 0.95846
1661398702.255146027 -3.13436 3.04260 1.01326 -0.03770 -0.25994 -0.11296 0.95825
1661398702.265146017 -3.13309 3.04728 1.01343 -0.03793 -0.26033 -0.11374 0.95805
1661398702.275146008 -3.13182 3.05199 1.01359 -0.03818 -0.26071 -0.11444 0.95785
1661398702.285145998 -3.13056 3.05674 1.01374 -0.03845 -0.26107 -0.11508 0.95766
1661398702.295145988 -3.12930 3.06151 1.01388 -0.03872 -0.26140 -0.11566 0.95749
1661398702.305145979 -3.12804 3.06631 1.01401 -0.03900 -0.26166 -0.11617 0.95735
1661398702.315145969 -3.12679 3.07115 1.01413 -0.03927 -0.26184 -0.11661 0.95723
1661398702.325145960 -3.12553 3.07601 1.01423 -0.03952 -0.26193 -0.11699 0.95715
1661398702.335146189 -3.12426 3.08091 1.01432 -0.03975 -0.26190 -0.11731 0.95711
1661398702.345145941 -3.12299 3.08583 1.01439 -0.03995 -0.26173 -0.11756 0.95712
1661398702.355146170 -3.12171 3.09079 1.01444 -0.04010 -0.26140 -0.11774 0.95718
1661398702.365145922 -3.12042 3.09577 1.01447 -0.04022 -0.26095 -0.11787 0.95729
1661398702.375146151 -3.11913 3.10077 1.01448 -0.04029 -0.26038 -0.11794 0.95743
1661398702.385145903 -3.11782 3.10579 1.01447 -0.04031 -0.25974 -0.11795 0.95760
1661398702.395146132 -3.11651 3.11082 1.01445 -0.04029 -0.25904 -0.11791 0.95780
1661398702.405145884 -3.11519 3.11585 1.01440 -0.04022 -0.25831 -0.11782 0.95801
1661398702.415146112 -3.11386 3.12088 1.01433 -0.04010 -0.25757 -0.11769 0.95823
1661398702.425145864 -3.11253 3.12591 1.01423 -0.03993 -0.25686 -0.11751 0.95845
1661398702.435146093 -3.11119 3.13092 1.01412 -0.03970 -0.25620 -0.11729 0.95866
1661398702.445145845 -3.10984 3.13591 1.01398 -0.03943 -0.25561 -0.11703 0.95886
1661398702.455146074 -3.10849 3.14089 1.01381 -0.03909 -0.25512 -0.11675 0.95904
1661398702.465146065 -3.10713 3.14583 1.01363 -0.03871 -0.25471 -0.11643 0.95920
1661398702.475146055 -3.10578 3.15074 1.01342 -0.03827 -0.25440 -0.11610 0.95934
1661398702.485146046 -3.10442 3.15561 1.01319 -0.03778 -0.25417 -0.11577 0.95946
1661398702.495146036 -3.10307 3.16045 1.01295 -0.03724 -0.25400 -0.11543 0.95957
1661398702.505146027 -3.10174 3.16523 1.01268 -0.03666 -0.25391 -0.11510 0.95965
1661398702.515146017 -3.10041 3.16997 1.01240 -0.03602 -0.25388 -0.11480 0.95972
1661398702.525146008 -3.09909 3.17465 1.01211 -0.03534 -0.25390 -0.11451 0.95978
1661398702.535145998 -3.09780 3.17926 1.01181 -0.03462 -0.25396 -0.11427 0.95982
1661398702.545145988 -3.09652 3.18381 1.01149 -0.03386 -0.25407 -0.11407 0.95984
1661398702.555145979 -3.09527 3.18830 1.01117 -0.03305 -0.25421 -0.11392 0.95985
1661398702.565145969 -3.09404 3.19271 1.01083 -0.03222 -0.25438 -0.11381 0.95984
1661398702.575146198 -3.09282 3.19706 1.01049 -0.03138 -0.25459 -0.11373 0.95983
1661398702.585145950 -3.09162 3.20134 1.01013 -0.03055 -0.25482 -0.11368 0.95980
1661398702.595146179 -3.09042 3.20555 1.00977 -0.02973 -0.25509 -0.11363 0.95976
1661398702.605145931 -3.08923 3.20971 1.00940 -0.02896 -0.25538 -0.11357 0.95971
1661398702.615146160 -3.08805 3.21380 1.00902 -0.02823 -0.25570 -0.11350 0.95965
1661398702.625145912 -3.08685 3.21783 1.00863 -0.02757 -0.25605 -0.11341 0.95959
1661398702.635146141 -3.08565 3.22180 1.00823 -0.02699 -0.25642 -0.11328 0.95952
1661398702.645145893 -3.08445 3.22571 1.00783 -0.02651 -0.25683 -0.11310 0.95945
1661398702.655146122 -3.08322 3.22957 1.00742 -0.02613 -0.25725 -0.11287 0.95938
1661398702.665145874 -3.08198 3.23337 1.00701 -0.02587 -0.25768 -0.11258 0.95930
1661398702.675146103 -3.08073 3.23713 1.00659 -0.02570 -0.25810 -0.11225 0.95923
1661398702.685145855 -3.07945 3.24084 1.00618 -0.02563 -0.25849 -0.11189 0.95917
1661398702.695146084 -3.07815 3.24452 1.00577 -0.02564 -0.25884 -0.11151 0.95912
1661398702.705146074 -3.07682 3.24815 1.00536 -0.02573 -0.25913 -0.11112 0.95908
1661398702.715146065 -3.07547 3.25176 1.00497 -0.02589 -0.25934 -0.11071 0.95907
1661398702.725146055 -3.07409 3.25534 1.00460 -0.02612 -0.25945 -0.11032 0.95908
1661398702.735146046 -3.07268 3.25889 1.00424 -0.02641 -0.25946 -0.10993 0.95911
1661398702.745146036 -3.07124 3.26242 1.00390 -0.02675 -0.25933 -0.10957 0.95918
1661398702.755146027 -3.06976 3.26594 1.00359 -0.02713 -0.25907 -0.10924 0.95928
1661398702.765146017 -3.06825 3.26944 1.00329 -0.02755 -0.25869 -0.10894 0.95940
1661398702.775146008 -3.06670 3.27293 1.00302 -0.02799 -0.25825 -0.10868 0.95954
1661398702.785145998 -3.06513 3.27640 1.00277 -0.02844 -0.25778 -0.10844 0.95968
1661398702.795145988 -3.06352 3.27986 1.00255 -0.02889 -0.25732 -0.10824 0.95981
1661398702.805145979 -3.06188 3.28331 1.00234 -0.02932 -0.25690 -0.10808 0.95993
1661398702.815145969 -3.06022 3.28674 1.00215 -0.02974 -0.25657 -0.10795 0.96002
1661398702.825145960 -3.05853 3.29016 1.00199 -0.03012 -0.25637 -0.10786 0.96007
1661398702.835146189 -3.05682 3.29356 1.00184 -0.03045 -0.25633 -0.10780 0.96008
1661398702.845145941 -3.05509 3.29695 1.00171 -0.03073 -0.25649 -0.10778 0.96003
1661398702.855146170 -3.05333 3.30033 1.00160 -0.03093 -0.25688 -0.10779 0.95992
1661398702.865145922 -3.05154 3.30370 1.00150 -0.03108 -0.25748 -0.10783 0.95975
1661398702.875146151 -3.04973 3.30705 1.00142 -0.03118 -0.25825 -0.10790 0.95953
1661398702.885145903 -3.04789 3.31039 1.00134 -0.03124 -0.25916 -0.10799 0.95927
1661398702.895146132 -3.04601 3.31371 1.00128 -0.03126 -0.26018 -0.10809 0.95898
1661398702.905145884 -3.04409 3.31701 1.00122 -0.03126 -0.26128 -0.10819 0.95867
1661398702.915146112 -3.04214 3.32030 1.00117 -0.03125 -0.26242 -0.10829 0.95835
1661398702.925145864 -3.04013 3.32357 1.00112 -0.03124 -0.26356 -0.10838 0.95803
1661398702.935146093 -3.03808 3.32682 1.00106 -0.03123 -0.26468 -0.10846 0.95771
1661398702.945145845 -3.03598 3.33004 1.00101 -0.03124 -0.26574 -0.10852 0.95741
1661398702.955146074 -3.03383 3.33325 1.00094 -0.03127 -0.26671 -0.10855 0.95713
1661398702.965146065 -3.03162 3.33644 1.00088 -0.03131 -0.26760 -0.10856 0.95688
1661398702.975146055 -3.02935 3.33962 1.00082 -0.03137 -0.26843 -0.10856 0.95665
1661398702.985146046 -3.02702 3.34278 1.00076 -0.03144 -0.26918 -0.10855 0.95643
1661398702.995146036 -3.02462 3.34594 1.00072 -0.03151 -0.26989 -0.10854 0.95623
1661398703.005146027 -3.02216 3.34909 1.00069 -0.03158 -0.27056 -0.10854 0.95604
1661398703.015146017 -3.01962 3.35224 1.00067 -0.03163 -0.27119 -0.10855 0.95586
1661398703.025146008 -3.01702 3.35539 1.00068 -0.03167 -0.27180 -0.10859 0.95568
1661398703.035145998 -3.01433 3.35855 1.00072 -0.03169 -0.27240 -0.10864 0.95551
1661398703.045145988 -3.01157 3.36173 1.00078 -0.03168 -0.27299 -0.10874 0.95533
1661398703.055145979 -3.00873 3.36491 1.00088 -0.03163 -0.27359 -0.10887 0.95514
1661398703.065145969 -3.00581 3.36810 1.00101 -0.03156 -0.27420 -0.10904 0.95495
1661398703.075146198 -3.00283 3.37131 1.00116 -0.03147 -0.27482 -0.10924 0.95475
1661398703.085145950 -2.99977 3.37453 1.00134 -0.03135 -0.27545 -0.10947 0.95455
1661398703.095146179 -2.99666 3.37775 1.00154 -0.03122 -0.27610 -0.10974 0.95433
1661398703.105145931 -2.99350 3.38098 1.00176 -0.03109 -0.27675 -0.11003 0.95411
1661398703.115146160 -2.99028 3.38421 1.00199 -0.03094 -0.27742 -0.11034 0.95389
1661398703.125145912 -2.98703 3.38745 1.00223 -0.03080 -0.27811 -0.11068 0.95365
1661398703.135146141 -2.98373 3.39068 1.00247 -0.03066 -0.27881 -0.11103 0.95341
1661398703.145145893 -2.98040 3.39392 1.00273 -0.03054 -0.27953 -0.11140 0.95316
1661398703.155146122 -2.97705 3.39716 1.00298 -0.03042 -0.28026 -0.11179 0.95291
1661398703.165145874 -2.97367 3.40040 1.00323 -0.03033 -0.28102 -0.11218 0.95264
1661398703.175146103 -2.97027 3.40363 1.00349 -0.03025 -0.28178 -0.11259 0.95237
1661398703.185145855 -2.96685 3.40687 1.00376 -0.03019 -0.28255 -0.11301 0.95209
1661398703.195146084 -2.96341 3.41011 1.00404 -0.03015 -0.28333 -0.11345 0.95181
1661398703.205146074 -2.95995 3.41336 1.00433 -0.03013 -0.28412 -0.11389 0.95152
1661398703.215146065 -2.95648 3.41661 1.00464 -0.03014 -0.28490 -0.11435 0.95124
1661398703.225146055 -2.95299 3.41986 1.00496 -0.03018 -0.28568 -0.11482 0.95094
1661398703.235146046 -2.94950 3.42312 1.00531 -0.03024 -0.28645 -0.11530 0.95065
1661398703.245146036 -2.94599 3.42639 1.00567 -0.03033 -0.28722 -0.11580 0.95036
1661398703.255146027 -2.94248 3.42966 1.00606 -0.03045 -0.28796 -0.11630 0.95006
1661398703.265146017 -2.93897 3.43295 1.00648 -0.03061 -0.28869 -0.11681 0.94978
1661398703.275146008 -2.93545 3.43624 1.00693 -0.03080 -0.28938 -0.11732 0.94950
1661398703.285145998 -2.93193 3.43955 1.00741 -0.03103 -0.29003 -0.11782 0.94923
1661398703.295145988 -2.92842 3.44287 1.00793 -0.03130 -0.29062 -0.11830 0.94898
1661398703.305145979 -2.92491 3.44621 1.00849 -0.03161 -0.29114 -0.11875 0.94876
1661398703.315145969 -2.92141 3.44956 1.00909 -0.03196 -0.29158 -0.11918 0.94855
1661398703.325145960 -2.91792 3.45294 1.00973 -0.03236 -0.29193 -0.11956 0.94838
1661398703.335146189 -2.91443 3.45633 1.01043 -0.03280 -0.29218 -0.11990 0.94825
1661398703.345145941 -2.91097 3.45975 1.01117 -0.03330 -0.29232 -0.12019 0.94815
1661398703.355146170 -2.90752 3.46319 1.01196 -0.03385 -0.29234 -0.12041 0.94810
1661398703.365145922 -2.90409 3.46665 1.01280 -0.03443 -0.29227 -0.12058 0.94808
1661398703.375146151 -2.90069 3.47011 1.01366 -0.03505 -0.29214 -0.12069 0.94808
1661398703.385145903 -2.89734 3.47357 1.01454 -0.03570 -0.29199 -0.12076 0.94809
1661398703.395146132 -2.89403 3.47703 1.01542 -0.03635 -0.29186 -0.12078 0.94811
1661398703.405145884 -2.89078 3.48046 1.01628 -0.03701 -0.29176 -0.12077 0.94811
1661398703.415146112 -2.88758 3.48387 1.01713 -0.03766 -0.29175 -0.12072 0.94810
1661398703.425145864 -2.88446 3.48724 1.01793 -0.03829 -0.29184 -0.12063 0.94806
1661398703.435146093 -2.88142 3.49057 1.01868 -0.03889 -0.29208 -0.12052 0.94797
1661398703.445145845 -2.87846 3.49385 1.01937 -0.03946 -0.29250 -0.12039 0.94784
1661398703.455146074 -2.87560 3.49707 1.01998 -0.03998 -0.29311 -0.12023 0.94765
1661398703.465146065 -2.87281 3.50023 1.02052 -0.04046 -0.29381 -0.12006 0.94743
1661398703.475146055 -2.87008 3.50336 1.02098 -0.04092 -0.29447 -0.11988 0.94723
1661398703.485146046 -2.86741 3.50645 1.02137 -0.04134 -0.29498 -0.11969 0.94708
1661398703.495146036 -2.86476 3.50951 1.02169 -0.04176 -0.29521 -0.11948 0.94701
1661398703.505146027 -2.86214 3.51256 1.02193 -0.04216 -0.29507 -0.11927 0.94706
1661398703.515146017 -2.85953 3.51558 1.02211 -0.04257 -0.29460 -0.11905 0.94722
1661398703.525146008 -2.85695 3.51857 1.02224 -0.04298 -0.29387 -0.11883 0.94746
1661398703.535145998 -2.85438 3.52154 1.02231 -0.04340 -0.29294 -0.11862 0.94775
1661398703.545145988 -2.85183 3.52447 1.02235 -0.04384 -0.29188 -0.11841 0.94808
1661398703.555145979 -2.84931 3.52737 1.02236 -0.04430 -0.29075 -0.11820 0.94843
1661398703.565145969 -2.84680 3.53023 1.02234 -0.04477 -0.28959 -0.11802 0.94879
1661398703.575146198 -2.84432 3.53306 1.02229 -0.04526 -0.28842 -0.11784 0.94915
1661398703.585145950 -2.84188 3.53587 1.02222 -0.04576 -0.28726 -0.11769 0.94949
1661398703.595146179 -2.83946 3.53865 1.02212 -0.04627 -0.28614 -0.11755 0.94982
1661398703.605145931 -2.83708 3.54142 1.02199 -0.04678 -0.28508 -0.11744 0.95013
1661398703.615146160 -2.83473 3.54417 1.02184 -0.04729 -0.28411 -0.11735 0.95041
1661398703.625145912 -2.83243 3.54691 1.02167 -0.04779 -0.28325 -0.11729 0.95064
1661398703.635146141 -2.83017 3.54964 1.02147 -0.04829 -0.28253 -0.11727 0.95084
1661398703.645145893 -2.82796 3.55237 1.02125 -0.04877 -0.28197 -0.11727 0.95098
1661398703.655146122 -2.82579 3.55510 1.02102 -0.04923 -0.28159 -0.11731 0.95106
1661398703.665145874 -2.82368 3.55783 1.02076 -0.04968 -0.28137 -0.11738 0.95110
1661398703.675146103 -2.82160 3.56058 1.02049 -0.05012 -0.28128 -0.11748 0.95109
1661398703.685145855 -2.81957 3.56333 1.02019 -0.05055 -0.28130 -0.11759 0.95105
1661398703.695146084 -2.81759 3.56610 1.01988 -0.05097 -0.28140 -0.11772 0.95098
1661398703.705146074 -2.81563 3.56888 1.01955 -0.05138 -0.28155 -0.11786 0.95089
1661398703.715146065 -2.81372 3.57168 1.01920 -0.05179 -0.28173 -0.11801 0.95080
1661398703.725146055 -2.81184 3.57451 1.01883 -0.05219 -0.28192 -0.11815 0.95070
1661398703.735146046 -2.80999 3.57737 1.01845 -0.05260 -0.28208 -0.11829 0.95062
1661398703.745146036 -2.80817 3.58025 1.01805 -0.05300 -0.28219 -0.11842 0.95055
1661398703.755146027 -2.80637 3.58317 1.01764 -0.05341 -0.28223 -0.11853 0.95050
1661398703.765146017 -2.80460 3.58613 1.01721 -0.05382 -0.28220 -0.11863 0.95047
1661398703.775146008 -2.80285 3.58912 1.01677 -0.05424 -0.28211 -0.11872 0.95046
1661398703.785145998 -2.80112 3.59215 1.01633 -0.05465 -0.28197 -0.11881 0.95047
1661398703.795145988 -2.79940 3.59522 1.01588 -0.05507 -0.28178 -0.11890 0.95049
1661398703.805145979 -2.79769 3.59833 1.01542 -0.05550 -0.28156 -0.11900 0.95052
1661398703.815145969 -2.79600 3.60149 1.01497 -0.05592 -0.28132 -0.11911 0.95055
1661398703.825145960 -2.79430 3.60469 1.01452 -0.05634 -0.28105 -0.11924 0.95059
1661398703.835146189 -2.79261 3.60793 1.01408 -0.05677 -0.28078 -0.11938 0.95063
1661398703.845145941 -2.79092 3.61123 1.01364 -0.05720 -0.28050 -0.11955 0.95066
1661398703.855146170 -2.78923 3.61457 1.01322 -0.05762 -0.28023 -0.11975 0.95069
1661398703.865145922 -2.78753 3.61797 1.01280 -0.05805 -0.27996 -0.11998 0.95071
1661398703.875146151 -2.78583 3.62143 1.01239 -0.05847 -0.27969 -0.12022 0.95074
1661398703.885145903 -2.78413 3.62494 1.01199 -0.05887 -0.27942 -0.12049 0.95076
1661398703.895146132 -2.78242 3.62850 1.01158 -0.05927 -0.27915 -0.12076 0.95078
1661398703.905145884 -2.78071 3.63214 1.01117 -0.05965 -0.27886 -0.12105 0.95080
1661398703.915146112 -2.77899 3.63583 1.01076 -0.06001 -0.27856 -0.12133 0.95083
1661398703.925145864 -2.77727 3.63959 1.01034 -0.06035 -0.27824 -0.12162 0.95087
1661398703.935146093 -2.77554 3.64342 1.00991 -0.06066 -0.27790 -0.12191 0.95091
1661398703.945145845 -2.77381 3.64733 1.00946 -0.06094 -0.27754 -0.12219 0.95096
1661398703.955146074 -2.77208 3.65130 1.00900 -0.06119 -0.27715 -0.12245 0.95102
1661398703.965146065 -2.77034 3.65535 1.00852 -0.06140 -0.27674 -0.12270 0.95110
1661398703.975146055 -2.76861 3.65947 1.00803 -0.06158 -0.27629 -0.12294 0.95119
1661398703.985146046 -2.76688 3.66366 1.00753 -0.06171 -0.27582 -0.12316 0.95129
1661398703.995146036 -2.76516 3.66793 1.00703 -0.06180 -0.27532 -0.12336 0.95140
1661398704.005146027 -2.76345 3.67226 1.00652 -0.06183 -0.27478 -0.12354 0.95153
1661398704.015146017 -2.76175 3.67666 1.00602 -0.06182 -0.27422 -0.12370 0.95167
1661398704.025146008 -2.76007 3.68114 1.00551 -0.06174 -0.27362 -0.12384 0.95183
1661398704.035145998 -2.75841 3.68567 1.00502 -0.06161 -0.27300 -0.12395 0.95200
1661398704.045145988 -2.75677 3.69028 1.00453 -0.06142 -0.27234 -0.12404 0.95219
1661398704.055145979 -2.75515 3.69495 1.00405 -0.06116 -0.27164 -0.12411 0.95240
1661398704.065145969 -2.75356 3.69969 1.00359 -0.06083 -0.27094 -0.12414 0.95262
1661398704.075146198 -2.75199 3.70448 1.00315 -0.06045 -0.27023 -0.12415 0.95284
1661398704.085145950 -2.75044 3.70934 1.00274 -0.06002 -0.26955 -0.12412 0.95307
1661398704.095146179 -2.74890 3.71424 1.00237 -0.05953 -0.26890 -0.12407 0.95329
1661398704.105145931 -2.74738 3.71920 1.00204 -0.05900 -0.26832 -0.12398 0.95350
1661398704.115146160 -2.74588 3.72421 1.00176 -0.05843 -0.26781 -0.12385 0.95369
1661398704.125145912 -2.74438 3.72926 1.00153 -0.05782 -0.26739 -0.12369 0.95387
1661398704.135146141 -2.74290 3.73435 1.00137 -0.05717 -0.26709 -0.12349 0.95402
1661398704.145145893 -2.74142 3.73948 1.00128 -0.05650 -0.26691 -0.12325 0.95414
1661398704.155146122 -2.73995 3.74464 1.00125 -0.05580 -0.26688 -0.12297 0.95422
1661398704.165145874 -2.73848 3.74984 1.00130 -0.05507 -0.26698 -0.12267 0.95427
1661398704.175146103 -2.73702 3.75507 1.00139 -0.05432 -0.26720 -0.12234 0.95430
1661398704.185145855 -2.73556 3.76034 1.00154 -0.05356 -0.26750 -0.12201 0.95430
1661398704.195146084 -2.73412 3.76563 1.00173 -0.05277 -0.26788 -0.12169 0.95428
1661398704.205146074 -2.73267 3.77095 1.00195 -0.05197 -0.26832 -0.12138 0.95424
1661398704.215146065 -2.73124 3.77629 1.00219 -0.05115 -0.26879 -0.12109 0.95419
1661398704.225146055 -2.72980 3.78166 1.00244 -0.05032 -0.26928 -0.12085 0.95412
1661398704.235146046 -2.72838 3.78705 1.00270 -0.04947 -0.26977 -0.12065 0.95405
1661398704.245146036 -2.72696 3.79247 1.00296 -0.04862 -0.27024 -0.12051 0.95398
1661398704.255146027 -2.72555 3.79790 1.00320 -0.04776 -0.27068 -0.12044 0.95391
1661398704.265146017 -2.72414 3.80335 1.00343 -0.04690 -0.27107 -0.12043 0.95384
1661398704.275146008 -2.72274 3.80881 1.00364 -0.04604 -0.27141 -0.12045 0.95379
1661398704.285145998 -2.72134 3.81428 1.00384 -0.04520 -0.27170 -0.12048 0.95374
1661398704.295145988 -2.71994 3.81977 1.00401 -0.04436 -0.27192 -0.12052 0.95371
1661398704.305145979 -2.71855 3.82525 1.00417 -0.04355 -0.27206 -0.12054 0.95371
1661398704.315145969 -2.71716 3.83074 1.00429 -0.04276 -0.27213 -0.12053 0.95372
1661398704.325145960 -2.71576 3.83622 1.00439 -0.04201 -0.27211 -0.12046 0.95377
1661398704.335146189 -2.71436 3.84170 1.00446 -0.04129 -0.27200 -0.12032 0.95385
1661398704.345145941 -2.71297 3.84717 1.00450 -0.04062 -0.27180 -0.12009 0.95397
1661398704.355146170 -2.71156 3.85263 1.00451 -0.04000 -0.27148 -0.11976 0.95412
1661398704.365145922 -2.71016 3.85808 1.00449 -0.03942 -0.27108 -0.11935 0.95432
1661398704.375146151 -2.70875 3.86351 1.00445 -0.03887 -0.27058 -0.11887 0.95454
1661398704.385145903 -2.70733 3.86893 1.00438 -0.03837 -0.27001 -0.11835 0.95478
1661398704.395146132 -2.70590 3.87433 1.00430 -0.03788 -0.26938 -0.11781 0.95505
1661398704.405145884 -2.70447 3.87971 1.00420 -0.03743 -0.26869 -0.11728 0.95533
1661398704.415146112 -2.70302 3.88506 1.00409 -0.03699 -0.26795 -0.11678 0.95561
1661398704.425145864 -2.70156 3.89040 1.00397 -0.03656 -0.26718 -0.11632 0.95590
1661398704.435146093 -2.70010 3.89570 1.00386 -0.03614 -0.26639 -0.11593 0.95619
1661398704.445145845 -2.69861 3.90099 1.00374 -0.03572 -0.26558 -0.11563 0.95646
1661398704.455146074 -2.69712 3.90624 1.00363 -0.03530 -0.26477 -0.11544 0.95673
1661398704.465146065 -2.69561 3.91146 1.00352 -0.03487 -0.26397 -0.11534 0.95698
1661398704.475146055 -2.69410 3.91665 1.00341 -0.03443 -0.26320 -0.11532 0.95721
1661398704.485146046 -2.69258 3.92180 1.00331 -0.03398 -0.26247 -0.11535 0.95742
1661398704.495146036 -2.69107 3.92691 1.00321 -0.03352 -0.26182 -0.11541 0.95761
1661398704.505146027 -2.68956 3.93198 1.00310 -0.03304 -0.26124 -0.11547 0.95777
1661398704.515146017 -2.68805 3.93701 1.00300 -0.03253 -0.26076 -0.11553 0.95791
1661398704.525146008 -2.68656 3.94199 1.00289 -0.03201 -0.26039 -0.11556 0.95803
1661398704.535145998 -2.68509 3.94692 1.00277 -0.03145 -0.26016 -0.11553 0.95811
1661398704.545145988 -2.68363 3.95180 1.00265 -0.03087 -0.26007 -0.11543 0.95817
1661398704.555145979 -2.68220 3.95663 1.00253 -0.03026 -0.26014 -0.11524 0.95819
1661398704.565145969 -2.68078 3.96141 1.00240 -0.02963 -0.26033 -0.11497 0.95819
1661398704.575146198 -2.67936 3.96612 1.00226 -0.02903 -0.26060 -0.11465 0.95818
1661398704.585145950 -2.67792 3.97079 1.00213 -0.02845 -0.26092 -0.11427 0.95815
1661398704.595146179 -2.67647 3.97539 1.00200 -0.02794 -0.26122 -0.11388 0.95813
1661398704.605145931 -2.67498 3.97994 1.00187 -0.02751 -0.26148 -0.11347 0.95812
1661398704.615146160 -2.67345 3.98442 1.00175 -0.02718 -0.26166 -0.11306 0.95813
1661398704.625145912 -2.67186 3.98885 1.00164 -0.02698 -0.26170 -0.11268 0.95817
1661398704.635146141 -2.67020 3.99321 1.00155 -0.02694 -0.26157 -0.11234 0.95825
1661398704.645145893 -2.66846 3.99752 1.00147 -0.02707 -0.26122 -0.11205 0.95837
1661398704.655146122 -2.66663 4.00175 1.00140 -0.02738 -0.26064 -0.11183 0.95855
1661398704.665145874 -2.66472 4.00594 1.00135 -0.02786 -0.25984 -0.11168 0.95877
1661398704.675146103 -2.66273 4.01006 1.00131 -0.02847 -0.25890 -0.11160 0.95901
1661398704.685145855 -2.66069 4.01414 1.00128 -0.02917 -0.25784 -0.11157 0.95928
1661398704.695146084 -2.65858 4.01817 1.00125 -0.02993 -0.25673 -0.11159 0.95955
1661398704.705146074 -2.65643 4.02217 1.00123 -0.03071 -0.25562 -0.11167 0.95981
1661398704.715146065 -2.65424 4.02613 1.00121 -0.03149 -0.25456 -0.11179 0.96006
1661398704.725146055 -2.65202 4.03006 1.00118 -0.03222 -0.25360 -0.11195 0.96027
1661398704.735146046 -2.64978 4.03397 1.00115 -0.03288 -0.25278 -0.11214 0.96044
1661398704.745146036 -2.64752 4.03786 1.00111 -0.03342 -0.25217 -0.11237 0.96055
1661398704.755146027 -2.64526 4.04173 1.00106 -0.03383 -0.25180 -0.11262 0.96061
1661398704.765146017 -2.64300 4.04559 1.00099 -0.03412 -0.25165 -0.11289 0.96061
1661398704.775146008 -2.64072 4.04943 1.00090 -0.03431 -0.25168 -0.11317 0.96056
1661398704.785145998 -2.63842 4.05325 1.00079 -0.03442 -0.25186 -0.11346 0.96047
1661398704.795145988 -2.63610 4.05706 1.00066 -0.03449 -0.25215 -0.11374 0.96036
1661398704.805145979 -2.63376 4.06086 1.00050 -0.03454 -0.25253 -0.11401 0.96023
1661398704.815145969 -2.63138 4.06463 1.00030 -0.03459 -0.25295 -0.11426 0.96008
1661398704.825145960 -2.62897 4.06839 1.00007 -0.03466 -0.25339 -0.11449 0.95994
1661398704.835146189 -2.62652 4.07213 0.99980 -0.03479 -0.25381 -0.11468 0.95980
1661398704.845145941 -2.62402 4.07585 0.99949 -0.03499 -0.25417 -0.11484 0.95968
1661398704.855146170 -2.62147 4.07956 0.99913 -0.03529 -0.25444 -0.11494 0.95958
1661398704.865145922 -2.61887 4.08324 0.99873 -0.03567 -0.25464 -0.11501 0.95951
1661398704.875146151 -2.61621 4.08691 0.99829 -0.03612 -0.25475 -0.11505 0.95946
1661398704.885145903 -2.61350 4.09056 0.99782 -0.03661 -0.25479 -0.11508 0.95943
1661398704.895146132 -2.61072 4.09420 0.99732 -0.03714 -0.25477 -0.11511 0.95941
1661398704.905145884 -2.60788 4.09782 0.99680 -0.03769 -0.25468 -0.11515 0.95941
1661398704.915146112 -2.60497 4.10143 0.99625 -0.03824 -0.25454 -0.11520 0.95941
1661398704.925145864 -2.60198 4.10503 0.99569 -0.03877 -0.25435 -0.11529 0.95943
1661398704.935146093 -2.59893 4.10861 0.99512 -0.03927 -0.25412 -0.11542 0.95946
1661398704.945145845 -2.59579 4.11219 0.99454 -0.03971 -0.25386 -0.11560 0.95949
1661398704.955146074 -2.59258 4.11575 0.99396 -0.04010 -0.25356 -0.11585 0.95952
1661398704.965146065 -2.58929 4.11931 0.99338 -0.04041 -0.25324 -0.11615 0.95955
1661398704.975146055 -2.58594 4.12285 0.99280 -0.04065 -0.25291 -0.11652 0.95959
1661398704.985146046 -2.58252 4.12640 0.99223 -0.04082 -0.25257 -0.11693 0.95962
1661398704.995146036 -2.57906 4.12994 0.99166 -0.04091 -0.25222 -0.11739 0.95965
1661398705.005146027 -2.57554 4.13347 0.99111 -0.04092 -0.25189 -0.11790 0.95968
1661398705.015146017 -2.57199 4.13701 0.99057 -0.04085 -0.25157 -0.11844 0.95970
1661398705.025146008 -2.56841 4.14054 0.99004 -0.04069 -0.25128 -0.11901 0.95971
1661398705.035145998 -2.56480 4.14408 0.98954 -0.04045 -0.25102 -0.11961 0.95971
1661398705.045145988 -2.56117 4.14761 0.98905 -0.04012 -0.25079 -0.12023 0.95971
1661398705.055145979 -2.55752 4.15116 0.98859 -0.03970 -0.25061 -0.12088 0.95969
1661398705.065145969 -2.55387 4.15470 0.98816 -0.03919 -0.25048 -0.12154 0.95966
1661398705.075146198 -2.55021 4.15825 0.98776 -0.03860 -0.25041 -0.12221 0.95962
1661398705.085145950 -2.54654 4.16179 0.98739 -0.03794 -0.25038 -0.12291 0.95956
1661398705.095146179 -2.54286 4.16534 0.98706 -0.03721 -0.25041 -0.12362 0.95949
1661398705.105145931 -2.53917 4.16888 0.98676 -0.03642 -0.25050 -0.12435 0.95941
1661398705.115146160 -2.53548 4.17243 0.98650 -0.03557 -0.25065 -0.12510 0.95930
1661398705.125145912 -2.53178 4.17597 0.98629 -0.03467 -0.25086 -0.12586 0.95918
1661398705.135146141 -2.52807 4.17950 0.98613 -0.03372 -0.25113 -0.12664 0.95904
1661398705.145145893 -2.52437 4.18303 0.98601 -0.03273 -0.25147 -0.12744 0.95888
1661398705.155146122 -2.52066 4.18655 0.98595 -0.03172 -0.25188 -0.12825 0.95870
1661398705.165145874 -2.51695 4.19006 0.98593 -0.03068 -0.25233 -0.12907 0.95851
1661398705.175146103 -2.51326 4.19357 0.98597 -0.02965 -0.25279 -0.12988 0.95831
1661398705.185145855 -2.50958 4.19707 0.98606 -0.02865 -0.25323 -0.13068 0.95811
1661398705.195146084 -2.50593 4.20056 0.98620 -0.02768 -0.25363 -0.13146 0.95793
1661398705.205146074 -2.50231 4.20405 0.98639 -0.02677 -0.25396 -0.13220 0.95776
1661398705.215146065 -2.49874 4.20753 0.98663 -0.02594 -0.25419 -0.13290 0.95763
1661398705.225146055 -2.49521 4.21100 0.98691 -0.02521 -0.25429 -0.13355 0.95753
1661398705.235146046 -2.49174 4.21447 0.98725 -0.02459 -0.25423 -0.13413 0.95748
1661398705.245146036 -2.48832 4.21793 0.98764 -0.02410 -0.25400 -0.13464 0.95748
1661398705.255146027 -2.48498 4.22139 0.98807 -0.02376 -0.25356 -0.13507 0.95755
1661398705.265146017 -2.48170 4.22484 0.98855 -0.02356 -0.25297 -0.13543 0.95766
1661398705.275146008 -2.47848 4.22830 0.98906 -0.02347 -0.25230 -0.13572 0.95780
1661398705.285145998 -2.47532 4.23178 0.98961 -0.02348 -0.25160 -0.13596 0.95795
1661398705.295145988 -2.47221 4.23526 0.99019 -0.02358 -0.25093 -0.13614 0.95809
1661398705.305145979 -2.46915 4.23878 0.99079 -0.02374 -0.25035 -0.13629 0.95822
1661398705.315145969 -2.46613 4.24231 0.99141 -0.02395 -0.24994 -0.13641 0.95831
1661398705.325145960 -2.46315 4.24588 0.99204 -0.02419 -0.24974 -0.13650 0.95834
1661398705.335146189 -2.46021 4.24949 0.99268 -0.02445 -0.24982 -0.13658 0.95830
1661398705.345145941 -2.45729 4.25315 0.99333 -0.02470 -0.25024 -0.13665 0.95817
1661398705.355146170 -2.45441 4.25685 0.99398 -0.02494 -0.25104 -0.13673 0.95795
1661398705.365145922 -2.45154 4.26058 0.99462 -0.02517 -0.25215 -0.13680 0.95764
1661398705.375146151 -2.44870 4.26435 0.99524 -0.02542 -0.25346 -0.13687 0.95728
1661398705.385145903 -2.44588 4.26812 0.99585 -0.02569 -0.25488 -0.13693 0.95688
1661398705.395146132 -2.44308 4.27189 0.99644 -0.02601 -0.25632 -0.13697 0.95648
1661398705.405145884 -2.44030 4.27565 0.99699 -0.02639 -0.25768 -0.13701 0.95610
1661398705.415146112 -2.43753 4.27938 0.99750 -0.02685 -0.25886 -0.13702 0.95577
1661398705.425145864 -2.43477 4.28308 0.99798 -0.02741 -0.25976 -0.13701 0.95551
1661398705.435146093 -2.43202 4.28672 0.99840 -0.02808 -0.26029 -0.13697 0.95535
1661398705.445145845 -2.42928 4.29030 0.99877 -0.02888 -0.26035 -0.13691 0.95532
1661398705.455146074 -2.42655 4.29381 0.99908 -0.02981 -0.25989 -0.13681 0.95543
1661398705.465146065 -2.42382 4.29728 0.99933 -0.03086 -0.25904 -0.13668 0.95565
1661398705.475146055 -2.42111 4.30074 0.99954 -0.03198 -0.25797 -0.13650 0.95593
1661398705.485146046 -2.41840 4.30424 0.99970 -0.03315 -0.25686 -0.13628 0.95622
1661398705.495146036 -2.41571 4.30781 0.99982 -0.03433 -0.25589 -0.13601 0.95648
1661398705.505146027 -2.41303 4.31148 0.99991 -0.03549 -0.25518 -0.13569 0.95667
1661398705.515146017 -2.41039 4.31521 0.99997 -0.03661 -0.25473 -0.13533 0.95680
1661398705.525146008 -2.40782 4.31897 1.00000 -0.03768 -0.25448 -0.13497 0.95687
1661398705.535145998 -2.40535 4.32272 0.99999 -0.03871 -0.25438 -0.13460 0.95691
1661398705.545145988 -2.40300 4.32641 0.99995 -0.03966 -0.25436 -0.13427 0.95692
1661398705.555145979 -2.40079 4.33002 0.99988 -0.04054 -0.25440 -0.13398 0.95691
1661398705.565145969 -2.39870 4.33356 0.99976 -0.04133 -0.25448 -0.13373 0.95689
1661398705.575146198 -2.39669 4.33706 0.99960 -0.04202 -0.25461 -0.13354 0.95686
1661398705.585145950 -2.39474 4.34056 0.99939 -0.04261 -0.25479 -0.13341 0.95680
1661398705.595146179 -2.39281 4.34407 0.99912 -0.04308 -0.25503 -0.13333 0.95673
1661398705.605145931 -2.39087 4.34764 0.99880 -0.04344 -0.25532 -0.13331 0.95664
1661398705.615146160 -2.38892 4.35124 0.99842 -0.04370 -0.25561 -0.13335 0.95654
1661398705.625145912 -2.38697 4.35489 0.99799 -0.04389 -0.25587 -0.13342 0.95645
1661398705.635146141 -2.38502 4.35857 0.99753 -0.04406 -0.25605 -0.13353 0.95638
1661398705.645145893 -2.38307 4.36229 0.99704 -0.04422 -0.25609 -0.13365 0.95635
1661398705.655146122 -2.38113 4.36602 0.99653 -0.04440 -0.25596 -0.13380 0.95635
1661398705.665145874 -2.37921 4.36979 0.99599 -0.04461 -0.25567 -0.13395 0.95640
1661398705.675146103 -2.37729 4.37359 0.99545 -0.04485 -0.25525 -0.13412 0.95648
1661398705.685145855 -2.37538 4.37742 0.99489 -0.04511 -0.25473 -0.13431 0.95658
1661398705.695146084 -2.37348 4.38128 0.99432 -0.04538 -0.25412 -0.13450 0.95670
1661398705.705146074 -2.37160 4.38519 0.99376 -0.04568 -0.25346 -0.13472 0.95683
1661398705.715146065 -2.36972 4.38914 0.99319 -0.04599 -0.25276 -0.13494 0.95697
1661398705.725146055 -2.36786 4.39314 0.99263 -0.04632 -0.25206 -0.13519 0.95710
1661398705.735146046 -2.36601 4.39719 0.99208 -0.04666 -0.25138 -0.13545 0.95723
1661398705.745146036 -2.36417 4.40129 0.99154 -0.04700 -0.25074 -0.13572 0.95734
1661398705.755146027 -2.36235 4.40545 0.99102 -0.04736 -0.25016 -0.13601 0.95743
1661398705.765146017 -2.36054 4.40966 0.99052 -0.04772 -0.24965 -0.13633 0.95750
1661398705.775146008 -2.35873 4.41394 0.99003 -0.04808 -0.24920 -0.13666 0.95755
1661398705.785145998 -2.35694 4.41827 0.98955 -0.04842 -0.24880 -0.13703 0.95759
1661398705.795145988 -2.35516 4.42267 0.98910 -0.04876 -0.24846 -0.13742 0.95760
1661398705.805145979 -2.35339 4.42714 0.98865 -0.04907 -0.24816 -0.13785 0.95760
1661398705.815145969 -2.35162 4.43168 0.98822 -0.04936 -0.24790 -0.13832 0.95759
1661398705.825145960 -2.34986 4.43628 0.98780 -0.04962 -0.24767 -0.13884 0.95756
1661398705.835146189 -2.34811 4.44096 0.98740 -0.04985 -0.24747 -0.13939 0.95752
1661398705.845145941 -2.34636 4.44571 0.98700 -0.05003 -0.24731 -0.14000 0.95746
1661398705.855146170 -2.34462 4.45054 0.98661 -0.05017 -0.24716 -0.14066 0.95740
1661398705.865145922 -2.34289 4.45544 0.98624 -0.05026 -0.24702 -0.14136 0.95732
1661398705.875146151 -2.34117 4.46041 0.98588 -0.05032 -0.24689 -0.14211 0.95725
1661398705.885145903 -2.33947 4.46545 0.98553 -0.05034 -0.24675 -0.14288 0.95716
1661398705.895146132 -2.33779 4.47056 0.98520 -0.05033 -0.24661 -0.14369 0.95708
1661398705.905145884 -2.33614 4.47572 0.98489 -0.05030 -0.24644 -0.14452 0.95700
1661398705.915146112 -2.33451 4.48095 0.98460 -0.05024 -0.24624 -0.14536 0.95693
1661398705.925145864 -2.33292 4.48623 0.98432 -0.05017 -0.24600 -0.14621 0.95687
1661398705.935146093 -2.33137 4.49157 0.98406 -0.05008 -0.24571 -0.14706 0.95681
1661398705.945145845 -2.32986 4.49695 0.98383 -0.04999 -0.24537 -0.14791 0.95677
1661398705.955146074 -2.32839 4.50239 0.98362 -0.04988 -0.24497 -0.14875 0.95675
1661398705.965146065 -2.32697 4.50787 0.98343 -0.04977 -0.24453 -0.14957 0.95674
1661398705.975146055 -2.32560 4.51341 0.98326 -0.04964 -0.24406 -0.15037 0.95674
1661398705.985146046 -2.32428 4.51899 0.98309 -0.04949 -0.24361 -0.15114 0.95675
1661398705.995146036 -2.32300 4.52462 0.98293 -0.04931 -0.24317 -0.15187 0.95675
1661398706.005146027 -2.32178 4.53031 0.98278 -0.04911 -0.24279 -0.15256 0.95675
1661398706.015146017 -2.32061 4.53604 0.98263 -0.04886 -0.24248 -0.15321 0.95674
1661398706.025146008 -2.31948 4.54183 0.98247 -0.04858 -0.24226 -0.15379 0.95671
1661398706.035145998 -2.31841 4.54768 0.98230 -0.04825 -0.24215 -0.15432 0.95667
1661398706.045145988 -2.31739 4.55358 0.98212 -0.04787 -0.24219 -0.15477 0.95661
1661398706.055145979 -2.31642 4.55953 0.98192 -0.04744 -0.24237 -0.15515 0.95652
1661398706.065145969 -2.31550 4.56554 0.98172 -0.04696 -0.24269 -0.15546 0.95641
1661398706.075146198 -2.31460 4.57159 0.98151 -0.04644 -0.24311 -0.15571 0.95629
1661398706.085145950 -2.31373 4.57770 0.98131 -0.04591 -0.24360 -0.15588 0.95617
1661398706.095146179 -2.31288 4.58386 0.98112 -0.04536 -0.24413 -0.15600 0.95604
1661398706.105145931 -2.31203 4.59006 0.98094 -0.04481 -0.24467 -0.15606 0.95592
1661398706.115146160 -2.31118 4.59631 0.98080 -0.04428 -0.24519 -0.15606 0.95581
1661398706.125145912 -2.31031 4.60261 0.98069 -0.04376 -0.24566 -0.15600 0.95572
1661398706.135146141 -2.30941 4.60895 0.98061 -0.04328 -0.24606 -0.15590 0.95566
1661398706.145145893 -2.30849 4.61532 0.98059 -0.04284 -0.24635 -0.15576 0.95563
1661398706.155146122 -2.30752 4.62174 0.98062 -0.04245 -0.24650 -0.15556 0.95563
1661398706.165145874 -2.30651 4.62818 0.98070 -0.04210 -0.24653 -0.15533 0.95568
1661398706.175146103 -2.30548 4.63464 0.98082 -0.04179 -0.24643 -0.15504 0.95577
1661398706.185145855 -2.30442 4.64111 0.98098 -0.04150 -0.24622 -0.15471 0.95589
1661398706.195146084 -2.30334 4.64756 0.98118 -0.04122 -0.24590 -0.15432 0.95604
1661398706.205146074 -2.30226 4.65400 0.98140 -0.04094 -0.24549 -0.15388 0.95623
1661398706.215146065 -2.30117 4.66040 0.98165 -0.04065 -0.24498 -0.15338 0.95645
1661398706.225146055 -2.30009 4.66676 0.98192 -0.04034 -0.24439 -0.15283 0.95671
1661398706.235146046 -2.29901 4.67307 0.98221 -0.03999 -0.24373 -0.15221 0.95699
1661398706.245146036 -2.29795 4.67931 0.98250 -0.03961 -0.24299 -0.15152 0.95730
1661398706.255146027 -2.29692 4.68548 0.98280 -0.03917 -0.24222 -0.15078 0.95763
1661398706.265146017 -2.29591 4.69159 0.98308 -0.03869 -0.24146 -0.14998 0.95797
1661398706.275146008 -2.29493 4.69766 0.98336 -0.03821 -0.24083 -0.14916 0.95828
1661398706.285145998 -2.29399 4.70371 0.98360 -0.03773 -0.24039 -0.14833 0.95853
1661398706.295145988 -2.29309 4.70976 0.98380 -0.03728 -0.24025 -0.14751 0.95871
1661398706.305145979 -2.29222 4.71583 0.98395 -0.03688 -0.24045 -0.14672 0.95880
1661398706.315145969 -2.29138 4.72190 0.98406 -0.03653 -0.24095 -0.14593 0.95881
1661398706.325145960 -2.29054 4.72795 0.98411 -0.03623 -0.24166 -0.14511 0.95876
1661398706.335146189 -2.28968 4.73398 0.98410 -0.03599 -0.24252 -0.14425 0.95869
1661398706.345145941 -2.28878 4.73996 0.98404 -0.03581 -0.24344 -0.14330 0.95860
1661398706.355146170 -2.28783 4.74588 0.98393 -0.03570 -0.24434 -0.14227 0.95853
1661398706.365145922 -2.28682 4.75174 0.98376 -0.03565 -0.24520 -0.14114 0.95848
1661398706.375146151 -2.28575 4.75752 0.98355 -0.03568 -0.24599 -0.13995 0.95845
1661398706.385145903 -2.28461 4.76323 0.98330 -0.03579 -0.24667 -0.13871 0.95845
1661398706.395146132 -2.28341 4.76886 0.98302 -0.03598 -0.24722 -0.13743 0.95849
1661398706.405145884 -2.28214 4.77441 0.98271 -0.03628 -0.24762 -0.13613 0.95856
1661398706.415146112 -2.28080 4.77988 0.98237 -0.03668 -0.24783 -0.13484 0.95867
1661398706.425145864 -2.27939 4.78527 0.98203 -0.03718 -0.24783 -0.13356 0.95883
1661398706.435146093 -2.27790 4.79056 0.98167 -0.03781 -0.24760 -0.13232 0.95904
1661398706.445145845 -2.27634 4.79576 0.98131 -0.03856 -0.24709 -0.13114 0.95930
1661398706.455146074 -2.27471 4.80086 0.98096 -0.03944 -0.24631 -0.13002 0.95962
1661398706.465146065 -2.27301 4.80588 0.98060 -0.04043 -0.24529 -0.12898 0.95998
1661398706.475146055 -2.27124 4.81081 0.98025 -0.04150 -0.24408 -0.12801 0.96037
1661398706.485146046 -2.26942 4.81566 0.97989 -0.04264 -0.24275 -0.12712 0.96078
1661398706.495146036 -2.26755 4.82044 0.97953 -0.04382 -0.24134 -0.12632 0.96119
1661398706.505146027 -2.26564 4.82516 0.97916 -0.04501 -0.23991 -0.12560 0.96158
1661398706.515146017 -2.26369 4.82982 0.97879 -0.04620 -0.23852 -0.12497 0.96195
1661398706.525146008 -2.26172 4.83443 0.97840 -0.04736 -0.23722 -0.12443 0.96229
1661398706.535145998 -2.25972 4.83900 0.97801 -0.04847 -0.23607 -0.12398 0.96257
1661398706.545145988 -2.25771 4.84352 0.97761 -0.04951 -0.23512 -0.12363 0.96280
1661398706.555145979 -2.25570 4.84801 0.97719 -0.05046 -0.23442 -0.12338 0.96295
1661398706.565145969 -2.25367 4.85248 0.97677 -0.05133 -0.23395 -0.12322 0.96304
1661398706.575146198 -2.25163 4.85692 0.97633 -0.05211 -0.23370 -0.12314 0.96307
1661398706.585145950 -2.24957 4.86133 0.97589 -0.05283 -0.23362 -0.12312 0.96305
1661398706.595146179 -2.24748 4.86574 0.97545 -0.05349 -0.23370 -0.12316 0.96299
1661398706.605145931 -2.24536 4.87012 0.97501 -0.05409 -0.23391 -0.12324 0.96290
1661398706.615146160 -2.24321 4.87450 0.97457 -0.05466 -0.23423 -0.12336 0.96277
1661398706.625145912 -2.24102 4.87887 0.97415 -0.05520 -0.23462 -0.12350 0.96263
1661398706.635146141 -2.23878 4.88324 0.97373 -0.05571 -0.23508 -0.12364 0.96247
1661398706.645145893 -2.23649 4.88762 0.97332 -0.05620 -0.23555 -0.12379 0.96231
1661398706.655146122 -2.23415 4.89199 0.97293 -0.05669 -0.23604 -0.12392 0.96214
1661398706.665145874 -2.23175 4.89638 0.97255 -0.05716 -0.23655 -0.12403 0.96197
1661398706.675146103 -2.22931 4.90078 0.97217 -0.05761 -0.23708 -0.12412 0.96180
1661398706.685145855 -2.22681 4.90519 0.97180 -0.05803 -0.23766 -0.12418 0.96163
1661398706.695146084 -2.22426 4.90962 0.97142 -0.05839 -0.23829 -0.12421 0.96145
1661398706.705146074 -2.22166 4.91406 0.97104 -0.05871 -0.23900 -0.12421 0.96125
1661398706.715146065 -2.21901 4.91853 0.97064 -0.05896 -0.23978 -0.12416 0.96105
1661398706.725146055 -2.21632 4.92302 0.97023 -0.05913 -0.24066 -0.12407 0.96083
1661398706.735146046 -2.21357 4.92754 0.96979 -0.05923 -0.24166 -0.12392 0.96059
1661398706.745146036 -2.21079 4.93209 0.96933 -0.05923 -0.24277 -0.12372 0.96034
1661398706.755146027 -2.20795 4.93667 0.96884 -0.05913 -0.24402 -0.12347 0.96006
1661398706.765146017 -2.20507 4.94129 0.96832 -0.05893 -0.24536 -0.12316 0.95977
1661398706.775146008 -2.20212 4.94594 0.96778 -0.05864 -0.24676 -0.12281 0.95947
1661398706.785145998 -2.19911 4.95063 0.96720 -0.05828 -0.24818 -0.12244 0.95918
1661398706.795145988 -2.19603 4.95536 0.96660 -0.05783 -0.24959 -0.12204 0.95889
1661398706.805145979 -2.19287 4.96013 0.96597 -0.05732 -0.25093 -0.12162 0.95862
1661398706.815145969 -2.18961 4.96493 0.96532 -0.05675 -0.25219 -0.12121 0.95838
1661398706.825145960 -2.18626 4.96979 0.96464 -0.05612 -0.25330 -0.12080 0.95817
1661398706.835146189 -2.18281 4.97468 0.96394 -0.05544 -0.25425 -0.12040 0.95801
1661398706.845145941 -2.17925 4.97963 0.96322 -0.05472 -0.25498 -0.12003 0.95791
1661398706.855146170 -2.17558 4.98461 0.96247 -0.05397 -0.25548 -0.11969 0.95786
1661398706.865145922 -2.17179 4.98964 0.96172 -0.05319 -0.25575 -0.11939 0.95787
1661398706.875146151 -2.16791 4.99468 0.96095 -0.05238 -0.25583 -0.11913 0.95792
1661398706.885145903 -2.16395 4.99973 0.96018 -0.05154 -0.25573 -0.11890 0.95802
1661398706.895146132 -2.15990 5.00477 0.95941 -0.05068 -0.25549 -0.11871 0.95816
1661398706.905145884 -2.15579 5.00979 0.95865 -0.04980 -0.25513 -0.11857 0.95832
1661398706.915146112 -2.15162 5.01478 0.95791 -0.04891 -0.25467 -0.11846 0.95850
1661398706.925145864 -2.14741 5.01972 0.95718 -0.04800 -0.25415 -0.11839 0.95869
1661398706.935146093 -2.14316 5.02460 0.95648 -0.04707 -0.25358 -0.11837 0.95889
1661398706.945145845 -2.13888 5.02940 0.95581 -0.04614 -0.25300 -0.11839 0.95909
1661398706.955146074 -2.13459 5.03412 0.95518 -0.04520 -0.25241 -0.11846 0.95928
1661398706.965146065 -2.13030 5.03878 0.95460 -0.04426 -0.25174 -0.11854 0.95949
1661398706.975146055 -2.12602 5.04338 0.95410 -0.04332 -0.25093 -0.11864 0.95973
1661398706.985146046 -2.12176 5.04794 0.95367 -0.04238 -0.24987 -0.11871 0.96004
1661398706.995146036 -2.11754 5.05250 0.95334 -0.04146 -0.24849 -0.11874 0.96043
1661398707.005146027 -2.11338 5.05705 0.95313 -0.04054 -0.24676 -0.11872 0.96092
1661398707.015146017 -2.10928 5.06162 0.95301 -0.03968 -0.24480 -0.11864 0.96147
1661398707.025146008 -2.10526 5.06620 0.95297 -0.03888 -0.24282 -0.11851 0.96202
1661398707.035145998 -2.10134 5.07080 0.95301 -0.03819 -0.24100 -0.11833 0.96253
1661398707.045145988 -2.09753 5.07544 0.95311 -0.03763 -0.23953 -0.11810 0.96294
1661398707.055145979 -2.09384 5.08011 0.95324 -0.03722 -0.23855 -0.11784 0.96323
1661398707.065145969 -2.09025 5.08481 0.95342 -0.03697 -0.23805 -0.11753 0.96340
1661398707.075146198 -2.08678 5.08954 0.95362 -0.03685 -0.23797 -0.11720 0.96347
1661398707.085145950 -2.08340 5.09430 0.95384 -0.03684 -0.23824 -0.11684 0.96345
1661398707.095146179 -2.08011 5.09908 0.95407 -0.03694 -0.23881 -0.11646 0.96335
1661398707.105145931 -2.07689 5.10388 0.95431 -0.03712 -0.23960 -0.11606 0.96319
1661398707.115146160 -2.07375 5.10870 0.95455 -0.03738 -0.24057 -0.11565 0.96299
1661398707.125145912 -2.07066 5.11354 0.95479 -0.03769 -0.24165 -0.11523 0.96276
1661398707.135146141 -2.06763 5.11839 0.95500 -0.03804 -0.24279 -0.11481 0.96251
1661398707.145145893 -2.06465 5.12325 0.95520 -0.03842 -0.24391 -0.11439 0.96226
1661398707.155146122 -2.06169 5.12811 0.95536 -0.03881 -0.24497 -0.11398 0.96203
1661398707.165145874 -2.05878 5.13298 0.95550 -0.03921 -0.24594 -0.11357 0.96181
1661398707.175146103 -2.05589 5.13785 0.95562 -0.03962 -0.24682 -0.11316 0.96162
1661398707.185145855 -2.05304 5.14272 0.95571 -0.04005 -0.24759 -0.11276 0.96145
1661398707.195146084 -2.05022 5.14759 0.95579 -0.04048 -0.24825 -0.11235 0.96131
1661398707.205146074 -2.04743 5.15245 0.95585 -0.04093 -0.24877 -0.11195 0.96120
1661398707.215146065 -2.04466 5.15730 0.95590 -0.04139 -0.24916 -0.11154 0.96113
1661398707.225146055 -2.04193 5.16214 0.95595 -0.04187 -0.24938 -0.11112 0.96110
1661398707.235146046 -2.03922 5.16697 0.95599 -0.04236 -0.24945 -0.11070 0.96111
1661398707.245146036 -2.03654 5.17178 0.95603 -0.04287 -0.24933 -0.11027 0.96116
1661398707.255146027 -2.03389 5.17658 0.95607 -0.04339 -0.24903 -0.10983 0.96127
1661398707.265146017 -2.03127 5.18136 0.95611 -0.04393 -0.24859 -0.10939 0.96141
1661398707.275146008 -2.02869 5.18614 0.95615 -0.04446 -0.24804 -0.10895 0.96158
1661398707.285145998 -2.02615 5.19092 0.95619 -0.04500 -0.24742 -0.10853 0.96176
1661398707.295145988 -2.02366 5.19570 0.95623 -0.04552 -0.24678 -0.10813 0.96194
1661398707.305145979 -2.02124 5.20049 0.95626 -0.04603 -0.24615 -0.10775 0.96212
1661398707.315145969 -2.01888 5.20529 0.95630 -0.04652 -0.24559 -0.10742 0.96228
1661398707.325145960 -2.01659 5.21011 0.95633 -0.04697 -0.24512 -0.10713 0.96241
1661398707.335146189 -2.01438 5.21496 0.95635 -0.04740 -0.24480 -0.10689 0.96250
1661398707.345145941 -2.01225 5.21984 0.95637 -0.04778 -0.24466 -0.10671 0.96253
1661398707.355146170 -2.01022 5.22475 0.95639 -0.04811 -0.24474 -0.10660 0.96251
1661398707.365145922 -2.00827 5.22970 0.95640 -0.04840 -0.24502 -0.10655 0.96243
1661398707.375146151 -2.00641 5.23469 0.95641 -0.04864 -0.24548 -0.10656 0.96230
1661398707.385145903 -2.00464 5.23972 0.95642 -0.04882 -0.24610 -0.10662 0.96212
1661398707.395146132 -2.00295 5.24478 0.95642 -0.04896 -0.24686 -0.10674 0.96191
1661398707.405145884 -2.00133 5.24988 0.95643 -0.04905 -0.24773 -0.10690 0.96166
1661398707.415146112 -1.99980 5.25501 0.95644 -0.04908 -0.24870 -0.10710 0.96139
1661398707.425145864 -1.99834 5.26019 0.95646 -0.04906 -0.24973 -0.10734 0.96110
1661398707.435146093 -1.99696 5.26540 0.95648 -0.04900 -0.25082 -0.10761 0.96079
1661398707.445145845 -1.99565 5.27066 0.95650 -0.04887 -0.25193 -0.10791 0.96047
1661398707.455146074 -1.99440 5.27595 0.95654 -0.04870 -0.25305 -0.10824 0.96015
1661398707.465146065 -1.99322 5.28128 0.95658 -0.04848 -0.25415 -0.10859 0.95983
1661398707.475146055 -1.99208 5.28665 0.95663 -0.04824 -0.25522 -0.10900 0.95951
1661398707.485146046 -1.99099 5.29206 0.95668 -0.04797 -0.25623 -0.10945 0.95920
1661398707.495146036 -1.98994 5.29751 0.95674 -0.04771 -0.25718 -0.10997 0.95890
1661398707.505146027 -1.98891 5.30300 0.95680 -0.04744 -0.25804 -0.11056 0.95861
1661398707.515146017 -1.98789 5.30853 0.95687 -0.04720 -0.25879 -0.11123 0.95835
1661398707.525146008 -1.98689 5.31411 0.95694 -0.04699 -0.25942 -0.11200 0.95810
1661398707.535145998 -1.98588 5.31972 0.95701 -0.04682 -0.25990 -0.11286 0.95787
1661398707.545145988 -1.98486 5.32538 0.95709 -0.04670 -0.26022 -0.11384 0.95768
1661398707.555145979 -1.98383 5.33107 0.95716 -0.04664 -0.26037 -0.11494 0.95751
1661398707.565145969 -1.98279 5.33682 0.95724 -0.04664 -0.26036 -0.11614 0.95737
1661398707.575146198 -1.98175 5.34261 0.95731 -0.04665 -0.26022 -0.11742 0.95725
1661398707.585145950 -1.98072 5.34844 0.95738 -0.04667 -0.25998 -0.11877 0.95714
1661398707.595146179 -1.97970 5.35433 0.95744 -0.04668 -0.25968 -0.12017 0.95705
1661398707.605145931 -1.97870 5.36027 0.95749 -0.04665 -0.25933 -0.12159 0.95697
1661398707.615146160 -1.97774 5.36626 0.95753 -0.04657 -0.25896 -0.12303 0.95689
1661398707.625145912 -1.97681 5.37231 0.95756 -0.04641 -0.25860 -0.12445 0.95681
1661398707.635146141 -1.97594 5.37842 0.95757 -0.04616 -0.25828 -0.12585 0.95672
1661398707.645145893 -1.97512 5.38459 0.95757 -0.04580 -0.25803 -0.12721 0.95663
1661398707.655146122 -1.97436 5.39082 0.95755 -0.04530 -0.25787 -0.12850 0.95652
1661398707.665145874 -1.97365 5.39711 0.95751 -0.04469 -0.25778 -0.12973 0.95641
1661398707.675146103 -1.97300 5.40345 0.95746 -0.04398 -0.25776 -0.13091 0.95629
1661398707.685145855 -1.97238 5.40983 0.95739 -0.04320 -0.25780 -0.13203 0.95616
1661398707.695146084 -1.97179 5.41626 0.95731 -0.04236 -0.25786 -0.13309 0.95603
1661398707.705146074 -1.97123 5.42272 0.95722 -0.04149 -0.25795 -0.13411 0.95590
1661398707.715146065 -1.97067 5.42922 0.95712 -0.04060 -0.25805 -0.13508 0.95578
1661398707.725146055 -1.97012 5.43573 0.95701 -0.03972 -0.25814 -0.13600 0.95566
1661398707.735146046 -1.96957 5.44227 0.95690 -0.03886 -0.25821 -0.13688 0.95555
1661398707.745146036 -1.96900 5.44882 0.95678 -0.03805 -0.25824 -0.13772 0.95546
1661398707.755146027 -1.96841 5.45538 0.95665 -0.03730 -0.25823 -0.13852 0.95537
1661398707.765146017 -1.96780 5.46194 0.95653 -0.03661 -0.25814 -0.13928 0.95531
1661398707.775146008 -1.96716 5.46852 0.95641 -0.03598 -0.25797 -0.14000 0.95528
1661398707.785145998 -1.96650 5.47511 0.95628 -0.03540 -0.25769 -0.14067 0.95528
1661398707.795145988 -1.96581 5.48170 0.95616 -0.03486 -0.25728 -0.14128 0.95532
1661398707.805145979 -1.96509 5.48831 0.95605 -0.03436 -0.25673 -0.14183 0.95540
1661398707.815145969 -1.96435 5.49493 0.95594 -0.03390 -0.25602 -0.14232 0.95554
1661398707.825145960 -1.96357 5.50156 0.95584 -0.03348 -0.25513 -0.14274 0.95573
1661398707.835146189 -1.96277 5.50821 0.95575 -0.03307 -0.25403 -0.14308 0.95598
1661398707.845145941 -1.96194 5.51486 0.95566 -0.03269 -0.25271 -0.14335 0.95630
1661398707.855146170 -1.96107 5.52153 0.95560 -0.03232 -0.25117 -0.14354 0.95669
1661398707.865145922 -1.96017 5.52822 0.95553 -0.03196 -0.24945 -0.14365 0.95714
1661398707.875146151 -1.95926 5.53490 0.95547 -0.03160 -0.24759 -0.14371 0.95763
1661398707.885145903 -1.95832 5.54158 0.95540 -0.03123 -0.24566 -0.14371 0.95813
1661398707.895146132 -1.95736 5.54826 0.95532 -0.03083 -0.24372 -0.14369 0.95865
1661398707.905145884 -1.95639 5.55493 0.95522 -0.03041 -0.24181 -0.14363 0.95915
1661398707.915146112 -1.95540 5.56158 0.95509 -0.02994 -0.24000 -0.14357 0.95963
1661398707.925145864 -1.95442 5.56820 0.95493 -0.02943 -0.23833 -0.14350 0.96007
1661398707.935146093 -1.95342 5.57481 0.95473 -0.02886 -0.23687 -0.14345 0.96046
1661398707.945145845 -1.95243 5.58138 0.95448 -0.02822 -0.23567 -0.14342 0.96078
1661398707.955146074 -1.95145 5.58791 0.95419 -0.02752 -0.23477 -0.14342 0.96102
1661398707.965146065 -1.95045 5.59440 0.95385 -0.02674 -0.23415 -0.14346 0.96119
1661398707.975146055 -1.94944 5.60085 0.95347 -0.02591 -0.23375 -0.14354 0.96129
1661398707.985146046 -1.94840 5.60724 0.95306 -0.02504 -0.23355 -0.14365 0.96135
1661398707.995146036 -1.94733 5.61357 0.95262 -0.02413 -0.23348 -0.14379 0.96137
1661398708.005146027 -1.94620 5.61984 0.95215 -0.02321 -0.23352 -0.14396 0.96136
1661398708.015146017 -1.94502 5.62605 0.95167 -0.02227 -0.23361 -0.14416 0.96133
1661398708.025146008 -1.94376 5.63218 0.95119 -0.02133 -0.23372 -0.14439 0.96129
1661398708.035145998 -1.94243 5.63823 0.95069 -0.02039 -0.23379 -0.14465 0.96125
1661398708.045145988 -1.94100 5.64419 0.95020 -0.01948 -0.23379 -0.14493 0.96123
1661398708.055145979 -1.93948 5.65007 0.94972 -0.01860 -0.23368 -0.14524 0.96122
1661398708.065145969 -1.93785 5.65586 0.94925 -0.01776 -0.23347 -0.14556 0.96124
1661398708.075146198 -1.93613 5.66158 0.94879 -0.01698 -0.23314 -0.14590 0.96129
1661398708.085145950 -1.93433 5.66723 0.94835 -0.01627 -0.23272 -0.14623 0.96135
1661398708.095146179 -1.93243 5.67281 0.94793 -0.01563 -0.23220 -0.14656 0.96144
1661398708.105145931 -1.93046 5.67833 0.94754 -0.01509 -0.23159 -0.14687 0.96154
1661398708.115146160 -1.92840 5.68379 0.94718 -0.01465 -0.23091 -0.14715 0.96167
1661398708.125145912 -1.92627 5.68921 0.94685 -0.01433 -0.23014 -0.14739 0.96182
1661398708.135146141 -1.92408 5.69459 0.94656 -0.01413 -0.22931 -0.14759 0.96200
1661398708.145145893 -1.92181 5.69994 0.94631 -0.01408 -0.22841 -0.14773 0.96219
1661398708.155146122 -1.91948 5.70525 0.94610 -0.01417 -0.22746 -0.14782 0.96240
1661398708.165145874 -1.91710 5.71054 0.94593 -0.01439 -0.22648 -0.14785 0.96262
1661398708.175146103 -1.91466 5.71580 0.94579 -0.01472 -0.22551 -0.14785 0.96284
1661398708.185145855 -1.91217 5.72104 0.94568 -0.01513 -0.22458 -0.14782 0.96306
1661398708.195146084 -1.90965 5.72626 0.94559 -0.01561 -0.22372 -0.14778 0.96326
1661398708.205146074 -1.90709 5.73145 0.94551 -0.01613 -0.22297 -0.14774 0.96343
1661398708.215146065 -1.90449 5.73663 0.94545 -0.01667 -0.22236 -0.14771 0.96357
1661398708.225146055 -1.90188 5.74178 0.94538 -0.01720 -0.22191 -0.14770 0.96366
1661398708.235146046 -1.89924 5.74693 0.94532 -0.01771 -0.22168 -0.14773 0.96370
1661398708.245146036 -1.89658 5.75205 0.94525 -0.01816 -0.22168 -0.14781 0.96368
1661398708.255146027 -1.89392 5.75717 0.94517 -0.01855 -0.22194 -0.14795 0.96359
1661398708.265146017 -1.89124 5.76226 0.94507 -0.01889 -0.22243 -0.14814 0.96344
1661398708.275146008 -1.88854 5.76734 0.94496 -0.01918 -0.22311 -0.14837 0.96324
1661398708.285145998 -1.88581 5.77240 0.94483 -0.01944 -0.22394 -0.14863 0.96301
1661398708.295145988 -1.88306 5.77744 0.94470 -0.01968 -0.22488 -0.14892 0.96274
1661398708.305145979 -1.88027 5.78245 0.94454 -0.01992 -0.22588 -0.14922 0.96245
1661398708.315145969 -1.87745 5.78743 0.94438 -0.02017 -0.22691 -0.14952 0.96216
1661398708.325145960 -1.87459 5.79238 0.94419 -0.02044 -0.22792 -0.14982 0.96187
1661398708.335146189 -1.87167 5.79730 0.94400 -0.02075 -0.22888 -0.15010 0.96159
1661398708.345145941 -1.86871 5.80218 0.94379 -0.02111 -0.22973 -0.15035 0.96134
1661398708.355146170 -1.86569 5.80703 0.94356 -0.02154 -0.23046 -0.15057 0.96112
1661398708.365145922 -1.86262 5.81184 0.94333 -0.02201 -0.23107 -0.15076 0.96093
1661398708.375146151 -1.85950 5.81663 0.94308 -0.02251 -0.23158 -0.15093 0.96077
1661398708.385145903 -1.85634 5.82138 0.94283 -0.02304 -0.23200 -0.15108 0.96064
1661398708.395146132 -1.85314 5.82611 0.94258 -0.02356 -0.23235 -0.15121 0.96052
1661398708.405145884 -1.84991 5.83082 0.94232 -0.02406 -0.23266 -0.15134 0.96041
1661398708.415146112 -1.84664 5.83551 0.94208 -0.02454 -0.23293 -0.15147 0.96031
1661398708.425145864 -1.84335 5.84019 0.94184 -0.02496 -0.23318 -0.15160 0.96022
1661398708.435146093 -1.84004 5.84486 0.94161 -0.02532 -0.23344 -0.15175 0.96012
1661398708.445145845 -1.83670 5.84952 0.94139 -0.02560 -0.23372 -0.15191 0.96002
1661398708.455146074 -1.83336 5.85418 0.94119 -0.02578 -0.23403 -0.15209 0.95991
1661398708.465146065 -1.83000 5.85883 0.94101 -0.02587 -0.23438 -0.15229 0.95979
1661398708.475146055 -1.82663 5.86346 0.94086 -0.02586 -0.23477 -0.15251 0.95966
1661398708.485146046 -1.82325 5.86808 0.94072 -0.02576 -0.23521 -0.15275 0.95952
1661398708.495146036 -1.81987 5.87268 0.94062 -0.02557 -0.23568 -0.15300 0.95937
1661398708.505146027 -1.81647 5.87725 0.94054 -0.02529 -0.23619 -0.15326 0.95921
1661398708.515146017 -1.81307 5.88179 0.94049 -0.02493 -0.23675 -0.15352 0.95904
1661398708.525146008 -1.80966 5.88630 0.94048 -0.02448 -0.23735 -0.15380 0.95886
1661398708.535145998 -1.80625 5.89076 0.94050 -0.02395 -0.23800 -0.15407 0.95867
1661398708.545145988 -1.80283 5.89518 0.94056 -0.02334 -0.23869 -0.15435 0.95847
1661398708.555145979 -1.79941 5.89955 0.94066 -0.02265 -0.23942 -0.15462 0.95826
1661398708.565145969 -1.79599 5.90388 0.94080 -0.02191 -0.24018 -0.15489 0.95804
1661398708.575146198 -1.79257 5.90815 0.94099 -0.02111 -0.24093 -0.15515 0.95783
1661398708.585145950 -1.78916 5.91238 0.94122 -0.02029 -0.24166 -0.15541 0.95762
1661398708.595146179 -1.78575 5.91656 0.94149 -0.01947 -0.24234 -0.15566 0.95742
1661398708.605145931 -1.78235 5.92069 0.94182 -0.01864 -0.24295 -0.15589 0.95725
1661398708.615146160 -1.77896 5.92478 0.94219 -0.01785 -0.24347 -0.15612 0.95710
1661398708.625145912 -1.77559 5.92882 0.94261 -0.01709 -0.24386 -0.15632 0.95697
1661398708.635146141 -1.77223 5.93282 0.94309 -0.01640 -0.24412 -0.15652 0.95689
1661398708.645145893 -1.76889 5.93677 0.94361 -0.01578 -0.24420 -0.15669 0.95685
1661398708.655146122 -1.76557 5.94067 0.94419 -0.01525 -0.24411 -0.15684 0.95686
1661398708.665145874 -1.76226 5.94454 0.94481 -0.01482 -0.24387 -0.15697 0.95691
1661398708.675146103 -1.75898 5.94837 0.94547 -0.01447 -0.24351 -0.15707 0.95699
1661398708.685145855 -1.75571 5.95217 0.94615 -0.01421 -0.24308 -0.15714 0.95709
1661398708.695146084 -1.75246 5.95593 0.94684 -0.01404 -0.24261 -0.15718 0.95720
1661398708.705146074 -1.74923 5.95968 0.94753 -0.01395 -0.24214 -0.15717 0.95732
1661398708.715146065 -1.74601 5.96340 0.94822 -0.01394 -0.24172 -0.15713 0.95744
1661398708.725146055 -1.74280 5.96710 0.94888 -0.01401 -0.24137 -0.15704 0.95754
1661398708.735146046 -1.73961 5.97079 0.94952 -0.01416 -0.24114 -0.15690 0.95762
1661398708.745146036 -1.73643 5.97447 0.95011 -0.01439 -0.24106 -0.15671 0.95767
1661398708.755146027 -1.73326 5.97814 0.95066 -0.01469 -0.24117 -0.15646 0.95767
1661398708.765146017 -1.73010 5.98180 0.95117 -0.01505 -0.24142 -0.15618 0.95765
1661398708.775146008 -1.72695 5.98545 0.95163 -0.01548 -0.24178 -0.15586 0.95761
1661398708.785145998 -1.72381 5.98908 0.95205 -0.01596 -0.24219 -0.15553 0.95755
1661398708.795145988 -1.72067 5.99269 0.95245 -0.01649 -0.24261 -0.15519 0.95749
1661398708.805145979 -1.71755 5.99628 0.95281 -0.01706 -0.24299 -0.15487 0.95743
1661398708.815145969 -1.71443 5.99985 0.95315 -0.01767 -0.24329 -0.15457 0.95739
1661398708.825145960 -1.71132 6.00338 0.95347 -0.01830 -0.24347 -0.15432 0.95738
1661398708.835146189 -1.70822 6.00687 0.95377 -0.01897 -0.24347 -0.15411 0.95740
1661398708.845145941 -1.70512 6.01033 0.95406 -0.01964 -0.24326 -0.15398 0.95746
1661398708.855146170 -1.70202 6.01375 0.95434 -0.02033 -0.24279 -0.15392 0.95757
1661398708.865145922 -1.69894 6.01714 0.95461 -0.02102 -0.24211 -0.15394 0.95773
1661398708.875146151 -1.69586 6.02049 0.95488 -0.02172 -0.24126 -0.15401 0.95792
1661398708.885145903 -1.69281 6.02380 0.95513 -0.02241 -0.24029 -0.15412 0.95813
1661398708.895146132 -1.68977 6.02709 0.95537 -0.02309 -0.23925 -0.15426 0.95835
1661398708.905145884 -1.68676 6.03036 0.95559 -0.02375 -0.23819 -0.15442 0.95857
1661398708.915146112 -1.68378 6.03361 0.95580 -0.02439 -0.23716 -0.15459 0.95878
1661398708.925145864 -1.68083 6.03684 0.95599 -0.02501 -0.23620 -0.15475 0.95898
1661398708.935146093 -1.67791 6.04005 0.95616 -0.02560 -0.23536 -0.15489 0.95914
1661398708.945145845 -1.67504 6.04326 0.95632 -0.02615 -0.23470 -0.15500 0.95927
1661398708.955146074 -1.67221 6.04646 0.95645 -0.02666 -0.23425 -0.15507 0.95936
1661398708.965146065 -1.66942 6.04965 0.95656 -0.02713 -0.23399 -0.15511 0.95940
1661398708.975146055 -1.66667 6.05285 0.95665 -0.02758 -0.23390 -0.15513 0.95941
1661398708.985146046 -1.66395 6.05606 0.95672 -0.02801 -0.23395 -0.15514 0.95938
1661398708.995146036 -1.66126 6.05928 0.95677 -0.02842 -0.23411 -0.15516 0.95933
1661398709.005146027 -1.65860 6.06251 0.95681 -0.02883 -0.23436 -0.15520 0.95925
1661398709.015146017 -1.65597 6.06576 0.95682 -0.02923 -0.23467 -0.15528 0.95915
1661398709.025146008 -1.65336 6.06903 0.95682 -0.02963 -0.23500 -0.15539 0.95904
1661398709.035145998 -1.65076 6.07234 0.95680 -0.03005 -0.23534 -0.15557 0.95891
1661398709.045145988 -1.64819 6.07568 0.95676 -0.03048 -0.23565 -0.15582 0.95878
1661398709.055145979 -1.64562 6.07905 0.95670 -0.03094 -0.23592 -0.15614 0.95865
1661398709.065145969 -1.64307 6.08247 0.95663 -0.03142 -0.23614 -0.15654 0.95851
1661398709.075146198 -1.64053 6.08591 0.95655 -0.03193 -0.23631 -0.15700 0.95838
1661398709.085145950 -1.63800 6.08940 0.95645 -0.03247 -0.23645 -0.15751 0.95824
1661398709.095146179 -1.63549 6.09292 0.95633 -0.03304 -0.23656 -0.15805 0.95811
1661398709.105145931 -1.63299 6.09648 0.95620 -0.03365 -0.23663 -0.15861 0.95797
1661398709.115146160 -1.63051 6.10008 0.95606 -0.03430 -0.23669 -0.15919 0.95784
1661398709.125145912 -1.62805 6.10371 0.95590 -0.03498 -0.23672 -0.15977 0.95771
1661398709.135146141 -1.62560 6.10737 0.95573 -0.03571 -0.23674 -0.16034 0.95759
1661398709.145145893 -1.62317 6.11108 0.95555 -0.03648 -0.23674 -0.16089 0.95746
1661398709.155146122 -1.62076 6.11481 0.95535 -0.03729 -0.23674 -0.16141 0.95735
1661398709.165145874 -1.61836 6.11858 0.95515 -0.03812 -0.23674 -0.16189 0.95723
1661398709.175146103 -1.61598 6.12239 0.95496 -0.03895 -0.23672 -0.16236 0.95712
1661398709.185145855 -1.61360 6.12625 0.95477 -0.03977 -0.23669 -0.16282 0.95702
1661398709.195146084 -1.61124 6.13014 0.95461 -0.04053 -0.23665 -0.16327 0.95692
1661398709.205146074 -1.60889 6.13407 0.95447 -0.04123 -0.23659 -0.16372 0.95683
1661398709.215146065 -1.60654 6.13805 0.95436 -0.04184 -0.23651 -0.16418 0.95674
1661398709.225146055 -1.60419 6.14208 0.95430 -0.04234 -0.23642 -0.16465 0.95666
1661398709.235146046 -1.60184 6.14615 0.95428 -0.04270 -0.23630 -0.16514 0.95659
1661398709.245146036 -1.59949 6.15028 0.95432 -0.04290 -0.23617 -0.16567 0.95652
1661398709.255146027 -1.59714 6.15446 0.95443 -0.04293 -0.23600 -0.16623 0.95647
1661398709.265146017 -1.59478 6.15868 0.95460 -0.04279 -0.23582 -0.16683 0.95641
1661398709.275146008 -1.59242 6.16296 0.95482 -0.04250 -0.23562 -0.16747 0.95636
1661398709.285145998 -1.59007 6.16728 0.95510 -0.04209 -0.23539 -0.16815 0.95632
1661398709.295145988 -1.58772 6.17165 0.95542 -0.04156 -0.23516 -0.16887 0.95627
1661398709.305145979 -1.58537 6.17607 0.95579 -0.04094 -0.23491 -0.16963 0.95623
1661398709.315145969 -1.58304 6.18053 0.95621 -0.04024 -0.23464 -0.17044 0.95618
1661398709.325145960 -1.58071 6.18503 0.95666 -0.03947 -0.23437 -0.17129 0.95612
1661398709.335146189 -1.57839 6.18957 0.95714 -0.03866 -0.23410 -0.17219 0.95606
1661398709.345145941 -1.57608 6.19416 0.95765 -0.03782 -0.23382 -0.17314 0.95599
1661398709.355146170 -1.57379 6.19878 0.95819 -0.03697 -0.23354 -0.17413 0.95591
1661398709.365145922 -1.57152 6.20345 0.95875 -0.03612 -0.23325 -0.17516 0.95583
1661398709.375146151 -1.56926 6.20815 0.95934 -0.03526 -0.23296 -0.17623 0.95574
1661398709.385145903 -1.56700 6.21291 0.95994 -0.03441 -0.23266 -0.17731 0.95564
1661398709.395146132 -1.56477 6.21770 0.96058 -0.03357 -0.23235 -0.17840 0.95554
1661398709.405145884 -1.56254 6.22255 0.96123 -0.03275 -0.23203 -0.17949 0.95544
1661398709.415146112 -1.56032 6.22745 0.96190 -0.03195 -0.23169 -0.18057 0.95535
1661398709.425145864 -1.55811 6.23240 0.96259 -0.03117 -0.23134 -0.18163 0.95526
1661398709.435146093 -1.55591 6.23740 0.96330 -0.03042 -0.23096 -0.18266 0.95518
1661398709.445145845 -1.55371 6.24245 0.96403 -0.02972 -0.23057 -0.18365 0.95511
1661398709.455146074 -1.55152 6.24757 0.96477 -0.02905 -0.23015 -0.18458 0.95505
1661398709.465146065 -1.54934 6.25273 0.96553 -0.02841 -0.22972 -0.18547 0.95500
1661398709.475146055 -1.54717 6.25795 0.96630 -0.02780 -0.22926 -0.18632 0.95496
1661398709.485146046 -1.54501 6.26321 0.96708 -0.02722 -0.22879 -0.18711 0.95494
1661398709.495146036 -1.54285 6.26850 0.96786 -0.02664 -0.22830 -0.18787 0.95492
1661398709.505146027 -1.54072 6.27384 0.96865 -0.02608 -0.22780 -0.18859 0.95491
1661398709.515146017 -1.53859 6.27921 0.96943 -0.02551 -0.22729 -0.18927 0.95492
1661398709.525146008 -1.53648 6.28460 0.97021 -0.02493 -0.22678 -0.18991 0.95493
1661398709.535145998 -1.53438 6.29002 0.97098 -0.02434 -0.22625 -0.19052 0.95494
1661398709.545145988 -1.53230 6.29546 0.97174 -0.02372 -0.22573 -0.19109 0.95497
1661398709.555145979 -1.53024 6.30092 0.97248 -0.02308 -0.22521 -0.19164 0.95500
1661398709.565145969 -1.52819 6.30639 0.97321 -0.02241 -0.22469 -0.19216 0.95503
1661398709.575146198 -1.52616 6.31187 0.97393 -0.02173 -0.22417 -0.19266 0.95507
1661398709.585145950 -1.52413 6.31736 0.97462 -0.02103 -0.22365 -0.19313 0.95511
1661398709.595146179 -1.52212 6.32287 0.97529 -0.02032 -0.22313 -0.19358 0.95516
1661398709.605145931 -1.52010 6.32838 0.97594 -0.01961 -0.22262 -0.19401 0.95521
1661398709.615146160 -1.51808 6.33389 0.97657 -0.01890 -0.22211 -0.19442 0.95525
1661398709.625145912 -1.51607 6.33942 0.97717 -0.01820 -0.22160 -0.19482 0.95530
1661398709.635146141 -1.51404 6.34494 0.97775 -0.01751 -0.22110 -0.19520 0.95536
1661398709.645145893 -1.51201 6.35047 0.97829 -0.01685 -0.22061 -0.19557 0.95541
1661398709.655146122 -1.50997 6.35599 0.97881 -0.01620 -0.22012 -0.19593 0.95546
1661398709.665145874 -1.50792 6.36151 0.97929 -0.01558 -0.21964 -0.19627 0.95551
1661398709.675146103 -1.50585 6.36702 0.97974 -0.01497 -0.21916 -0.19660 0.95556
1661398709.685145855 -1.50378 6.37251 0.98015 -0.01438 -0.21867 -0.19692 0.95562
1661398709.695146084 -1.50169 6.37798 0.98053 -0.01380 -0.21816 -0.19722 0.95568
1661398709.705146074 -1.49959 6.38342 0.98086 -0.01323 -0.21765 -0.19750 0.95575
1661398709.715146065 -1.49749 6.38884 0.98116 -0.01266 -0.21712 -0.19775 0.95582
1661398709.725146055 -1.49537 6.39421 0.98141 -0.01210 -0.21656 -0.19798 0.95591
1661398709.735146046 -1.49324 6.39954 0.98162 -0.01153 -0.21598 -0.19819 0.95600
1661398709.745146036 -1.49110 6.40482 0.98178 -0.01096 -0.21537 -0.19836 0.95611
1661398709.755146027 -1.48895 6.41005 0.98189 -0.01039 -0.21473 -0.19851 0.95623
1661398709.765146017 -1.48679 6.41523 0.98196 -0.00982 -0.21407 -0.19862 0.95636
1661398709.775146008 -1.48463 6.42035 0.98199 -0.00925 -0.21341 -0.19870 0.95650
1661398709.785145998 -1.48245 6.42542 0.98199 -0.00870 -0.21277 -0.19873 0.95664
1661398709.795145988 -1.48027 6.43043 0.98195 -0.00818 -0.21216 -0.19871 0.95678
1661398709.805145979 -1.47809 6.43539 0.98188 -0.00769 -0.21161 -0.19865 0.95692
1661398709.815145969 -1.47590 6.44029 0.98179 -0.00724 -0.21112 -0.19853 0.95706
1661398709.825145960 -1.47371 6.44514 0.98169 -0.00684 -0.21073 -0.19835 0.95718
1661398709.835146189 -1.47152 6.44993 0.98156 -0.00649 -0.21045 -0.19812 0.95730
1661398709.845145941 -1.46932 6.45466 0.98143 -0.00621 -0.21028 -0.19781 0.95740
1661398709.855146170 -1.46713 6.45934 0.98129 -0.00600 -0.21026 -0.19744 0.95748
1661398709.865145922 -1.46493 6.46396 0.98115 -0.00587 -0.21035 -0.19700 0.95755
1661398709.875146151 -1.46272 6.46852 0.98100 -0.00581 -0.21053 -0.19651 0.95761
1661398709.885145903 -1.46050 6.47303 0.98085 -0.00584 -0.21078 -0.19598 0.95767
1661398709.895146132 -1.45825 6.47747 0.98071 -0.00596 -0.21108 -0.19540 0.95772
1661398709.905145884 -1.45598 6.48186 0.98057 -0.00616 -0.21139 -0.19479 0.95778
1661398709.915146112 -1.45368 6.48618 0.98043 -0.00647 -0.21170 -0.19415 0.95783
1661398709.925145864 -1.45134 6.49045 0.98031 -0.00688 -0.21197 -0.19350 0.95790
1661398709.935146093 -1.44896 6.49465 0.98019 -0.00739 -0.21219 -0.19284 0.95798
1661398709.945145845 -1.44654 6.49879 0.98009 -0.00801 -0.21233 -0.19218 0.95808
1661398709.955146074 -1.44406 6.50287 0.98001 -0.00873 -0.21237 -0.19152 0.95820
1661398709.965146065 -1.44154 6.50689 0.97994 -0.00955 -0.21232 -0.19088 0.95833
1661398709.975146055 -1.43896 6.51084 0.97988 -0.01043 -0.21220 -0.19025 0.95847
1661398709.985146046 -1.43633 6.51473 0.97984 -0.01136 -0.21202 -0.18966 0.95862
1661398709.995146036 -1.43364 6.51856 0.97981 -0.01230 -0.21180 -0.18911 0.95876
1661398710.005146027 -1.43091 6.52232 0.97980 -0.01324 -0.21156 -0.18860 0.95890
1661398710.015146017 -1.42812 6.52601 0.97979 -0.01415 -0.21131 -0.18814 0.95904
1661398710.025146008 -1.42527 6.52965 0.97980 -0.01501 -0.21107 -0.18775 0.95915
1661398710.035145998 -1.42238 6.53321 0.97983 -0.01580 -0.21086 -0.18742 0.95925
1661398710.045145988 -1.41942 6.53672 0.97986 -0.01648 -0.21069 -0.18718 0.95932
1661398710.055145979 -1.41642 6.54015 0.97990 -0.01706 -0.21058 -0.18701 0.95937
1661398710.065145969 -1.41336 6.54353 0.97995 -0.01753 -0.21053 -0.18692 0.95939
1661398710.075146198 -1.41025 6.54685 0.98001 -0.01792 -0.21056 -0.18689 0.95938
1661398710.085145950 -1.40710 6.55012 0.98006 -0.01824 -0.21066 -0.18690 0.95935
1661398710.095146179 -1.40390 6.55334 0.98011 -0.01853 -0.21084 -0.18695 0.95930
1661398710.105145931 -1.40066 6.55653 0.98016 -0.01879 -0.21112 -0.18701 0.95922
1661398710.115146160 -1.39738 6.55968 0.98019 -0.01905 -0.21149 -0.18708 0.95912
1661398710.125145912 -1.39407 6.56280 0.98021 -0.01932 -0.21196 -0.18714 0.95900
1661398710.135146141 -1.39072 6.56589 0.98021 -0.01963 -0.21254 -0.18718 0.95886
1661398710.145145893 -1.38734 6.56896 0.98018 -0.02000 -0.21324 -0.18718 0.95869
1661398710.155146122 -1.38393 6.57202 0.98014 -0.02044 -0.21405 -0.18713 0.95851
1661398710.165145874 -1.38050 6.57506 0.98006 -0.02094 -0.21497 -0.18704 0.95831
1661398710.175146103 -1.37702 6.57809 0.97997 -0.02148 -0.21596 -0.18692 0.95810
1661398710.185145855 -1.37350 6.58110 0.97984 -0.02206 -0.21702 -0.18677 0.95788
1661398710.195146084 -1.36994 6.58409 0.97969 -0.02264 -0.21812 -0.18661 0.95765
1661398710.205146074 -1.36633 6.58707 0.97951 -0.02322 -0.21924 -0.18644 0.95741
1661398710.215146065 -1.36267 6.59003 0.97931 -0.02378 -0.22036 -0.18627 0.95717
1661398710.225146055 -1.35894 6.59297 0.97908 -0.02430 -0.22147 -0.18610 0.95694
1661398710.235146046 -1.35516 6.59590 0.97882 -0.02478 -0.22254 -0.18596 0.95670
1661398710.245146036 -1.35130 6.59881 0.97854 -0.02518 -0.22356 -0.18583 0.95648
1661398710.255146027 -1.34738 6.60170 0.97823 -0.02550 -0.22451 -0.18574 0.95627
1661398710.265146017 -1.34339 6.60457 0.97789 -0.02574 -0.22538 -0.18568 0.95607
1661398710.275146008 -1.33935 6.60742 0.97755 -0.02588 -0.22620 -0.18566 0.95587
1661398710.285145998 -1.33526 6.61025 0.97720 -0.02592 -0.22697 -0.18565 0.95569
1661398710.295145988 -1.33112 6.61305 0.97686 -0.02587 -0.22768 -0.18568 0.95552
1661398710.305145979 -1.32695 6.61583 0.97653 -0.02571 -0.22835 -0.18573 0.95535
1661398710.315145969 -1.32276 6.61858 0.97621 -0.02544 -0.22899 -0.18580 0.95519
1661398710.325145960 -1.31854 6.62130 0.97592 -0.02506 -0.22960 -0.18590 0.95504
1661398710.335146189 -1.31431 6.62398 0.97567 -0.02456 -0.23019 -0.18601 0.95489
1661398710.345145941 -1.31007 6.62664 0.97546 -0.02394 -0.23076 -0.18614 0.95474
1661398710.355146170 -1.30584 6.62925 0.97529 -0.02320 -0.23132 -0.18628 0.95459
1661398710.365145922 -1.30162 6.63184 0.97518 -0.02237 -0.23188 -0.18643 0.95445
1661398710.375146151 -1.29740 6.63439 0.97511 -0.02150 -0.23242 -0.18659 0.95431
1661398710.385145903 -1.29320 6.63690 0.97509 -0.02063 -0.23294 -0.18675 0.95417
1661398710.395146132 -1.28902 6.63938 0.97512 -0.01979 -0.23346 -0.18690 0.95403
1661398710.405145884 -1.28487 6.64183 0.97519 -0.01902 -0.23396 -0.18704 0.95390
1661398710.415146112 -1.28075 6.64425 0.97531 -0.01837 -0.23445 -0.18717 0.95376
1661398710.425145864 -1.27666 6.64663 0.97548 -0.01788 -0.23492 -0.18727 0.95364
1661398710.435146093 -1.27261 6.64899 0.97569 -0.01758 -0.23537 -0.18735 0.95351
1661398710.445145845 -1.26861 6.65131 0.97594 -0.01752 -0.23581 -0.18741 0.95340
1661398710.455146074 -1.26465 6.65360 0.97624 -0.01772 -0.23623 -0.18743 0.95329
1661398710.465146065 -1.26074 6.65587 0.97658 -0.01816 -0.23663 -0.18742 0.95318
1661398710.475146055 -1.25687 6.65812 0.97694 -0.01882 -0.23702 -0.18740 0.95307
1661398710.485146046 -1.25304 6.66034 0.97734 -0.01965 -0.23740 -0.18735 0.95297
1661398710.495146036 -1.24924 6.66255 0.97774 -0.02062 -0.23778 -0.18731 0.95287
1661398710.505146027 -1.24548 6.66476 0.97816 -0.02170 -0.23815 -0.18726 0.95276
1661398710.515146017 -1.24174 6.66695 0.97859 -0.02285 -0.23851 -0.18722 0.95265
1661398710.525146008 -1.23804 6.66914 0.97901 -0.02404 -0.23889 -0.18720 0.95253
1661398710.535145998 -1.23435 6.67134 0.97942 -0.02524 -0.23926 -0.18719 0.95240
1661398710.545145988 -1.23069 6.67353 0.97982 -0.02642 -0.23965 -0.18722 0.95227
1661398710.555145979 -1.22704 6.67574 0.98020 -0.02754 -0.24004 -0.18727 0.95213
1661398710.565145969 -1.22342 6.67795 0.98055 -0.02859 -0.24043 -0.18736 0.95199
1661398710.575146198 -1.21982 6.68016 0.98088 -0.02959 -0.24078 -0.18746 0.95184
1661398710.585145950 -1.21624 6.68237 0.98119 -0.03051 -0.24109 -0.18756 0.95172
1661398710.595146179 -1.21270 6.68458 0.98148 -0.03137 -0.24134 -0.18767 0.95160
1661398710.605145931 -1.20920 6.68678 0.98174 -0.03216 -0.24150 -0.18776 0.95152
1661398710.615146160 -1.20573 6.68898 0.98198 -0.03287 -0.24155 -0.18784 0.95147
1661398710.625145912 -1.20231 6.69116 0.98219 -0.03351 -0.24148 -0.18788 0.95145
1661398710.635146141 -1.19894 6.69332 0.98238 -0.03408 -0.24127 -0.18789 0.95149
1661398710.645145893 -1.19561 6.69547 0.98255 -0.03456 -0.24089 -0.18785 0.95157
1661398710.655146122 -1.19235 6.69759 0.98269 -0.03496 -0.24034 -0.18776 0.95172
1661398710.665145874 -1.18913 6.69969 0.98280 -0.03530 -0.23964 -0.18762 0.95191
1661398710.675146103 -1.18597 6.70178 0.98290 -0.03557 -0.23882 -0.18745 0.95214
1661398710.685145855 -1.18287 6.70384 0.98297 -0.03579 -0.23793 -0.18725 0.95239
1661398710.695146084 -1.17982 6.70589 0.98302 -0.03597 -0.23699 -0.18704 0.95266
1661398710.705146074 -1.17682 6.70793 0.98305 -0.03612 -0.23605 -0.18683 0.95293
1661398710.715146065 -1.17388 6.70995 0.98307 -0.03625 -0.23513 -0.18663 0.95319
1661398710.725146055 -1.17100 6.71196 0.98307 -0.03636 -0.23427 -0.18645 0.95343
1661398710.735146046 -1.16816 6.71397 0.98305 -0.03648 -0.23351 -0.18630 0.95364
1661398710.745146036 -1.16539 6.71596 0.98302 -0.03661 -0.23288 -0.18619 0.95381
1661398710.755146027 -1.16266 6.71794 0.98298 -0.03676 -0.23241 -0.18613 0.95393
1661398710.765146017 -1.15999 6.71993 0.98292 -0.03693 -0.23208 -0.18613 0.95401
1661398710.775146008 -1.15736 6.72191 0.98284 -0.03714 -0.23186 -0.18618 0.95404
1661398710.785145998 -1.15478 6.72391 0.98275 -0.03737 -0.23174 -0.18629 0.95404
1661398710.795145988 -1.15224 6.72591 0.98265 -0.03763 -0.23169 -0.18645 0.95401
1661398710.805145979 -1.14974 6.72794 0.98252 -0.03793 -0.23168 -0.18667 0.95396
1661398710.815145969 -1.14728 6.72998 0.98237 -0.03828 -0.23170 -0.18694 0.95389
1661398710.825145960 -1.14484 6.73206 0.98220 -0.03867 -0.23171 -0.18726 0.95381
1661398710.835146189 -1.14244 6.73416 0.98201 -0.03910 -0.23170 -0.18765 0.95372
1661398710.845145941 -1.14007 6.73630 0.98179 -0.03959 -0.23163 -0.18808 0.95363
1661398710.855146170 -1.13771 6.73849 0.98155 -0.04012 -0.23150 -0.18858 0.95354
1661398710.865145922 -1.13538 6.74071 0.98128 -0.04070 -0.23129 -0.18912 0.95346
1661398710.875146151 -1.13307 6.74298 0.98099 -0.04131 -0.23104 -0.18971 0.95338
1661398710.885145903 -1.13079 6.74529 0.98069 -0.04193 -0.23073 -0.19033 0.95330
1661398710.895146132 -1.12852 6.74764 0.98037 -0.04256 -0.23039 -0.19099 0.95322
1661398710.905145884 -1.12627 6.75003 0.98003 -0.04317 -0.23003 -0.19167 0.95315
1661398710.915146112 -1.12403 6.75246 0.97969 -0.04377 -0.22965 -0.19237 0.95307
1661398710.925145864 -1.12182 6.75494 0.97934 -0.04433 -0.22926 -0.19309 0.95299
1661398710.935146093 -1.11962 6.75746 0.97899 -0.04484 -0.22888 -0.19381 0.95291
1661398710.945145845 -1.11743 6.76003 0.97863 -0.04529 -0.22851 -0.19454 0.95283
1661398710.955146074 -1.11526 6.76263 0.97827 -0.04567 -0.22816 -0.19527 0.95275
1661398710.965146065 -1.11310 6.76528 0.97791 -0.04598 -0.22783 -0.19599 0.95266
1661398710.975146055 -1.11095 6.76799 0.97756 -0.04623 -0.22752 -0.19672 0.95257
1661398710.985146046 -1.10881 6.77074 0.97720 -0.04643 -0.22723 -0.19745 0.95248
1661398710.995146036 -1.10668 6.77354 0.97685 -0.04657 -0.22696 -0.19818 0.95239
1661398711.005146027 -1.10455 6.77641 0.97649 -0.04667 -0.22669 -0.19891 0.95229
1661398711.015146017 -1.10243 6.77933 0.97614 -0.04673 -0.22644 -0.19966 0.95220
1661398711.025146008 -1.10032 6.78231 0.97578 -0.04676 -0.22619 -0.20041 0.95210
1661398711.035145998 -1.09821 6.78536 0.97543 -0.04676 -0.22595 -0.20118 0.95199
1661398711.045145988 -1.09610 6.78847 0.97508 -0.04674 -0.22571 -0.20196 0.95188
1661398711.055145979 -1.09399 6.79166 0.97473 -0.04670 -0.22547 -0.20275 0.95177
1661398711.065145969 -1.09189 6.79491 0.97438 -0.04665 -0.22524 -0.20355 0.95166
1661398711.075146198 -1.08978 6.79824 0.97404 -0.04659 -0.22502 -0.20436 0.95154
1661398711.085145950 -1.08768 6.80163 0.97371 -0.04653 -0.22481 -0.20517 0.95142
1661398711.095146179 -1.08558 6.80509 0.97339 -0.04646 -0.22463 -0.20598 0.95129
1661398711.105145931 -1.08349 6.80862 0.97309 -0.04639 -0.22447 -0.20678 0.95116
1661398711.115146160 -1.08140 6.81221 0.97280 -0.04632 -0.22433 -0.20757 0.95102
1661398711.125145912 -1.07931 6.81588 0.97254 -0.04626 -0.22424 -0.20834 0.95088
1661398711.135146141 -1.07723 6.81961 0.97230 -0.04620 -0.22418 -0.20909 0.95073
1661398711.145145893 -1.07516 6.82340 0.97208 -0.04616 -0.22416 -0.20981 0.95058
1661398711.155146122 -1.07309 6.82726 0.97190 -0.04614 -0.22419 -0.21050 0.95042
1661398711.165145874 -1.07102 6.83118 0.97174 -0.04612 -0.22426 -0.21117 0.95026
1661398711.175146103 -1.06896 6.83517 0.97162 -0.04611 -0.22436 -0.21182 0.95009
1661398711.185145855 -1.06690 6.83921 0.97153 -0.04609 -0.22448 -0.21246 0.94992
1661398711.195146084 -1.06484 6.84332 0.97147 -0.04607 -0.22462 -0.21308 0.94975
1661398711.205146074 -1.06277 6.84749 0.97145 -0.04603 -0.22476 -0.21370 0.94958
1661398711.215146065 -1.06069 6.85171 0.97147 -0.04598 -0.22489 -0.21432 0.94941
1661398711.225146055 -1.05861 6.85598 0.97152 -0.04590 -0.22501 -0.21494 0.94924
1661398711.235146046 -1.05652 6.86031 0.97162 -0.04579 -0.22511 -0.21558 0.94908
1661398711.245146036 -1.05441 6.86469 0.97175 -0.04564 -0.22517 -0.21622 0.94893
1661398711.255146027 -1.05229 6.86913 0.97193 -0.04545 -0.22520 -0.21689 0.94878
1661398711.265146017 -1.05015 6.87360 0.97215 -0.04523 -0.22519 -0.21757 0.94863
1661398711.275146008 -1.04801 6.87812 0.97239 -0.04499 -0.22516 -0.21825 0.94850
1661398711.285145998 -1.04585 6.88268 0.97266 -0.04474 -0.22512 -0.21892 0.94836
1661398711.295145988 -1.04369 6.88726 0.97295 -0.04450 -0.22507 -0.21959 0.94823
1661398711.305145979 -1.04153 6.89187 0.97325 -0.04427 -0.22502 -0.22024 0.94810
1661398711.315145969 -1.03936 6.89650 0.97356 -0.04406 -0.22498 -0.22087 0.94798
1661398711.325145960 -1.03720 6.90115 0.97388 -0.04390 -0.22496 -0.22146 0.94785
1661398711.335146189 -1.03504 6.90581 0.97419 -0.04379 -0.22497 -0.22201 0.94773
1661398711.345145941 -1.03289 6.91047 0.97449 -0.04373 -0.22502 -0.22251 0.94760
1661398711.355146170 -1.03074 6.91514 0.97478 -0.04375 -0.22510 -0.22297 0.94747
1661398711.365145922 -1.02860 6.91981 0.97506 -0.04382 -0.22522 -0.22337 0.94735
1661398711.375146151 -1.02646 6.92449 0.97534 -0.04393 -0.22534 -0.22373 0.94723
1661398711.385145903 -1.02432 6.92919 0.97563 -0.04408 -0.22545 -0.22406 0.94712
1661398711.395146132 -1.02218 6.93391 0.97593 -0.04424 -0.22552 -0.22436 0.94702
1661398711.405145884 -1.02003 6.93865 0.97624 -0.04439 -0.22555 -0.22464 0.94694
1661398711.415146112 -1.01788 6.94343 0.97659 -0.04454 -0.22551 -0.22491 0.94688
1661398711.425145864 -1.01571 6.94824 0.97696 -0.04465 -0.22538 -0.22518 0.94684
1661398711.435146093 -1.01354 6.95309 0.97737 -0.04471 -0.22514 -0.22545 0.94683
1661398711.445145845 -1.01135 6.95798 0.97783 -0.04472 -0.22478 -0.22573 0.94685
1661398711.455146074 -1.00914 6.96292 0.97833 -0.04466 -0.22428 -0.22602 0.94690
1661398711.465146065 -1.00692 6.96791 0.97888 -0.04454 -0.22367 -0.22631 0.94698
1661398711.475146055 -1.00471 6.97294 0.97946 -0.04438 -0.22299 -0.22659 0.94708
1661398711.485146046 -1.00251 6.97801 0.98007 -0.04419 -0.22227 -0.22685 0.94720
1661398711.495146036 -1.00034 6.98310 0.98069 -0.04399 -0.22156 -0.22707 0.94732
1661398711.505146027 -0.99820 6.98822 0.98133 -0.04380 -0.22089 -0.22723 0.94745
1661398711.515146017 -0.99611 6.99336 0.98196 -0.04363 -0.22030 -0.22732 0.94757
1661398711.525146008 -0.99407 6.99852 0.98258 -0.04349 -0.21983 -0.22734 0.94768
1661398711.535145998 -0.99210 7.00368 0.98319 -0.04341 -0.21951 -0.22725 0.94778
1661398711.545145988 -0.99020 7.00885 0.98378 -0.04340 -0.21938 -0.22706 0.94786
1661398711.555145979 -0.98839 7.01402 0.98433 -0.04347 -0.21946 -0.22675 0.94791
1661398711.565145969 -0.98664 7.01919 0.98484 -0.04357 -0.21970 -0.22636 0.94794
1661398711.575146198 -0.98494 7.02435 0.98532 -0.04367 -0.22002 -0.22592 0.94797
1661398711.585145950 -0.98327 7.02950 0.98577 -0.04372 -0.22036 -0.22546 0.94800
1661398711.595146179 -0.98161 7.03464 0.98617 -0.04368 -0.22064 -0.22504 0.94803
1661398711.605145931 -0.97994 7.03976 0.98654 -0.04350 -0.22081 -0.22466 0.94809
1661398711.615146160 -0.97826 7.04486 0.98687 -0.04319 -0.22090 -0.22433 0.94816
1661398711.625145912 -0.97657 7.04993 0.98715 -0.04273 -0.22095 -0.22401 0.94825
1661398711.635146141 -0.97488 7.05499 0.98740 -0.04213 -0.22100 -0.22368 0.94834
1661398711.645145893 -0.97318 7.06001 0.98761 -0.04139 -0.22110 -0.22331 0.94844
1661398711.655146122 -0.97148 7.06500 0.98777 -0.04052 -0.22129 -0.22290 0.94853
1661398711.665145874 -0.96978 7.06996 0.98790 -0.03953 -0.22155 -0.22245 0.94861
1661398711.675146103 -0.96806 7.07488 0.98799 -0.03845 -0.22187 -0.22196 0.94870
1661398711.685145855 -0.96632 7.07975 0.98804 -0.03730 -0.22221 -0.22147 0.94878
1661398711.695146084 -0.96457 7.08458 0.98807 -0.03611 -0.22258 -0.22098 0.94885
1661398711.705146074 -0.96278 7.08935 0.98807 -0.03490 -0.22293 -0.22051 0.94893
1661398711.715146065 -0.96097 7.09406 0.98805 -0.03370 -0.22327 -0.22006 0.94899
1661398711.725146055 -0.95912 7.09871 0.98801 -0.03252 -0.22355 -0.21967 0.94906
1661398711.735146046 -0.95723 7.10329 0.98795 -0.03140 -0.22377 -0.21934 0.94912
1661398711.745146036 -0.95529 7.10780 0.98787 -0.03035 -0.22391 -0.21908 0.94918
1661398711.755146027 -0.95330 7.11223 0.98779 -0.02940 -0.22394 -0.21892 0.94924
1661398711.765146017 -0.95126 7.11658 0.98769 -0.02857 -0.22388 -0.21883 0.94930
1661398711.775146008 -0.94917 7.12087 0.98759 -0.02787 -0.22374 -0.21881 0.94936
1661398711.785145998 -0.94703 7.12508 0.98749 -0.02732 -0.22353 -0.21884 0.94942
1661398711.795145988 -0.94484 7.12923 0.98739 -0.02693 -0.22326 -0.21891 0.94948
1661398711.805145979 -0.94261 7.13331 0.98728 -0.02671 -0.22295 -0.21900 0.94954
1661398711.815145969 -0.94032 7.13733 0.98718 -0.02669 -0.22260 -0.21910 0.94960
1661398711.825145960 -0.93799 7.14129 0.98709 -0.02687 -0.22224 -0.21920 0.94965
1661398711.835146189 -0.93561 7.14520 0.98701 -0.02726 -0.22186 -0.21927 0.94971
1661398711.845145941 -0.93319 7.14905 0.98693 -0.02790 -0.22149 -0.21932 0.94977
1661398711.855146170 -0.93072 7.15286 0.98687 -0.02877 -0.22112 -0.21933 0.94983
1661398711.865145922 -0.92821 7.15661 0.98683 -0.02986 -0.22077 -0.21930 0.94988
1661398711.875146151 -0.92565 7.16032 0.98679 -0.03112 -0.22044 -0.21924 0.94993
1661398711.885145903 -0.92306 7.16399 0.98676 -0.03252 -0.22013 -0.21917 0.94997
1661398711.895146132 -0.92042 7.16763 0.98673 -0.03401 -0.21983 -0.21910 0.95001
1661398711.905145884 -0.91776 7.17123 0.98670 -0.03557 -0.21955 -0.21903 0.95003
1661398711.915146112 -0.91505 7.17480 0.98668 -0.03714 -0.21928 -0.21898 0.95004
1661398711.925145864 -0.91232 7.17834 0.98665 -0.03870 -0.21904 -0.21896 0.95004
1661398711.935146093 -0.90956 7.18186 0.98662 -0.04020 -0.21882 -0.21898 0.95003
1661398711.945145845 -0.90676 7.18536 0.98657 -0.04161 -0.21863 -0.21904 0.95000
1661398711.955146074 -0.90394 7.18884 0.98652 -0.04290 -0.21845 -0.21917 0.94995
1661398711.965146065 -0.90110 7.19230 0.98646 -0.04406 -0.21831 -0.21935 0.94989
1661398711.975146055 -0.89822 7.19574 0.98638 -0.04512 -0.21821 -0.21957 0.94981
1661398711.985146046 -0.89531 7.19916 0.98630 -0.04607 -0.21816 -0.21983 0.94972
1661398711.995146036 -0.89236 7.20255 0.98619 -0.04694 -0.21816 -0.22012 0.94961
1661398712.005146027 -0.88937 7.20591 0.98608 -0.04772 -0.21822 -0.22043 0.94948
1661398712.015146017 -0.88634 7.20923 0.98594 -0.04844 -0.21836 -0.22076 0.94934
1661398712.025146008 -0.88327 7.21253 0.98579 -0.04909 -0.21858 -0.22109 0.94917
1661398712.035145998 -0.88015 7.21579 0.98563 -0.04970 -0.21888 -0.22142 0.94900
1661398712.045145988 -0.87699 7.21901 0.98544 -0.05027 -0.21929 -0.22174 0.94880
1661398712.055145979 -0.87377 7.22219 0.98524 -0.05081 -0.21979 -0.22205 0.94858
1661398712.065145969 -0.87051 7.22533 0.98502 -0.05131 -0.22036 -0.22234 0.94835
1661398712.075146198 -0.86720 7.22844 0.98478 -0.05178 -0.22099 -0.22262 0.94811
1661398712.085145950 -0.86385 7.23152 0.98452 -0.05221 -0.22164 -0.22291 0.94787
1661398712.095146179 -0.86048 7.23457 0.98425 -0.05259 -0.22229 -0.22319 0.94763
1661398712.105145931 -0.85707 7.23760 0.98397 -0.05292 -0.22291 -0.22348 0.94740
1661398712.115146160 -0.85364 7.24062 0.98367 -0.05319 -0.22347 -0.22377 0.94718
1661398712.125145912 -0.85019 7.24361 0.98336 -0.05341 -0.22394 -0.22409 0.94699
1661398712.135146141 -0.84672 7.24660 0.98304 -0.05356 -0.22431 -0.22442 0.94681
1661398712.145145893 -0.84324 7.24958 0.98272 -0.05365 -0.22454 -0.22477 0.94667
1661398712.155146122 -0.83976 7.25255 0.98238 -0.05366 -0.22461 -0.22515 0.94656
1661398712.165145874 -0.83626 7.25553 0.98204 -0.05361 -0.22456 -0.22556 0.94648
1661398712.175146103 -0.83276 7.25850 0.98170 -0.05351 -0.22443 -0.22599 0.94641
1661398712.185145855 -0.82926 7.26147 0.98136 -0.05336 -0.22424 -0.22643 0.94636
1661398712.195146084 -0.82574 7.26445 0.98102 -0.05318 -0.22405 -0.22689 0.94631
1661398712.205146074 -0.82222 7.26743 0.98069 -0.05297 -0.22389 -0.22736 0.94624
1661398712.215146065 -0.81868 7.27042 0.98037 -0.05275 -0.22379 -0.22783 0.94617
1661398712.225146055 -0.81514 7.27342 0.98007 -0.05251 -0.22380 -0.22830 0.94606
1661398712.235146046 -0.81158 7.27643 0.97978 -0.05228 -0.22396 -0.22878 0.94592
1661398712.245146036 -0.80802 7.27946 0.97951 -0.05206 -0.22430 -0.22925 0.94574
1661398712.255146027 -0.80444 7.28249 0.97926 -0.05186 -0.22484 -0.22971 0.94551
1661398712.265146017 -0.80086 7.28553 0.97903 -0.05168 -0.22556 -0.23017 0.94524
1661398712.275146008 -0.79728 7.28856 0.97884 -0.05153 -0.22640 -0.23064 0.94493
1661398712.285145998 -0.79371 7.29157 0.97867 -0.05139 -0.22730 -0.23114 0.94460
1661398712.295145988 -0.79015 7.29455 0.97854 -0.05128 -0.22823 -0.23166 0.94425
1661398712.305145979 -0.78660 7.29750 0.97846 -0.05119 -0.22911 -0.23222 0.94391
1661398712.315145969 -0.78307 7.30039 0.97841 -0.05112 -0.22991 -0.23283 0.94357
1661398712.325145960 -0.77957 7.30322 0.97841 -0.05108 -0.23056 -0.23350 0.94324
1661398712.335146189 -0.77611 7.30598 0.97846 -0.05106 -0.23103 -0.23424 0.94295
1661398712.345145941 -0.77268 7.30866 0.97856 -0.05107 -0.23125 -0.23506 0.94269
1661398712.355146170 -0.76930 7.31125 0.97872 -0.05111 -0.23120 -0.23595 0.94248
1661398712.365145922 -0.76596 7.31377 0.97894 -0.05118 -0.23093 -0.23688 0.94230
1661398712.375146151 -0.76266 7.31622 0.97921 -0.05129 -0.23052 -0.23779 0.94217
1661398712.385145903 -0.75942 7.31862 0.97954 -0.05145 -0.23004 -0.23863 0.94207
1661398712.395146132 -0.75623 7.32099 0.97994 -0.05167 -0.22957 -0.23934 0.94199
1661398712.405145884 -0.75309 7.32334 0.98039 -0.05195 -0.22917 -0.23988 0.94193
1661398712.415146112 -0.75000 7.32568 0.98089 -0.05228 -0.22886 -0.24029 0.94189
1661398712.425145864 -0.74696 7.32803 0.98144 -0.05264 -0.22863 -0.24059 0.94184
1661398712.435146093 -0.74397 7.33039 0.98203 -0.05300 -0.22849 -0.24083 0.94180
1661398712.445145845 -0.74103 7.33279 0.98265 -0.05336 -0.22843 -0.24105 0.94174
1661398712.455146074 -0.73814 7.33522 0.98330 -0.05369 -0.22846 -0.24128 0.94165
1661398712.465146065 -0.73528 7.33769 0.98397 -0.05399 -0.22858 -0.24152 0.94154
1661398712.475146055 -0.73247 7.34019 0.98466 -0.05427 -0.22879 -0.24177 0.94141
1661398712.485146046 -0.72969 7.34272 0.98537 -0.05452 -0.22909 -0.24203 0.94126
1661398712.495146036 -0.72693 7.34527 0.98610 -0.05477 -0.22950 -0.24229 0.94108
1661398712.505146027 -0.72420 7.34784 0.98684 -0.05500 -0.23001 -0.24256 0.94087
1661398712.515146017 -0.72150 7.35042 0.98760 -0.05523 -0.23063 -0.24283 0.94063
1661398712.525146008 -0.71880 7.35302 0.98837 -0.05545 -0.23136 -0.24309 0.94037
1661398712.535145998 -0.71612 7.35561 0.98915 -0.05567 -0.23221 -0.24335 0.94009
1661398712.545145988 -0.71345 7.35821 0.98994 -0.05590 -0.23318 -0.24359 0.93977
1661398712.555145979 -0.71078 7.36080 0.99074 -0.05613 -0.23426 -0.24383 0.93943
1661398712.565145969 -0.70811 7.36339 0.99154 -0.05638 -0.23543 -0.24404 0.93906
1661398712.575146198 -0.70544 7.36596 0.99234 -0.05664 -0.23666 -0.24424 0.93869
1661398712.585145950 -0.70278 7.36851 0.99314 -0.05693 -0.23790 -0.24441 0.93831
1661398712.595146179 -0.70012 7.37105 0.99393 -0.05725 -0.23912 -0.24455 0.93794
1661398712.605145931 -0.69746 7.37357 0.99471 -0.05761 -0.24029 -0.24466 0.93760
1661398712.615146160 -0.69480 7.37606 0.99547 -0.05801 -0.24137 -0.24472 0.93727
1661398712.625145912 -0.69215 7.37851 0.99621 -0.05846 -0.24233 -0.24475 0.93699
1661398712.635146141 -0.68949 7.38094 0.99693 -0.05896 -0.24313 -0.24473 0.93676
1661398712.645145893 -0.68684 7.38333 0.99763 -0.05952 -0.24374 -0.24467 0.93658
1661398712.655146122 -0.68419 7.38568 0.99829 -0.06014 -0.24413 -0.24455 0.93647
1661398712.665145874 -0.68155 7.38799 0.99893 -0.06081 -0.24432 -0.24438 0.93642
1661398712.675146103 -0.67892 7.39027 0.99956 -0.06152 -0.24433 -0.24417 0.93643
1661398712.685145855 -0.67630 7.39252 1.00016 -0.06225 -0.24421 -0.24392 0.93648
1661398712.695146084 -0.67371 7.39475 1.00076 -0.06299 -0.24398 -0.24363 0.93656
1661398712.705146074 -0.67115 7.39696 1.00136 -0.06372 -0.24366 -0.24331 0.93668
1661398712.715146065 -0.66861 7.39915 1.00197 -0.06443 -0.24329 -0.24297 0.93681
1661398712.725146055 -0.66611 7.40133 1.00258 -0.06510 -0.24290 -0.24261 0.93696
1661398712.735146046 -0.66366 7.40350 1.00320 -0.06572 -0.24251 -0.24224 0.93712
1661398712.745146036 -0.66124 7.40567 1.00385 -0.06628 -0.24216 -0.24185 0.93727
1661398712.755146027 -0.65888 7.40784 1.00452 -0.06677 -0.24186 -0.24146 0.93741
1661398712.765146017 -0.65657 7.41001 1.00521 -0.06718 -0.24163 -0.24107 0.93754
1661398712.775146008 -0.65431 7.41218 1.00592 -0.06753 -0.24144 -0.24069 0.93767
1661398712.785145998 -0.65209 7.41436 1.00664 -0.06783 -0.24128 -0.24033 0.93777
1661398712.795145988 -0.64992 7.41654 1.00737 -0.06809 -0.24116 -0.24000 0.93787
1661398712.805145979 -0.64778 7.41873 1.00810 -0.06832 -0.24107 -0.23970 0.93796
1661398712.815145969 -0.64569 7.42093 1.00882 -0.06853 -0.24098 -0.23944 0.93803
1661398712.825145960 -0.64363 7.42313 1.00954 -0.06872 -0.24090 -0.23923 0.93809
1661398712.835146189 -0.64160 7.42535 1.01024 -0.06892 -0.24082 -0.23908 0.93813
1661398712.845145941 -0.63961 7.42758 1.01092 -0.06911 -0.24073 -0.23899 0.93817
1661398712.855146170 -0.63765 7.42982 1.01158 -0.06932 -0.24062 -0.23897 0.93818
1661398712.865145922 -0.63572 7.43207 1.01222 -0.06955 -0.24050 -0.23901 0.93819
1661398712.875146151 -0.63381 7.43435 1.01283 -0.06979 -0.24036 -0.23910 0.93818
1661398712.885145903 -0.63193 7.43664 1.01342 -0.07003 -0.24022 -0.23924 0.93817
1661398712.895146132 -0.63007 7.43895 1.01398 -0.07028 -0.24007 -0.23940 0.93814
1661398712.905145884 -0.62824 7.44129 1.01452 -0.07054 -0.23993 -0.23957 0.93812
1661398712.915146112 -0.62642 7.44365 1.01503 -0.07079 -0.23978 -0.23975 0.93809
1661398712.925145864 -0.62462 7.44604 1.01552 -0.07105 -0.23965 -0.23993 0.93806
1661398712.935146093 -0.62283 7.44846 1.01598 -0.07130 -0.23952 -0.24008 0.93803
1661398712.945145845 -0.62106 7.45090 1.01641 -0.07155 -0.23941 -0.24021 0.93801
1661398712.955146074 -0.61930 7.45339 1.01681 -0.07179 -0.23933 -0.24031 0.93799
1661398712.965146065 -0.61754 7.45590 1.01719 -0.07202 -0.23925 -0.24037 0.93797
1661398712.975146055 -0.61579 7.45845 1.01754 -0.07227 -0.23920 -0.24041 0.93796
1661398712.985146046 -0.61403 7.46104 1.01785 -0.07252 -0.23916 -0.24044 0.93794
1661398712.995146036 -0.61227 7.46367 1.01814 -0.07280 -0.23913 -0.24048 0.93792
1661398713.005146027 -0.61050 7.46634 1.01839 -0.07310 -0.23911 -0.24052 0.93789
1661398713.015146017 -0.60871 7.46906 1.01861 -0.07344 -0.23910 -0.24058 0.93785
1661398713.025146008 -0.60690 7.47182 1.01879 -0.07382 -0.23910 -0.24068 0.93779
1661398713.035145998 -0.60507 7.47462 1.01894 -0.07425 -0.23910 -0.24081 0.93773
1661398713.045145988 -0.60321 7.47748 1.01906 -0.07473 -0.23910 -0.24099 0.93764
1661398713.055145979 -0.60132 7.48038 1.01914 -0.07527 -0.23911 -0.24124 0.93753
1661398713.065145969 -0.59939 7.48334 1.01918 -0.07586 -0.23912 -0.24153 0.93741
1661398713.075146198 -0.59743 7.48635 1.01919 -0.07651 -0.23912 -0.24186 0.93727
1661398713.085145950 -0.59544 7.48942 1.01917 -0.07720 -0.23913 -0.24223 0.93711
1661398713.095146179 -0.59341 7.49254 1.01911 -0.07792 -0.23914 -0.24262 0.93695
1661398713.105145931 -0.59135 7.49573 1.01903 -0.07868 -0.23916 -0.24302 0.93678
1661398713.115146160 -0.58926 7.49898 1.01892 -0.07945 -0.23917 -0.24343 0.93661
1661398713.125145912 -0.58714 7.50230 1.01878 -0.08025 -0.23918 -0.24383 0.93643
1661398713.135146141 -0.58498 7.50568 1.01861 -0.08105 -0.23920 -0.24421 0.93626
1661398713.145145893 -0.58280 7.50913 1.01843 -0.08186 -0.23922 -0.24457 0.93609
1661398713.155146122 -0.58058 7.51266 1.01821 -0.08266 -0.23924 -0.24491 0.93592
1661398713.165145874 -0.57833 7.51625 1.01798 -0.08346 -0.23925 -0.24521 0.93577
1661398713.175146103 -0.57606 7.51991 1.01773 -0.08424 -0.23925 -0.24549 0.93563
1661398713.185145855 -0.57376 7.52363 1.01747 -0.08501 -0.23923 -0.24575 0.93549
1661398713.195146084 -0.57145 7.52741 1.01719 -0.08575 -0.23919 -0.24599 0.93537
1661398713.205146074 -0.56912 7.53125 1.01690 -0.08647 -0.23910 -0.24623 0.93527
1661398713.215146065 -0.56677 7.53515 1.01660 -0.08715 -0.23898 -0.24646 0.93517
1661398713.225146055 -0.56442 7.53909 1.01629 -0.08780 -0.23880 -0.24670 0.93510
1661398713.235146046 -0.56205 7.54309 1.01598 -0.08840 -0.23856 -0.24694 0.93504
1661398713.245146036 -0.55968 7.54714 1.01567 -0.08896 -0.23826 -0.24719 0.93499
1661398713.255146027 -0.55731 7.55122 1.01536 -0.08947 -0.23790 -0.24745 0.93497
1661398713.265146017 -0.55493 7.55536 1.01505 -0.08992 -0.23747 -0.24774 0.93496
1661398713.275146008 -0.55256 7.55954 1.01475 -0.09030 -0.23701 -0.24804 0.93496
1661398713.285145998 -0.55019 7.56377 1.01445 -0.09062 -0.23654 -0.24835 0.93496
1661398713.295145988 -0.54782 7.56804 1.01417 -0.09087 -0.23606 -0.24869 0.93497
1661398713.305145979 -0.54547 7.57237 1.01389 -0.09104 -0.23561 -0.24905 0.93497
1661398713.315145969 -0.54312 7.57675 1.01362 -0.09114 -0.23520 -0.24942 0.93497
1661398713.325145960 -0.54078 7.58118 1.01337 -0.09114 -0.23484 -0.24982 0.93495
1661398713.335146189 -0.53845 7.58566 1.01314 -0.09106 -0.23456 -0.25023 0.93492
1661398713.345145941 -0.53613 7.59020 1.01292 -0.09088 -0.23438 -0.25067 0.93487
1661398713.355146170 -0.53384 7.59480 1.01273 -0.09061 -0.23430 -0.25113 0.93479
1661398713.365145922 -0.53155 7.59945 1.01255 -0.09025 -0.23433 -0.25161 0.93469
1661398713.375146151 -0.52927 7.60415 1.01240 -0.08983 -0.23444 -0.25211 0.93456
1661398713.385145903 -0.52700 7.60890 1.01227 -0.08935 -0.23461 -0.25264 0.93442
1661398713.395146132 -0.52473 7.61369 1.01215 -0.08884 -0.23484 -0.25319 0.93426
1661398713.405145884 -0.52245 7.61852 1.01207 -0.08831 -0.23510 -0.25377 0.93409
1661398713.415146112 -0.52018 7.62339 1.01200 -0.08778 -0.23539 -0.25437 0.93391
1661398713.425145864 -0.51789 7.62829 1.01196 -0.08726 -0.23567 -0.25499 0.93372
1661398713.435146093 -0.51559 7.63322 1.01194 -0.08676 -0.23595 -0.25563 0.93352
1661398713.445145845 -0.51328 7.63819 1.01194 -0.08632 -0.23620 -0.25630 0.93331
1661398713.455146074 -0.51095 7.64318 1.01197 -0.08593 -0.23640 -0.25700 0.93310
1661398713.465146065 -0.50860 7.64819 1.01202 -0.08559 -0.23657 -0.25771 0.93290
1661398713.475146055 -0.50624 7.65322 1.01209 -0.08529 -0.23668 -0.25843 0.93270
1661398713.485146046 -0.50386 7.65827 1.01218 -0.08502 -0.23675 -0.25915 0.93250
1661398713.495146036 -0.50147 7.66333 1.01230 -0.08477 -0.23676 -0.25987 0.93232
1661398713.505146027 -0.49907 7.66841 1.01244 -0.08453 -0.23672 -0.26058 0.93216
1661398713.515146017 -0.49665 7.67350 1.01259 -0.08429 -0.23662 -0.26126 0.93201
1661398713.525146008 -0.49423 7.67861 1.01277 -0.08403 -0.23647 -0.26192 0.93189
1661398713.535145998 -0.49179 7.68372 1.01296 -0.08374 -0.23625 -0.26254 0.93180
1661398713.545145988 -0.48935 7.68883 1.01317 -0.08343 -0.23597 -0.26312 0.93173
1661398713.555145979 -0.48691 7.69395 1.01340 -0.08307 -0.23562 -0.26365 0.93170
1661398713.565145969 -0.48446 7.69907 1.01364 -0.08266 -0.23522 -0.26413 0.93170
1661398713.575146198 -0.48200 7.70420 1.01389 -0.08222 -0.23478 -0.26456 0.93173
1661398713.585145950 -0.47954 7.70934 1.01415 -0.08173 -0.23431 -0.26495 0.93179
1661398713.595146179 -0.47708 7.71448 1.01440 -0.08122 -0.23381 -0.26528 0.93186
1661398713.605145931 -0.47461 7.71962 1.01466 -0.08066 -0.23331 -0.26557 0.93195
1661398713.615146160 -0.47214 7.72478 1.01492 -0.08008 -0.23282 -0.26580 0.93206
1661398713.625145912 -0.46967 7.72994 1.01517 -0.07948 -0.23233 -0.26600 0.93218
1661398713.635146141 -0.46719 7.73511 1.01540 -0.07884 -0.23188 -0.26614 0.93230
1661398713.645145893 -0.46471 7.74029 1.01563 -0.07819 -0.23146 -0.26624 0.93243
1661398713.655146122 -0.46223 7.74549 1.01583 -0.07751 -0.23109 -0.26629 0.93256
1661398713.665145874 -0.45975 7.75068 1.01602 -0.07682 -0.23076 -0.26631 0.93270
1661398713.675146103 -0.45727 7.75588 1.01619 -0.07613 -0.23046 -0.26629 0.93284
1661398713.685145855 -0.45480 7.76107 1.01635 -0.07543 -0.23016 -0.26625 0.93298
1661398713.695146084 -0.45233 7.76626 1.01649 -0.07475 -0.22987 -0.26619 0.93312
1661398713.705146074 -0.44987 7.77143 1.01662 -0.07408 -0.22957 -0.26611 0.93327
1661398713.715146065 -0.44741 7.77658 1.01674 -0.07343 -0.22925 -0.26603 0.93342
1661398713.725146055 -0.44497 7.78172 1.01684 -0.07282 -0.22889 -0.26595 0.93358
1661398713.735146046 -0.44254 7.78682 1.01694 -0.07224 -0.22849 -0.26587 0.93375
1661398713.745146036 -0.44012 7.79189 1.01702 -0.07170 -0.22802 -0.26581 0.93392
1661398713.755146027 -0.43772 7.79693 1.01710 -0.07121 -0.22749 -0.26577 0.93410
1661398713.765146017 -0.43533 7.80192 1.01716 -0.07077 -0.22692 -0.26574 0.93428
1661398713.775146008 -0.43296 7.80688 1.01722 -0.07039 -0.22632 -0.26571 0.93446
1661398713.785145998 -0.43060 7.81179 1.01726 -0.07005 -0.22574 -0.26568 0.93464
1661398713.795145988 -0.42824 7.81665 1.01730 -0.06975 -0.22518 -0.26565 0.93480
1661398713.805145979 -0.42590 7.82146 1.01733 -0.06951 -0.22468 -0.26560 0.93496
1661398713.815145969 -0.42356 7.82621 1.01735 -0.06931 -0.22427 -0.26553 0.93509
1661398713.825145960 -0.42123 7.83091 1.01736 -0.06916 -0.22397 -0.26543 0.93520
1661398713.835146189 -0.41891 7.83555 1.01736 -0.06905 -0.22380 -0.26529 0.93529
1661398713.845145941 -0.41659 7.84013 1.01735 -0.06898 -0.22380 -0.26511 0.93535
1661398713.855146170 -0.41427 7.84465 1.01733 -0.06896 -0.22397 -0.26489 0.93537
1661398713.865145922 -0.41195 7.84910 1.01731 -0.06898 -0.22430 -0.26462 0.93537
1661398713.875146151 -0.40963 7.85347 1.01728 -0.06905 -0.22474 -0.26432 0.93534
1661398713.885145903 -0.40730 7.85778 1.01724 -0.06916 -0.22527 -0.26400 0.93529
1661398713.895146132 -0.40496 7.86201 1.01720 -0.06933 -0.22584 -0.26366 0.93524
1661398713.905145884 -0.40260 7.86616 1.01716 -0.06954 -0.22642 -0.26331 0.93518
1661398713.915146112 -0.40023 7.87023 1.01712 -0.06981 -0.22698 -0.26297 0.93512
1661398713.925145864 -0.39784 7.87423 1.01709 -0.07014 -0.22748 -0.26263 0.93507
1661398713.935146093 -0.39543 7.87813 1.01706 -0.07051 -0.22788 -0.26231 0.93503
1661398713.945145845 -0.39299 7.88195 1.01703 -0.07095 -0.22815 -0.26202 0.93502
1661398713.955146074 -0.39052 7.88568 1.01701 -0.07144 -0.22827 -0.26177 0.93502
1661398713.965146065 -0.38802 7.88932 1.01700 -0.07198 -0.22825 -0.26154 0.93505
1661398713.975146055 -0.38550 7.89288 1.01699 -0.07256 -0.22812 -0.26134 0.93509
1661398713.985146046 -0.38295 7.89635 1.01697 -0.07317 -0.22791 -0.26116 0.93515
1661398713.995146036 -0.38038 7.89974 1.01694 -0.07379 -0.22764 -0.26100 0.93521
1661398714.005146027 -0.37779 7.90305 1.01691 -0.07441 -0.22735 -0.26084 0.93527
1661398714.015146017 -0.37517 7.90628 1.01686 -0.07503 -0.22706 -0.26069 0.93534
1661398714.025146008 -0.37254 7.90944 1.01679 -0.07564 -0.22681 -0.26054 0.93539
1661398714.035145998 -0.36989 7.91252 1.01671 -0.07621 -0.22661 -0.26038 0.93544
1661398714.045145988 -0.36723 7.91554 1.01659 -0.07675 -0.22651 -0.26021 0.93547
1661398714.055145979 -0.36455 7.91848 1.01645 -0.07724 -0.22651 -0.26002 0.93548
1661398714.065145969 -0.36185 7.92136 1.01629 -0.07770 -0.22660 -0.25983 0.93547
1661398714.075146198 -0.35912 7.92417 1.01609 -0.07813 -0.22676 -0.25963 0.93545
1661398714.085145950 -0.35636 7.92692 1.01586 -0.07855 -0.22695 -0.25943 0.93543
1661398714.095146179 -0.35356 7.92961 1.01561 -0.07898 -0.22716 -0.25923 0.93539
1661398714.105145931 -0.35071 7.93224 1.01533 -0.07942 -0.22736 -0.25904 0.93536
1661398714.115146160 -0.34780 7.93481 1.01502 -0.07990 -0.22752 -0.25886 0.93533
1661398714.125145912 -0.34484 7.93733 1.01468 -0.08041 -0.22762 -0.25871 0.93530
1661398714.135146141 -0.34181 7.93979 1.01432 -0.08098 -0.22763 -0.25858 0.93529
1661398714.145145893 -0.33870 7.94220 1.01393 -0.08162 -0.22753 -0.25847 0.93529
1661398714.155146122 -0.33552 7.94457 1.01351 -0.08234 -0.22730 -0.25840 0.93530
1661398714.165145874 -0.33226 7.94689 1.01306 -0.08312 -0.22695 -0.25836 0.93533
1661398714.175146103 -0.32893 7.94917 1.01260 -0.08393 -0.22651 -0.25833 0.93537
1661398714.185145855 -0.32554 7.95141 1.01211 -0.08476 -0.22602 -0.25830 0.93542
1661398714.195146084 -0.32209 7.95362 1.01160 -0.08559 -0.22549 -0.25827 0.93548
1661398714.205146074 -0.31858 7.95581 1.01108 -0.08639 -0.22495 -0.25823 0.93555
1661398714.215146065 -0.31504 7.95797 1.01054 -0.08715 -0.22443 -0.25816 0.93562
1661398714.225146055 -0.31145 7.96012 1.00999 -0.08783 -0.22396 -0.25806 0.93570
1661398714.235146046 -0.30783 7.96225 1.00944 -0.08842 -0.22356 -0.25792 0.93578
1661398714.245146036 -0.30418 7.96438 1.00887 -0.08890 -0.22326 -0.25773 0.93586
1661398714.255146027 -0.30051 7.96650 1.00831 -0.08926 -0.22308 -0.25748 0.93594
1661398714.265146017 -0.29681 7.96862 1.00774 -0.08949 -0.22301 -0.25717 0.93601
1661398714.275146008 -0.29308 7.97074 1.00718 -0.08961 -0.22306 -0.25683 0.93608
1661398714.285145998 -0.28932 7.97286 1.00663 -0.08964 -0.22320 -0.25645 0.93615
1661398714.295145988 -0.28553 7.97500 1.00610 -0.08960 -0.22344 -0.25605 0.93621
1661398714.305145979 -0.28169 7.97714 1.00560 -0.08948 -0.22375 -0.25564 0.93626
1661398714.315145969 -0.27781 7.97929 1.00512 -0.08931 -0.22414 -0.25523 0.93629
1661398714.325145960 -0.27388 7.98146 1.00468 -0.08910 -0.22460 -0.25482 0.93631
1661398714.335146189 -0.26990 7.98365 1.00428 -0.08886 -0.22511 -0.25442 0.93632
1661398714.345145941 -0.26587 7.98586 1.00393 -0.08860 -0.22567 -0.25405 0.93631
1661398714.355146170 -0.26178 7.98809 1.00363 -0.08835 -0.22627 -0.25372 0.93628
1661398714.365145922 -0.25764 7.99033 1.00338 -0.08810 -0.22688 -0.25343 0.93624
1661398714.375146151 -0.25346 7.99258 1.00318 -0.08787 -0.22747 -0.25319 0.93618
1661398714.385145903 -0.24926 7.99481 1.00303 -0.08765 -0.22803 -0.25300 0.93611
1661398714.395146132 -0.24504 7.99702 1.00294 -0.08747 -0.22853 -0.25289 0.93604
1661398714.405145884 -0.24082 7.99920 1.00289 -0.08733 -0.22893 -0.25284 0.93597
1661398714.415146112 -0.23660 8.00133 1.00289 -0.08723 -0.22922 -0.25288 0.93590
1661398714.425145864 -0.23239 8.00341 1.00294 -0.08718 -0.22937 -0.25300 0.93583
1661398714.435146093 -0.22822 8.00542 1.00304 -0.08719 -0.22935 -0.25322 0.93578
1661398714.445145845 -0.22408 8.00735 1.00319 -0.08727 -0.22913 -0.25355 0.93573
1661398714.455146074 -0.21999 8.00919 1.00338 -0.08742 -0.22872 -0.25398 0.93570
1661398714.465146065 -0.21594 8.01096 1.00363 -0.08762 -0.22816 -0.25448 0.93569
1661398714.475146055 -0.21192 8.01266 1.00393 -0.08783 -0.22754 -0.25502 0.93567
1661398714.485146046 -0.20794 8.01431 1.00428 -0.08803 -0.22693 -0.25556 0.93565
1661398714.495146036 -0.20397 8.01592 1.00471 -0.08818 -0.22642 -0.25607 0.93562
1661398714.505146027 -0.20002 8.01751 1.00519 -0.08827 -0.22607 -0.25651 0.93558
1661398714.515146017 -0.19608 8.01906 1.00574 -0.08829 -0.22586 -0.25690 0.93552
1661398714.525146008 -0.19218 8.02060 1.00635 -0.08826 -0.22578 -0.25725 0.93544
1661398714.535145998 -0.18832 8.02213 1.00701 -0.08819 -0.22580 -0.25760 0.93535
1661398714.545145988 -0.18449 8.02364 1.00772 -0.08808 -0.22590 -0.25795 0.93524
1661398714.555145979 -0.18072 8.02516 1.00846 -0.08795 -0.22606 -0.25833 0.93511
1661398714.565145969 -0.17700 8.02667 1.00925 -0.08781 -0.22627 -0.25872 0.93496
1661398714.575146198 -0.17331 8.02819 1.01006 -0.08765 -0.22655 -0.25913 0.93480
1661398714.585145950 -0.16966 8.02973 1.01089 -0.08750 -0.22690 -0.25954 0.93461
1661398714.595146179 -0.16604 8.03128 1.01175 -0.08735 -0.22732 -0.25994 0.93441
1661398714.605145931 -0.16245 8.03286 1.01261 -0.08721 -0.22782 -0.26032 0.93420
1661398714.615146160 -0.15887 8.03447 1.01348 -0.08709 -0.22840 -0.26068 0.93397
1661398714.625145912 -0.15531 8.03611 1.01435 -0.08699 -0.22907 -0.26100 0.93372
1661398714.635146141 -0.15176 8.03780 1.01522 -0.08693 -0.22984 -0.26127 0.93346
1661398714.645145893 -0.14822 8.03954 1.01607 -0.08691 -0.23070 -0.26149 0.93319
1661398714.655146122 -0.14467 8.04133 1.01690 -0.08693 -0.23166 -0.26165 0.93291
1661398714.665145874 -0.14113 8.04316 1.01771 -0.08699 -0.23270 -0.26175 0.93262
1661398714.675146103 -0.13760 8.04503 1.01850 -0.08708 -0.23380 -0.26178 0.93232
1661398714.685145855 -0.13410 8.04692 1.01927 -0.08721 -0.23494 -0.26176 0.93203
1661398714.695146084 -0.13062 8.04883 1.02001 -0.08735 -0.23611 -0.26169 0.93174
1661398714.705146074 -0.12718 8.05075 1.02072 -0.08750 -0.23727 -0.26156 0.93147
1661398714.715146065 -0.12378 8.05267 1.02140 -0.08766 -0.23842 -0.26138 0.93121
1661398714.725146055 -0.12044 8.05458 1.02206 -0.08782 -0.23952 -0.26115 0.93098
1661398714.735146046 -0.11715 8.05647 1.02268 -0.08798 -0.24057 -0.26088 0.93077
1661398714.745146036 -0.11393 8.05833 1.02327 -0.08812 -0.24154 -0.26056 0.93059
1661398714.755146027 -0.11077 8.06015 1.02382 -0.08825 -0.24241 -0.26021 0.93045
1661398714.765146017 -0.10768 8.06194 1.02433 -0.08837 -0.24315 -0.25985 0.93035
1661398714.775146008 -0.10463 8.06371 1.02479 -0.08850 -0.24375 -0.25951 0.93027
1661398714.785145998 -0.10162 8.06548 1.02519 -0.08866 -0.24418 -0.25923 0.93022
1661398714.795145988 -0.09863 8.06724 1.02553 -0.08885 -0.24442 -0.25903 0.93020
1661398714.805145979 -0.09564 8.06901 1.02580 -0.08909 -0.24444 -0.25895 0.93019
1661398714.815145969 -0.09266 8.07078 1.02601 -0.08938 -0.24427 -0.25896 0.93021
1661398714.825145960 -0.08969 8.07256 1.02617 -0.08970 -0.24392 -0.25904 0.93024
1661398714.835146189 -0.08672 8.07433 1.02629 -0.09005 -0.24343 -0.25917 0.93031
1661398714.845145941 -0.08377 8.07611 1.02638 -0.09041 -0.24279 -0.25931 0.93040
1661398714.855146170 -0.08083 8.07789 1.02645 -0.09078 -0.24205 -0.25944 0.93052
1661398714.865145922 -0.07790 8.07967 1.02650 -0.09116 -0.24122 -0.25958 0.93066
1661398714.875146151 -0.07499 8.08147 1.02654 -0.09155 -0.24033 -0.25971 0.93081
1661398714.885145903 -0.07210 8.08328 1.02657 -0.09194 -0.23941 -0.25985 0.93097
1661398714.895146132 -0.06923 8.08511 1.02658 -0.09232 -0.23848 -0.26000 0.93113
1661398714.905145884 -0.06638 8.08697 1.02657 -0.09271 -0.23757 -0.26016 0.93128
1661398714.915146112 -0.06355 8.08887 1.02656 -0.09310 -0.23671 -0.26034 0.93141
1661398714.925145864 -0.06076 8.09081 1.02654 -0.09349 -0.23592 -0.26054 0.93152
1661398714.935146093 -0.05799 8.09280 1.02651 -0.09387 -0.23522 -0.26077 0.93159
1661398714.945145845 -0.05526 8.09485 1.02647 -0.09425 -0.23466 -0.26102 0.93162
1661398714.955146074 -0.05256 8.09695 1.02643 -0.09462 -0.23423 -0.26132 0.93161
1661398714.965146065 -0.04989 8.09912 1.02638 -0.09499 -0.23395 -0.26164 0.93155
1661398714.975146055 -0.04725 8.10134 1.02632 -0.09534 -0.23378 -0.26199 0.93146
1661398714.985146046 -0.04463 8.10363 1.02625 -0.09568 -0.23372 -0.26237 0.93133
1661398714.995146036 -0.04203 8.10598 1.02616 -0.09600 -0.23374 -0.26277 0.93118
1661398715.005146027 -0.03943 8.10838 1.02606 -0.09630 -0.23384 -0.26320 0.93101
1661398715.015146017 -0.03685 8.11085 1.02594 -0.09658 -0.23400 -0.26364 0.93081
1661398715.025146008 -0.03427 8.11337 1.02579 -0.09684 -0.23420 -0.26409 0.93061
1661398715.035145998 -0.03168 8.11595 1.02563 -0.09707 -0.23443 -0.26456 0.93039
1661398715.045145988 -0.02909 8.11859 1.02544 -0.09728 -0.23467 -0.26503 0.93017
1661398715.055145979 -0.02649 8.12128 1.02523 -0.09745 -0.23491 -0.26551 0.92996
1661398715.065145969 -0.02388 8.12403 1.02499 -0.09760 -0.23514 -0.26599 0.92975
1661398715.075146198 -0.02126 8.12683 1.02473 -0.09772 -0.23535 -0.26648 0.92955
1661398715.085145950 -0.01863 8.12969 1.02446 -0.09781 -0.23552 -0.26696 0.92935
1661398715.095146179 -0.01600 8.13261 1.02418 -0.09789 -0.23567 -0.26745 0.92917
1661398715.105145931 -0.01336 8.13558 1.02390 -0.09794 -0.23577 -0.26793 0.92900
1661398715.115146160 -0.01071 8.13860 1.02361 -0.09797 -0.23582 -0.26842 0.92884
1661398715.125145912 -0.00806 8.14167 1.02333 -0.09799 -0.23581 -0.26890 0.92870
1661398715.135146141 -0.00541 8.14480 1.02305 -0.09800 -0.23573 -0.26938 0.92858
1661398715.145145893 -0.00276 8.14797 1.02279 -0.09799 -0.23557 -0.26985 0.92849
1661398715.155146122 -0.00010 8.15120 1.02255 -0.09797 -0.23534 -0.27031 0.92841
1661398715.165145874 0.00256 8.15449 1.02232 -0.09795 -0.23503 -0.27077 0.92836
1661398715.175146103 0.00522 8.15782 1.02210 -0.09791 -0.23467 -0.27122 0.92832
1661398715.185145855 0.00789 8.16121 1.02190 -0.09788 -0.23426 -0.27166 0.92830
1661398715.195146084 0.01057 8.16466 1.02172 -0.09784 -0.23382 -0.27210 0.92829
1661398715.205146074 0.01325 8.16816 1.02154 -0.09780 -0.23336 -0.27253 0.92828
1661398715.215146065 0.01594 8.17172 1.02138 -0.09776 -0.23290 -0.27296 0.92828
1661398715.225146055 0.01864 8.17534 1.02124 -0.09772 -0.23244 -0.27338 0.92827
1661398715.235146046 0.02135 8.17903 1.02110 -0.09769 -0.23201 -0.27380 0.92826
1661398715.245146036 0.02408 8.18277 1.02098 -0.09766 -0.23160 -0.27421 0.92824
1661398715.255146027 0.02682 8.18658 1.02087 -0.09764 -0.23125 -0.27461 0.92821
1661398715.265146017 0.02957 8.19044 1.02077 -0.09761 -0.23093 -0.27502 0.92817
1661398715.275146008 0.03233 8.19437 1.02069 -0.09757 -0.23066 -0.27543 0.92812
1661398715.285145998 0.03510 8.19835 1.02062 -0.09750 -0.23042 -0.27584 0.92807
1661398715.295145988 0.03788 8.20239 1.02056 -0.09740 -0.23020 -0.27627 0.92801
1661398715.305145979 0.04067 8.20649 1.02053 -0.09724 -0.23002 -0.27670 0.92794
1661398715.315145969 0.04346 8.21063 1.02051 -0.09703 -0.22985 -0.27715 0.92787
1661398715.325145960 0.04626 8.21483 1.02052 -0.09674 -0.22971 -0.27762 0.92779
1661398715.335146189 0.04907 8.21907 1.02055 -0.09637 -0.22957 -0.27812 0.92772
1661398715.345145941 0.05187 8.22336 1.02060 -0.09591 -0.22945 -0.27864 0.92764
1661398715.355146170 0.05467 8.22769 1.02067 -0.09534 -0.22933 -0.27918 0.92756
1661398715.365145922 0.05748 8.23206 1.02078 -0.09469 -0.22921 -0.27975 0.92749
1661398715.375146151 0.06030 8.23648 1.02091 -0.09398 -0.22909 -0.28033 0.92742
1661398715.385145903 0.06313 8.24093 1.02106 -0.09323 -0.22897 -0.28091 0.92735
1661398715.395146132 0.06597 8.24542 1.02124 -0.09245 -0.22885 -0.28149 0.92728
1661398715.405145884 0.06883 8.24994 1.02145 -0.09167 -0.22872 -0.28206 0.92721
1661398715.415146112 0.07170 8.25450 1.02168 -0.09091 -0.22859 -0.28260 0.92716
1661398715.425145864 0.07461 8.25908 1.02195 -0.09020 -0.22845 -0.28311 0.92710
1661398715.435146093 0.07754 8.26370 1.02223 -0.08954 -0.22830 -0.28359 0.92706
1661398715.445145845 0.08049 8.26834 1.02255 -0.08897 -0.22815 -0.28402 0.92702
1661398715.455146074 0.08349 8.27300 1.02290 -0.08849 -0.22797 -0.28439 0.92699
1661398715.465146065 0.08651 8.27770 1.02326 -0.08811 -0.22779 -0.28472 0.92697
1661398715.475146055 0.08955 8.28242 1.02365 -0.08782 -0.22760 -0.28500 0.92696
1661398715.485146046 0.09260 8.28718 1.02404 -0.08760 -0.22741 -0.28525 0.92695
1661398715.495146036 0.09567 8.29197 1.02445 -0.08744 -0.22722 -0.28546 0.92695
1661398715.505146027 0.09874 8.29680 1.02485 -0.08735 -0.22703 -0.28564 0.92695
1661398715.515146017 0.10181 8.30167 1.02526 -0.08730 -0.22685 -0.28580 0.92695
1661398715.525146008 0.10487 8.30658 1.02566 -0.08730 -0.22668 -0.28595 0.92695
1661398715.535145998 0.10792 8.31154 1.02604 -0.08732 -0.22652 -0.28608 0.92694
1661398715.545145988 0.11095 8.31654 1.02641 -0.08737 -0.22637 -0.28621 0.92693
1661398715.555145979 0.11395 8.32160 1.02675 -0.08743 -0.22624 -0.28634 0.92692
1661398715.565145969 0.11693 8.32669 1.02708 -0.08750 -0.22613 -0.28646 0.92690
1661398715.575146198 0.11989 8.33182 1.02738 -0.08755 -0.22603 -0.28658 0.92689
1661398715.585145950 0.12282 8.33698 1.02767 -0.08760 -0.22594 -0.28668 0.92687
1661398715.595146179 0.12573 8.34215 1.02794 -0.08762 -0.22586 -0.28678 0.92686
1661398715.605145931 0.12862 8.34734 1.02820 -0.08760 -0.22580 -0.28686 0.92685
1661398715.615146160 0.13148 8.35252 1.02844 -0.08754 -0.22574 -0.28692 0.92685
1661398715.625145912 0.13433 8.35770 1.02868 -0.08744 -0.22568 -0.28696 0.92687
1661398715.635146141 0.13716 8.36286 1.02890 -0.08726 -0.22563 -0.28697 0.92689
1661398715.645145893 0.13997 8.36801 1.02912 -0.08702 -0.22558 -0.28695 0.92693
1661398715.655146122 0.14276 8.37312 1.02933 -0.08670 -0.22553 -0.28690 0.92699
1661398715.665145874 0.14553 8.37820 1.02954 -0.08631 -0.22548 -0.28683 0.92706
1661398715.675146103 0.14829 8.38326 1.02975 -0.08586 -0.22542 -0.28674 0.92714
1661398715.685145855 0.15102 8.38828 1.02996 -0.08534 -0.22536 -0.28663 0.92724
1661398715.695146084 0.15374 8.39329 1.03017 -0.08478 -0.22528 -0.28652 0.92734
1661398715.705146074 0.15644 8.39827 1.03038 -0.08417 -0.22520 -0.28640 0.92746
1661398715.715146065 0.15911 8.40322 1.03060 -0.08353 -0.22510 -0.28629 0.92757
1661398715.725146055 0.16177 8.40815 1.03083 -0.08287 -0.22498 -0.28620 0.92769
1661398715.735146046 0.16440 8.41307 1.03107 -0.08218 -0.22485 -0.28611 0.92781
1661398715.745146036 0.16701 8.41796 1.03132 -0.08148 -0.22470 -0.28606 0.92792
1661398715.755146027 0.16960 8.42284 1.03158 -0.08078 -0.22452 -0.28602 0.92804
1661398715.765146017 0.17217 8.42770 1.03185 -0.08008 -0.22433 -0.28602 0.92815
1661398715.775146008 0.17472 8.43254 1.03212 -0.07940 -0.22413 -0.28604 0.92825
1661398715.785145998 0.17726 8.43736 1.03237 -0.07873 -0.22391 -0.28608 0.92834
1661398715.795145988 0.17980 8.44217 1.03261 -0.07809 -0.22369 -0.28614 0.92843
1661398715.805145979 0.18232 8.44696 1.03282 -0.07748 -0.22347 -0.28621 0.92852
1661398715.815145969 0.18484 8.45173 1.03299 -0.07691 -0.22326 -0.28629 0.92859
1661398715.825145960 0.18737 8.45648 1.03313 -0.07640 -0.22306 -0.28639 0.92865
1661398715.835146189 0.18989 8.46122 1.03321 -0.07594 -0.22287 -0.28649 0.92870
1661398715.845145941 0.19243 8.46594 1.03323 -0.07554 -0.22270 -0.28659 0.92874
1661398715.855146170 0.19497 8.47064 1.03319 -0.07522 -0.22256 -0.28669 0.92877
1661398715.865145922 0.19752 8.47531 1.03309 -0.07497 -0.22242 -0.28679 0.92879
1661398715.875146151 0.20009 8.47995 1.03293 -0.07480 -0.22229 -0.28689 0.92881
1661398715.885145903 0.20266 8.48456 1.03273 -0.07471 -0.22216 -0.28697 0.92882
1661398715.895146132 0.20525 8.48913 1.03248 -0.07470 -0.22200 -0.28705 0.92884
1661398715.905145884 0.20784 8.49364 1.03221 -0.07477 -0.22182 -0.28712 0.92885
1661398715.915146112 0.21045 8.49810 1.03190 -0.07492 -0.22160 -0.28717 0.92888
1661398715.925145864 0.21306 8.50250 1.03157 -0.07516 -0.22134 -0.28720 0.92891
1661398715.935146093 0.21569 8.50683 1.03123 -0.07549 -0.22101 -0.28721 0.92896
1661398715.945145845 0.21833 8.51108 1.03089 -0.07591 -0.22062 -0.28720 0.92902
1661398715.955146074 0.22097 8.51526 1.03054 -0.07642 -0.22015 -0.28717 0.92910
1661398715.965146065 0.22363 8.51936 1.03019 -0.07702 -0.21962 -0.28711 0.92920
1661398715.975146055 0.22631 8.52339 1.02984 -0.07768 -0.21906 -0.28702 0.92930
1661398715.985146046 0.22900 8.52736 1.02949 -0.07841 -0.21847 -0.28692 0.92941
1661398715.995146036 0.23171 8.53128 1.02915 -0.07920 -0.21789 -0.28680 0.92952
1661398716.005146027 0.23443 8.53515 1.02881 -0.08003 -0.21733 -0.28666 0.92962
1661398716.015146017 0.23717 8.53897 1.02848 -0.08089 -0.21682 -0.28650 0.92971
1661398716.025146008 0.23994 8.54276 1.02815 -0.08178 -0.21637 -0.28633 0.92979
1661398716.035145998 0.24272 8.54653 1.02784 -0.08269 -0.21600 -0.28615 0.92985
1661398716.045145988 0.24553 8.55027 1.02753 -0.08360 -0.21574 -0.28596 0.92989
1661398716.055145979 0.24837 8.55399 1.02723 -0.08452 -0.21560 -0.28575 0.92990
1661398716.065145969 0.25123 8.55769 1.02694 -0.08543 -0.21556 -0.28555 0.92989
1661398716.075146198 0.25411 8.56139 1.02666 -0.08634 -0.21561 -0.28534 0.92986
1661398716.085145950 0.25701 8.56506 1.02638 -0.08725 -0.21574 -0.28513 0.92981
1661398716.095146179 0.25993 8.56872 1.02610 -0.08816 -0.21591 -0.28493 0.92974
1661398716.105145931 0.26287 8.57237 1.02582 -0.08908 -0.21612 -0.28474 0.92967
1661398716.115146160 0.26582 8.57599 1.02554 -0.09001 -0.21634 -0.28456 0.92958
1661398716.125145912 0.26879 8.57961 1.02525 -0.09094 -0.21656 -0.28440 0.92949
1661398716.135146141 0.27177 8.58321 1.02495 -0.09188 -0.21676 -0.28427 0.92939
1661398716.145145893 0.27477 8.58679 1.02464 -0.09283 -0.21692 -0.28415 0.92929
1661398716.155146122 0.27777 8.59036 1.02431 -0.09380 -0.21703 -0.28407 0.92920
1661398716.165145874 0.28079 8.59391 1.02397 -0.09476 -0.21709 -0.28402 0.92910
1661398716.175146103 0.28382 8.59746 1.02361 -0.09572 -0.21713 -0.28399 0.92900
1661398716.185145855 0.28687 8.60101 1.02324 -0.09667 -0.21715 -0.28400 0.92889
1661398716.195146084 0.28994 8.60456 1.02284 -0.09760 -0.21719 -0.28403 0.92878
1661398716.205146074 0.29302 8.60812 1.02243 -0.09849 -0.21725 -0.28409 0.92865
1661398716.215146065 0.29614 8.61169 1.02199 -0.09935 -0.21734 -0.28419 0.92851
1661398716.225146055 0.29927 8.61527 1.02153 -0.10016 -0.21750 -0.28432 0.92835
1661398716.235146046 0.30244 8.61887 1.02104 -0.10091 -0.21773 -0.28447 0.92816
1661398716.245146036 0.30563 8.62249 1.02053 -0.10160 -0.21804 -0.28466 0.92796
1661398716.255146027 0.30886 8.62615 1.01998 -0.10221 -0.21846 -0.28488 0.92772
1661398716.265146017 0.31212 8.62982 1.01942 -0.10275 -0.21896 -0.28512 0.92747
1661398716.275146008 0.31542 8.63353 1.01883 -0.10321 -0.21954 -0.28537 0.92721
1661398716.285145998 0.31876 8.63727 1.01822 -0.10358 -0.22018 -0.28562 0.92694
1661398716.295145988 0.32214 8.64103 1.01760 -0.10386 -0.22085 -0.28587 0.92667
1661398716.305145979 0.32558 8.64483 1.01697 -0.10404 -0.22156 -0.28610 0.92641
1661398716.315145969 0.32906 8.64865 1.01633 -0.10413 -0.22228 -0.28630 0.92617
1661398716.325145960 0.33259 8.65250 1.01569 -0.10411 -0.22299 -0.28646 0.92595
1661398716.335146189 0.33619 8.65639 1.01504 -0.10399 -0.22368 -0.28657 0.92576
1661398716.345145941 0.33984 8.66030 1.01440 -0.10375 -0.22433 -0.28662 0.92561
1661398716.355146170 0.34355 8.66424 1.01376 -0.10340 -0.22494 -0.28661 0.92551
1661398716.365145922 0.34732 8.66821 1.01313 -0.10295 -0.22548 -0.28655 0.92545
1661398716.375146151 0.35115 8.67221 1.01253 -0.10240 -0.22596 -0.28645 0.92542
1661398716.385145903 0.35504 8.67623 1.01195 -0.10178 -0.22635 -0.28631 0.92543
1661398716.395146132 0.35898 8.68027 1.01141 -0.10109 -0.22667 -0.28617 0.92548
1661398716.405145884 0.36297 8.68433 1.01091 -0.10035 -0.22689 -0.28603 0.92555
1661398716.415146112 0.36702 8.68840 1.01047 -0.09957 -0.22701 -0.28590 0.92564
1661398716.425145864 0.37111 8.69249 1.01008 -0.09876 -0.22703 -0.28580 0.92576
1661398716.435146093 0.37525 8.69658 1.00976 -0.09793 -0.22692 -0.28575 0.92589
1661398716.445145845 0.37944 8.70069 1.00951 -0.09710 -0.22669 -0.28575 0.92603
1661398716.455146074 0.38366 8.70478 1.00934 -0.09628 -0.22633 -0.28582 0.92618
1661398716.465146065 0.38789 8.70874 1.00924 -0.09545 -0.22580 -0.28604 0.92633
1661398716.475146055 0.39208 8.71244 1.00920 -0.09461 -0.22508 -0.28645 0.92646
1661398716.485146046 0.39620 8.71576 1.00921 -0.09373 -0.22415 -0.28712 0.92657
1661398716.495146036 0.40025 8.71876 1.00929 -0.09281 -0.22306 -0.28798 0.92666
1661398716.505146027 0.40423 8.72159 1.00948 -0.09185 -0.22192 -0.28890 0.92674
1661398716.515146017 0.40816 8.72444 1.00982 -0.09082 -0.22081 -0.28974 0.92685
1661398716.525146008 0.41204 8.72740 1.01032 -0.08975 -0.21982 -0.29043 0.92697
1661398716.535145998 0.41590 8.73045 1.01096 -0.08864 -0.21895 -0.29096 0.92711
1661398716.545145988 0.41973 8.73358 1.01172 -0.08753 -0.21824 -0.29136 0.92726
1661398716.555145979 0.42355 8.73678 1.01255 -0.08642 -0.21769 -0.29164 0.92741
1661398716.565145969 0.42736 8.74002 1.01344 -0.08533 -0.21729 -0.29181 0.92755
1661398716.575146198 0.43116 8.74330 1.01438 -0.08427 -0.21702 -0.29190 0.92768
1661398716.585145950 0.43492 8.74662 1.01534 -0.08326 -0.21687 -0.29193 0.92780
1661398716.595146179 0.43867 8.74997 1.01631 -0.08232 -0.21681 -0.29192 0.92790
1661398716.605145931 0.44237 8.75334 1.01726 -0.08145 -0.21684 -0.29188 0.92798
1661398716.615146160 0.44605 8.75672 1.01819 -0.08067 -0.21692 -0.29184 0.92805
1661398716.625145912 0.44968 8.76012 1.01907 -0.07999 -0.21706 -0.29181 0.92808
1661398716.635146141 0.45326 8.76351 1.01988 -0.07942 -0.21722 -0.29182 0.92809
1661398716.645145893 0.45679 8.76690 1.02061 -0.07899 -0.21739 -0.29188 0.92807
1661398716.655146122 0.46027 8.77027 1.02124 -0.07869 -0.21756 -0.29202 0.92801
1661398716.665145874 0.46369 8.77363 1.02179 -0.07854 -0.21773 -0.29219 0.92793
1661398716.675146103 0.46706 8.77697 1.02226 -0.07855 -0.21791 -0.29237 0.92783
1661398716.685145855 0.47039 8.78028 1.02268 -0.07872 -0.21811 -0.29253 0.92772
1661398716.695146084 0.47366 8.78355 1.02306 -0.07906 -0.21835 -0.29263 0.92760
1661398716.705146074 0.47690 8.78679 1.02341 -0.07956 -0.21861 -0.29264 0.92749
1661398716.715146065 0.48009 8.79000 1.02374 -0.08022 -0.21889 -0.29256 0.92740
1661398716.725146055 0.48324 8.79317 1.02405 -0.08100 -0.21914 -0.29240 0.92732
1661398716.735146046 0.48636 8.79631 1.02434 -0.08187 -0.21934 -0.29217 0.92726
1661398716.745146036 0.48944 8.79942 1.02462 -0.08282 -0.21947 -0.29188 0.92724
1661398716.755146027 0.49249 8.80250 1.02489 -0.08381 -0.21949 -0.29153 0.92726
1661398716.765146017 0.49551 8.80555 1.02515 -0.08484 -0.21942 -0.29113 0.92731
1661398716.775146008 0.49850 8.80859 1.02540 -0.08590 -0.21929 -0.29070 0.92738
1661398716.785145998 0.50147 8.81160 1.02564 -0.08697 -0.21910 -0.29025 0.92746
1661398716.795145988 0.50442 8.81459 1.02588 -0.08806 -0.21890 -0.28981 0.92755
1661398716.805145979 0.50735 8.81756 1.02612 -0.08916 -0.21868 -0.28938 0.92763
1661398716.815145969 0.51027 8.82052 1.02636 -0.09024 -0.21848 -0.28897 0.92769
1661398716.825145960 0.51318 8.82346 1.02659 -0.09132 -0.21832 -0.28861 0.92774
1661398716.835146189 0.51609 8.82640 1.02683 -0.09238 -0.21822 -0.28831 0.92775
1661398716.845145941 0.51899 8.82933 1.02708 -0.09340 -0.21819 -0.28808 0.92773
1661398716.855146170 0.52189 8.83225 1.02733 -0.09439 -0.21826 -0.28793 0.92766
1661398716.865145922 0.52478 8.83516 1.02758 -0.09534 -0.21842 -0.28786 0.92755
1661398716.875146151 0.52767 8.83807 1.02784 -0.09624 -0.21867 -0.28786 0.92739
1661398716.885145903 0.53055 8.84097 1.02810 -0.09707 -0.21900 -0.28793 0.92721
1661398716.895146132 0.53342 8.84386 1.02836 -0.09785 -0.21940 -0.28806 0.92699
1661398716.905145884 0.53627 8.84674 1.02862 -0.09854 -0.21988 -0.28824 0.92675
1661398716.915146112 0.53909 8.84962 1.02888 -0.09916 -0.22042 -0.28846 0.92648
1661398716.925145864 0.54190 8.85249 1.02913 -0.09969 -0.22101 -0.28872 0.92620
1661398716.935146093 0.54468 8.85534 1.02938 -0.10013 -0.22166 -0.28902 0.92591
1661398716.945145845 0.54742 8.85819 1.02962 -0.10046 -0.22235 -0.28934 0.92561
1661398716.955146074 0.55014 8.86103 1.02985 -0.10069 -0.22308 -0.28967 0.92530
1661398716.965146065 0.55282 8.86385 1.03007 -0.10083 -0.22383 -0.29003 0.92500
1661398716.975146055 0.55548 8.86668 1.03027 -0.10088 -0.22459 -0.29040 0.92469
1661398716.985146046 0.55812 8.86950 1.03045 -0.10086 -0.22534 -0.29079 0.92438
1661398716.995146036 0.56073 8.87233 1.03061 -0.10078 -0.22607 -0.29121 0.92408
1661398717.005146027 0.56333 8.87516 1.03075 -0.10067 -0.22676 -0.29165 0.92379
1661398717.015146017 0.56592 8.87799 1.03085 -0.10053 -0.22739 -0.29212 0.92350
1661398717.025146008 0.56850 8.88084 1.03091 -0.10037 -0.22795 -0.29262 0.92322
1661398717.035145998 0.57107 8.88370 1.03094 -0.10021 -0.22842 -0.29314 0.92296
1661398717.045145988 0.57364 8.88658 1.03093 -0.10006 -0.22879 -0.29369 0.92271
1661398717.055145979 0.57622 8.88947 1.03087 -0.09994 -0.22905 -0.29428 0.92247
1661398717.065145969 0.57880 8.89238 1.03077 -0.09984 -0.22919 -0.29490 0.92225
1661398717.075146198 0.58139 8.89532 1.03064 -0.09976 -0.22924 -0.29555 0.92204
1661398717.085145950 0.58401 8.89827 1.03047 -0.09971 -0.22919 -0.29623 0.92183
1661398717.095146179 0.58664 8.90125 1.03028 -0.09967 -0.22906 -0.29695 0.92164
1661398717.105145931 0.58931 8.90425 1.03006 -0.09964 -0.22886 -0.29770 0.92145
1661398717.115146160 0.59202 8.90727 1.02982 -0.09963 -0.22860 -0.29849 0.92126
1661398717.125145912 0.59476 8.91031 1.02957 -0.09963 -0.22828 -0.29932 0.92107
1661398717.135146141 0.59756 8.91338 1.02930 -0.09965 -0.22792 -0.30018 0.92088
1661398717.145145893 0.60041 8.91647 1.02903 -0.09966 -0.22752 -0.30108 0.92068
1661398717.155146122 0.60331 8.91958 1.02876 -0.09969 -0.22710 -0.30201 0.92048
1661398717.165145874 0.60627 8.92273 1.02848 -0.09971 -0.22666 -0.30297 0.92027
1661398717.175146103 0.60928 8.92590 1.02820 -0.09973 -0.22621 -0.30395 0.92005
1661398717.185145855 0.61233 8.92910 1.02792 -0.09974 -0.22575 -0.30493 0.91984
1661398717.195146084 0.61543 8.93234 1.02763 -0.09973 -0.22530 -0.30592 0.91963
1661398717.205146074 0.61856 8.93563 1.02734 -0.09970 -0.22485 -0.30688 0.91942
1661398717.215146065 0.62171 8.93895 1.02703 -0.09964 -0.22443 -0.30782 0.91921
1661398717.225146055 0.62490 8.94231 1.02672 -0.09955 -0.22402 -0.30873 0.91902
1661398717.235146046 0.62810 8.94573 1.02640 -0.09943 -0.22365 -0.30959 0.91883
1661398717.245146036 0.63132 8.94919 1.02607 -0.09925 -0.22331 -0.31039 0.91866
1661398717.255146027 0.63455 8.95271 1.02574 -0.09904 -0.22302 -0.31113 0.91850
1661398717.265146017 0.63779 8.95628 1.02539 -0.09877 -0.22276 -0.31181 0.91836
1661398717.275146008 0.64105 8.95991 1.02505 -0.09846 -0.22253 -0.31245 0.91824
1661398717.285145998 0.64432 8.96358 1.02472 -0.09810 -0.22231 -0.31304 0.91813
1661398717.295145988 0.64762 8.96731 1.02440 -0.09769 -0.22208 -0.31360 0.91804
1661398717.305145979 0.65094 8.97109 1.02409 -0.09725 -0.22185 -0.31413 0.91796
1661398717.315145969 0.65428 8.97493 1.02382 -0.09675 -0.22159 -0.31465 0.91789
1661398717.325145960 0.65765 8.97881 1.02357 -0.09622 -0.22130 -0.31516 0.91785
1661398717.335146189 0.66105 8.98275 1.02336 -0.09565 -0.22097 -0.31567 0.91781
1661398717.345145941 0.66448 8.98674 1.02319 -0.09503 -0.22058 -0.31620 0.91779
1661398717.355146170 0.66794 8.99078 1.02306 -0.09437 -0.22012 -0.31674 0.91778
1661398717.365145922 0.67144 8.99487 1.02298 -0.09369 -0.21961 -0.31729 0.91778
1661398717.375146151 0.67497 8.99900 1.02294 -0.09300 -0.21905 -0.31785 0.91779
1661398717.385145903 0.67852 9.00317 1.02293 -0.09230 -0.21847 -0.31840 0.91781
1661398717.395146132 0.68211 9.00737 1.02294 -0.09162 -0.21786 -0.31896 0.91783
1661398717.405145884 0.68572 9.01161 1.02298 -0.09096 -0.21724 -0.31950 0.91785
1661398717.415146112 0.68935 9.01588 1.02303 -0.09034 -0.21663 -0.32003 0.91787
1661398717.425145864 0.69300 9.02017 1.02309 -0.08977 -0.21603 -0.32054 0.91790
1661398717.435146093 0.69668 9.02448 1.02315 -0.08927 -0.21545 -0.32101 0.91791
1661398717.445145845 0.70037 9.02881 1.02321 -0.08884 -0.21492 -0.32146 0.91792
1661398717.455146074 0.70409 9.03315 1.02327 -0.08850 -0.21443 -0.32186 0.91793
1661398717.465146065 0.70781 9.03751 1.02333 -0.08824 -0.21397 -0.32224 0.91793
1661398717.475146055 0.71154 9.04187 1.02338 -0.08803 -0.21353 -0.32258 0.91793
1661398717.485146046 0.71528 9.04625 1.02343 -0.08786 -0.21310 -0.32289 0.91794
1661398717.495146036 0.71901 9.05064 1.02349 -0.08772 -0.21265 -0.32318 0.91795
1661398717.505146027 0.72275 9.05504 1.02356 -0.08759 -0.21217 -0.32345 0.91798
1661398717.515146017 0.72647 9.05945 1.02364 -0.08745 -0.21165 -0.32370 0.91803
1661398717.525146008 0.73018 9.06387 1.02373 -0.08728 -0.21106 -0.32395 0.91809
1661398717.535145998 0.73388 9.06830 1.02383 -0.08708 -0.21040 -0.32418 0.91818
1661398717.545145988 0.73756 9.07274 1.02396 -0.08681 -0.20964 -0.32441 0.91830
1661398717.555145979 0.74121 9.07719 1.02410 -0.08648 -0.20878 -0.32464 0.91844
1661398717.565145969 0.74484 9.08165 1.02427 -0.08609 -0.20785 -0.32486 0.91862
1661398717.575146198 0.74844 9.08612 1.02446 -0.08566 -0.20686 -0.32506 0.91881
1661398717.585145950 0.75203 9.09061 1.02467 -0.08520 -0.20585 -0.32524 0.91901
1661398717.595146179 0.75559 9.09511 1.02490 -0.08474 -0.20486 -0.32540 0.91922
1661398717.605145931 0.75913 9.09963 1.02516 -0.08429 -0.20391 -0.32551 0.91943
1661398717.615146160 0.76266 9.10417 1.02544 -0.08387 -0.20304 -0.32559 0.91964
1661398717.625145912 0.76617 9.10874 1.02574 -0.08350 -0.20227 -0.32562 0.91983
1661398717.635146141 0.76966 9.11332 1.02606 -0.08319 -0.20163 -0.32559 0.92001
1661398717.645145893 0.77313 9.11793 1.02641 -0.08296 -0.20117 -0.32550 0.92016
1661398717.655146122 0.77660 9.12257 1.02678 -0.08281 -0.20089 -0.32534 0.92029
1661398717.665145874 0.78004 9.12723 1.02717 -0.08276 -0.20079 -0.32512 0.92040
1661398717.675146103 0.78347 9.13191 1.02757 -0.08278 -0.20087 -0.32483 0.92048
1661398717.685145855 0.78689 9.13660 1.02797 -0.08285 -0.20109 -0.32449 0.92055
1661398717.695146084 0.79029 9.14130 1.02837 -0.08297 -0.20146 -0.32409 0.92060
1661398717.705146074 0.79367 9.14600 1.02876 -0.08313 -0.20194 -0.32363 0.92064
1661398717.715146065 0.79704 9.15071 1.02913 -0.08331 -0.20253 -0.32313 0.92067
1661398717.725146055 0.80039 9.15540 1.02948 -0.08350 -0.20322 -0.32258 0.92069
1661398717.735146046 0.80372 9.16009 1.02980 -0.08368 -0.20399 -0.32199 0.92071
1661398717.745146036 0.80704 9.16476 1.03008 -0.08385 -0.20481 -0.32137 0.92073
1661398717.755146027 0.81034 9.16942 1.03031 -0.08399 -0.20569 -0.32070 0.92075
1661398717.765146017 0.81363 9.17405 1.03051 -0.08412 -0.20659 -0.32001 0.92078
1661398717.775146008 0.81691 9.17864 1.03066 -0.08422 -0.20750 -0.31929 0.92082
1661398717.785145998 0.82019 9.18321 1.03078 -0.08432 -0.20840 -0.31855 0.92086
1661398717.795145988 0.82348 9.18773 1.03087 -0.08442 -0.20926 -0.31781 0.92091
1661398717.805145979 0.82678 9.19220 1.03092 -0.08453 -0.21007 -0.31706 0.92098
1661398717.815145969 0.83009 9.19662 1.03095 -0.08464 -0.21081 -0.31632 0.92105
1661398717.825145960 0.83343 9.20099 1.03095 -0.08478 -0.21145 -0.31558 0.92115
1661398717.835146189 0.83680 9.20529 1.03092 -0.08495 -0.21198 -0.31486 0.92125
1661398717.845145941 0.84020 9.20953 1.03088 -0.08514 -0.21237 -0.31417 0.92138
1661398717.855146170 0.84365 9.21369 1.03082 -0.08538 -0.21262 -0.31350 0.92153
1661398717.865145922 0.84713 9.21778 1.03074 -0.08566 -0.21273 -0.31285 0.92170
1661398717.875146151 0.85064 9.22180 1.03065 -0.08598 -0.21272 -0.31223 0.92189
1661398717.885145903 0.85418 9.22574 1.03054 -0.08635 -0.21260 -0.31162 0.92209
1661398717.895146132 0.85775 9.22962 1.03043 -0.08676 -0.21239 -0.31101 0.92230
1661398717.905145884 0.86134 9.23343 1.03031 -0.08721 -0.21210 -0.31041 0.92253
1661398717.915146112 0.86494 9.23717 1.03019 -0.08772 -0.21176 -0.30980 0.92276
1661398717.925145864 0.86856 9.24085 1.03006 -0.08827 -0.21137 -0.30919 0.92300
1661398717.935146093 0.87218 9.24445 1.02993 -0.08887 -0.21095 -0.30856 0.92325
1661398717.945145845 0.87581 9.24800 1.02980 -0.08952 -0.21053 -0.30791 0.92350
1661398717.955146074 0.87945 9.25148 1.02968 -0.09021 -0.21011 -0.30724 0.92375
1661398717.965146065 0.88308 9.25489 1.02956 -0.09095 -0.20970 -0.30656 0.92400
1661398717.975146055 0.88672 9.25825 1.02944 -0.09172 -0.20931 -0.30587 0.92424
1661398717.985146046 0.89037 9.26154 1.02932 -0.09251 -0.20897 -0.30517 0.92447
1661398717.995146036 0.89402 9.26478 1.02919 -0.09330 -0.20866 -0.30449 0.92468
1661398718.005146027 0.89769 9.26796 1.02906 -0.09409 -0.20841 -0.30383 0.92488
1661398718.015146017 0.90136 9.27109 1.02893 -0.09487 -0.20823 -0.30320 0.92504
1661398718.025146008 0.90505 9.27417 1.02878 -0.09562 -0.20812 -0.30261 0.92519
1661398718.035145998 0.90876 9.27720 1.02863 -0.09633 -0.20810 -0.30207 0.92529
1661398718.045145988 0.91248 9.28017 1.02847 -0.09700 -0.20818 -0.30158 0.92537
1661398718.055145979 0.91622 9.28310 1.02829 -0.09761 -0.20835 -0.30115 0.92540
1661398718.065145969 0.91998 9.28599 1.02810 -0.09816 -0.20862 -0.30079 0.92540
1661398718.075146198 0.92377 9.28882 1.02790 -0.09867 -0.20895 -0.30047 0.92538
1661398718.085145950 0.92759 9.29161 1.02767 -0.09912 -0.20932 -0.30020 0.92533
1661398718.095146179 0.93145 9.29435 1.02743 -0.09953 -0.20972 -0.29997 0.92527
1661398718.105145931 0.93534 9.29705 1.02717 -0.09989 -0.21013 -0.29978 0.92520
1661398718.115146160 0.93926 9.29970 1.02688 -0.10022 -0.21052 -0.29961 0.92513
1661398718.125145912 0.94324 9.30230 1.02657 -0.10050 -0.21088 -0.29946 0.92507
1661398718.135146141 0.94725 9.30486 1.02623 -0.10076 -0.21118 -0.29933 0.92502
1661398718.145145893 0.95132 9.30737 1.02586 -0.10098 -0.21141 -0.29920 0.92498
1661398718.155146122 0.95544 9.30983 1.02547 -0.10117 -0.21155 -0.29907 0.92497
1661398718.165145874 0.95961 9.31225 1.02504 -0.10132 -0.21162 -0.29894 0.92498
1661398718.175146103 0.96382 9.31463 1.02460 -0.10144 -0.21164 -0.29880 0.92501
1661398718.185145855 0.96808 9.31697 1.02414 -0.10152 -0.21164 -0.29864 0.92505
1661398718.195146084 0.97237 9.31927 1.02366 -0.10154 -0.21163 -0.29847 0.92510
1661398718.205146074 0.97669 9.32154 1.02318 -0.10151 -0.21164 -0.29827 0.92517
1661398718.215146065 0.98103 9.32377 1.02269 -0.10143 -0.21169 -0.29804 0.92524
1661398718.225146055 0.98540 9.32598 1.02220 -0.10128 -0.21181 -0.29777 0.92532
1661398718.235146046 0.98979 9.32816 1.02171 -0.10107 -0.21201 -0.29747 0.92539
1661398718.245146036 0.99419 9.33032 1.02123 -0.10078 -0.21233 -0.29712 0.92546
1661398718.255146027 0.99860 9.33245 1.02076 -0.10041 -0.21277 -0.29672 0.92553
1661398718.265146017 1.00302 9.33457 1.02030 -0.09999 -0.21333 -0.29628 0.92559
1661398718.275146008 1.00746 9.33666 1.01986 -0.09950 -0.21400 -0.29580 0.92564
1661398718.285145998 1.01191 9.33873 1.01942 -0.09898 -0.21477 -0.29531 0.92567
1661398718.295145988 1.01638 9.34079 1.01901 -0.09843 -0.21563 -0.29481 0.92569
1661398718.305145979 1.02088 9.34283 1.01860 -0.09786 -0.21656 -0.29430 0.92570
1661398718.315145969 1.02541 9.34485 1.01821 -0.09729 -0.21755 -0.29380 0.92568
1661398718.325145960 1.02997 9.34685 1.01784 -0.09673 -0.21859 -0.29332 0.92565
1661398718.335146189 1.03455 9.34884 1.01748 -0.09619 -0.21966 -0.29286 0.92559
1661398718.345145941 1.03918 9.35081 1.01714 -0.09568 -0.22077 -0.29245 0.92552
1661398718.355146170 1.04384 9.35276 1.01682 -0.09522 -0.22188 -0.29208 0.92541
1661398718.365145922 1.04854 9.35470 1.01652 -0.09479 -0.22299 -0.29176 0.92529
1661398718.375146151 1.05326 9.35662 1.01624 -0.09438 -0.22405 -0.29150 0.92516
1661398718.385145903 1.05801 9.35851 1.01599 -0.09400 -0.22505 -0.29130 0.92502
1661398718.395146132 1.06278 9.36037 1.01576 -0.09362 -0.22596 -0.29117 0.92488
1661398718.405145884 1.06756 9.36220 1.01557 -0.09325 -0.22675 -0.29110 0.92474
1661398718.415146112 1.07235 9.36400 1.01540 -0.09287 -0.22740 -0.29111 0.92462
1661398718.425145864 1.07715 9.36575 1.01528 -0.09247 -0.22787 -0.29120 0.92451
1661398718.435146093 1.08194 9.36746 1.01519 -0.09205 -0.22815 -0.29138 0.92443
1661398718.445145845 1.08673 9.36912 1.01514 -0.09159 -0.22820 -0.29164 0.92438
1661398718.455146074 1.09151 9.37072 1.01513 -0.09109 -0.22802 -0.29199 0.92437
1661398718.465146065 1.09627 9.37229 1.01516 -0.09057 -0.22764 -0.29241 0.92438
1661398718.475146055 1.10101 9.37380 1.01524 -0.09006 -0.22709 -0.29291 0.92440
1661398718.485146046 1.10571 9.37527 1.01535 -0.08956 -0.22644 -0.29345 0.92444
1661398718.495146036 1.11039 9.37670 1.01550 -0.08911 -0.22572 -0.29403 0.92448
1661398718.505146027 1.11501 9.37809 1.01569 -0.08874 -0.22498 -0.29464 0.92450
1661398718.515146017 1.11959 9.37945 1.01591 -0.08845 -0.22427 -0.29525 0.92450
1661398718.525146008 1.12411 9.38078 1.01617 -0.08828 -0.22363 -0.29587 0.92448
1661398718.535145998 1.12857 9.38208 1.01646 -0.08824 -0.22311 -0.29646 0.92442
1661398718.545145988 1.13296 9.38335 1.01678 -0.08837 -0.22276 -0.29703 0.92431
1661398718.555145979 1.13728 9.38459 1.01714 -0.08867 -0.22261 -0.29755 0.92414
1661398718.565145969 1.14152 9.38582 1.01752 -0.08912 -0.22265 -0.29804 0.92393
1661398718.575146198 1.14569 9.38703 1.01792 -0.08967 -0.22286 -0.29851 0.92368
1661398718.585145950 1.14979 9.38823 1.01834 -0.09031 -0.22323 -0.29895 0.92339
1661398718.595146179 1.15381 9.38943 1.01877 -0.09098 -0.22371 -0.29938 0.92306
1661398718.605145931 1.15777 9.39062 1.01921 -0.09165 -0.22431 -0.29982 0.92271
1661398718.615146160 1.16165 9.39182 1.01966 -0.09230 -0.22499 -0.30026 0.92234
1661398718.625145912 1.16546 9.39302 1.02010 -0.09287 -0.22574 -0.30071 0.92195
1661398718.635146141 1.16921 9.39424 1.02054 -0.09335 -0.22653 -0.30119 0.92155
1661398718.645145893 1.17289 9.39547 1.02097 -0.09368 -0.22735 -0.30169 0.92115
1661398718.655146122 1.17651 9.39671 1.02138 -0.09385 -0.22817 -0.30224 0.92075
1661398718.665145874 1.18006 9.39798 1.02178 -0.09387 -0.22897 -0.30281 0.92036
1661398718.675146103 1.18354 9.39926 1.02217 -0.09377 -0.22973 -0.30340 0.91999
1661398718.685145855 1.18696 9.40055 1.02253 -0.09358 -0.23044 -0.30400 0.91963
1661398718.695146084 1.19033 9.40184 1.02288 -0.09332 -0.23106 -0.30459 0.91931
1661398718.705146074 1.19363 9.40315 1.02320 -0.09302 -0.23158 -0.30516 0.91902
1661398718.715146065 1.19687 9.40446 1.02350 -0.09271 -0.23198 -0.30571 0.91877
1661398718.725146055 1.20006 9.40576 1.02378 -0.09241 -0.23224 -0.30622 0.91856
1661398718.735146046 1.20319 9.40707 1.02404 -0.09215 -0.23234 -0.30667 0.91841
1661398718.745146036 1.20627 9.40837 1.02427 -0.09197 -0.23226 -0.30707 0.91832
1661398718.755146027 1.20929 9.40966 1.02447 -0.09187 -0.23198 -0.30739 0.91829
1661398718.765146017 1.21227 9.41094 1.02464 -0.09186 -0.23152 -0.30765 0.91832
1661398718.775146008 1.21520 9.41223 1.02479 -0.09193 -0.23092 -0.30784 0.91840
1661398718.785145998 1.21809 9.41353 1.02490 -0.09208 -0.23020 -0.30797 0.91852
1661398718.795145988 1.22096 9.41484 1.02499 -0.09228 -0.22940 -0.30805 0.91868
1661398718.805145979 1.22379 9.41616 1.02505 -0.09254 -0.22853 -0.30807 0.91886
1661398718.815145969 1.22660 9.41750 1.02507 -0.09285 -0.22763 -0.30805 0.91906
1661398718.825145960 1.22938 9.41887 1.02507 -0.09319 -0.22673 -0.30799 0.91926
1661398718.835146189 1.23216 9.42027 1.02503 -0.09356 -0.22586 -0.30790 0.91947
1661398718.845145941 1.23493 9.42170 1.02496 -0.09396 -0.22504 -0.30777 0.91968
1661398718.855146170 1.23769 9.42318 1.02486 -0.09437 -0.22429 -0.30762 0.91987
1661398718.865145922 1.24045 9.42469 1.02473 -0.09478 -0.22362 -0.30744 0.92005
1661398718.875146151 1.24320 9.42625 1.02457 -0.09518 -0.22299 -0.30726 0.92022
1661398718.885145903 1.24595 9.42784 1.02438 -0.09558 -0.22240 -0.30706 0.92039
1661398718.895146132 1.24870 9.42947 1.02417 -0.09594 -0.22184 -0.30687 0.92055
1661398718.905145884 1.25144 9.43114 1.02395 -0.09628 -0.22128 -0.30668 0.92071
1661398718.915146112 1.25419 9.43285 1.02370 -0.09657 -0.22072 -0.30650 0.92088
1661398718.925145864 1.25693 9.43459 1.02344 -0.09681 -0.22013 -0.30634 0.92105
1661398718.935146093 1.25967 9.43638 1.02316 -0.09699 -0.21950 -0.30620 0.92122
1661398718.945145845 1.26240 9.43820 1.02288 -0.09710 -0.21882 -0.30610 0.92141
1661398718.955146074 1.26514 9.44005 1.02259 -0.09714 -0.21807 -0.30603 0.92160
1661398718.965146065 1.26788 9.44194 1.02229 -0.09711 -0.21727 -0.30600 0.92181
1661398718.975146055 1.27061 9.44387 1.02199 -0.09704 -0.21643 -0.30600 0.92201
1661398718.985146046 1.27334 9.44582 1.02168 -0.09694 -0.21555 -0.30603 0.92222
1661398718.995146036 1.27607 9.44781 1.02138 -0.09683 -0.21466 -0.30608 0.92242
1661398719.005146027 1.27881 9.44982 1.02107 -0.09673 -0.21377 -0.30616 0.92261
1661398719.015146017 1.28154 9.45187 1.02077 -0.09665 -0.21289 -0.30626 0.92279
1661398719.025146008 1.28427 9.45393 1.02047 -0.09661 -0.21203 -0.30638 0.92295
1661398719.035145998 1.28700 9.45602 1.02017 -0.09663 -0.21121 -0.30651 0.92309
1661398719.045145988 1.28973 9.45813 1.01988 -0.09673 -0.21044 -0.30666 0.92321
1661398719.055145979 1.29246 9.46026 1.01960 -0.09692 -0.20973 -0.30681 0.92330
1661398719.065145969 1.29519 9.46242 1.01933 -0.09717 -0.20909 -0.30698 0.92336
1661398719.075146198 1.29794 9.46460 1.01907 -0.09749 -0.20851 -0.30716 0.92340
1661398719.085145950 1.30070 9.46681 1.01882 -0.09784 -0.20800 -0.30736 0.92341
1661398719.095146179 1.30348 9.46905 1.01858 -0.09820 -0.20755 -0.30759 0.92340
1661398719.105145931 1.30629 9.47133 1.01835 -0.09857 -0.20717 -0.30783 0.92337
1661398719.115146160 1.30913 9.47364 1.01813 -0.09891 -0.20685 -0.30810 0.92331
1661398719.125145912 1.31200 9.47600 1.01793 -0.09921 -0.20660 -0.30839 0.92324
1661398719.135146141 1.31492 9.47839 1.01774 -0.09945 -0.20642 -0.30872 0.92314
1661398719.145145893 1.31788 9.48084 1.01756 -0.09961 -0.20631 -0.30908 0.92303
1661398719.155146122 1.32089 9.48333 1.01741 -0.09968 -0.20627 -0.30947 0.92290
1661398719.165145874 1.32395 9.48587 1.01726 -0.09966 -0.20628 -0.30990 0.92276
1661398719.175146103 1.32706 9.48846 1.01713 -0.09954 -0.20635 -0.31035 0.92260
1661398719.185145855 1.33020 9.49110 1.01700 -0.09935 -0.20646 -0.31084 0.92243
1661398719.195146084 1.33337 9.49378 1.01689 -0.09908 -0.20660 -0.31136 0.92225
1661398719.205146074 1.33657 9.49652 1.01678 -0.09874 -0.20677 -0.31191 0.92207
1661398719.215146065 1.33980 9.49930 1.01668 -0.09833 -0.20696 -0.31248 0.92187
1661398719.225146055 1.34305 9.50213 1.01657 -0.09786 -0.20716 -0.31308 0.92168
1661398719.235146046 1.34632 9.50500 1.01647 -0.09733 -0.20736 -0.31371 0.92147
1661398719.245146036 1.34959 9.50792 1.01637 -0.09676 -0.20755 -0.31436 0.92127
1661398719.255146027 1.35288 9.51089 1.01627 -0.09614 -0.20772 -0.31502 0.92107
1661398719.265146017 1.35617 9.51391 1.01616 -0.09549 -0.20788 -0.31571 0.92087
1661398719.275146008 1.35948 9.51698 1.01607 -0.09481 -0.20802 -0.31641 0.92067
1661398719.285145998 1.36280 9.52010 1.01599 -0.09412 -0.20814 -0.31711 0.92047
1661398719.295145988 1.36614 9.52327 1.01593 -0.09343 -0.20824 -0.31782 0.92027
1661398719.305145979 1.36950 9.52649 1.01589 -0.09275 -0.20832 -0.31853 0.92007
1661398719.315145969 1.37289 9.52978 1.01589 -0.09209 -0.20838 -0.31924 0.91988
1661398719.325145960 1.37630 9.53311 1.01592 -0.09146 -0.20842 -0.31993 0.91970
1661398719.335146189 1.37973 9.53651 1.01599 -0.09087 -0.20843 -0.32062 0.91951
1661398719.345145941 1.38320 9.53997 1.01610 -0.09033 -0.20841 -0.32128 0.91934
1661398719.355146170 1.38671 9.54350 1.01627 -0.08985 -0.20837 -0.32192 0.91917
1661398719.365145922 1.39024 9.54707 1.01649 -0.08943 -0.20831 -0.32254 0.91901
1661398719.375146151 1.39380 9.55070 1.01674 -0.08907 -0.20823 -0.32314 0.91885
1661398719.385145903 1.39739 9.55438 1.01703 -0.08874 -0.20814 -0.32370 0.91871
1661398719.395146132 1.40099 9.55809 1.01736 -0.08846 -0.20803 -0.32424 0.91857
1661398719.405145884 1.40462 9.56183 1.01771 -0.08821 -0.20792 -0.32475 0.91844
1661398719.415146112 1.40826 9.56561 1.01808 -0.08799 -0.20781 -0.32522 0.91832
1661398719.425145864 1.41190 9.56940 1.01847 -0.08779 -0.20769 -0.32566 0.91820
1661398719.435146093 1.41556 9.57321 1.01887 -0.08761 -0.20758 -0.32607 0.91810
1661398719.445145845 1.41922 9.57702 1.01927 -0.08744 -0.20748 -0.32643 0.91801
1661398719.455146074 1.42288 9.58085 1.01967 -0.08727 -0.20739 -0.32676 0.91793
1661398719.465146065 1.42654 9.58467 1.02008 -0.08711 -0.20731 -0.32706 0.91786
1661398719.475146055 1.43019 9.58851 1.02048 -0.08694 -0.20723 -0.32733 0.91780
1661398719.485146046 1.43384 9.59236 1.02088 -0.08676 -0.20716 -0.32758 0.91774
1661398719.495146036 1.43747 9.59622 1.02128 -0.08656 -0.20710 -0.32782 0.91769
1661398719.505146027 1.44108 9.60011 1.02167 -0.08635 -0.20703 -0.32805 0.91764
1661398719.515146017 1.44468 9.60401 1.02206 -0.08611 -0.20695 -0.32828 0.91760
1661398719.525146008 1.44825 9.60794 1.02244 -0.08585 -0.20688 -0.32851 0.91756
1661398719.535145998 1.45180 9.61189 1.02282 -0.08555 -0.20679 -0.32876 0.91752
1661398719.545145988 1.45532 9.61587 1.02319 -0.08521 -0.20670 -0.32903 0.91747
1661398719.555145979 1.45880 9.61989 1.02355 -0.08483 -0.20659 -0.32932 0.91743
1661398719.565145969 1.46225 9.62393 1.02391 -0.08442 -0.20647 -0.32963 0.91738
1661398719.575146198 1.46567 9.62799 1.02427 -0.08397 -0.20635 -0.32996 0.91733
1661398719.585145950 1.46907 9.63207 1.02463 -0.08349 -0.20621 -0.33028 0.91729
1661398719.595146179 1.47243 9.63616 1.02499 -0.08299 -0.20607 -0.33060 0.91725
1661398719.605145931 1.47577 9.64025 1.02535 -0.08248 -0.20593 -0.33092 0.91722
1661398719.615146160 1.47908 9.64435 1.02573 -0.08195 -0.20578 -0.33121 0.91719
1661398719.625145912 1.48236 9.64843 1.02612 -0.08142 -0.20564 -0.33148 0.91717
1661398719.635146141 1.48562 9.65250 1.02652 -0.08089 -0.20549 -0.33172 0.91717
1661398719.645145893 1.48886 9.65656 1.02694 -0.08036 -0.20535 -0.33192 0.91717
1661398719.655146122 1.49208 9.66059 1.02738 -0.07984 -0.20522 -0.33208 0.91719
1661398719.665145874 1.49528 9.66460 1.02784 -0.07932 -0.20509 -0.33219 0.91722
1661398719.675146103 1.49845 9.66860 1.02831 -0.07882 -0.20499 -0.33226 0.91726
1661398719.685145855 1.50161 9.67257 1.02879 -0.07831 -0.20492 -0.33231 0.91730
1661398719.695146084 1.50475 9.67654 1.02927 -0.07781 -0.20488 -0.33232 0.91735
1661398719.705146074 1.50786 9.68049 1.02974 -0.07731 -0.20488 -0.33231 0.91740
1661398719.715146065 1.51096 9.68443 1.03021 -0.07681 -0.20493 -0.33228 0.91744
1661398719.725146055 1.51403 9.68836 1.03067 -0.07630 -0.20504 -0.33223 0.91747
1661398719.735146046 1.51709 9.69228 1.03112 -0.07579 -0.20521 -0.33218 0.91750
1661398719.745146036 1.52013 9.69621 1.03154 -0.07527 -0.20546 -0.33211 0.91751
1661398719.755146027 1.52315 9.70013 1.03194 -0.07474 -0.20578 -0.33205 0.91750
1661398719.765146017 1.52615 9.70405 1.03231 -0.07421 -0.20615 -0.33197 0.91749
1661398719.775146008 1.52912 9.70796 1.03265 -0.07367 -0.20657 -0.33190 0.91747
1661398719.785145998 1.53208 9.71186 1.03296 -0.07313 -0.20701 -0.33181 0.91744
1661398719.795145988 1.53501 9.71574 1.03324 -0.07260 -0.20744 -0.33172 0.91742
1661398719.805145979 1.53791 9.71960 1.03348 -0.07207 -0.20786 -0.33161 0.91741
1661398719.815145969 1.54078 9.72343 1.03367 -0.07155 -0.20823 -0.33149 0.91741
1661398719.825145960 1.54362 9.72724 1.03383 -0.07105 -0.20854 -0.33136 0.91742
1661398719.835146189 1.54643 9.73101 1.03394 -0.07056 -0.20878 -0.33121 0.91746
1661398719.845145941 1.54920 9.73475 1.03400 -0.07010 -0.20891 -0.33104 0.91753
1661398719.855146170 1.55194 9.73845 1.03401 -0.06965 -0.20893 -0.33085 0.91762
1661398719.865145922 1.55464 9.74211 1.03398 -0.06923 -0.20884 -0.33064 0.91775
1661398719.875146151 1.55732 9.74572 1.03390 -0.06883 -0.20865 -0.33041 0.91791
1661398719.885145903 1.55997 9.74928 1.03377 -0.06843 -0.20836 -0.33015 0.91810
1661398719.895146132 1.56261 9.75279 1.03360 -0.06805 -0.20800 -0.32986 0.91831
1661398719.905145884 1.56523 9.75625 1.03340 -0.06768 -0.20755 -0.32954 0.91856
1661398719.915146112 1.56784 9.75965 1.03315 -0.06731 -0.20704 -0.32919 0.91882
1661398719.925145864 1.57044 9.76299 1.03287 -0.06694 -0.20648 -0.32881 0.91911
1661398719.935146093 1.57304 9.76627 1.03255 -0.06657 -0.20587 -0.32839 0.91943
1661398719.945145845 1.57565 9.76949 1.03221 -0.06619 -0.20522 -0.32794 0.91976
1661398719.955146074 1.57826 9.77264 1.03183 -0.06580 -0.20453 -0.32745 0.92012
1661398719.965146065 1.58088 9.77572 1.03143 -0.06542 -0.20381 -0.32692 0.92049
1661398719.975146055 1.58350 9.77874 1.03101 -0.06504 -0.20305 -0.32638 0.92088
1661398719.985146046 1.58612 9.78168 1.03056 -0.06467 -0.20223 -0.32582 0.92128
1661398719.995146036 1.58875 9.78455 1.03011 -0.06433 -0.20135 -0.32525 0.92170
1661398720.005146027 1.59138 9.78735 1.02964 -0.06402 -0.20040 -0.32469 0.92213
1661398720.015146017 1.59401 9.79007 1.02917 -0.06374 -0.19937 -0.32414 0.92256
1661398720.025146008 1.59664 9.79272 1.02870 -0.06352 -0.19826 -0.32361 0.92300
1661398720.035145998 1.59926 9.79530 1.02823 -0.06334 -0.19705 -0.32310 0.92345
1661398720.045145988 1.60188 9.79779 1.02777 -0.06323 -0.19574 -0.32264 0.92390
1661398720.055145979 1.60450 9.80021 1.02731 -0.06319 -0.19434 -0.32221 0.92435
1661398720.065145969 1.60711 9.80255 1.02687 -0.06321 -0.19285 -0.32183 0.92479
1661398720.075146198 1.60970 9.80481 1.02645 -0.06328 -0.19132 -0.32148 0.92523
1661398720.085145950 1.61229 9.80700 1.02605 -0.06340 -0.18978 -0.32117 0.92564
1661398720.095146179 1.61486 9.80910 1.02567 -0.06356 -0.18826 -0.32089 0.92604
1661398720.105145931 1.61742 9.81112 1.02532 -0.06374 -0.18679 -0.32064 0.92641
1661398720.115146160 1.61995 9.81307 1.02501 -0.06394 -0.18541 -0.32042 0.92675
1661398720.125145912 1.62247 9.81493 1.02473 -0.06416 -0.18414 -0.32023 0.92705
1661398720.135146141 1.62495 9.81672 1.02449 -0.06438 -0.18303 -0.32005 0.92732
1661398720.145145893 1.62741 9.81843 1.02429 -0.06460 -0.18210 -0.31990 0.92754
1661398720.155146122 1.62985 9.82006 1.02414 -0.06480 -0.18138 -0.31976 0.92771
1661398720.165145874 1.63225 9.82162 1.02404 -0.06500 -0.18085 -0.31963 0.92785
1661398720.175146103 1.63462 9.82310 1.02397 -0.06518 -0.18048 -0.31951 0.92795
1661398720.185145855 1.63697 9.82452 1.02395 -0.06534 -0.18025 -0.31940 0.92802
1661398720.195146084 1.63930 9.82587 1.02396 -0.06550 -0.18013 -0.31928 0.92807
1661398720.205146074 1.64160 9.82717 1.02400 -0.06564 -0.18009 -0.31916 0.92811
1661398720.215146065 1.64388 9.82842 1.02407 -0.06576 -0.18011 -0.31903 0.92815
1661398720.225146055 1.64614 9.82961 1.02417 -0.06587 -0.18016 -0.31888 0.92818
1661398720.235146046 1.64838 9.83076 1.02429 -0.06596 -0.18021 -0.31872 0.92822
1661398720.245146036 1.65060 9.83187 1.02443 -0.06603 -0.18024 -0.31853 0.92827
1661398720.255146027 1.65280 9.83294 1.02459 -0.06609 -0.18023 -0.31831 0.92835
1661398720.265146017 1.65500 9.83398 1.02477 -0.06614 -0.18018 -0.31807 0.92843
1661398720.275146008 1.65718 9.83498 1.02496 -0.06617 -0.18010 -0.31781 0.92854
1661398720.285145998 1.65937 9.83595 1.02515 -0.06618 -0.18000 -0.31753 0.92865
1661398720.295145988 1.66156 9.83688 1.02535 -0.06619 -0.17989 -0.31723 0.92878
1661398720.305145979 1.66377 9.83777 1.02554 -0.06619 -0.17979 -0.31692 0.92890
1661398720.315145969 1.66599 9.83863 1.02574 -0.06618 -0.17970 -0.31659 0.92903
1661398720.325145960 1.66823 9.83946 1.02593 -0.06617 -0.17963 -0.31626 0.92916
1661398720.335146189 1.67050 9.84025 1.02611 -0.06615 -0.17960 -0.31592 0.92928
1661398720.345145941 1.67281 9.84101 1.02628 -0.06614 -0.17962 -0.31557 0.92940
1661398720.355146170 1.67516 9.84174 1.02643 -0.06612 -0.17969 -0.31523 0.92950
1661398720.365145922 1.67754 9.84243 1.02656 -0.06610 -0.17980 -0.31488 0.92960
1661398720.375146151 1.67995 9.84309 1.02666 -0.06608 -0.17994 -0.31453 0.92969
1661398720.385145903 1.68239 9.84371 1.02674 -0.06606 -0.18011 -0.31418 0.92978
1661398720.395146132 1.68485 9.84429 1.02679 -0.06603 -0.18027 -0.31384 0.92986
1661398720.405145884 1.68733 9.84483 1.02681 -0.06601 -0.18044 -0.31349 0.92995
1661398720.415146112 1.68982 9.84533 1.02678 -0.06598 -0.18058 -0.31314 0.93004
1661398720.425145864 1.69232 9.84579 1.02672 -0.06595 -0.18070 -0.31279 0.93014
1661398720.435146093 1.69482 9.84620 1.02661 -0.06592 -0.18077 -0.31245 0.93024
1661398720.445145845 1.69732 9.84656 1.02645 -0.06588 -0.18079 -0.31210 0.93036
1661398720.455146074 1.69982 9.84687 1.02623 -0.06583 -0.18074 -0.31176 0.93049
1661398720.465146065 1.70232 9.84714 1.02598 -0.06578 -0.18062 -0.31142 0.93063
1661398720.475146055 1.70482 9.84736 1.02568 -0.06570 -0.18043 -0.31109 0.93078
1661398720.485146046 1.70733 9.84752 1.02536 -0.06560 -0.18016 -0.31077 0.93095
1661398720.495146036 1.70987 9.84763 1.02502 -0.06546 -0.17980 -0.31046 0.93113
1661398720.505146027 1.71242 9.84769 1.02465 -0.06527 -0.17936 -0.31017 0.93132
1661398720.515146017 1.71500 9.84769 1.02429 -0.06504 -0.17884 -0.30990 0.93153
1661398720.525146008 1.71761 9.84764 1.02392 -0.06474 -0.17821 -0.30965 0.93175
1661398720.535145998 1.72026 9.84753 1.02356 -0.06438 -0.17750 -0.30943 0.93199
1661398720.545145988 1.72295 9.84736 1.02321 -0.06395 -0.17668 -0.30924 0.93224
1661398720.555145979 1.72569 9.84713 1.02289 -0.06343 -0.17576 -0.30908 0.93250
1661398720.565145969 1.72848 9.84685 1.02259 -0.06284 -0.17477 -0.30894 0.93277
1661398720.575146198 1.73131 9.84652 1.02231 -0.06219 -0.17371 -0.30883 0.93305
1661398720.585145950 1.73418 9.84614 1.02205 -0.06148 -0.17263 -0.30874 0.93333
1661398720.595146179 1.73708 9.84573 1.02182 -0.06073 -0.17153 -0.30866 0.93361
1661398720.605145931 1.74001 9.84529 1.02160 -0.05995 -0.17044 -0.30859 0.93388
1661398720.615146160 1.74297 9.84481 1.02141 -0.05914 -0.16939 -0.30852 0.93415
1661398720.625145912 1.74596 9.84431 1.02123 -0.05831 -0.16840 -0.30844 0.93440
1661398720.635146141 1.74897 9.84380 1.02108 -0.05748 -0.16749 -0.30836 0.93464
1661398720.645145893 1.75200 9.84327 1.02094 -0.05665 -0.16669 -0.30827 0.93487
1661398720.655146122 1.75504 9.84273 1.02083 -0.05583 -0.16600 -0.30816 0.93507
1661398720.665145874 1.75810 9.84218 1.02073 -0.05503 -0.16544 -0.30804 0.93526
1661398720.675146103 1.76117 9.84163 1.02064 -0.05425 -0.16497 -0.30791 0.93543
1661398720.685145855 1.76425 9.84108 1.02055 -0.05349 -0.16459 -0.30778 0.93558
1661398720.695146084 1.76734 9.84052 1.02047 -0.05276 -0.16428 -0.30766 0.93572
1661398720.705146074 1.77044 9.83995 1.02039 -0.05205 -0.16402 -0.30754 0.93584
1661398720.715146065 1.77355 9.83938 1.02030 -0.05138 -0.16381 -0.30744 0.93595
1661398720.725146055 1.77667 9.83882 1.02019 -0.05074 -0.16363 -0.30736 0.93604
1661398720.735146046 1.77979 9.83825 1.02008 -0.05015 -0.16346 -0.30730 0.93613
1661398720.745146036 1.78291 9.83768 1.01994 -0.04959 -0.16329 -0.30727 0.93619
1661398720.755146027 1.78604 9.83711 1.01978 -0.04908 -0.16311 -0.30728 0.93625
1661398720.765146017 1.78917 9.83654 1.01960 -0.04862 -0.16291 -0.30730 0.93630
1661398720.775146008 1.79230 9.83596 1.01940 -0.04820 -0.16269 -0.30735 0.93635
1661398720.785145998 1.79544 9.83539 1.01919 -0.04784 -0.16246 -0.30740 0.93639
1661398720.795145988 1.79858 9.83482 1.01896 -0.04753 -0.16220 -0.30746 0.93643
1661398720.805145979 1.80172 9.83424 1.01873 -0.04728 -0.16191 -0.30750 0.93648
1661398720.815145969 1.80486 9.83367 1.01850 -0.04708 -0.16160 -0.30753 0.93653
1661398720.825145960 1.80801 9.83308 1.01826 -0.04695 -0.16126 -0.30753 0.93660
1661398720.835146189 1.81115 9.83250 1.01803 -0.04688 -0.16089 -0.30749 0.93668
1661398720.845145941 1.81430 9.83191 1.01781 -0.04687 -0.16050 -0.30741 0.93677
1661398720.855146170 1.81745 9.83131 1.01759 -0.04692 -0.16006 -0.30728 0.93689
1661398720.865145922 1.82060 9.83072 1.01738 -0.04704 -0.15961 -0.30709 0.93702
1661398720.875146151 1.82375 9.83012 1.01716 -0.04721 -0.15913 -0.30686 0.93717
1661398720.885145903 1.82689 9.82954 1.01693 -0.04742 -0.15865 -0.30658 0.93733
1661398720.895146132 1.83004 9.82896 1.01669 -0.04767 -0.15817 -0.30626 0.93750
1661398720.905145884 1.83318 9.82841 1.01643 -0.04796 -0.15770 -0.30590 0.93769
1661398720.915146112 1.83631 9.82787 1.01614 -0.04826 -0.15725 -0.30550 0.93788
1661398720.925145864 1.83944 9.82736 1.01581 -0.04859 -0.15683 -0.30506 0.93807
1661398720.935146093 1.84256 9.82687 1.01545 -0.04892 -0.15644 -0.30459 0.93827
1661398720.945145845 1.84567 9.82643 1.01504 -0.04926 -0.15609 -0.30409 0.93848
1661398720.955146074 1.84877 9.82601 1.01457 -0.04960 -0.15579 -0.30356 0.93868
1661398720.965146065 1.85186 9.82563 1.01406 -0.04994 -0.15553 -0.30301 0.93888
1661398720.975146055 1.85495 9.82529 1.01351 -0.05031 -0.15528 -0.30246 0.93908
1661398720.985146046 1.85804 9.82498 1.01291 -0.05072 -0.15503 -0.30190 0.93928
1661398720.995146036 1.86114 9.82470 1.01228 -0.05117 -0.15475 -0.30136 0.93947
1661398721.005146027 1.86425 9.82445 1.01163 -0.05169 -0.15444 -0.30085 0.93966
1661398721.015146017 1.86737 9.82422 1.01095 -0.05228 -0.15407 -0.30037 0.93984
1661398721.025146008 1.87050 9.82402 1.01024 -0.05297 -0.15362 -0.29994 0.94002
1661398721.035145998 1.87366 9.82385 1.00953 -0.05376 -0.15308 -0.29956 0.94018
1661398721.045145988 1.87684 9.82370 1.00880 -0.05466 -0.15243 -0.29925 0.94033
1661398721.055145979 1.88004 9.82356 1.00807 -0.05569 -0.15165 -0.29901 0.94048
1661398721.065145969 1.88328 9.82344 1.00734 -0.05683 -0.15076 -0.29884 0.94060
1661398721.075146198 1.88653 9.82333 1.00661 -0.05804 -0.14979 -0.29873 0.94072
1661398721.085145950 1.88980 9.82323 1.00590 -0.05931 -0.14875 -0.29868 0.94082
1661398721.095146179 1.89308 9.82312 1.00520 -0.06061 -0.14768 -0.29867 0.94091
1661398721.105145931 1.89637 9.82301 1.00453 -0.06191 -0.14659 -0.29869 0.94099
1661398721.115146160 1.89967 9.82289 1.00388 -0.06319 -0.14551 -0.29875 0.94106
1661398721.125145912 1.90297 9.82275 1.00327 -0.06442 -0.14445 -0.29882 0.94111
1661398721.135146141 1.90627 9.82258 1.00269 -0.06559 -0.14345 -0.29891 0.94116
1661398721.145145893 1.90957 9.82239 1.00216 -0.06665 -0.14253 -0.29900 0.94119
1661398721.155146122 1.91286 9.82217 1.00168 -0.06760 -0.14170 -0.29910 0.94122
1661398721.165145874 1.91614 9.82191 1.00125 -0.06843 -0.14096 -0.29919 0.94124
1661398721.175146103 1.91942 9.82162 1.00085 -0.06916 -0.14031 -0.29929 0.94125
1661398721.185145855 1.92269 9.82130 1.00049 -0.06978 -0.13972 -0.29938 0.94127
1661398721.195146084 1.92596 9.82095 1.00016 -0.07031 -0.13918 -0.29948 0.94128
1661398721.205146074 1.92923 9.82057 0.99986 -0.07075 -0.13870 -0.29957 0.94128
1661398721.215146065 1.93249 9.82015 0.99957 -0.07111 -0.13825 -0.29968 0.94129
1661398721.225146055 1.93576 9.81970 0.99930 -0.07140 -0.13783 -0.29978 0.94130
1661398721.235146046 1.93902 9.81922 0.99904 -0.07163 -0.13742 -0.29989 0.94130
1661398721.245146036 1.94229 9.81871 0.99878 -0.07179 -0.13702 -0.30000 0.94131
1661398721.255146027 1.94556 9.81816 0.99852 -0.07190 -0.13661 -0.30013 0.94132
1661398721.265146017 1.94884 9.81759 0.99826 -0.07197 -0.13620 -0.30025 0.94134
1661398721.275146008 1.95212 9.81699 0.99801 -0.07198 -0.13578 -0.30038 0.94136
1661398721.285145998 1.95542 9.81635 0.99775 -0.07195 -0.13534 -0.30052 0.94138
1661398721.295145988 1.95872 9.81569 0.99749 -0.07187 -0.13490 -0.30066 0.94140
1661398721.305145979 1.96204 9.81501 0.99724 -0.07175 -0.13444 -0.30081 0.94143
1661398721.315145969 1.96537 9.81429 0.99699 -0.07158 -0.13396 -0.30096 0.94146
1661398721.325145960 1.96871 9.81356 0.99674 -0.07138 -0.13347 -0.30112 0.94150
1661398721.335146189 1.97207 9.81279 0.99649 -0.07114 -0.13296 -0.30128 0.94154
1661398721.345145941 1.97545 9.81201 0.99625 -0.07087 -0.13243 -0.30144 0.94158
1661398721.355146170 1.97885 9.81120 0.99601 -0.07056 -0.13188 -0.30161 0.94163
1661398721.365145922 1.98227 9.81037 0.99578 -0.07023 -0.13131 -0.30179 0.94167
1661398721.375146151 1.98571 9.80952 0.99555 -0.06988 -0.13074 -0.30198 0.94172
1661398721.385145903 1.98917 9.80865 0.99533 -0.06953 -0.13017 -0.30218 0.94176
1661398721.395146132 1.99265 9.80777 0.99513 -0.06919 -0.12962 -0.30241 0.94179
1661398721.405145884 1.99615 9.80688 0.99493 -0.06886 -0.12909 -0.30266 0.94180
1661398721.415146112 1.99967 9.80598 0.99475 -0.06857 -0.12858 -0.30293 0.94181
1661398721.425145864 2.00321 9.80506 0.99458 -0.06831 -0.12811 -0.30324 0.94179
1661398721.435146093 2.00677 9.80414 0.99444 -0.06810 -0.12769 -0.30359 0.94175
1661398721.445145845 2.01034 9.80322 0.99430 -0.06795 -0.12733 -0.30398 0.94168
1661398721.455146074 2.01394 9.80229 0.99419 -0.06787 -0.12702 -0.30441 0.94159
1661398721.465146065 2.01755 9.80136 0.99411 -0.06783 -0.12677 -0.30488 0.94147
1661398721.475146055 2.02117 9.80043 0.99405 -0.06782 -0.12659 -0.30537 0.94134
1661398721.485146046 2.02480 9.79949 0.99402 -0.06781 -0.12645 -0.30588 0.94119
1661398721.495146036 2.02844 9.79855 0.99402 -0.06778 -0.12637 -0.30640 0.94104
1661398721.505146027 2.03209 9.79761 0.99407 -0.06771 -0.12633 -0.30691 0.94088
1661398721.515146017 2.03574 9.79666 0.99415 -0.06758 -0.12635 -0.30740 0.94073
1661398721.525146008 2.03939 9.79571 0.99429 -0.06736 -0.12640 -0.30787 0.94059
1661398721.535145998 2.04304 9.79475 0.99447 -0.06703 -0.12650 -0.30831 0.94045
1661398721.545145988 2.04669 9.79380 0.99470 -0.06657 -0.12663 -0.30870 0.94034
1661398721.555145979 2.05032 9.79284 0.99500 -0.06597 -0.12679 -0.30904 0.94025
1661398721.565145969 2.05396 9.79187 0.99534 -0.06524 -0.12700 -0.30933 0.94018
1661398721.575146198 2.05759 9.79091 0.99574 -0.06439 -0.12723 -0.30957 0.94012
1661398721.585145950 2.06122 9.78995 0.99619 -0.06345 -0.12751 -0.30978 0.94008
1661398721.595146179 2.06484 9.78898 0.99669 -0.06244 -0.12782 -0.30996 0.94005
1661398721.605145931 2.06848 9.78803 0.99723 -0.06138 -0.12818 -0.31011 0.94002
1661398721.615146160 2.07211 9.78708 0.99782 -0.06029 -0.12857 -0.31024 0.93999
1661398721.625145912 2.07575 9.78613 0.99844 -0.05919 -0.12901 -0.31036 0.93996
1661398721.635146141 2.07940 9.78519 0.99911 -0.05810 -0.12948 -0.31046 0.93993
1661398721.645145893 2.08306 9.78426 0.99982 -0.05704 -0.13000 -0.31056 0.93989
1661398721.655146122 2.08673 9.78335 1.00055 -0.05603 -0.13057 -0.31067 0.93984
1661398721.665145874 2.09041 9.78243 1.00132 -0.05506 -0.13116 -0.31077 0.93978
1661398721.675146103 2.09407 9.78152 1.00211 -0.05414 -0.13176 -0.31088 0.93971
1661398721.685145855 2.09772 9.78060 1.00291 -0.05326 -0.13236 -0.31100 0.93964
1661398721.695146084 2.10135 9.77967 1.00372 -0.05241 -0.13295 -0.31112 0.93957
1661398721.705146074 2.10494 9.77873 1.00453 -0.05158 -0.13349 -0.31124 0.93949
1661398721.715146065 2.10849 9.77776 1.00533 -0.05078 -0.13398 -0.31137 0.93943
1661398721.725146055 2.11199 9.77677 1.00611 -0.05000 -0.13441 -0.31150 0.93936
1661398721.735146046 2.11542 9.77574 1.00688 -0.04924 -0.13475 -0.31164 0.93931
1661398721.745146036 2.11879 9.77468 1.00762 -0.04848 -0.13499 -0.31178 0.93927
1661398721.755146027 2.12208 9.77357 1.00832 -0.04773 -0.13512 -0.31193 0.93924
1661398721.765146017 2.12529 9.77243 1.00899 -0.04698 -0.13513 -0.31207 0.93923
1661398721.775146008 2.12842 9.77125 1.00962 -0.04622 -0.13502 -0.31220 0.93924
1661398721.785145998 2.13149 9.77006 1.01022 -0.04543 -0.13479 -0.31230 0.93927
1661398721.795145988 2.13448 9.76885 1.01077 -0.04461 -0.13444 -0.31237 0.93934
1661398721.805145979 2.13740 9.76763 1.01128 -0.04377 -0.13397 -0.31239 0.93944
1661398721.815145969 2.14025 9.76640 1.01175 -0.04291 -0.13341 -0.31237 0.93957
1661398721.825145960 2.14304 9.76517 1.01217 -0.04207 -0.13278 -0.31232 0.93971
1661398721.835146189 2.14578 9.76392 1.01253 -0.04127 -0.13211 -0.31224 0.93987
1661398721.845145941 2.14846 9.76266 1.01284 -0.04054 -0.13143 -0.31214 0.94003
1661398721.855146170 2.15109 9.76139 1.01310 -0.03991 -0.13077 -0.31203 0.94018
1661398721.865145922 2.15367 9.76010 1.01330 -0.03937 -0.13013 -0.31190 0.94034
1661398721.875146151 2.15620 9.75880 1.01345 -0.03893 -0.12952 -0.31177 0.94048
1661398721.885145903 2.15868 9.75747 1.01356 -0.03859 -0.12893 -0.31163 0.94063
1661398721.895146132 2.16112 9.75611 1.01363 -0.03834 -0.12837 -0.31148 0.94076
1661398721.905145884 2.16351 9.75472 1.01366 -0.03817 -0.12784 -0.31132 0.94089
1661398721.915146112 2.16586 9.75329 1.01367 -0.03810 -0.12735 -0.31116 0.94102
1661398721.925145864 2.16817 9.75183 1.01365 -0.03812 -0.12689 -0.31099 0.94113
1661398721.935146093 2.17044 9.75031 1.01361 -0.03822 -0.12648 -0.31082 0.94124
1661398721.945145845 2.17266 9.74875 1.01356 -0.03841 -0.12610 -0.31065 0.94134
1661398721.955146074 2.17485 9.74714 1.01350 -0.03868 -0.12577 -0.31047 0.94143
1661398721.965146065 2.17700 9.74547 1.01344 -0.03902 -0.12548 -0.31029 0.94151
1661398721.975146055 2.17911 9.74375 1.01337 -0.03943 -0.12521 -0.31011 0.94159
1661398721.985146046 2.18117 9.74197 1.01329 -0.03989 -0.12498 -0.30991 0.94167
1661398721.995146036 2.18319 9.74013 1.01321 -0.04039 -0.12476 -0.30970 0.94175
1661398722.005146027 2.18516 9.73824 1.01313 -0.04093 -0.12455 -0.30948 0.94183
1661398722.015146017 2.18709 9.73628 1.01305 -0.04149 -0.12434 -0.30923 0.94191
1661398722.025146008 2.18897 9.73427 1.01297 -0.04206 -0.12413 -0.30896 0.94200
1661398722.035145998 2.19080 9.73220 1.01289 -0.04264 -0.12391 -0.30867 0.94210
1661398722.045145988 2.19258 9.73006 1.01282 -0.04320 -0.12368 -0.30835 0.94221
1661398722.055145979 2.19431 9.72786 1.01275 -0.04375 -0.12342 -0.30800 0.94233
1661398722.065145969 2.19598 9.72560 1.01268 -0.04429 -0.12316 -0.30761 0.94247
1661398722.075146198 2.19761 9.72329 1.01262 -0.04482 -0.12291 -0.30718 0.94262
1661398722.085145950 2.19918 9.72091 1.01255 -0.04534 -0.12268 -0.30669 0.94278
1661398722.095146179 2.20070 9.71847 1.01248 -0.04586 -0.12250 -0.30614 0.94296
1661398722.105145931 2.20216 9.71598 1.01240 -0.04639 -0.12237 -0.30553 0.94315
1661398722.115146160 2.20357 9.71343 1.01231 -0.04693 -0.12233 -0.30484 0.94335
1661398722.125145912 2.20493 9.71083 1.01220 -0.04748 -0.12237 -0.30407 0.94356
1661398722.135146141 2.20623 9.70818 1.01208 -0.04806 -0.12253 -0.30321 0.94379
1661398722.145145893 2.20748 9.70548 1.01194 -0.04865 -0.12281 -0.30226 0.94403
1661398722.155146122 2.20867 9.70272 1.01178 -0.04927 -0.12322 -0.30120 0.94428
1661398722.165145874 2.20981 9.69991 1.01160 -0.04992 -0.12375 -0.30005 0.94454
1661398722.175146103 2.21091 9.69704 1.01139 -0.05060 -0.12437 -0.29881 0.94482
1661398722.185145855 2.21196 9.69412 1.01116 -0.05131 -0.12504 -0.29748 0.94511
1661398722.195146084 2.21298 9.69113 1.01091 -0.05205 -0.12575 -0.29609 0.94542
1661398722.205146074 2.21396 9.68807 1.01064 -0.05281 -0.12647 -0.29462 0.94573
1661398722.215146065 2.21492 9.68494 1.01034 -0.05361 -0.12716 -0.29310 0.94607
1661398722.225146055 2.21584 9.68174 1.01002 -0.05444 -0.12780 -0.29153 0.94642
1661398722.235146046 2.21675 9.67846 1.00968 -0.05530 -0.12837 -0.28991 0.94679
1661398722.245146036 2.21763 9.67510 1.00932 -0.05620 -0.12884 -0.28826 0.94718
1661398722.255146027 2.21851 9.67166 1.00893 -0.05712 -0.12918 -0.28658 0.94759
1661398722.265146017 2.21937 9.66814 1.00852 -0.05808 -0.12938 -0.28487 0.94802
1661398722.275146008 2.22021 9.66453 1.00810 -0.05905 -0.12946 -0.28315 0.94846
1661398722.285145998 2.22104 9.66085 1.00767 -0.06002 -0.12941 -0.28141 0.94892
1661398722.295145988 2.22185 9.65708 1.00724 -0.06101 -0.12924 -0.27967 0.94940
1661398722.305145979 2.22264 9.65324 1.00682 -0.06198 -0.12894 -0.27792 0.94989
1661398722.315145969 2.22342 9.64933 1.00641 -0.06295 -0.12851 -0.27617 0.95039
1661398722.325145960 2.22417 9.64534 1.00601 -0.06389 -0.12796 -0.27443 0.95091
1661398722.335146189 2.22491 9.64127 1.00564 -0.06481 -0.12729 -0.27271 0.95143
1661398722.345145941 2.22563 9.63714 1.00529 -0.06570 -0.12650 -0.27100 0.95197
1661398722.355146170 2.22632 9.63294 1.00498 -0.06654 -0.12559 -0.26932 0.95251
1661398722.365145922 2.22699 9.62867 1.00471 -0.06733 -0.12459 -0.26766 0.95305
1661398722.375146151 2.22764 9.62435 1.00447 -0.06807 -0.12354 -0.26604 0.95359
1661398722.385145903 2.22825 9.61997 1.00427 -0.06875 -0.12247 -0.26445 0.95412
1661398722.395146132 2.22884 9.61556 1.00411 -0.06936 -0.12141 -0.26291 0.95463
1661398722.405145884 2.22939 9.61111 1.00399 -0.06990 -0.12039 -0.26141 0.95513
1661398722.415146112 2.22991 9.60663 1.00391 -0.07035 -0.11946 -0.25997 0.95561
1661398722.425145864 2.23038 9.60213 1.00388 -0.07072 -0.11863 -0.25858 0.95607
1661398722.435146093 2.23082 9.59761 1.00389 -0.07099 -0.11794 -0.25725 0.95649
1661398722.445145845 2.23121 9.59309 1.00395 -0.07116 -0.11744 -0.25598 0.95688
1661398722.455146074 2.23156 9.58856 1.00406 -0.07122 -0.11713 -0.25479 0.95723
1661398722.465146065 2.23187 9.58403 1.00421 -0.07120 -0.11702 -0.25365 0.95755
1661398722.475146055 2.23212 9.57951 1.00439 -0.07113 -0.11708 -0.25254 0.95784
1661398722.485146046 2.23233 9.57500 1.00460 -0.07101 -0.11731 -0.25146 0.95810
1661398722.495146036 2.23249 9.57050 1.00483 -0.07089 -0.11768 -0.25039 0.95835
1661398722.505146027 2.23260 9.56601 1.00507 -0.07079 -0.11819 -0.24931 0.95857
1661398722.515146017 2.23266 9.56154 1.00531 -0.07072 -0.11881 -0.24820 0.95879
1661398722.525146008 2.23267 9.55709 1.00555 -0.07072 -0.11953 -0.24706 0.95900
1661398722.535145998 2.23263 9.55267 1.00578 -0.07081 -0.12033 -0.24585 0.95920
1661398722.545145988 2.23253 9.54827 1.00599 -0.07101 -0.12121 -0.24457 0.95940
1661398722.555145979 2.23238 9.54389 1.00618 -0.07135 -0.12213 -0.24321 0.95960
1661398722.565145969 2.23219 9.53955 1.00634 -0.07179 -0.12310 -0.24178 0.95981
1661398722.575146198 2.23196 9.53523 1.00648 -0.07234 -0.12410 -0.24028 0.96002
1661398722.585145950 2.23170 9.53094 1.00660 -0.07294 -0.12512 -0.23875 0.96022
1661398722.595146179 2.23141 9.52668 1.00670 -0.07360 -0.12615 -0.23718 0.96042
1661398722.605145931 2.23111 9.52244 1.00679 -0.07428 -0.12718 -0.23561 0.96062
1661398722.615146160 2.23080 9.51823 1.00687 -0.07495 -0.12820 -0.23404 0.96082
1661398722.625145912 2.23048 9.51404 1.00693 -0.07560 -0.12920 -0.23249 0.96101
1661398722.635146141 2.23017 9.50988 1.00698 -0.07620 -0.13017 -0.23097 0.96120
1661398722.645145893 2.22988 9.50574 1.00703 -0.07673 -0.13109 -0.22951 0.96138
1661398722.655146122 2.22960 9.50162 1.00707 -0.07717 -0.13197 -0.22811 0.96156
1661398722.665145874 2.22934 9.49752 1.00711 -0.07752 -0.13279 -0.22678 0.96173
1661398722.675146103 2.22911 9.49343 1.00714 -0.07777 -0.13355 -0.22552 0.96190
1661398722.685145855 2.22891 9.48934 1.00718 -0.07793 -0.13424 -0.22434 0.96207
1661398722.695146084 2.22874 9.48526 1.00721 -0.07800 -0.13487 -0.22325 0.96223
1661398722.705146074 2.22860 9.48117 1.00724 -0.07798 -0.13543 -0.22224 0.96239
1661398722.715146065 2.22850 9.47707 1.00727 -0.07786 -0.13592 -0.22131 0.96254
1661398722.725146055 2.22844 9.47296 1.00730 -0.07765 -0.13632 -0.22048 0.96269
1661398722.735146046 2.22843 9.46883 1.00733 -0.07736 -0.13665 -0.21974 0.96284
1661398722.745146036 2.22846 9.46467 1.00737 -0.07697 -0.13689 -0.21909 0.96298
1661398722.755146027 2.22854 9.46048 1.00741 -0.07650 -0.13704 -0.21855 0.96312
1661398722.765146017 2.22867 9.45626 1.00745 -0.07596 -0.13712 -0.21810 0.96326
1661398722.775146008 2.22885 9.45201 1.00748 -0.07537 -0.13715 -0.21773 0.96338
1661398722.785145998 2.22908 9.44772 1.00751 -0.07475 -0.13714 -0.21744 0.96349
1661398722.795145988 2.22936 9.44341 1.00754 -0.07413 -0.13711 -0.21723 0.96360
1661398722.805145979 2.22970 9.43907 1.00755 -0.07352 -0.13708 -0.21707 0.96368
1661398722.815145969 2.23009 9.43470 1.00754 -0.07294 -0.13707 -0.21696 0.96375
1661398722.825145960 2.23053 9.43029 1.00752 -0.07241 -0.13709 -0.21690 0.96380
1661398722.835146189 2.23102 9.42586 1.00748 -0.07196 -0.13717 -0.21688 0.96383
1661398722.845145941 2.23157 9.42140 1.00741 -0.07160 -0.13731 -0.21689 0.96383
1661398722.855146170 2.23217 9.41691 1.00732 -0.07135 -0.13754 -0.21693 0.96381
1661398722.865145922 2.23282 9.41239 1.00720 -0.07118 -0.13784 -0.21698 0.96377
1661398722.875146151 2.23353 9.40784 1.00706 -0.07109 -0.13820 -0.21706 0.96371
1661398722.885145903 2.23429 9.40327 1.00688 -0.07105 -0.13862 -0.21715 0.96363
1661398722.895146132 2.23510 9.39867 1.00668 -0.07102 -0.13907 -0.21725 0.96354
1661398722.905145884 2.23595 9.39405 1.00645 -0.07101 -0.13956 -0.21737 0.96345
1661398722.915146112 2.23686 9.38941 1.00618 -0.07097 -0.14006 -0.21751 0.96335
1661398722.925145864 2.23781 9.38474 1.00588 -0.07088 -0.14056 -0.21765 0.96325
1661398722.935146093 2.23881 9.38006 1.00556 -0.07074 -0.14106 -0.21780 0.96315
1661398722.945145845 2.23985 9.37536 1.00520 -0.07050 -0.14153 -0.21796 0.96306
1661398722.955146074 2.24094 9.37064 1.00480 -0.07016 -0.14198 -0.21813 0.96298
1661398722.965146065 2.24207 9.36590 1.00437 -0.06973 -0.14240 -0.21830 0.96292
1661398722.975146055 2.24326 9.36114 1.00391 -0.06921 -0.14279 -0.21847 0.96286
1661398722.985146046 2.24449 9.35635 1.00342 -0.06862 -0.14316 -0.21864 0.96281
1661398722.995146036 2.24579 9.35154 1.00290 -0.06796 -0.14352 -0.21880 0.96276
1661398723.005146027 2.24715 9.34670 1.00235 -0.06726 -0.14385 -0.21895 0.96273
1661398723.015146017 2.24857 9.34183 1.00178 -0.06653 -0.14418 -0.21910 0.96270
1661398723.025146008 2.25005 9.33693 1.00117 -0.06577 -0.14450 -0.21923 0.96267
1661398723.035145998 2.25161 9.33200 1.00054 -0.06500 -0.14482 -0.21935 0.96265
1661398723.045145988 2.25324 9.32703 0.99988 -0.06423 -0.14513 -0.21945 0.96263
1661398723.055145979 2.25495 9.32202 0.99919 -0.06347 -0.14544 -0.21953 0.96261
1661398723.065145969 2.25673 9.31697 0.99849 -0.06273 -0.14576 -0.21959 0.96260
1661398723.075146198 2.25859 9.31189 0.99778 -0.06200 -0.14607 -0.21963 0.96259
1661398723.085145950 2.26052 9.30678 0.99707 -0.06128 -0.14637 -0.21965 0.96259
1661398723.095146179 2.26251 9.30163 0.99635 -0.06058 -0.14667 -0.21966 0.96258
1661398723.105145931 2.26457 9.29644 0.99565 -0.05989 -0.14696 -0.21965 0.96259
1661398723.115146160 2.26669 9.29123 0.99497 -0.05921 -0.14723 -0.21962 0.96259
1661398723.125145912 2.26888 9.28599 0.99431 -0.05854 -0.14749 -0.21957 0.96260
1661398723.135146141 2.27112 9.28071 0.99368 -0.05789 -0.14773 -0.21951 0.96262
1661398723.145145893 2.27341 9.27541 0.99309 -0.05724 -0.14795 -0.21944 0.96264
1661398723.155146122 2.27576 9.27009 0.99255 -0.05661 -0.14815 -0.21936 0.96267
1661398723.165145874 2.27815 9.26474 0.99205 -0.05598 -0.14835 -0.21925 0.96270
1661398723.175146103 2.28055 9.25938 0.99160 -0.05537 -0.14857 -0.21914 0.96272
1661398723.185145855 2.28296 9.25401 0.99120 -0.05478 -0.14882 -0.21901 0.96275
1661398723.195146084 2.28536 9.24863 0.99086 -0.05420 -0.14913 -0.21887 0.96277
1661398723.205146074 2.28773 9.24325 0.99056 -0.05365 -0.14951 -0.21871 0.96277
1661398723.215146065 2.29005 9.23787 0.99032 -0.05311 -0.14999 -0.21854 0.96277
1661398723.225146055 2.29232 9.23251 0.99014 -0.05259 -0.15060 -0.21836 0.96274
1661398723.235146046 2.29451 9.22715 0.99001 -0.05210 -0.15133 -0.21816 0.96270
1661398723.245146036 2.29660 9.22182 0.98994 -0.05163 -0.15223 -0.21795 0.96263
1661398723.255146027 2.29859 9.21652 0.98993 -0.05119 -0.15328 -0.21772 0.96254
1661398723.265146017 2.30047 9.21124 0.98998 -0.05077 -0.15445 -0.21746 0.96243
1661398723.275146008 2.30227 9.20598 0.99009 -0.05040 -0.15566 -0.21717 0.96232
1661398723.285145998 2.30400 9.20076 0.99027 -0.05006 -0.15685 -0.21683 0.96222
1661398723.295145988 2.30565 9.19556 0.99051 -0.04976 -0.15794 -0.21644 0.96215
1661398723.305145979 2.30725 9.19038 0.99082 -0.04952 -0.15890 -0.21600 0.96210
1661398723.315145969 2.30882 9.18524 0.99120 -0.04934 -0.15975 -0.21552 0.96208
1661398723.325145960 2.31035 9.18011 0.99164 -0.04925 -0.16054 -0.21505 0.96206
1661398723.335146189 2.31187 9.17501 0.99214 -0.04927 -0.16131 -0.21463 0.96202
1661398723.345145941 2.31340 9.16994 0.99270 -0.04943 -0.16211 -0.21428 0.96196
1661398723.355146170 2.31494 9.16488 0.99333 -0.04973 -0.16299 -0.21405 0.96184
1661398723.365145922 2.31649 9.15984 0.99400 -0.05016 -0.16394 -0.21392 0.96169
1661398723.375146151 2.31804 9.15481 0.99473 -0.05069 -0.16495 -0.21391 0.96149
1661398723.385145903 2.31959 9.14978 0.99550 -0.05130 -0.16601 -0.21400 0.96126
1661398723.395146132 2.32112 9.14476 0.99631 -0.05196 -0.16711 -0.21418 0.96099
1661398723.405145884 2.32264 9.13973 0.99715 -0.05265 -0.16824 -0.21446 0.96069
1661398723.415146112 2.32414 9.13469 0.99801 -0.05335 -0.16940 -0.21483 0.96037
1661398723.425145864 2.32560 9.12963 0.99890 -0.05401 -0.17057 -0.21529 0.96002
1661398723.435146093 2.32702 9.12455 0.99980 -0.05464 -0.17174 -0.21583 0.95965
1661398723.445145845 2.32839 9.11945 1.00071 -0.05518 -0.17291 -0.21645 0.95928
1661398723.455146074 2.32971 9.11432 1.00162 -0.05564 -0.17406 -0.21713 0.95889
1661398723.465146065 2.33098 9.10915 1.00253 -0.05599 -0.17518 -0.21788 0.95849
1661398723.475146055 2.33218 9.10395 1.00344 -0.05626 -0.17627 -0.21866 0.95810
1661398723.485146046 2.33332 9.09872 1.00435 -0.05643 -0.17731 -0.21947 0.95771
1661398723.495146036 2.33440 9.09345 1.00526 -0.05652 -0.17830 -0.22028 0.95733
1661398723.505146027 2.33541 9.08814 1.00615 -0.05651 -0.17923 -0.22109 0.95698
1661398723.515146017 2.33634 9.08280 1.00704 -0.05643 -0.18009 -0.22187 0.95664
1661398723.525146008 2.33720 9.07742 1.00791 -0.05626 -0.18087 -0.22260 0.95633
1661398723.535145998 2.33799 9.07200 1.00877 -0.05601 -0.18156 -0.22328 0.95606
1661398723.545145988 2.33869 9.06654 1.00961 -0.05569 -0.18216 -0.22388 0.95582
1661398723.555145979 2.33932 9.06104 1.01043 -0.05530 -0.18265 -0.22440 0.95563
1661398723.565145969 2.33987 9.05551 1.01122 -0.05488 -0.18305 -0.22484 0.95547
1661398723.575146198 2.34036 9.04995 1.01196 -0.05447 -0.18338 -0.22525 0.95534
1661398723.585145950 2.34081 9.04439 1.01265 -0.05410 -0.18365 -0.22564 0.95521
1661398723.595146179 2.34123 9.03882 1.01328 -0.05383 -0.18389 -0.22603 0.95509
1661398723.605145931 2.34161 9.03326 1.01382 -0.05368 -0.18411 -0.22645 0.95496
1661398723.615146160 2.34196 9.02771 1.01430 -0.05365 -0.18432 -0.22688 0.95482
1661398723.625145912 2.34224 9.02215 1.01472 -0.05372 -0.18456 -0.22729 0.95467
1661398723.635146141 2.34244 9.01659 1.01510 -0.05388 -0.18483 -0.22765 0.95452
1661398723.645145893 2.34252 9.01102 1.01544 -0.05412 -0.18517 -0.22793 0.95437
1661398723.655146122 2.34249 9.00543 1.01576 -0.05442 -0.18557 -0.22812 0.95423
1661398723.665145874 2.34235 8.99983 1.01603 -0.05476 -0.18603 -0.22820 0.95411
1661398723.675146103 2.34212 8.99423 1.01624 -0.05512 -0.18653 -0.22815 0.95400
1661398723.685145855 2.34183 8.98862 1.01636 -0.05548 -0.18705 -0.22796 0.95392
1661398723.695146084 2.34148 8.98301 1.01639 -0.05581 -0.18756 -0.22762 0.95388
1661398723.705146074 2.34111 8.97742 1.01629 -0.05611 -0.18806 -0.22713 0.95389
1661398723.715146065 2.34071 8.97182 1.01610 -0.05636 -0.18850 -0.22651 0.95393
1661398723.725146055 2.34030 8.96621 1.01582 -0.05657 -0.18886 -0.22580 0.95402
1661398723.735146046 2.33987 8.96060 1.01547 -0.05674 -0.18910 -0.22502 0.95414
1661398723.745146036 2.33943 8.95496 1.01508 -0.05688 -0.18919 -0.22422 0.95430
1661398723.755146027 2.33899 8.94930 1.01465 -0.05698 -0.18911 -0.22342 0.95450
1661398723.765146017 2.33854 8.94361 1.01420 -0.05705 -0.18888 -0.22261 0.95473
1661398723.775146008 2.33807 8.93790 1.01374 -0.05709 -0.18852 -0.22180 0.95499
1661398723.785145998 2.33759 8.93215 1.01326 -0.05711 -0.18806 -0.22097 0.95527
1661398723.795145988 2.33709 8.92639 1.01279 -0.05710 -0.18755 -0.22011 0.95557
1661398723.805145979 2.33656 8.92060 1.01231 -0.05706 -0.18700 -0.21922 0.95589
1661398723.815145969 2.33600 8.91478 1.01185 -0.05701 -0.18644 -0.21829 0.95621
1661398723.825145960 2.33541 8.90894 1.01140 -0.05693 -0.18592 -0.21730 0.95654
1661398723.835146189 2.33479 8.90307 1.01098 -0.05684 -0.18545 -0.21625 0.95688
1661398723.845145941 2.33412 8.89718 1.01059 -0.05674 -0.18507 -0.21514 0.95721
1661398723.855146170 2.33341 8.89127 1.01023 -0.05662 -0.18479 -0.21395 0.95753
1661398723.865145922 2.33267 8.88534 1.00992 -0.05649 -0.18461 -0.21270 0.95786
1661398723.875146151 2.33188 8.87939 1.00964 -0.05634 -0.18451 -0.21137 0.95818
1661398723.885145903 2.33106 8.87343 1.00941 -0.05617 -0.18446 -0.20999 0.95850
1661398723.895146132 2.33021 8.86745 1.00922 -0.05598 -0.18444 -0.20856 0.95883
1661398723.905145884 2.32933 8.86148 1.00907 -0.05576 -0.18444 -0.20708 0.95916
1661398723.915146112 2.32843 8.85550 1.00897 -0.05552 -0.18443 -0.20556 0.95950
1661398723.925145864 2.32751 8.84952 1.00892 -0.05525 -0.18439 -0.20401 0.95986
1661398723.935146093 2.32658 8.84355 1.00892 -0.05494 -0.18430 -0.20243 0.96023
1661398723.945145845 2.32563 8.83759 1.00897 -0.05460 -0.18414 -0.20082 0.96062
1661398723.955146074 2.32467 8.83164 1.00908 -0.05423 -0.18389 -0.19920 0.96102
1661398723.965146065 2.32371 8.82571 1.00923 -0.05382 -0.18359 -0.19757 0.96144
1661398723.975146055 2.32273 8.81980 1.00941 -0.05338 -0.18325 -0.19594 0.96186
1661398723.985146046 2.32175 8.81393 1.00963 -0.05292 -0.18290 -0.19432 0.96228
1661398723.995146036 2.32076 8.80809 1.00988 -0.05243 -0.18258 -0.19272 0.96269
1661398724.005146027 2.31977 8.80229 1.01014 -0.05191 -0.18230 -0.19116 0.96308
1661398724.015146017 2.31877 8.79655 1.01041 -0.05138 -0.18211 -0.18963 0.96345
1661398724.025146008 2.31777 8.79086 1.01069 -0.05084 -0.18204 -0.18814 0.96378
1661398724.035145998 2.31676 8.78523 1.01096 -0.05028 -0.18209 -0.18672 0.96408
1661398724.045145988 2.31575 8.77967 1.01123 -0.04972 -0.18232 -0.18536 0.96433
1661398724.055145979 2.31473 8.77418 1.01147 -0.04914 -0.18273 -0.18407 0.96453
1661398724.065145969 2.31371 8.76876 1.01170 -0.04857 -0.18329 -0.18285 0.96468
1661398724.075146198 2.31269 8.76340 1.01190 -0.04798 -0.18397 -0.18169 0.96480
1661398724.085145950 2.31165 8.75811 1.01208 -0.04740 -0.18471 -0.18058 0.96490
1661398724.095146179 2.31060 8.75288 1.01224 -0.04680 -0.18547 -0.17951 0.96498
1661398724.105145931 2.30954 8.74770 1.01237 -0.04621 -0.18621 -0.17848 0.96506
1661398724.115146160 2.30846 8.74258 1.01246 -0.04561 -0.18689 -0.17748 0.96514
1661398724.125145912 2.30736 8.73750 1.01252 -0.04502 -0.18747 -0.17649 0.96524
1661398724.135146141 2.30624 8.73247 1.01255 -0.04442 -0.18789 -0.17552 0.96536
1661398724.145145893 2.30509 8.72748 1.01254 -0.04382 -0.18812 -0.17454 0.96552
1661398724.155146122 2.30393 8.72253 1.01250 -0.04322 -0.18813 -0.17356 0.96572
1661398724.165145874 2.30273 8.71762 1.01241 -0.04263 -0.18794 -0.17259 0.96596
1661398724.175146103 2.30152 8.71275 1.01230 -0.04206 -0.18760 -0.17162 0.96622
1661398724.185145855 2.30030 8.70790 1.01216 -0.04152 -0.18713 -0.17066 0.96651
1661398724.195146084 2.29907 8.70310 1.01200 -0.04101 -0.18659 -0.16972 0.96680
1661398724.205146074 2.29783 8.69832 1.01182 -0.04056 -0.18601 -0.16881 0.96709
1661398724.215146065 2.29659 8.69358 1.01162 -0.04016 -0.18542 -0.16793 0.96737
1661398724.225146055 2.29535 8.68887 1.01141 -0.03982 -0.18487 -0.16708 0.96764
1661398724.235146046 2.29412 8.68420 1.01120 -0.03957 -0.18440 -0.16629 0.96787
1661398724.245146036 2.29291 8.67955 1.01098 -0.03939 -0.18405 -0.16554 0.96808
1661398724.255146027 2.29170 8.67493 1.01076 -0.03931 -0.18384 -0.16485 0.96824
1661398724.265146017 2.29052 8.67033 1.01054 -0.03931 -0.18376 -0.16421 0.96836
1661398724.275146008 2.28936 8.66576 1.01033 -0.03937 -0.18380 -0.16363 0.96845
1661398724.285145998 2.28823 8.66120 1.01012 -0.03946 -0.18393 -0.16311 0.96851
1661398724.295145988 2.28713 8.65666 1.00991 -0.03957 -0.18412 -0.16263 0.96855
1661398724.305145979 2.28607 8.65212 1.00971 -0.03969 -0.18436 -0.16221 0.96857
1661398724.315145969 2.28505 8.64760 1.00951 -0.03978 -0.18462 -0.16183 0.96858
1661398724.325145960 2.28407 8.64307 1.00932 -0.03984 -0.18489 -0.16151 0.96858
1661398724.335146189 2.28315 8.63855 1.00914 -0.03984 -0.18513 -0.16123 0.96858
1661398724.345145941 2.28228 8.63402 1.00896 -0.03976 -0.18533 -0.16100 0.96858
1661398724.355146170 2.28147 8.62949 1.00880 -0.03959 -0.18547 -0.16081 0.96859
1661398724.365145922 2.28072 8.62495 1.00864 -0.03934 -0.18555 -0.16066 0.96861
1661398724.375146151 2.28003 8.62040 1.00848 -0.03902 -0.18559 -0.16054 0.96864
1661398724.385145903 2.27939 8.61587 1.00833 -0.03864 -0.18558 -0.16044 0.96867
1661398724.395146132 2.27881 8.61134 1.00817 -0.03821 -0.18555 -0.16037 0.96871
1661398724.405145884 2.27828 8.60682 1.00801 -0.03775 -0.18548 -0.16031 0.96875
1661398724.415146112 2.27781 8.60232 1.00784 -0.03727 -0.18541 -0.16026 0.96879
1661398724.425145864 2.27739 8.59784 1.00766 -0.03678 -0.18532 -0.16020 0.96883
1661398724.435146093 2.27702 8.59338 1.00746 -0.03630 -0.18523 -0.16015 0.96888
1661398724.445145845 2.27671 8.58895 1.00725 -0.03583 -0.18515 -0.16008 0.96892
1661398724.455146074 2.27645 8.58455 1.00703 -0.03539 -0.18509 -0.15999 0.96896
1661398724.465146065 2.27623 8.58018 1.00678 -0.03497 -0.18504 -0.15990 0.96900
1661398724.475146055 2.27607 8.57584 1.00651 -0.03458 -0.18501 -0.15980 0.96904
1661398724.485146046 2.27597 8.57152 1.00623 -0.03421 -0.18501 -0.15971 0.96907
1661398724.495146036 2.27592 8.56723 1.00592 -0.03386 -0.18502 -0.15963 0.96909
1661398724.505146027 2.27593 8.56296 1.00559 -0.03352 -0.18506 -0.15957 0.96911
1661398724.515146017 2.27600 8.55871 1.00524 -0.03320 -0.18512 -0.15954 0.96911
1661398724.525146008 2.27613 8.55448 1.00487 -0.03289 -0.18520 -0.15954 0.96911
1661398724.535145998 2.27632 8.55027 1.00447 -0.03260 -0.18532 -0.15959 0.96909
1661398724.545145988 2.27657 8.54607 1.00405 -0.03230 -0.18546 -0.15968 0.96905
1661398724.555145979 2.27688 8.54188 1.00360 -0.03202 -0.18563 -0.15983 0.96900
1661398724.565145969 2.27726 8.53770 1.00313 -0.03175 -0.18582 -0.16004 0.96894
1661398724.575146198 2.27770 8.53353 1.00264 -0.03150 -0.18601 -0.16029 0.96887
1661398724.585145950 2.27819 8.52935 1.00213 -0.03129 -0.18620 -0.16059 0.96879
1661398724.595146179 2.27874 8.52516 1.00161 -0.03112 -0.18637 -0.16093 0.96871
1661398724.605145931 2.27935 8.52096 1.00106 -0.03101 -0.18652 -0.16131 0.96862
1661398724.615146160 2.28000 8.51673 1.00051 -0.03096 -0.18662 -0.16172 0.96854
1661398724.625145912 2.28071 8.51248 0.99994 -0.03098 -0.18667 -0.16216 0.96845
1661398724.635146141 2.28146 8.50821 0.99936 -0.03109 -0.18666 -0.16262 0.96837
1661398724.645145893 2.28227 8.50389 0.99877 -0.03129 -0.18657 -0.16310 0.96830
1661398724.655146122 2.28311 8.49953 0.99817 -0.03158 -0.18640 -0.16360 0.96824
1661398724.665145874 2.28399 8.49514 0.99757 -0.03196 -0.18616 -0.16411 0.96819
1661398724.675146103 2.28491 8.49072 0.99698 -0.03241 -0.18587 -0.16461 0.96815
1661398724.685145855 2.28585 8.48627 0.99639 -0.03289 -0.18554 -0.16510 0.96811
1661398724.695146084 2.28682 8.48180 0.99582 -0.03340 -0.18521 -0.16558 0.96807
1661398724.705146074 2.28780 8.47732 0.99527 -0.03391 -0.18488 -0.16603 0.96804
1661398724.715146065 2.28879 8.47283 0.99473 -0.03440 -0.18458 -0.16645 0.96801
1661398724.725146055 2.28979 8.46833 0.99423 -0.03486 -0.18432 -0.16682 0.96798
1661398724.735146046 2.29078 8.46383 0.99376 -0.03525 -0.18412 -0.16714 0.96795
1661398724.745146036 2.29177 8.45934 0.99333 -0.03557 -0.18401 -0.16740 0.96791
1661398724.755146027 2.29275 8.45486 0.99295 -0.03579 -0.18399 -0.16759 0.96787
1661398724.765146017 2.29371 8.45040 0.99260 -0.03594 -0.18406 -0.16772 0.96783
1661398724.775146008 2.29465 8.44595 0.99231 -0.03604 -0.18420 -0.16780 0.96779
1661398724.785145998 2.29558 8.44152 0.99205 -0.03610 -0.18440 -0.16783 0.96774
1661398724.795145988 2.29648 8.43710 0.99185 -0.03615 -0.18465 -0.16783 0.96769
1661398724.805145979 2.29735 8.43271 0.99169 -0.03622 -0.18493 -0.16779 0.96764
1661398724.815145969 2.29820 8.42834 0.99157 -0.03632 -0.18523 -0.16774 0.96759
1661398724.825145960 2.29902 8.42400 0.99150 -0.03648 -0.18553 -0.16766 0.96754
1661398724.835146189 2.29981 8.41968 0.99148 -0.03672 -0.18583 -0.16758 0.96749
1661398724.845145941 2.30056 8.41539 0.99151 -0.03706 -0.18610 -0.16751 0.96744
1661398724.855146170 2.30127 8.41113 0.99158 -0.03752 -0.18634 -0.16743 0.96739
1661398724.865145922 2.30195 8.40690 0.99170 -0.03809 -0.18657 -0.16738 0.96733
1661398724.875146151 2.30259 8.40269 0.99185 -0.03875 -0.18683 -0.16734 0.96726
1661398724.885145903 2.30320 8.39852 0.99203 -0.03947 -0.18713 -0.16733 0.96717
1661398724.895146132 2.30379 8.39438 0.99223 -0.04025 -0.18750 -0.16736 0.96706
1661398724.905145884 2.30434 8.39026 0.99244 -0.04107 -0.18798 -0.16742 0.96693
1661398724.915146112 2.30488 8.38618 0.99266 -0.04190 -0.18859 -0.16753 0.96675
1661398724.925145864 2.30539 8.38212 0.99289 -0.04272 -0.18936 -0.16770 0.96654
1661398724.935146093 2.30588 8.37809 0.99311 -0.04353 -0.19032 -0.16792 0.96628
1661398724.945145845 2.30635 8.37408 0.99331 -0.04430 -0.19149 -0.16820 0.96596
1661398724.955146074 2.30681 8.37010 0.99350 -0.04502 -0.19289 -0.16856 0.96559
1661398724.965146065 2.30725 8.36614 0.99368 -0.04567 -0.19447 -0.16898 0.96516
1661398724.975146055 2.30769 8.36220 0.99384 -0.04625 -0.19618 -0.16945 0.96471
1661398724.985146046 2.30812 8.35827 0.99400 -0.04674 -0.19795 -0.16996 0.96423
1661398724.995146036 2.30855 8.35434 0.99415 -0.04715 -0.19973 -0.17051 0.96375
1661398725.005146027 2.30898 8.35042 0.99431 -0.04746 -0.20145 -0.17109 0.96327
1661398725.015146017 2.30941 8.34649 0.99446 -0.04767 -0.20307 -0.17168 0.96282
1661398725.025146008 2.30985 8.34255 0.99462 -0.04776 -0.20451 -0.17229 0.96240
1661398725.035145998 2.31030 8.33859 0.99479 -0.04773 -0.20572 -0.17289 0.96203
1661398725.045145988 2.31076 8.33461 0.99498 -0.04757 -0.20665 -0.17349 0.96174
1661398725.055145979 2.31124 8.33061 0.99518 -0.04727 -0.20724 -0.17407 0.96152
1661398725.065145969 2.31173 8.32657 0.99540 -0.04688 -0.20753 -0.17465 0.96137
1661398725.075146198 2.31223 8.32252 0.99563 -0.04640 -0.20754 -0.17522 0.96129
1661398725.085145950 2.31274 8.31843 0.99589 -0.04589 -0.20731 -0.17581 0.96125
1661398725.095146179 2.31326 8.31432 0.99616 -0.04536 -0.20689 -0.17643 0.96126
1661398725.105145931 2.31378 8.31019 0.99645 -0.04486 -0.20630 -0.17707 0.96129
1661398725.115146160 2.31431 8.30602 0.99676 -0.04441 -0.20559 -0.17776 0.96133
1661398725.125145912 2.31483 8.30183 0.99709 -0.04405 -0.20478 -0.17850 0.96139
1661398725.135146141 2.31536 8.29761 0.99744 -0.04381 -0.20392 -0.17929 0.96143
1661398725.145145893 2.31588 8.29337 0.99781 -0.04372 -0.20304 -0.18016 0.96146
1661398725.155146122 2.31640 8.28909 0.99820 -0.04380 -0.20218 -0.18111 0.96146
1661398725.165145874 2.31690 8.28479 0.99860 -0.04403 -0.20136 -0.18211 0.96143
1661398725.175146103 2.31738 8.28046 0.99902 -0.04439 -0.20061 -0.18315 0.96137
1661398725.185145855 2.31783 8.27609 0.99945 -0.04484 -0.19994 -0.18421 0.96129
1661398725.195146084 2.31824 8.27168 0.99988 -0.04537 -0.19938 -0.18527 0.96118
1661398725.205146074 2.31860 8.26724 1.00031 -0.04592 -0.19896 -0.18631 0.96104
1661398725.215146065 2.31890 8.26276 1.00073 -0.04649 -0.19868 -0.18730 0.96088
1661398725.225146055 2.31914 8.25823 1.00114 -0.04704 -0.19858 -0.18824 0.96069
1661398725.235146046 2.31930 8.25366 1.00154 -0.04755 -0.19868 -0.18908 0.96047
1661398725.245146036 2.31938 8.24904 1.00192 -0.04797 -0.19901 -0.18983 0.96024
1661398725.255146027 2.31936 8.24438 1.00228 -0.04830 -0.19956 -0.19046 0.95998
1661398725.265146017 2.31927 8.23966 1.00261 -0.04854 -0.20032 -0.19097 0.95971
1661398725.275146008 2.31909 8.23489 1.00291 -0.04869 -0.20123 -0.19139 0.95943
1661398725.285145998 2.31884 8.23007 1.00318 -0.04877 -0.20226 -0.19171 0.95914
1661398725.295145988 2.31852 8.22520 1.00342 -0.04879 -0.20336 -0.19197 0.95886
1661398725.305145979 2.31814 8.22028 1.00362 -0.04876 -0.20449 -0.19215 0.95858
1661398725.315145969 2.31770 8.21530 1.00378 -0.04869 -0.20562 -0.19229 0.95832
1661398725.325145960 2.31720 8.21027 1.00390 -0.04859 -0.20669 -0.19239 0.95807
1661398725.335146189 2.31667 8.20518 1.00397 -0.04848 -0.20766 -0.19246 0.95786
1661398725.345145941 2.31609 8.20005 1.00400 -0.04836 -0.20849 -0.19252 0.95767
1661398725.355146170 2.31548 8.19485 1.00398 -0.04824 -0.20916 -0.19257 0.95752
1661398725.365145922 2.31484 8.18960 1.00391 -0.04813 -0.20966 -0.19262 0.95741
1661398725.375146151 2.31417 8.18429 1.00379 -0.04803 -0.21000 -0.19268 0.95732
1661398725.385145903 2.31347 8.17892 1.00364 -0.04793 -0.21021 -0.19275 0.95727
1661398725.395146132 2.31274 8.17349 1.00345 -0.04785 -0.21029 -0.19282 0.95724
1661398725.405145884 2.31198 8.16800 1.00322 -0.04777 -0.21027 -0.19292 0.95723
1661398725.415146112 2.31121 8.16245 1.00297 -0.04770 -0.21015 -0.19303 0.95724
1661398725.425145864 2.31041 8.15683 1.00269 -0.04765 -0.20994 -0.19317 0.95726
1661398725.435146093 2.30959 8.15114 1.00239 -0.04761 -0.20967 -0.19333 0.95729
1661398725.445145845 2.30875 8.14539 1.00206 -0.04758 -0.20935 -0.19352 0.95732
1661398725.455146074 2.30789 8.13957 1.00172 -0.04757 -0.20898 -0.19374 0.95735
1661398725.465146065 2.30701 8.13369 1.00137 -0.04757 -0.20858 -0.19399 0.95739
1661398725.475146055 2.30611 8.12776 1.00102 -0.04758 -0.20815 -0.19423 0.95744
1661398725.485146046 2.30519 8.12177 1.00066 -0.04760 -0.20770 -0.19447 0.95748
1661398725.495146036 2.30423 8.11574 1.00031 -0.04763 -0.20723 -0.19468 0.95754
1661398725.505146027 2.30325 8.10968 0.99996 -0.04767 -0.20675 -0.19485 0.95761
1661398725.515146017 2.30223 8.10359 0.99964 -0.04772 -0.20627 -0.19496 0.95769
1661398725.525146008 2.30118 8.09747 0.99933 -0.04777 -0.20578 -0.19501 0.95778
1661398725.535145998 2.30009 8.09134 0.99905 -0.04782 -0.20530 -0.19498 0.95789
1661398725.545145988 2.29896 8.08520 0.99879 -0.04788 -0.20483 -0.19484 0.95801
1661398725.555145979 2.29779 8.07906 0.99857 -0.04794 -0.20438 -0.19460 0.95815
1661398725.565145969 2.29658 8.07292 0.99839 -0.04800 -0.20396 -0.19426 0.95831
1661398725.575146198 2.29532 8.06678 0.99823 -0.04807 -0.20358 -0.19384 0.95847
1661398725.585145950 2.29402 8.06066 0.99810 -0.04816 -0.20325 -0.19335 0.95864
1661398725.595146179 2.29268 8.05456 0.99798 -0.04827 -0.20300 -0.19281 0.95879
1661398725.605145931 2.29130 8.04847 0.99789 -0.04841 -0.20282 -0.19223 0.95894
1661398725.615146160 2.28989 8.04241 0.99781 -0.04857 -0.20273 -0.19162 0.95907
1661398725.625145912 2.28843 8.03638 0.99773 -0.04877 -0.20274 -0.19101 0.95918
1661398725.635146141 2.28694 8.03039 0.99767 -0.04900 -0.20287 -0.19040 0.95926
1661398725.645145893 2.28541 8.02443 0.99761 -0.04928 -0.20313 -0.18981 0.95931
1661398725.655146122 2.28384 8.01852 0.99754 -0.04961 -0.20353 -0.18926 0.95932
1661398725.665145874 2.28224 8.01265 0.99748 -0.04997 -0.20403 -0.18874 0.95930
1661398725.675146103 2.28062 8.00681 0.99741 -0.05035 -0.20461 -0.18826 0.95925
1661398725.685145855 2.27897 8.00101 0.99734 -0.05073 -0.20523 -0.18782 0.95918
1661398725.695146084 2.27731 7.99523 0.99726 -0.05110 -0.20586 -0.18741 0.95911
1661398725.705146074 2.27563 7.98947 0.99718 -0.05144 -0.20647 -0.18704 0.95903
1661398725.715146065 2.27395 7.98374 0.99708 -0.05174 -0.20702 -0.18672 0.95896
1661398725.725146055 2.27227 7.97802 0.99698 -0.05199 -0.20749 -0.18643 0.95890
1661398725.735146046 2.27058 7.97231 0.99687 -0.05216 -0.20784 -0.18619 0.95886
1661398725.745146036 2.26891 7.96661 0.99674 -0.05224 -0.20803 -0.18599 0.95885
1661398725.755146027 2.26724 7.96091 0.99661 -0.05223 -0.20806 -0.18583 0.95888
1661398725.765146017 2.26559 7.95522 0.99645 -0.05214 -0.20792 -0.18570 0.95894
1661398725.775146008 2.26395 7.94954 0.99629 -0.05200 -0.20767 -0.18561 0.95902
1661398725.785145998 2.26232 7.94388 0.99610 -0.05183 -0.20731 -0.18554 0.95912
1661398725.795145988 2.26069 7.93824 0.99590 -0.05166 -0.20689 -0.18549 0.95923
1661398725.805145979 2.25907 7.93263 0.99567 -0.05150 -0.20644 -0.18546 0.95934
1661398725.815145969 2.25746 7.92705 0.99543 -0.05139 -0.20598 -0.18542 0.95945
1661398725.825145960 2.25586 7.92151 0.99515 -0.05136 -0.20555 -0.18539 0.95955
1661398725.835146189 2.25425 7.91601 0.99486 -0.05142 -0.20517 -0.18535 0.95964
1661398725.845145941 2.25266 7.91055 0.99454 -0.05159 -0.20488 -0.18530 0.95970
1661398725.855146170 2.25106 7.90515 0.99419 -0.05191 -0.20469 -0.18523 0.95974
1661398725.865145922 2.24946 7.89980 0.99381 -0.05234 -0.20462 -0.18514 0.95975
1661398725.875146151 2.24787 7.89451 0.99342 -0.05286 -0.20468 -0.18504 0.95973
1661398725.885145903 2.24627 7.88927 0.99303 -0.05346 -0.20486 -0.18492 0.95967
1661398725.895146132 2.24467 7.88408 0.99262 -0.05409 -0.20518 -0.18480 0.95960
1661398725.905145884 2.24307 7.87896 0.99223 -0.05473 -0.20563 -0.18468 0.95949
1661398725.915146112 2.24146 7.87389 0.99183 -0.05536 -0.20622 -0.18455 0.95935
1661398725.925145864 2.23984 7.86888 0.99146 -0.05596 -0.20696 -0.18443 0.95918
1661398725.935146093 2.23822 7.86393 0.99110 -0.05648 -0.20784 -0.18430 0.95898
1661398725.945145845 2.23659 7.85904 0.99078 -0.05692 -0.20888 -0.18418 0.95875
1661398725.955146074 2.23495 7.85421 0.99048 -0.05724 -0.21006 -0.18408 0.95849
1661398725.965146065 2.23332 7.84944 0.99022 -0.05745 -0.21138 -0.18398 0.95821
1661398725.975146055 2.23169 7.84472 0.99000 -0.05755 -0.21281 -0.18388 0.95791
1661398725.985146046 2.23009 7.84005 0.98982 -0.05753 -0.21431 -0.18380 0.95759
1661398725.995146036 2.22852 7.83542 0.98968 -0.05741 -0.21586 -0.18372 0.95726
1661398726.005146027 2.22699 7.83082 0.98958 -0.05719 -0.21745 -0.18365 0.95693
1661398726.015146017 2.22552 7.82626 0.98952 -0.05686 -0.21903 -0.18358 0.95660
1661398726.025146008 2.22412 7.82173 0.98951 -0.05644 -0.22058 -0.18353 0.95628
1661398726.035145998 2.22279 7.81721 0.98954 -0.05592 -0.22208 -0.18347 0.95598
1661398726.045145988 2.22155 7.81272 0.98963 -0.05530 -0.22351 -0.18342 0.95569
1661398726.055145979 2.22041 7.80824 0.98976 -0.05460 -0.22483 -0.18338 0.95543
1661398726.065145969 2.21936 7.80377 0.98994 -0.05384 -0.22605 -0.18333 0.95519
1661398726.075146198 2.21840 7.79932 0.99014 -0.05304 -0.22718 -0.18327 0.95498
1661398726.085145950 2.21754 7.79490 0.99037 -0.05223 -0.22821 -0.18319 0.95480
1661398726.095146179 2.21676 7.79050 0.99062 -0.05144 -0.22915 -0.18308 0.95463
1661398726.105145931 2.21607 7.78612 0.99086 -0.05069 -0.23001 -0.18293 0.95450
1661398726.115146160 2.21546 7.78178 0.99110 -0.05001 -0.23078 -0.18274 0.95438
1661398726.125145912 2.21493 7.77748 0.99132 -0.04943 -0.23146 -0.18249 0.95429
1661398726.135146141 2.21448 7.77321 0.99152 -0.04897 -0.23208 -0.18218 0.95423
1661398726.145145893 2.21410 7.76898 0.99169 -0.04867 -0.23261 -0.18181 0.95418
1661398726.155146122 2.21379 7.76479 0.99181 -0.04853 -0.23309 -0.18136 0.95416
1661398726.165145874 2.21355 7.76065 0.99188 -0.04852 -0.23352 -0.18084 0.95415
1661398726.175146103 2.21337 7.75656 0.99188 -0.04860 -0.23397 -0.18027 0.95415
1661398726.185145855 2.21323 7.75251 0.99182 -0.04871 -0.23446 -0.17965 0.95414
1661398726.195146084 2.21314 7.74850 0.99168 -0.04880 -0.23502 -0.17901 0.95412
1661398726.205146074 2.21309 7.74454 0.99145 -0.04883 -0.23569 -0.17834 0.95407
1661398726.215146065 2.21308 7.74061 0.99114 -0.04878 -0.23642 -0.17766 0.95402
1661398726.225146055 2.21313 7.73671 0.99076 -0.04865 -0.23716 -0.17696 0.95398
1661398726.235146046 2.21324 7.73281 0.99030 -0.04842 -0.23784 -0.17625 0.95395
1661398726.245146036 2.21343 7.72892 0.98979 -0.04808 -0.23841 -0.17552 0.95396
1661398726.255146027 2.21370 7.72501 0.98921 -0.04762 -0.23883 -0.17479 0.95401
1661398726.265146017 2.21405 7.72108 0.98858 -0.04707 -0.23910 -0.17405 0.95411
1661398726.275146008 2.21448 7.71714 0.98789 -0.04643 -0.23925 -0.17331 0.95423
1661398726.285145998 2.21499 7.71317 0.98716 -0.04575 -0.23932 -0.17257 0.95439
1661398726.295145988 2.21559 7.70917 0.98638 -0.04504 -0.23931 -0.17184 0.95455
1661398726.305145979 2.21627 7.70514 0.98555 -0.04431 -0.23926 -0.17111 0.95473
1661398726.315145969 2.21702 7.70108 0.98469 -0.04360 -0.23919 -0.17039 0.95491
1661398726.325145960 2.21786 7.69699 0.98378 -0.04293 -0.23913 -0.16969 0.95508
1661398726.335146189 2.21878 7.69285 0.98284 -0.04232 -0.23910 -0.16900 0.95524
1661398726.345145941 2.21977 7.68867 0.98186 -0.04179 -0.23913 -0.16834 0.95537
1661398726.355146170 2.22084 7.68445 0.98085 -0.04136 -0.23923 -0.16770 0.95548
1661398726.365145922 2.22199 7.68017 0.97983 -0.04102 -0.23940 -0.16707 0.95556
1661398726.375146151 2.22321 7.67585 0.97878 -0.04077 -0.23961 -0.16646 0.95562
1661398726.385145903 2.22450 7.67148 0.97772 -0.04058 -0.23985 -0.16585 0.95568
1661398726.395146132 2.22586 7.66705 0.97667 -0.04045 -0.24011 -0.16524 0.95572
1661398726.405145884 2.22729 7.66257 0.97561 -0.04036 -0.24035 -0.16462 0.95577
1661398726.415146112 2.22878 7.65804 0.97457 -0.04030 -0.24057 -0.16398 0.95583
1661398726.425145864 2.23033 7.65345 0.97355 -0.04027 -0.24075 -0.16332 0.95590
1661398726.435146093 2.23195 7.64879 0.97256 -0.04024 -0.24087 -0.16262 0.95599
1661398726.445145845 2.23362 7.64408 0.97159 -0.04021 -0.24090 -0.16189 0.95611
1661398726.455146074 2.23535 7.63930 0.97067 -0.04016 -0.24086 -0.16111 0.95625
1661398726.465146065 2.23712 7.63447 0.96979 -0.04010 -0.24075 -0.16028 0.95642
1661398726.475146055 2.23893 7.62958 0.96896 -0.04001 -0.24062 -0.15940 0.95660
1661398726.485146046 2.24076 7.62464 0.96817 -0.03990 -0.24051 -0.15847 0.95679
1661398726.495146036 2.24261 7.61966 0.96742 -0.03976 -0.24046 -0.15748 0.95697
1661398726.505146027 2.24446 7.61463 0.96673 -0.03960 -0.24049 -0.15643 0.95714
1661398726.515146017 2.24631 7.60956 0.96609 -0.03940 -0.24066 -0.15531 0.95729
1661398726.525146008 2.24814 7.60445 0.96550 -0.03917 -0.24099 -0.15413 0.95741
1661398726.535145998 2.24994 7.59932 0.96497 -0.03890 -0.24153 -0.15288 0.95749
1661398726.545145988 2.25171 7.59415 0.96449 -0.03859 -0.24231 -0.15155 0.95751
1661398726.555145979 2.25343 7.58896 0.96408 -0.03824 -0.24334 -0.15015 0.95749
1661398726.565145969 2.25510 7.58376 0.96371 -0.03784 -0.24452 -0.14869 0.95743
1661398726.575146198 2.25671 7.57854 0.96340 -0.03740 -0.24572 -0.14719 0.95737
1661398726.585145950 2.25827 7.57332 0.96314 -0.03692 -0.24680 -0.14567 0.95734
1661398726.595146179 2.25978 7.56811 0.96293 -0.03638 -0.24763 -0.14415 0.95738
1661398726.605145931 2.26122 7.56291 0.96276 -0.03580 -0.24812 -0.14265 0.95750
1661398726.615146160 2.26260 7.55773 0.96264 -0.03520 -0.24832 -0.14119 0.95769
1661398726.625145912 2.26391 7.55259 0.96257 -0.03465 -0.24832 -0.13978 0.95791
1661398726.635146141 2.26515 7.54751 0.96256 -0.03417 -0.24821 -0.13843 0.95816
1661398726.645145893 2.26632 7.54250 0.96262 -0.03380 -0.24808 -0.13717 0.95838
1661398726.655146122 2.26742 7.53757 0.96275 -0.03360 -0.24800 -0.13600 0.95858
1661398726.665145874 2.26844 7.53271 0.96294 -0.03353 -0.24801 -0.13493 0.95873
1661398726.675146103 2.26938 7.52794 0.96319 -0.03359 -0.24811 -0.13393 0.95884
1661398726.685145855 2.27023 7.52326 0.96348 -0.03376 -0.24832 -0.13301 0.95891
1661398726.695146084 2.27100 7.51865 0.96381 -0.03402 -0.24866 -0.13214 0.95893
1661398726.705146074 2.27169 7.51412 0.96417 -0.03434 -0.24912 -0.13133 0.95891
1661398726.715146065 2.27228 7.50966 0.96454 -0.03473 -0.24974 -0.13056 0.95884
1661398726.725146055 2.27278 7.50529 0.96493 -0.03514 -0.25051 -0.12983 0.95873
1661398726.735146046 2.27318 7.50099 0.96532 -0.03557 -0.25145 -0.12911 0.95856
1661398726.745146036 2.27348 7.49677 0.96571 -0.03600 -0.25258 -0.12841 0.95834
1661398726.755146027 2.27369 7.49262 0.96608 -0.03641 -0.25389 -0.12772 0.95807
1661398726.765146017 2.27379 7.48855 0.96643 -0.03678 -0.25535 -0.12703 0.95776
1661398726.775146008 2.27381 7.48454 0.96677 -0.03712 -0.25691 -0.12635 0.95742
1661398726.785145998 2.27374 7.48061 0.96708 -0.03740 -0.25851 -0.12568 0.95707
1661398726.795145988 2.27359 7.47674 0.96738 -0.03763 -0.26011 -0.12502 0.95671
1661398726.805145979 2.27336 7.47294 0.96765 -0.03779 -0.26165 -0.12438 0.95637
1661398726.815145969 2.27306 7.46920 0.96790 -0.03787 -0.26309 -0.12376 0.95605
1661398726.825145960 2.27270 7.46552 0.96812 -0.03786 -0.26438 -0.12316 0.95577
1661398726.835146189 2.27228 7.46189 0.96831 -0.03776 -0.26546 -0.12258 0.95555
1661398726.845145941 2.27180 7.45833 0.96848 -0.03755 -0.26628 -0.12202 0.95540
1661398726.855146170 2.27127 7.45482 0.96861 -0.03723 -0.26681 -0.12150 0.95533
1661398726.865145922 2.27068 7.45135 0.96871 -0.03682 -0.26707 -0.12099 0.95534
1661398726.875146151 2.27003 7.44794 0.96877 -0.03633 -0.26710 -0.12050 0.95541
1661398726.885145903 2.26933 7.44457 0.96880 -0.03580 -0.26692 -0.12002 0.95555
1661398726.895146132 2.26855 7.44124 0.96880 -0.03524 -0.26656 -0.11955 0.95572
1661398726.905145884 2.26770 7.43794 0.96876 -0.03467 -0.26607 -0.11908 0.95594
1661398726.915146112 2.26677 7.43468 0.96868 -0.03412 -0.26548 -0.11860 0.95619
1661398726.925145864 2.26576 7.43145 0.96856 -0.03361 -0.26481 -0.11811 0.95645
1661398726.935146093 2.26466 7.42825 0.96840 -0.03315 -0.26411 -0.11760 0.95672
1661398726.945145845 2.26348 7.42507 0.96820 -0.03278 -0.26340 -0.11706 0.95700
1661398726.955146074 2.26220 7.42191 0.96795 -0.03251 -0.26271 -0.11650 0.95726
1661398726.965146065 2.26082 7.41876 0.96768 -0.03234 -0.26206 -0.11592 0.95752
1661398726.975146055 2.25935 7.41562 0.96736 -0.03226 -0.26146 -0.11533 0.95776
1661398726.985146046 2.25778 7.41248 0.96703 -0.03227 -0.26089 -0.11472 0.95798
1661398726.995146036 2.25611 7.40935 0.96667 -0.03236 -0.26038 -0.11411 0.95819
1661398727.005146027 2.25435 7.40620 0.96629 -0.03254 -0.25993 -0.11351 0.95838
1661398727.015146017 2.25248 7.40303 0.96590 -0.03278 -0.25954 -0.11292 0.95855
1661398727.025146008 2.25052 7.39985 0.96551 -0.03309 -0.25922 -0.11235 0.95869
1661398727.035145998 2.24845 7.39664 0.96512 -0.03347 -0.25897 -0.11181 0.95881
1661398727.045145988 2.24628 7.39339 0.96473 -0.03390 -0.25881 -0.11130 0.95890
1661398727.055145979 2.24402 7.39011 0.96435 -0.03439 -0.25873 -0.11083 0.95896
1661398727.065145969 2.24166 7.38679 0.96398 -0.03492 -0.25871 -0.11040 0.95899
1661398727.075146198 2.23921 7.38343 0.96363 -0.03549 -0.25875 -0.11002 0.95900
1661398727.085145950 2.23668 7.38002 0.96330 -0.03609 -0.25882 -0.10970 0.95900
1661398727.095146179 2.23407 7.37657 0.96300 -0.03672 -0.25891 -0.10944 0.95898
1661398727.105145931 2.23140 7.37307 0.96273 -0.03737 -0.25899 -0.10925 0.95895
1661398727.115146160 2.22866 7.36953 0.96248 -0.03802 -0.25905 -0.10913 0.95893
1661398727.125145912 2.22587 7.36593 0.96228 -0.03868 -0.25906 -0.10908 0.95890
1661398727.135146141 2.22303 7.36228 0.96211 -0.03934 -0.25902 -0.10912 0.95888
1661398727.145145893 2.22015 7.35857 0.96198 -0.03999 -0.25891 -0.10924 0.95887
1661398727.155146122 2.21724 7.35481 0.96190 -0.04062 -0.25870 -0.10946 0.95888
1661398727.165145874 2.21428 7.35099 0.96187 -0.04123 -0.25841 -0.10973 0.95890
1661398727.175146103 2.21126 7.34713 0.96189 -0.04179 -0.25806 -0.11005 0.95893
1661398727.185145855 2.20818 7.34323 0.96196 -0.04229 -0.25765 -0.11037 0.95898
1661398727.195146084 2.20503 7.33928 0.96208 -0.04272 -0.25721 -0.11067 0.95905
1661398727.205146074 2.20180 7.33531 0.96226 -0.04306 -0.25675 -0.11093 0.95913
1661398727.215146065 2.19848 7.33130 0.96249 -0.04331 -0.25627 -0.11112 0.95922
1661398727.225146055 2.19506 7.32727 0.96278 -0.04344 -0.25580 -0.11120 0.95933
1661398727.235146046 2.19152 7.32322 0.96313 -0.04344 -0.25535 -0.11115 0.95946
1661398727.245146036 2.18787 7.31916 0.96354 -0.04330 -0.25493 -0.11095 0.95960
1661398727.255146027 2.18409 7.31508 0.96402 -0.04302 -0.25456 -0.11056 0.95975
1661398727.265146017 2.18019 7.31100 0.96455 -0.04260 -0.25424 -0.11001 0.95992
1661398727.275146008 2.17617 7.30692 0.96512 -0.04210 -0.25395 -0.10932 0.96010
1661398727.285145998 2.17204 7.30284 0.96573 -0.04153 -0.25370 -0.10849 0.96028
1661398727.295145988 2.16782 7.29877 0.96637 -0.04093 -0.25348 -0.10755 0.96047
1661398727.305145979 2.16349 7.29471 0.96704 -0.04034 -0.25329 -0.10651 0.96066
1661398727.315145969 2.15907 7.29066 0.96771 -0.03977 -0.25313 -0.10539 0.96085
1661398727.325145960 2.15457 7.28664 0.96840 -0.03927 -0.25299 -0.10422 0.96104
1661398727.335146189 2.15000 7.28265 0.96908 -0.03887 -0.25287 -0.10300 0.96122
1661398727.345145941 2.14535 7.27868 0.96975 -0.03859 -0.25276 -0.10176 0.96139
1661398727.355146170 2.14064 7.27475 0.97040 -0.03846 -0.25266 -0.10052 0.96155
1661398727.365145922 2.13587 7.27086 0.97104 -0.03846 -0.25258 -0.09928 0.96170
1661398727.375146151 2.13104 7.26700 0.97168 -0.03858 -0.25249 -0.09805 0.96185
1661398727.385145903 2.12616 7.26317 0.97231 -0.03880 -0.25240 -0.09684 0.96198
1661398727.395146132 2.12122 7.25938 0.97295 -0.03910 -0.25231 -0.09566 0.96211
1661398727.405145884 2.11625 7.25562 0.97361 -0.03946 -0.25221 -0.09452 0.96224
1661398727.415146112 2.11123 7.25189 0.97429 -0.03985 -0.25210 -0.09343 0.96236
1661398727.425145864 2.10617 7.24819 0.97499 -0.04026 -0.25198 -0.09239 0.96247
1661398727.435146093 2.10107 7.24452 0.97573 -0.04068 -0.25183 -0.09142 0.96259
1661398727.445145845 2.09595 7.24088 0.97650 -0.04106 -0.25166 -0.09052 0.96270
1661398727.455146074 2.09080 7.23726 0.97733 -0.04142 -0.25147 -0.08970 0.96281
1661398727.465146065 2.08562 7.23368 0.97819 -0.04173 -0.25126 -0.08896 0.96292
1661398727.475146055 2.08042 7.23014 0.97909 -0.04199 -0.25106 -0.08829 0.96302
1661398727.485146046 2.07519 7.22663 0.98001 -0.04222 -0.25087 -0.08769 0.96312
1661398727.495146036 2.06995 7.22316 0.98096 -0.04240 -0.25071 -0.08715 0.96320
1661398727.505146027 2.06469 7.21972 0.98193 -0.04253 -0.25060 -0.08666 0.96326
1661398727.515146017 2.05942 7.21634 0.98291 -0.04263 -0.25056 -0.08623 0.96331
1661398727.525146008 2.05414 7.21299 0.98389 -0.04267 -0.25058 -0.08584 0.96334
1661398727.535145998 2.04885 7.20970 0.98488 -0.04267 -0.25070 -0.08549 0.96334
1661398727.545145988 2.04354 7.20645 0.98586 -0.04263 -0.25091 -0.08518 0.96331
1661398727.555145979 2.03824 7.20326 0.98683 -0.04254 -0.25125 -0.08489 0.96325
1661398727.565145969 2.03292 7.20012 0.98778 -0.04241 -0.25168 -0.08463 0.96317
1661398727.575146198 2.02760 7.19702 0.98872 -0.04225 -0.25221 -0.08438 0.96306
1661398727.585145950 2.02226 7.19398 0.98965 -0.04205 -0.25282 -0.08414 0.96293
1661398727.595146179 2.01691 7.19099 0.99055 -0.04184 -0.25349 -0.08390 0.96278
1661398727.605145931 2.01154 7.18805 0.99144 -0.04161 -0.25422 -0.08366 0.96262
1661398727.615146160 2.00615 7.18515 0.99231 -0.04138 -0.25498 -0.08340 0.96245
1661398727.625145912 2.00074 7.18230 0.99315 -0.04115 -0.25578 -0.08313 0.96228
1661398727.635146141 1.99530 7.17950 0.99396 -0.04091 -0.25658 -0.08282 0.96210
1661398727.645145893 1.98983 7.17674 0.99476 -0.04070 -0.25739 -0.08249 0.96192
1661398727.655146122 1.98433 7.17402 0.99552 -0.04049 -0.25818 -0.08212 0.96175
1661398727.665145874 1.97881 7.17135 0.99626 -0.04031 -0.25896 -0.08171 0.96158
1661398727.675146103 1.97325 7.16872 0.99697 -0.04014 -0.25971 -0.08126 0.96143
1661398727.685145855 1.96767 7.16614 0.99767 -0.03999 -0.26041 -0.08078 0.96128
1661398727.695146084 1.96205 7.16361 0.99836 -0.03986 -0.26108 -0.08028 0.96115
1661398727.705146074 1.95642 7.16112 0.99903 -0.03974 -0.26168 -0.07975 0.96103
1661398727.715146065 1.95075 7.15869 0.99969 -0.03963 -0.26223 -0.07920 0.96093
1661398727.725146055 1.94506 7.15630 1.00035 -0.03953 -0.26271 -0.07862 0.96085
1661398727.735146046 1.93935 7.15396 1.00101 -0.03945 -0.26310 -0.07803 0.96080
1661398727.745146036 1.93361 7.15167 1.00167 -0.03939 -0.26341 -0.07743 0.96076
1661398727.755146027 1.92785 7.14943 1.00233 -0.03933 -0.26363 -0.07682 0.96075
1661398727.765146017 1.92207 7.14723 1.00300 -0.03927 -0.26377 -0.07620 0.96077
1661398727.775146008 1.91626 7.14508 1.00367 -0.03920 -0.26385 -0.07558 0.96080
1661398727.785145998 1.91044 7.14297 1.00434 -0.03911 -0.26389 -0.07496 0.96084
1661398727.795145988 1.90461 7.14089 1.00501 -0.03899 -0.26390 -0.07436 0.96089
1661398727.805145979 1.89876 7.13883 1.00568 -0.03883 -0.26390 -0.07378 0.96094
1661398727.815145969 1.89289 7.13681 1.00635 -0.03862 -0.26391 -0.07322 0.96099
1661398727.825145960 1.88702 7.13480 1.00702 -0.03834 -0.26394 -0.07269 0.96103
1661398727.835146189 1.88113 7.13281 1.00767 -0.03799 -0.26401 -0.07219 0.96106
1661398727.845145941 1.87523 7.13083 1.00832 -0.03755 -0.26414 -0.07173 0.96108
1661398727.855146170 1.86933 7.12886 1.00897 -0.03702 -0.26434 -0.07132 0.96108
1661398727.865145922 1.86343 7.12689 1.00960 -0.03642 -0.26458 -0.07096 0.96106
1661398727.875146151 1.85754 7.12491 1.01024 -0.03575 -0.26483 -0.07065 0.96104
1661398727.885145903 1.85166 7.12292 1.01086 -0.03503 -0.26507 -0.07039 0.96102
1661398727.895146132 1.84581 7.12092 1.01148 -0.03429 -0.26525 -0.07020 0.96101
1661398727.905145884 1.83999 7.11889 1.01210 -0.03353 -0.26535 -0.07006 0.96102
1661398727.915146112 1.83420 7.11683 1.01272 -0.03278 -0.26534 -0.07000 0.96105
1661398727.925145864 1.82847 7.11473 1.01333 -0.03205 -0.26518 -0.07000 0.96112
1661398727.935146093 1.82279 7.11259 1.01395 -0.03135 -0.26485 -0.07007 0.96123
1661398727.945145845 1.81717 7.11040 1.01457 -0.03071 -0.26430 -0.07021 0.96139
1661398727.955146074 1.81161 7.10816 1.01519 -0.03012 -0.26352 -0.07043 0.96161
1661398727.965146065 1.80609 7.10586 1.01584 -0.02955 -0.26246 -0.07074 0.96189
1661398727.975146055 1.80055 7.10349 1.01655 -0.02894 -0.26110 -0.07113 0.96225
1661398727.985146046 1.79497 7.10106 1.01736 -0.02823 -0.25939 -0.07161 0.96270
1661398727.995146036 1.78930 7.09856 1.01827 -0.02737 -0.25731 -0.07219 0.96324
1661398728.005146027 1.78352 7.09600 1.01933 -0.02632 -0.25487 -0.07285 0.96387
1661398728.015146017 1.77762 7.09337 1.02050 -0.02515 -0.25224 -0.07357 0.96454
1661398728.025146008 1.77163 7.09069 1.02178 -0.02393 -0.24964 -0.07428 0.96519
1661398728.035145998 1.76556 7.08797 1.02314 -0.02274 -0.24729 -0.07495 0.96577
1661398728.045145988 1.75941 7.08522 1.02456 -0.02167 -0.24542 -0.07552 0.96623
1661398728.055145979 1.75321 7.08244 1.02601 -0.02079 -0.24420 -0.07596 0.96652
1661398728.065145969 1.74696 7.07964 1.02748 -0.02008 -0.24359 -0.07628 0.96667
1661398728.075146198 1.74068 7.07683 1.02897 -0.01954 -0.24348 -0.07650 0.96669
1661398728.085145950 1.73437 7.07402 1.03045 -0.01916 -0.24379 -0.07665 0.96660
1661398728.095146179 1.72804 7.07120 1.03191 -0.01893 -0.24442 -0.07674 0.96644
1661398728.105145931 1.72170 7.06838 1.03335 -0.01882 -0.24526 -0.07682 0.96623
1661398728.115146160 1.71536 7.06558 1.03474 -0.01883 -0.24623 -0.07689 0.96597
1661398728.125145912 1.70903 7.06279 1.03608 -0.01894 -0.24722 -0.07697 0.96571
1661398728.135146141 1.70272 7.06002 1.03735 -0.01914 -0.24815 -0.07711 0.96546
1661398728.145145893 1.69643 7.05728 1.03853 -0.01942 -0.24891 -0.07731 0.96524
1661398728.155146122 1.69018 7.05457 1.03963 -0.01976 -0.24943 -0.07759 0.96508
1661398728.165145874 1.68396 7.05189 1.04064 -0.02015 -0.24972 -0.07796 0.96496
1661398728.175146103 1.67776 7.04923 1.04158 -0.02057 -0.24980 -0.07838 0.96490
1661398728.185145855 1.67159 7.04658 1.04246 -0.02099 -0.24972 -0.07885 0.96487
1661398728.195146084 1.66543 7.04394 1.04329 -0.02140 -0.24949 -0.07935 0.96488
1661398728.205146074 1.65929 7.04131 1.04408 -0.02178 -0.24915 -0.07986 0.96492
1661398728.215146065 1.65315 7.03868 1.04484 -0.02212 -0.24873 -0.08037 0.96498
1661398728.225146055 1.64703 7.03605 1.04559 -0.02239 -0.24826 -0.08086 0.96505
1661398728.235146046 1.64090 7.03340 1.04633 -0.02258 -0.24777 -0.08133 0.96514
1661398728.245146036 1.63477 7.03073 1.04707 -0.02267 -0.24728 -0.08174 0.96522
1661398728.255146027 1.62863 7.02805 1.04783 -0.02265 -0.24683 -0.08210 0.96531
1661398728.265146017 1.62248 7.02534 1.04861 -0.02252 -0.24643 -0.08240 0.96539
1661398728.275146008 1.61633 7.02261 1.04938 -0.02232 -0.24610 -0.08265 0.96546
1661398728.285145998 1.61018 7.01984 1.05016 -0.02207 -0.24586 -0.08286 0.96551
1661398728.295145988 1.60402 7.01705 1.05093 -0.02179 -0.24571 -0.08303 0.96554
1661398728.305145979 1.59786 7.01423 1.05170 -0.02149 -0.24567 -0.08317 0.96554
1661398728.315145969 1.59170 7.01138 1.05244 -0.02121 -0.24577 -0.08328 0.96551
1661398728.325145960 1.58554 7.00849 1.05317 -0.02096 -0.24600 -0.08337 0.96545
1661398728.335146189 1.57938 7.00557 1.05387 -0.02076 -0.24640 -0.08345 0.96535
1661398728.345145941 1.57323 7.00261 1.05453 -0.02065 -0.24697 -0.08353 0.96520
1661398728.355146170 1.56708 6.99961 1.05516 -0.02063 -0.24770 -0.08360 0.96500
1661398728.365145922 1.56096 6.99656 1.05573 -0.02070 -0.24854 -0.08367 0.96478
1661398728.375146151 1.55488 6.99348 1.05622 -0.02085 -0.24938 -0.08373 0.96455
1661398728.385145903 1.54887 6.99035 1.05663 -0.02108 -0.25014 -0.08379 0.96435
1661398728.395146132 1.54293 6.98717 1.05692 -0.02138 -0.25073 -0.08385 0.96418
1661398728.405145884 1.53710 6.98394 1.05710 -0.02174 -0.25108 -0.08389 0.96408
1661398728.415146112 1.53134 6.98066 1.05717 -0.02212 -0.25123 -0.08394 0.96403
1661398728.425145864 1.52565 6.97733 1.05715 -0.02250 -0.25125 -0.08398 0.96401
1661398728.435146093 1.52000 6.97395 1.05707 -0.02286 -0.25120 -0.08403 0.96401
1661398728.445145845 1.51438 6.97051 1.05694 -0.02315 -0.25114 -0.08408 0.96401
1661398728.455146074 1.50876 6.96702 1.05679 -0.02335 -0.25112 -0.08415 0.96401
1661398728.465146065 1.50315 6.96347 1.05661 -0.02348 -0.25115 -0.08421 0.96399
1661398728.475146055 1.49753 6.95987 1.05640 -0.02354 -0.25124 -0.08427 0.96396
1661398728.485146046 1.49191 6.95622 1.05617 -0.02355 -0.25138 -0.08431 0.96392
1661398728.495146036 1.48628 6.95252 1.05591 -0.02352 -0.25158 -0.08434 0.96387
1661398728.505146027 1.48064 6.94878 1.05562 -0.02347 -0.25183 -0.08433 0.96380
1661398728.515146017 1.47498 6.94500 1.05531 -0.02340 -0.25214 -0.08429 0.96373
1661398728.525146008 1.46930 6.94119 1.05498 -0.02333 -0.25250 -0.08421 0.96364
1661398728.535145998 1.46360 6.93733 1.05461 -0.02328 -0.25292 -0.08407 0.96355
1661398728.545145988 1.45787 6.93345 1.05422 -0.02326 -0.25339 -0.08387 0.96344
1661398728.555145979 1.45211 6.92953 1.05380 -0.02327 -0.25392 -0.08361 0.96332
1661398728.565145969 1.44634 6.92559 1.05336 -0.02333 -0.25449 -0.08329 0.96320
1661398728.575146198 1.44054 6.92161 1.05290 -0.02344 -0.25510 -0.08290 0.96307
1661398728.585145950 1.43475 6.91761 1.05243 -0.02359 -0.25574 -0.08245 0.96293
1661398728.595146179 1.42895 6.91358 1.05196 -0.02380 -0.25640 -0.08194 0.96280
1661398728.605145931 1.42317 6.90952 1.05148 -0.02406 -0.25707 -0.08137 0.96266
1661398728.615146160 1.41741 6.90543 1.05101 -0.02438 -0.25774 -0.08075 0.96253
1661398728.625145912 1.41167 6.90132 1.05054 -0.02477 -0.25840 -0.08007 0.96239
1661398728.635146141 1.40597 6.89717 1.05009 -0.02522 -0.25905 -0.07934 0.96227
1661398728.645145893 1.40031 6.89300 1.04966 -0.02573 -0.25966 -0.07856 0.96215
1661398728.655146122 1.39470 6.88881 1.04925 -0.02632 -0.26025 -0.07773 0.96205
1661398728.665145874 1.38915 6.88459 1.04886 -0.02696 -0.26079 -0.07688 0.96195
1661398728.675146103 1.38364 6.88035 1.04850 -0.02764 -0.26127 -0.07601 0.96187
1661398728.685145855 1.37820 6.87611 1.04816 -0.02835 -0.26170 -0.07515 0.96180
1661398728.695146084 1.37280 6.87185 1.04785 -0.02907 -0.26206 -0.07432 0.96175
1661398728.705146074 1.36747 6.86759 1.04756 -0.02979 -0.26234 -0.07354 0.96171
1661398728.715146065 1.36219 6.86333 1.04729 -0.03050 -0.26254 -0.07283 0.96169
1661398728.725146055 1.35697 6.85907 1.04705 -0.03118 -0.26264 -0.07220 0.96168
1661398728.735146046 1.35181 6.85483 1.04683 -0.03182 -0.26265 -0.07168 0.96170
1661398728.745146036 1.34671 6.85059 1.04663 -0.03240 -0.26254 -0.07129 0.96174
1661398728.755146027 1.34168 6.84638 1.04646 -0.03291 -0.26232 -0.07103 0.96180
1661398728.765146017 1.33669 6.84218 1.04632 -0.03335 -0.26200 -0.07089 0.96188
1661398728.775146008 1.33177 6.83801 1.04619 -0.03374 -0.26158 -0.07086 0.96198
1661398728.785145998 1.32688 6.83386 1.04609 -0.03409 -0.26109 -0.07091 0.96210
1661398728.795145988 1.32204 6.82973 1.04601 -0.03439 -0.26052 -0.07102 0.96224
1661398728.805145979 1.31724 6.82563 1.04595 -0.03465 -0.25990 -0.07117 0.96239
1661398728.815145969 1.31247 6.82156 1.04592 -0.03489 -0.25924 -0.07133 0.96254
1661398728.825145960 1.30772 6.81751 1.04590 -0.03512 -0.25854 -0.07149 0.96271
1661398728.835146189 1.30300 6.81350 1.04591 -0.03533 -0.25783 -0.07162 0.96289
1661398728.845145941 1.29829 6.80951 1.04593 -0.03554 -0.25710 -0.07170 0.96306
1661398728.855146170 1.29360 6.80556 1.04597 -0.03575 -0.25639 -0.07172 0.96325
1661398728.865145922 1.28891 6.80164 1.04603 -0.03596 -0.25569 -0.07169 0.96343
1661398728.875146151 1.28424 6.79774 1.04611 -0.03616 -0.25502 -0.07162 0.96360
1661398728.885145903 1.27957 6.79386 1.04620 -0.03635 -0.25438 -0.07153 0.96377
1661398728.895146132 1.27492 6.79000 1.04630 -0.03652 -0.25380 -0.07144 0.96392
1661398728.905145884 1.27027 6.78616 1.04641 -0.03666 -0.25328 -0.07136 0.96406
1661398728.915146112 1.26562 6.78232 1.04652 -0.03678 -0.25284 -0.07130 0.96418
1661398728.925145864 1.26099 6.77850 1.04664 -0.03686 -0.25248 -0.07128 0.96427
1661398728.935146093 1.25635 6.77467 1.04676 -0.03689 -0.25222 -0.07133 0.96433
1661398728.945145845 1.25172 6.77084 1.04688 -0.03688 -0.25207 -0.07145 0.96436
1661398728.955146074 1.24709 6.76701 1.04700 -0.03682 -0.25203 -0.07165 0.96436
1661398728.965146065 1.24247 6.76318 1.04712 -0.03670 -0.25211 -0.07194 0.96432
1661398728.975146055 1.23785 6.75934 1.04724 -0.03651 -0.25230 -0.07229 0.96425
1661398728.985146046 1.23324 6.75551 1.04737 -0.03627 -0.25259 -0.07270 0.96416
1661398728.995146036 1.22863 6.75167 1.04751 -0.03596 -0.25299 -0.07316 0.96403
1661398729.005146027 1.22403 6.74785 1.04766 -0.03558 -0.25347 -0.07365 0.96388
1661398729.015146017 1.21943 6.74403 1.04782 -0.03513 -0.25405 -0.07417 0.96370
1661398729.025146008 1.21485 6.74021 1.04800 -0.03460 -0.25471 -0.07470 0.96351
1661398729.035145998 1.21028 6.73641 1.04820 -0.03400 -0.25546 -0.07523 0.96329
1661398729.045145988 1.20571 6.73262 1.04842 -0.03332 -0.25627 -0.07576 0.96306
1661398729.055145979 1.20116 6.72884 1.04867 -0.03255 -0.25716 -0.07627 0.96281
1661398729.065145969 1.19662 6.72508 1.04894 -0.03172 -0.25809 -0.07677 0.96254
1661398729.075146198 1.19209 6.72134 1.04923 -0.03086 -0.25905 -0.07726 0.96227
1661398729.085145950 1.18757 6.71761 1.04954 -0.02998 -0.26002 -0.07776 0.96200
1661398729.095146179 1.18306 6.71391 1.04987 -0.02911 -0.26099 -0.07827 0.96172
1661398729.105145931 1.17855 6.71022 1.05022 -0.02827 -0.26192 -0.07881 0.96145
1661398729.115146160 1.17406 6.70656 1.05058 -0.02748 -0.26280 -0.07936 0.96119
1661398729.125145912 1.16957 6.70291 1.05096 -0.02676 -0.26361 -0.07996 0.96094
1661398729.135146141 1.16509 6.69930 1.05135 -0.02615 -0.26434 -0.08060 0.96070
1661398729.145145893 1.16062 6.69570 1.05176 -0.02566 -0.26495 -0.08128 0.96049
1661398729.155146122 1.15615 6.69214 1.05218 -0.02530 -0.26544 -0.08203 0.96030
1661398729.165145874 1.15168 6.68860 1.05260 -0.02508 -0.26584 -0.08282 0.96013
1661398729.175146103 1.14721 6.68508 1.05301 -0.02498 -0.26618 -0.08366 0.95996
1661398729.185145855 1.14273 6.68158 1.05341 -0.02499 -0.26650 -0.08453 0.95980
1661398729.195146084 1.13823 6.67811 1.05379 -0.02510 -0.26684 -0.08543 0.95962
1661398729.205146074 1.13371 6.67465 1.05414 -0.02530 -0.26722 -0.08635 0.95942
1661398729.215146065 1.12916 6.67122 1.05445 -0.02557 -0.26769 -0.08728 0.95920
1661398729.225146055 1.12458 6.66780 1.05471 -0.02591 -0.26829 -0.08822 0.95894
1661398729.235146046 1.11996 6.66439 1.05492 -0.02631 -0.26904 -0.08915 0.95863
1661398729.245146036 1.11529 6.66100 1.05506 -0.02674 -0.26998 -0.09007 0.95827
1661398729.255146027 1.11058 6.65762 1.05514 -0.02721 -0.27113 -0.09097 0.95785
1661398729.265146017 1.10583 6.65425 1.05513 -0.02773 -0.27240 -0.09185 0.95739
1661398729.275146008 1.10108 6.65089 1.05504 -0.02829 -0.27367 -0.09274 0.95693
1661398729.285145998 1.09633 6.64754 1.05487 -0.02892 -0.27483 -0.09362 0.95649
1661398729.295145988 1.09160 6.64420 1.05460 -0.02962 -0.27578 -0.09452 0.95610
1661398729.305145979 1.08691 6.64086 1.05423 -0.03040 -0.27642 -0.09543 0.95580
1661398729.315145969 1.08227 6.63752 1.05378 -0.03124 -0.27678 -0.09634 0.95558
1661398729.325145960 1.07768 6.63417 1.05325 -0.03212 -0.27690 -0.09721 0.95543
1661398729.335146189 1.07314 6.63080 1.05266 -0.03302 -0.27682 -0.09804 0.95534
1661398729.345145941 1.06865 6.62739 1.05202 -0.03391 -0.27659 -0.09878 0.95530
1661398729.355146170 1.06423 6.62394 1.05134 -0.03478 -0.27624 -0.09942 0.95530
1661398729.365145922 1.05986 6.62044 1.05062 -0.03561 -0.27580 -0.09998 0.95534
1661398729.375146151 1.05556 6.61690 1.04988 -0.03642 -0.27527 -0.10046 0.95541
1661398729.385145903 1.05132 6.61330 1.04911 -0.03720 -0.27467 -0.10089 0.95551
1661398729.395146132 1.04714 6.60966 1.04834 -0.03795 -0.27401 -0.10128 0.95563
1661398729.405145884 1.04304 6.60597 1.04756 -0.03867 -0.27330 -0.10164 0.95576
1661398729.415146112 1.03900 6.60222 1.04679 -0.03936 -0.27255 -0.10200 0.95591
1661398729.425145864 1.03503 6.59842 1.04602 -0.04001 -0.27179 -0.10236 0.95606
1661398729.435146093 1.03113 6.59456 1.04528 -0.04064 -0.27101 -0.10275 0.95621
1661398729.445145845 1.02731 6.59064 1.04455 -0.04122 -0.27024 -0.10317 0.95636
1661398729.455146074 1.02355 6.58667 1.04386 -0.04177 -0.26946 -0.10365 0.95651
1661398729.465146065 1.01985 6.58264 1.04321 -0.04226 -0.26859 -0.10419 0.95667
1661398729.475146055 1.01619 6.57856 1.04261 -0.04264 -0.26753 -0.10480 0.95688
1661398729.485146046 1.01254 6.57443 1.04205 -0.04290 -0.26618 -0.10548 0.95717
1661398729.495146036 1.00887 6.57027 1.04156 -0.04301 -0.26442 -0.10623 0.95757
1661398729.505146027 1.00518 6.56606 1.04114 -0.04293 -0.26221 -0.10707 0.95809
1661398729.515146017 1.00144 6.56182 1.04080 -0.04267 -0.25973 -0.10793 0.95868
1661398729.525146008 0.99765 6.55752 1.04055 -0.04227 -0.25719 -0.10878 0.95929
1661398729.535145998 0.99377 6.55318 1.04039 -0.04172 -0.25484 -0.10956 0.95985
1661398729.545145988 0.98981 6.54877 1.04034 -0.04105 -0.25289 -0.11022 0.96032
1661398729.555145979 0.98574 6.54431 1.04041 -0.04027 -0.25154 -0.11072 0.96065
1661398729.565145969 0.98158 6.53978 1.04058 -0.03942 -0.25076 -0.11109 0.96085
1661398729.575146198 0.97735 6.53518 1.04084 -0.03850 -0.25051 -0.11133 0.96092
1661398729.585145950 0.97306 6.53053 1.04118 -0.03755 -0.25073 -0.11148 0.96088
1661398729.595146179 0.96872 6.52581 1.04157 -0.03658 -0.25136 -0.11157 0.96075
1661398729.605145931 0.96435 6.52103 1.04201 -0.03561 -0.25235 -0.11160 0.96052
1661398729.615146160 0.95997 6.51618 1.04248 -0.03468 -0.25363 -0.11162 0.96021
1661398729.625145912 0.95559 6.51127 1.04297 -0.03380 -0.25515 -0.11164 0.95984
1661398729.635146141 0.95123 6.50630 1.04346 -0.03300 -0.25685 -0.11168 0.95941
1661398729.645145893 0.94690 6.50127 1.04394 -0.03229 -0.25868 -0.11177 0.95893
1661398729.655146122 0.94262 6.49617 1.04439 -0.03169 -0.26057 -0.11194 0.95842
1661398729.665145874 0.93837 6.49100 1.04481 -0.03119 -0.26242 -0.11217 0.95790
1661398729.675146103 0.93417 6.48577 1.04518 -0.03074 -0.26414 -0.11248 0.95741
1661398729.685145855 0.92999 6.48045 1.04550 -0.03032 -0.26560 -0.11286 0.95697
1661398729.695146084 0.92583 6.47506 1.04576 -0.02990 -0.26672 -0.11330 0.95662
1661398729.705146074 0.92170 6.46957 1.04594 -0.02946 -0.26742 -0.11380 0.95638
1661398729.715146065 0.91758 6.46401 1.04604 -0.02900 -0.26780 -0.11433 0.95623
1661398729.725146055 0.91348 6.45837 1.04604 -0.02854 -0.26797 -0.11487 0.95613
1661398729.735146046 0.90941 6.45265 1.04593 -0.02811 -0.26806 -0.11539 0.95605
1661398729.745146036 0.90538 6.44686 1.04569 -0.02771 -0.26820 -0.11586 0.95597
1661398729.755146027 0.90138 6.44101 1.04533 -0.02737 -0.26848 -0.11626 0.95585
1661398729.765146017 0.89741 6.43510 1.04485 -0.02707 -0.26887 -0.11657 0.95571
1661398729.775146008 0.89346 6.42914 1.04429 -0.02684 -0.26932 -0.11678 0.95557
1661398729.785145998 0.88951 6.42312 1.04367 -0.02665 -0.26978 -0.11689 0.95543
1661398729.795145988 0.88555 6.41706 1.04302 -0.02651 -0.27018 -0.11690 0.95532
1661398729.805145979 0.88157 6.41095 1.04235 -0.02642 -0.27049 -0.11678 0.95525
1661398729.815145969 0.87758 6.40479 1.04167 -0.02639 -0.27074 -0.11656 0.95520
1661398729.825145960 0.87355 6.39856 1.04096 -0.02644 -0.27097 -0.11624 0.95518
1661398729.835146189 0.86950 6.39225 1.04022 -0.02657 -0.27123 -0.11582 0.95515
1661398729.845145941 0.86541 6.38584 1.03944 -0.02682 -0.27156 -0.11531 0.95511
1661398729.855146170 0.86129 6.37932 1.03862 -0.02717 -0.27199 -0.11473 0.95505
1661398729.865145922 0.85713 6.37270 1.03776 -0.02762 -0.27254 -0.11407 0.95496
1661398729.875146151 0.85294 6.36599 1.03689 -0.02813 -0.27321 -0.11332 0.95484
1661398729.885145903 0.84872 6.35920 1.03600 -0.02870 -0.27400 -0.11247 0.95470
1661398729.895146132 0.84448 6.35234 1.03513 -0.02928 -0.27490 -0.11153 0.95453
1661398729.905145884 0.84022 6.34542 1.03427 -0.02987 -0.27593 -0.11049 0.95434
1661398729.915146112 0.83593 6.33845 1.03345 -0.03042 -0.27708 -0.10934 0.95412
1661398729.925145864 0.83164 6.33144 1.03267 -0.03093 -0.27835 -0.10808 0.95388
1661398729.935146093 0.82733 6.32439 1.03196 -0.03136 -0.27975 -0.10670 0.95361
1661398729.945145845 0.82301 6.31733 1.03131 -0.03170 -0.28127 -0.10520 0.95332
1661398729.955146074 0.81870 6.31026 1.03076 -0.03192 -0.28287 -0.10359 0.95301
1661398729.965146065 0.81445 6.30321 1.03029 -0.03205 -0.28436 -0.10195 0.95274
1661398729.975146055 0.81032 6.29621 1.02993 -0.03213 -0.28549 -0.10036 0.95257
1661398729.985146046 0.80636 6.28930 1.02967 -0.03218 -0.28603 -0.09890 0.95256
1661398729.995146036 0.80257 6.28247 1.02952 -0.03223 -0.28604 -0.09755 0.95270
1661398730.005146027 0.79886 6.27573 1.02947 -0.03228 -0.28574 -0.09620 0.95292
1661398730.015146017 0.79518 6.26905 1.02951 -0.03237 -0.28537 -0.09476 0.95317
1661398730.025146008 0.79148 6.26243 1.02965 -0.03249 -0.28505 -0.09318 0.95342
1661398730.035145998 0.78778 6.25585 1.02990 -0.03264 -0.28477 -0.09151 0.95366
1661398730.045145988 0.78409 6.24926 1.03027 -0.03282 -0.28451 -0.08980 0.95389
1661398730.055145979 0.78042 6.24267 1.03077 -0.03303 -0.28425 -0.08810 0.95412
1661398730.065145969 0.77679 6.23607 1.03139 -0.03325 -0.28399 -0.08641 0.95435
1661398730.075146198 0.77317 6.22947 1.03212 -0.03348 -0.28374 -0.08472 0.95456
1661398730.085145950 0.76957 6.22289 1.03293 -0.03372 -0.28350 -0.08303 0.95478
1661398730.095146179 0.76599 6.21633 1.03381 -0.03395 -0.28328 -0.08131 0.95498
1661398730.105145931 0.76243 6.20981 1.03475 -0.03418 -0.28308 -0.07957 0.95518
1661398730.115146160 0.75887 6.20334 1.03574 -0.03438 -0.28292 -0.07778 0.95537
1661398730.125145912 0.75531 6.19693 1.03674 -0.03456 -0.28279 -0.07595 0.95555
1661398730.135146141 0.75177 6.19059 1.03776 -0.03470 -0.28270 -0.07405 0.95572
1661398730.145145893 0.74822 6.18433 1.03878 -0.03480 -0.28266 -0.07209 0.95587
1661398730.155146122 0.74467 6.17816 1.03977 -0.03486 -0.28268 -0.07005 0.95602
1661398730.165145874 0.74112 6.17208 1.04074 -0.03486 -0.28274 -0.06795 0.95615
1661398730.175146103 0.73759 6.16611 1.04169 -0.03480 -0.28285 -0.06581 0.95627
1661398730.185145855 0.73407 6.16024 1.04262 -0.03468 -0.28300 -0.06366 0.95638
1661398730.195146084 0.73057 6.15447 1.04352 -0.03449 -0.28319 -0.06151 0.95647
1661398730.205146074 0.72710 6.14882 1.04440 -0.03423 -0.28340 -0.05939 0.95655
1661398730.215146065 0.72367 6.14327 1.04525 -0.03389 -0.28365 -0.05731 0.95661
1661398730.225146055 0.72029 6.13784 1.04608 -0.03348 -0.28392 -0.05531 0.95667
1661398730.235146046 0.71695 6.13253 1.04687 -0.03298 -0.28420 -0.05339 0.95671
1661398730.245146036 0.71367 6.12733 1.04764 -0.03238 -0.28450 -0.05159 0.95674
1661398730.255146027 0.71044 6.12226 1.04838 -0.03170 -0.28481 -0.04991 0.95676
1661398730.265146017 0.70727 6.11730 1.04908 -0.03095 -0.28512 -0.04833 0.95677
1661398730.275146008 0.70412 6.11244 1.04975 -0.03015 -0.28544 -0.04678 0.95678
1661398730.285145998 0.70099 6.10767 1.05038 -0.02932 -0.28574 -0.04524 0.95679
1661398730.295145988 0.69785 6.10298 1.05097 -0.02849 -0.28603 -0.04366 0.95680
1661398730.305145979 0.69471 6.09835 1.05152 -0.02769 -0.28631 -0.04201 0.95682
1661398730.315145969 0.69154 6.09378 1.05201 -0.02694 -0.28656 -0.04032 0.95683
1661398730.325145960 0.68836 6.08927 1.05245 -0.02628 -0.28680 -0.03863 0.95685
1661398730.335146189 0.68517 6.08482 1.05283 -0.02573 -0.28701 -0.03697 0.95687
1661398730.345145941 0.68196 6.08042 1.05314 -0.02533 -0.28720 -0.03540 0.95688
1661398730.355146170 0.67874 6.07607 1.05338 -0.02510 -0.28736 -0.03394 0.95689
1661398730.365145922 0.67550 6.07176 1.05356 -0.02502 -0.28751 -0.03260 0.95690
1661398730.375146151 0.67225 6.06748 1.05368 -0.02509 -0.28765 -0.03135 0.95689
1661398730.385145903 0.66900 6.06324 1.05375 -0.02527 -0.28778 -0.03019 0.95689
1661398730.395146132 0.66574 6.05902 1.05378 -0.02556 -0.28792 -0.02911 0.95687
1661398730.405145884 0.66247 6.05482 1.05377 -0.02593 -0.28807 -0.02810 0.95685
1661398730.415146112 0.65921 6.05063 1.05374 -0.02635 -0.28824 -0.02715 0.95681
1661398730.425145864 0.65594 6.04644 1.05369 -0.02682 -0.28843 -0.02623 0.95677
1661398730.435146093 0.65268 6.04226 1.05363 -0.02731 -0.28865 -0.02535 0.95671
1661398730.445145845 0.64942 6.03807 1.05356 -0.02780 -0.28891 -0.02449 0.95664
1661398730.455146074 0.64617 6.03386 1.05350 -0.02828 -0.28921 -0.02365 0.95656
1661398730.465146065 0.64292 6.02964 1.05344 -0.02873 -0.28953 -0.02282 0.95646
1661398730.475146055 0.63968 6.02541 1.05338 -0.02916 -0.28986 -0.02201 0.95637
1661398730.485146046 0.63643 6.02114 1.05331 -0.02956 -0.29016 -0.02122 0.95629
1661398730.495146036 0.63319 6.01686 1.05325 -0.02993 -0.29042 -0.02046 0.95621
1661398730.505146027 0.62995 6.01254 1.05317 -0.03026 -0.29062 -0.01974 0.95616
1661398730.515146017 0.62671 6.00819 1.05309 -0.03055 -0.29072 -0.01906 0.95613
1661398730.525146008 0.62346 6.00381 1.05299 -0.03080 -0.29072 -0.01842 0.95614
1661398730.535145998 0.62021 5.99939 1.05288 -0.03101 -0.29058 -0.01783 0.95618
1661398730.545145988 0.61696 5.99492 1.05276 -0.03116 -0.29028 -0.01729 0.95628
1661398730.555145979 0.61369 5.99041 1.05261 -0.03126 -0.28982 -0.01681 0.95642
1661398730.565145969 0.61042 5.98585 1.05245 -0.03132 -0.28922 -0.01639 0.95661
1661398730.575146198 0.60713 5.98125 1.05227 -0.03134 -0.28850 -0.01603 0.95683
1661398730.585145950 0.60384 5.97660 1.05207 -0.03132 -0.28771 -0.01572 0.95708
1661398730.595146179 0.60052 5.97192 1.05184 -0.03127 -0.28688 -0.01548 0.95733
1661398730.605145931 0.59719 5.96719 1.05159 -0.03121 -0.28604 -0.01531 0.95759
1661398730.615146160 0.59384 5.96243 1.05132 -0.03113 -0.28524 -0.01519 0.95783
1661398730.625145912 0.59047 5.95763 1.05103 -0.03105 -0.28449 -0.01515 0.95806
1661398730.635146141 0.58707 5.95279 1.05071 -0.03096 -0.28384 -0.01516 0.95825
1661398730.645145893 0.58365 5.94791 1.05037 -0.03089 -0.28332 -0.01525 0.95841
1661398730.655146122 0.58020 5.94300 1.05000 -0.03082 -0.28296 -0.01539 0.95851
1661398730.665145874 0.57673 5.93806 1.04961 -0.03077 -0.28273 -0.01560 0.95858
1661398730.675146103 0.57325 5.93308 1.04922 -0.03074 -0.28262 -0.01586 0.95861
1661398730.685145855 0.56976 5.92806 1.04882 -0.03072 -0.28259 -0.01616 0.95861
1661398730.695146084 0.56627 5.92301 1.04843 -0.03071 -0.28261 -0.01649 0.95860
1661398730.705146074 0.56278 5.91793 1.04806 -0.03072 -0.28266 -0.01685 0.95858
1661398730.715146065 0.55931 5.91281 1.04771 -0.03075 -0.28272 -0.01722 0.95856
1661398730.725146055 0.55587 5.90766 1.04739 -0.03079 -0.28274 -0.01760 0.95854
1661398730.735146046 0.55244 5.90247 1.04711 -0.03084 -0.28272 -0.01798 0.95854
1661398730.745146036 0.54906 5.89725 1.04687 -0.03091 -0.28261 -0.01835 0.95856
1661398730.755146027 0.54571 5.89199 1.04669 -0.03100 -0.28240 -0.01871 0.95861
1661398730.765146017 0.54240 5.88670 1.04657 -0.03110 -0.28209 -0.01905 0.95870
1661398730.775146008 0.53912 5.88138 1.04648 -0.03121 -0.28168 -0.01939 0.95880
1661398730.785145998 0.53587 5.87604 1.04644 -0.03134 -0.28119 -0.01973 0.95894
1661398730.795145988 0.53265 5.87068 1.04643 -0.03147 -0.28062 -0.02007 0.95909
1661398730.805145979 0.52945 5.86530 1.04646 -0.03161 -0.27998 -0.02044 0.95927
1661398730.815145969 0.52628 5.85990 1.04651 -0.03176 -0.27928 -0.02082 0.95946
1661398730.825145960 0.52312 5.85450 1.04657 -0.03191 -0.27853 -0.02123 0.95966
1661398730.835146189 0.51997 5.84909 1.04665 -0.03206 -0.27773 -0.02167 0.95988
1661398730.845145941 0.51683 5.84369 1.04674 -0.03222 -0.27688 -0.02216 0.96011
1661398730.855146170 0.51369 5.83828 1.04684 -0.03237 -0.27601 -0.02269 0.96034
1661398730.865145922 0.51057 5.83286 1.04694 -0.03251 -0.27511 -0.02325 0.96058
1661398730.875146151 0.50745 5.82744 1.04705 -0.03264 -0.27420 -0.02382 0.96082
1661398730.885145903 0.50436 5.82201 1.04717 -0.03274 -0.27328 -0.02439 0.96107
1661398730.895146132 0.50128 5.81656 1.04729 -0.03280 -0.27236 -0.02493 0.96131
1661398730.905145884 0.49822 5.81109 1.04743 -0.03283 -0.27144 -0.02544 0.96156
1661398730.915146112 0.49520 5.80559 1.04759 -0.03280 -0.27055 -0.02590 0.96180
1661398730.925145864 0.49220 5.80006 1.04776 -0.03271 -0.26967 -0.02628 0.96204
1661398730.935146093 0.48923 5.79449 1.04795 -0.03256 -0.26883 -0.02657 0.96227
1661398730.945145845 0.48630 5.78888 1.04815 -0.03232 -0.26803 -0.02676 0.96250
1661398730.955146074 0.48341 5.78323 1.04838 -0.03201 -0.26727 -0.02683 0.96272
1661398730.965146065 0.48055 5.77753 1.04862 -0.03162 -0.26658 -0.02679 0.96292
1661398730.975146055 0.47770 5.77179 1.04888 -0.03116 -0.26597 -0.02665 0.96311
1661398730.985146046 0.47485 5.76600 1.04914 -0.03065 -0.26545 -0.02643 0.96327
1661398730.995146036 0.47199 5.76018 1.04940 -0.03008 -0.26505 -0.02614 0.96341
1661398731.005146027 0.46911 5.75433 1.04966 -0.02947 -0.26477 -0.02579 0.96352
1661398731.015146017 0.46618 5.74844 1.04991 -0.02883 -0.26463 -0.02540 0.96358
1661398731.025146008 0.46321 5.74252 1.05015 -0.02816 -0.26465 -0.02497 0.96361
1661398731.035145998 0.46017 5.73656 1.05037 -0.02748 -0.26485 -0.02453 0.96359
1661398731.045145988 0.45706 5.73058 1.05057 -0.02678 -0.26524 -0.02409 0.96351
1661398731.055145979 0.45386 5.72458 1.05075 -0.02609 -0.26583 -0.02365 0.96338
1661398731.065145969 0.45058 5.71854 1.05089 -0.02540 -0.26661 -0.02322 0.96319
1661398731.075146198 0.44724 5.71248 1.05100 -0.02472 -0.26757 -0.02279 0.96295
1661398731.085145950 0.44386 5.70638 1.05107 -0.02406 -0.26869 -0.02234 0.96267
1661398731.095146179 0.44044 5.70025 1.05110 -0.02342 -0.26996 -0.02189 0.96234
1661398731.105145931 0.43701 5.69409 1.05108 -0.02281 -0.27137 -0.02142 0.96197
1661398731.115146160 0.43358 5.68789 1.05102 -0.02224 -0.27290 -0.02093 0.96156
1661398731.125145912 0.43017 5.68165 1.05091 -0.02171 -0.27454 -0.02040 0.96111
1661398731.135146141 0.42678 5.67536 1.05074 -0.02122 -0.27628 -0.01984 0.96064
1661398731.145145893 0.42343 5.66904 1.05052 -0.02079 -0.27809 -0.01925 0.96014
1661398731.155146122 0.42014 5.66267 1.05024 -0.02042 -0.27997 -0.01861 0.95961
1661398731.165145874 0.41691 5.65626 1.04991 -0.02010 -0.28188 -0.01792 0.95907
1661398731.175146103 0.41373 5.64980 1.04954 -0.01982 -0.28378 -0.01719 0.95853
1661398731.185145855 0.41062 5.64330 1.04914 -0.01957 -0.28564 -0.01642 0.95800
1661398731.195146084 0.40755 5.63675 1.04873 -0.01935 -0.28742 -0.01559 0.95748
1661398731.205146074 0.40455 5.63015 1.04832 -0.01914 -0.28909 -0.01473 0.95700
1661398731.215146065 0.40159 5.62351 1.04791 -0.01894 -0.29061 -0.01381 0.95655
1661398731.225146055 0.39870 5.61682 1.04753 -0.01875 -0.29194 -0.01285 0.95617
1661398731.235146046 0.39585 5.61008 1.04718 -0.01854 -0.29305 -0.01184 0.95585
1661398731.245146036 0.39306 5.60329 1.04687 -0.01833 -0.29389 -0.01079 0.95560
1661398731.255146027 0.39032 5.59646 1.04661 -0.01809 -0.29446 -0.00969 0.95544
1661398731.265146017 0.38763 5.58959 1.04641 -0.01784 -0.29478 -0.00855 0.95536
1661398731.275146008 0.38498 5.58269 1.04627 -0.01759 -0.29491 -0.00739 0.95534
1661398731.285145998 0.38236 5.57577 1.04617 -0.01737 -0.29488 -0.00622 0.95536
1661398731.295145988 0.37978 5.56883 1.04613 -0.01718 -0.29475 -0.00505 0.95541
1661398731.305145979 0.37722 5.56189 1.04614 -0.01704 -0.29456 -0.00389 0.95547
1661398731.315145969 0.37467 5.55496 1.04620 -0.01696 -0.29437 -0.00275 0.95554
1661398731.325145960 0.37214 5.54805 1.04631 -0.01695 -0.29422 -0.00164 0.95558
1661398731.335146189 0.36962 5.54116 1.04647 -0.01704 -0.29416 -0.00059 0.95560
1661398731.345145941 0.36710 5.53430 1.04667 -0.01724 -0.29424 0.00041 0.95558
1661398731.355146170 0.36458 5.52748 1.04692 -0.01754 -0.29449 0.00134 0.95549
1661398731.365145922 0.36205 5.52071 1.04721 -0.01796 -0.29489 0.00221 0.95536
1661398731.375146151 0.35952 5.51398 1.04753 -0.01846 -0.29541 0.00302 0.95519
1661398731.385145903 0.35697 5.50729 1.04786 -0.01903 -0.29601 0.00379 0.95499
1661398731.395146132 0.35442 5.50065 1.04820 -0.01965 -0.29665 0.00451 0.95477
1661398731.405145884 0.35186 5.49404 1.04854 -0.02030 -0.29731 0.00519 0.95455
1661398731.415146112 0.34928 5.48748 1.04887 -0.02098 -0.29795 0.00585 0.95433
1661398731.425145864 0.34670 5.48096 1.04917 -0.02166 -0.29853 0.00648 0.95413
1661398731.435146093 0.34409 5.47449 1.04944 -0.02232 -0.29902 0.00710 0.95396
1661398731.445145845 0.34148 5.46805 1.04967 -0.02296 -0.29939 0.00771 0.95382
1661398731.455146074 0.33884 5.46166 1.04985 -0.02354 -0.29960 0.00832 0.95374
1661398731.465146065 0.33619 5.45531 1.04998 -0.02408 -0.29968 0.00892 0.95369
1661398731.475146055 0.33353 5.44901 1.05007 -0.02455 -0.29963 0.00950 0.95369
1661398731.485146046 0.33086 5.44275 1.05013 -0.02497 -0.29946 0.01006 0.95373
1661398731.495146036 0.32818 5.43654 1.05016 -0.02532 -0.29921 0.01060 0.95379
1661398731.505146027 0.32549 5.43039 1.05017 -0.02561 -0.29888 0.01109 0.95388
1661398731.515146017 0.32280 5.42428 1.05016 -0.02582 -0.29849 0.01155 0.95399
1661398731.525146008 0.32011 5.41823 1.05015 -0.02596 -0.29806 0.01195 0.95412
1661398731.535145998 0.31742 5.41224 1.05014 -0.02602 -0.29761 0.01231 0.95425
1661398731.545145988 0.31473 5.40630 1.05013 -0.02600 -0.29714 0.01259 0.95440
1661398731.555145979 0.31205 5.40042 1.05013 -0.02589 -0.29668 0.01281 0.95454
1661398731.565145969 0.30937 5.39460 1.05014 -0.02569 -0.29624 0.01296 0.95468
1661398731.575146198 0.30670 5.38884 1.05016 -0.02541 -0.29581 0.01304 0.95482
1661398731.585145950 0.30404 5.38314 1.05018 -0.02505 -0.29541 0.01305 0.95495
1661398731.595146179 0.30139 5.37748 1.05020 -0.02460 -0.29504 0.01299 0.95508
1661398731.605145931 0.29874 5.37189 1.05022 -0.02406 -0.29472 0.01285 0.95520
1661398731.615146160 0.29611 5.36634 1.05023 -0.02345 -0.29443 0.01264 0.95530
1661398731.625145912 0.29348 5.36085 1.05024 -0.02275 -0.29420 0.01236 0.95539
1661398731.635146141 0.29086 5.35541 1.05024 -0.02197 -0.29403 0.01201 0.95547
1661398731.645145893 0.28826 5.35001 1.05022 -0.02111 -0.29392 0.01158 0.95553
1661398731.655146122 0.28567 5.34467 1.05019 -0.02018 -0.29387 0.01108 0.95557
1661398731.665145874 0.28309 5.33937 1.05015 -0.01919 -0.29388 0.01051 0.95559
1661398731.675146103 0.28051 5.33411 1.05008 -0.01817 -0.29393 0.00987 0.95560
1661398731.685145855 0.27795 5.32890 1.05000 -0.01714 -0.29399 0.00918 0.95561
1661398731.695146084 0.27538 5.32372 1.04989 -0.01613 -0.29406 0.00844 0.95561
1661398731.705146074 0.27283 5.31858 1.04977 -0.01516 -0.29412 0.00765 0.95562
1661398731.715146065 0.27027 5.31348 1.04962 -0.01426 -0.29415 0.00682 0.95563
1661398731.725146055 0.26771 5.30840 1.04944 -0.01345 -0.29413 0.00596 0.95565
1661398731.735146046 0.26516 5.30336 1.04924 -0.01276 -0.29405 0.00507 0.95569
1661398731.745146036 0.26260 5.29834 1.04902 -0.01221 -0.29390 0.00416 0.95575
1661398731.755146027 0.26003 5.29334 1.04876 -0.01181 -0.29365 0.00323 0.95583
1661398731.765146017 0.25746 5.28837 1.04847 -0.01156 -0.29333 0.00229 0.95594
1661398731.775146008 0.25487 5.28343 1.04816 -0.01144 -0.29295 0.00135 0.95606
1661398731.785145998 0.25226 5.27851 1.04782 -0.01142 -0.29254 0.00041 0.95618
1661398731.795145988 0.24962 5.27362 1.04744 -0.01149 -0.29212 -0.00052 0.95631
1661398731.805145979 0.24696 5.26875 1.04704 -0.01162 -0.29170 -0.00143 0.95644
1661398731.815145969 0.24426 5.26391 1.04661 -0.01181 -0.29131 -0.00231 0.95655
1661398731.825145960 0.24153 5.25910 1.04615 -0.01202 -0.29097 -0.00316 0.95665
1661398731.835146189 0.23875 5.25431 1.04566 -0.01225 -0.29070 -0.00398 0.95673
1661398731.845145941 0.23592 5.24956 1.04514 -0.01246 -0.29052 -0.00475 0.95678
1661398731.855146170 0.23303 5.24483 1.04460 -0.01265 -0.29043 -0.00547 0.95680
1661398731.865145922 0.23010 5.24013 1.04403 -0.01281 -0.29044 -0.00613 0.95679
1661398731.875146151 0.22713 5.23545 1.04344 -0.01296 -0.29052 -0.00675 0.95676
1661398731.885145903 0.22412 5.23081 1.04285 -0.01310 -0.29064 -0.00732 0.95672
1661398731.895146132 0.22108 5.22621 1.04225 -0.01323 -0.29079 -0.00784 0.95666
1661398731.905145884 0.21802 5.22163 1.04166 -0.01336 -0.29094 -0.00831 0.95661
1661398731.915146112 0.21494 5.21709 1.04107 -0.01350 -0.29107 -0.00874 0.95657
1661398731.925145864 0.21185 5.21259 1.04051 -0.01365 -0.29117 -0.00912 0.95653
1661398731.935146093 0.20875 5.20812 1.03997 -0.01382 -0.29120 -0.00947 0.95651
1661398731.945145845 0.20565 5.20368 1.03946 -0.01402 -0.29116 -0.00976 0.95652
1661398731.955146074 0.20255 5.19929 1.03899 -0.01425 -0.29102 -0.01002 0.95656
1661398731.965146065 0.19947 5.19492 1.03855 -0.01450 -0.29077 -0.01024 0.95663
1661398731.975146055 0.19641 5.19059 1.03813 -0.01478 -0.29042 -0.01041 0.95673
1661398731.985146046 0.19337 5.18626 1.03774 -0.01508 -0.28997 -0.01055 0.95686
1661398731.995146036 0.19036 5.18195 1.03737 -0.01540 -0.28941 -0.01065 0.95702
1661398732.005146027 0.18738 5.17765 1.03701 -0.01573 -0.28875 -0.01070 0.95722
1661398732.015146017 0.18445 5.17334 1.03666 -0.01607 -0.28798 -0.01072 0.95744
1661398732.025146008 0.18157 5.16903 1.03631 -0.01643 -0.28710 -0.01069 0.95770
1661398732.035145998 0.17874 5.16470 1.03596 -0.01679 -0.28612 -0.01063 0.95799
1661398732.045145988 0.17598 5.16035 1.03560 -0.01715 -0.28502 -0.01053 0.95831
1661398732.055145979 0.17327 5.15597 1.03522 -0.01750 -0.28382 -0.01039 0.95866
1661398732.065145969 0.17063 5.15156 1.03484 -0.01786 -0.28252 -0.01022 0.95904
1661398732.075146198 0.16805 5.14712 1.03446 -0.01820 -0.28113 -0.01003 0.95945
1661398732.085145950 0.16551 5.14266 1.03409 -0.01853 -0.27966 -0.00983 0.95987
1661398732.095146179 0.16302 5.13818 1.03372 -0.01885 -0.27813 -0.00964 0.96031
1661398732.105145931 0.16057 5.13366 1.03337 -0.01915 -0.27655 -0.00946 0.96076
1661398732.115146160 0.15815 5.12913 1.03304 -0.01942 -0.27493 -0.00931 0.96122
1661398732.125145912 0.15576 5.12457 1.03273 -0.01967 -0.27328 -0.00918 0.96169
1661398732.135146141 0.15339 5.11999 1.03246 -0.01989 -0.27162 -0.00911 0.96216
1661398732.145145893 0.15103 5.11538 1.03223 -0.02008 -0.26995 -0.00909 0.96262
1661398732.155146122 0.14869 5.11076 1.03204 -0.02023 -0.26829 -0.00912 0.96308
1661398732.165145874 0.14636 5.10611 1.03189 -0.02034 -0.26667 -0.00922 0.96353
1661398732.175146103 0.14404 5.10145 1.03176 -0.02041 -0.26509 -0.00935 0.96396
1661398732.185145855 0.14173 5.09677 1.03167 -0.02042 -0.26360 -0.00951 0.96437
1661398732.195146084 0.13944 5.09207 1.03160 -0.02039 -0.26222 -0.00969 0.96474
1661398732.205146074 0.13716 5.08736 1.03154 -0.02030 -0.26096 -0.00986 0.96509
1661398732.215146065 0.13490 5.08264 1.03148 -0.02015 -0.25986 -0.01003 0.96539
1661398732.225146055 0.13265 5.07792 1.03144 -0.01994 -0.25893 -0.01017 0.96564
1661398732.235146046 0.13043 5.07318 1.03138 -0.01965 -0.25820 -0.01028 0.96584
1661398732.245146036 0.12822 5.06844 1.03132 -0.01930 -0.25770 -0.01034 0.96598
1661398732.255146027 0.12603 5.06369 1.03125 -0.01887 -0.25743 -0.01034 0.96606
1661398732.265146017 0.12387 5.05893 1.03116 -0.01836 -0.25738 -0.01028 0.96608
1661398732.275146008 0.12172 5.05418 1.03105 -0.01778 -0.25751 -0.01016 0.96606
1661398732.285145998 0.11961 5.04942 1.03092 -0.01713 -0.25777 -0.00997 0.96600
1661398732.295145988 0.11752 5.04465 1.03078 -0.01640 -0.25814 -0.00971 0.96592
1661398732.305145979 0.11546 5.03988 1.03061 -0.01559 -0.25857 -0.00938 0.96582
1661398732.315145969 0.11343 5.03510 1.03042 -0.01471 -0.25903 -0.00899 0.96571
1661398732.325145960 0.11144 5.03032 1.03021 -0.01376 -0.25949 -0.00851 0.96561
1661398732.335146189 0.10948 5.02554 1.02998 -0.01273 -0.25989 -0.00797 0.96552
1661398732.345145941 0.10756 5.02075 1.02972 -0.01163 -0.26022 -0.00735 0.96545
1661398732.355146170 0.10569 5.01596 1.02943 -0.01046 -0.26044 -0.00665 0.96541
1661398732.365145922 0.10385 5.01116 1.02912 -0.00924 -0.26057 -0.00588 0.96539
1661398732.375146151 0.10205 5.00636 1.02878 -0.00798 -0.26062 -0.00507 0.96539
1661398732.385145903 0.10029 5.00154 1.02843 -0.00670 -0.26064 -0.00422 0.96540
1661398732.395146132 0.09856 4.99673 1.02805 -0.00544 -0.26063 -0.00334 0.96542
1661398732.405145884 0.09688 4.99190 1.02765 -0.00420 -0.26063 -0.00246 0.96543
1661398732.415146112 0.09524 4.98706 1.02723 -0.00300 -0.26066 -0.00157 0.96543
1661398732.425145864 0.09363 4.98221 1.02680 -0.00186 -0.26074 -0.00071 0.96541
1661398732.435146093 0.09206 4.97735 1.02634 -0.00081 -0.26090 0.00012 0.96536
1661398732.445145845 0.09053 4.97248 1.02588 0.00013 -0.26117 0.00090 0.96529
1661398732.455146074 0.08904 4.96760 1.02540 0.00096 -0.26156 0.00163 0.96519
1661398732.465146065 0.08759 4.96270 1.02490 0.00167 -0.26206 0.00231 0.96505
1661398732.475146055 0.08618 4.95777 1.02440 0.00227 -0.26265 0.00293 0.96488
1661398732.485146046 0.08482 4.95281 1.02389 0.00275 -0.26331 0.00350 0.96470
1661398732.495146036 0.08350 4.94782 1.02336 0.00313 -0.26403 0.00403 0.96450
1661398732.505146027 0.08223 4.94279 1.02284 0.00340 -0.26478 0.00452 0.96429
1661398732.515146017 0.08102 4.93772 1.02231 0.00358 -0.26556 0.00497 0.96408
1661398732.525146008 0.07985 4.93259 1.02177 0.00365 -0.26633 0.00538 0.96386
1661398732.535145998 0.07875 4.92741 1.02124 0.00364 -0.26708 0.00576 0.96365
1661398732.545145988 0.07770 4.92217 1.02070 0.00355 -0.26779 0.00611 0.96345
1661398732.555145979 0.07671 4.91686 1.02017 0.00337 -0.26845 0.00644 0.96327
1661398732.565145969 0.07578 4.91148 1.01964 0.00311 -0.26906 0.00676 0.96310
1661398732.575146198 0.07490 4.90604 1.01912 0.00280 -0.26962 0.00706 0.96294
1661398732.585145950 0.07407 4.90054 1.01860 0.00243 -0.27013 0.00736 0.96279
1661398732.595146179 0.07329 4.89497 1.01809 0.00203 -0.27061 0.00766 0.96266
1661398732.605145931 0.07255 4.88935 1.01759 0.00159 -0.27104 0.00798 0.96253
1661398732.615146160 0.07185 4.88367 1.01710 0.00114 -0.27145 0.00831 0.96242
1661398732.625145912 0.07119 4.87793 1.01662 0.00067 -0.27183 0.00867 0.96231
1661398732.635146141 0.07056 4.87213 1.01616 0.00021 -0.27218 0.00907 0.96220
1661398732.645145893 0.06996 4.86628 1.01571 -0.00024 -0.27252 0.00951 0.96210
1661398732.655146122 0.06939 4.86038 1.01528 -0.00067 -0.27284 0.00999 0.96201
1661398732.665145874 0.06884 4.85443 1.01487 -0.00107 -0.27313 0.01052 0.96192
1661398732.675146103 0.06831 4.84844 1.01447 -0.00144 -0.27341 0.01110 0.96183
1661398732.685145855 0.06780 4.84241 1.01410 -0.00177 -0.27365 0.01171 0.96176
1661398732.695146084 0.06731 4.83635 1.01376 -0.00206 -0.27385 0.01236 0.96169
1661398732.705146074 0.06683 4.83027 1.01344 -0.00230 -0.27401 0.01304 0.96164
1661398732.715146065 0.06638 4.82417 1.01315 -0.00248 -0.27412 0.01376 0.96159
1661398732.725146055 0.06593 4.81805 1.01289 -0.00260 -0.27418 0.01450 0.96157
1661398732.735146046 0.06549 4.81193 1.01267 -0.00266 -0.27418 0.01526 0.96155
1661398732.745146036 0.06507 4.80580 1.01248 -0.00264 -0.27412 0.01605 0.96156
1661398732.755146027 0.06465 4.79968 1.01232 -0.00256 -0.27399 0.01686 0.96158
1661398732.765146017 0.06423 4.79356 1.01220 -0.00240 -0.27381 0.01768 0.96162
1661398732.775146008 0.06382 4.78746 1.01211 -0.00219 -0.27360 0.01851 0.96166
1661398732.785145998 0.06340 4.78136 1.01204 -0.00193 -0.27336 0.01934 0.96172
1661398732.795145988 0.06298 4.77528 1.01199 -0.00163 -0.27312 0.02017 0.96177
1661398732.805145979 0.06255 4.76922 1.01195 -0.00131 -0.27288 0.02100 0.96182
1661398732.815145969 0.06210 4.76318 1.01193 -0.00096 -0.27268 0.02181 0.96186
1661398732.825145960 0.06165 4.75716 1.01191 -0.00061 -0.27252 0.02261 0.96188
1661398732.835146189 0.06117 4.75117 1.01189 -0.00026 -0.27243 0.02339 0.96189
1661398732.845145941 0.06067 4.74520 1.01187 0.00008 -0.27241 0.02415 0.96188
1661398732.855146170 0.06015 4.73927 1.01185 0.00041 -0.27247 0.02487 0.96184
1661398732.865145922 0.05960 4.73338 1.01182 0.00072 -0.27263 0.02557 0.96178
1661398732.875146151 0.05902 4.72752 1.01177 0.00101 -0.27285 0.02623 0.96170
1661398732.885145903 0.05842 4.72170 1.01172 0.00130 -0.27314 0.02687 0.96160
1661398732.895146132 0.05779 4.71592 1.01165 0.00158 -0.27348 0.02747 0.96149
1661398732.905145884 0.05713 4.71019 1.01157 0.00186 -0.27386 0.02804 0.96136
1661398732.915146112 0.05644 4.70450 1.01146 0.00214 -0.27427 0.02858 0.96122
1661398732.925145864 0.05572 4.69886 1.01135 0.00243 -0.27471 0.02909 0.96108
1661398732.935146093 0.05497 4.69326 1.01121 0.00273 -0.27516 0.02957 0.96094
1661398732.945145845 0.05419 4.68772 1.01104 0.00305 -0.27561 0.03001 0.96080
1661398732.955146074 0.05337 4.68224 1.01086 0.00338 -0.27605 0.03042 0.96066
1661398732.965146065 0.05254 4.67681 1.01066 0.00373 -0.27646 0.03080 0.96053
1661398732.975146055 0.05169 4.67143 1.01045 0.00410 -0.27682 0.03114 0.96041
1661398732.985146046 0.05085 4.66612 1.01023 0.00448 -0.27710 0.03145 0.96032
1661398732.995146036 0.05002 4.66086 1.01002 0.00487 -0.27729 0.03173 0.96025
1661398733.005146027 0.04921 4.65567 1.00981 0.00527 -0.27736 0.03198 0.96022
1661398733.015146017 0.04844 4.65054 1.00962 0.00567 -0.27729 0.03219 0.96023
1661398733.025146008 0.04772 4.64547 1.00946 0.00608 -0.27706 0.03236 0.96029
1661398733.035145998 0.04706 4.64047 1.00932 0.00650 -0.27664 0.03251 0.96040
1661398733.045145988 0.04647 4.63554 1.00922 0.00692 -0.27602 0.03261 0.96057
1661398733.055145979 0.04597 4.63067 1.00915 0.00733 -0.27519 0.03269 0.96081
1661398733.065145969 0.04553 4.62587 1.00913 0.00775 -0.27418 0.03274 0.96109
1661398733.075146198 0.04517 4.62112 1.00913 0.00816 -0.27305 0.03277 0.96141
1661398733.085145950 0.04486 4.61643 1.00916 0.00856 -0.27186 0.03279 0.96174
1661398733.095146179 0.04460 4.61178 1.00922 0.00896 -0.27065 0.03281 0.96208
1661398733.105145931 0.04438 4.60718 1.00930 0.00934 -0.26949 0.03283 0.96240
1661398733.115146160 0.04420 4.60261 1.00939 0.00972 -0.26842 0.03286 0.96269
1661398733.125145912 0.04404 4.59807 1.00949 0.01008 -0.26750 0.03291 0.96294
1661398733.135146141 0.04390 4.59356 1.00959 0.01042 -0.26679 0.03299 0.96313
1661398733.145145893 0.04376 4.58906 1.00970 0.01075 -0.26634 0.03310 0.96325
1661398733.155146122 0.04363 4.58459 1.00980 0.01106 -0.26619 0.03325 0.96328
1661398733.165145874 0.04350 4.58013 1.00989 0.01136 -0.26632 0.03342 0.96324
1661398733.175146103 0.04337 4.57570 1.00999 0.01165 -0.26671 0.03359 0.96312
1661398733.185145855 0.04325 4.57130 1.01007 0.01194 -0.26732 0.03374 0.96294
1661398733.195146084 0.04315 4.56694 1.01015 0.01224 -0.26813 0.03386 0.96271
1661398733.205146074 0.04307 4.56263 1.01023 0.01255 -0.26910 0.03392 0.96243
1661398733.215146065 0.04300 4.55836 1.01030 0.01288 -0.27021 0.03391 0.96212
1661398733.225146055 0.04295 4.55415 1.01036 0.01324 -0.27142 0.03380 0.96178
1661398733.235146046 0.04294 4.55000 1.01042 0.01363 -0.27270 0.03357 0.96142
1661398733.245146036 0.04295 4.54592 1.01047 0.01406 -0.27403 0.03320 0.96104
1661398733.255146027 0.04299 4.54190 1.01051 0.01454 -0.27537 0.03269 0.96067
1661398733.265146017 0.04307 4.53795 1.01053 0.01504 -0.27667 0.03208 0.96031
1661398733.275146008 0.04318 4.53404 1.01053 0.01555 -0.27787 0.03141 0.95998
1661398733.285145998 0.04331 4.53017 1.01049 0.01606 -0.27892 0.03074 0.95969
1661398733.295145988 0.04346 4.52632 1.01041 0.01655 -0.27976 0.03011 0.95945
1661398733.305145979 0.04364 4.52247 1.01027 0.01701 -0.28036 0.02958 0.95929
1661398733.315145969 0.04386 4.51865 1.01008 0.01743 -0.28076 0.02914 0.95918
1661398733.325145960 0.04412 4.51486 1.00982 0.01780 -0.28103 0.02876 0.95910
1661398733.335146189 0.04444 4.51112 1.00951 0.01813 -0.28122 0.02843 0.95905
1661398733.345145941 0.04482 4.50744 1.00914 0.01842 -0.28142 0.02814 0.95900
1661398733.355146170 0.04529 4.50382 1.00870 0.01866 -0.28167 0.02786 0.95893
1661398733.365145922 0.04582 4.50026 1.00820 0.01882 -0.28198 0.02761 0.95884
1661398733.375146151 0.04641 4.49674 1.00764 0.01890 -0.28236 0.02737 0.95873
1661398733.385145903 0.04705 4.49324 1.00702 0.01887 -0.28281 0.02716 0.95861
1661398733.395146132 0.04772 4.48976 1.00634 0.01871 -0.28332 0.02696 0.95846
1661398733.405145884 0.04842 4.48627 1.00561 0.01840 -0.28390 0.02677 0.95830
1661398733.415146112 0.04915 4.48277 1.00482 0.01794 -0.28451 0.02660 0.95814
1661398733.425145864 0.04993 4.47925 1.00399 0.01733 -0.28512 0.02642 0.95797
1661398733.435146093 0.05074 4.47571 1.00310 0.01657 -0.28568 0.02623 0.95782
1661398733.445145845 0.05161 4.47215 1.00217 0.01566 -0.28616 0.02600 0.95770
1661398733.455146074 0.05254 4.46857 1.00120 0.01461 -0.28654 0.02575 0.95761
1661398733.465146065 0.05353 4.46495 1.00019 0.01343 -0.28681 0.02546 0.95755
1661398733.475146055 0.05459 4.46130 0.99915 0.01216 -0.28701 0.02517 0.95752
1661398733.485146046 0.05570 4.45762 0.99807 0.01083 -0.28715 0.02487 0.95750
1661398733.495146036 0.05689 4.45391 0.99698 0.00946 -0.28724 0.02459 0.95750
1661398733.505146027 0.05814 4.45016 0.99586 0.00808 -0.28732 0.02433 0.95749
1661398733.515146017 0.05946 4.44638 0.99473 0.00672 -0.28739 0.02412 0.95749
1661398733.525146008 0.06085 4.44257 0.99359 0.00541 -0.28748 0.02396 0.95747
1661398733.535145998 0.06231 4.43872 0.99243 0.00418 -0.28760 0.02387 0.95744
1661398733.545145988 0.06385 4.43483 0.99128 0.00305 -0.28777 0.02386 0.95740
1661398733.555145979 0.06545 4.43090 0.99013 0.00205 -0.28802 0.02394 0.95732
1661398733.565145969 0.06713 4.42693 0.98898 0.00117 -0.28830 0.02410 0.95723
1661398733.575146198 0.06889 4.42291 0.98784 0.00042 -0.28861 0.02433 0.95714
1661398733.585145950 0.07071 4.41886 0.98671 -0.00022 -0.28891 0.02463 0.95704
1661398733.595146179 0.07259 4.41476 0.98560 -0.00076 -0.28917 0.02498 0.95695
1661398733.605145931 0.07454 4.41062 0.98451 -0.00120 -0.28937 0.02536 0.95688
1661398733.615146160 0.07655 4.40643 0.98345 -0.00155 -0.28948 0.02577 0.95684
1661398733.625145912 0.07862 4.40220 0.98241 -0.00181 -0.28947 0.02620 0.95683
1661398733.635146141 0.08074 4.39791 0.98140 -0.00200 -0.28931 0.02664 0.95686
1661398733.645145893 0.08292 4.39358 0.98042 -0.00212 -0.28898 0.02707 0.95695
1661398733.655146122 0.08515 4.38920 0.97949 -0.00218 -0.28846 0.02748 0.95710
1661398733.665145874 0.08743 4.38477 0.97859 -0.00219 -0.28778 0.02789 0.95729
1661398733.675146103 0.08973 4.38030 0.97774 -0.00215 -0.28700 0.02830 0.95751
1661398733.685145855 0.09206 4.37581 0.97693 -0.00208 -0.28617 0.02872 0.95775
1661398733.695146084 0.09439 4.37129 0.97616 -0.00200 -0.28532 0.02916 0.95799
1661398733.705146074 0.09672 4.36676 0.97543 -0.00189 -0.28451 0.02963 0.95821
1661398733.715146065 0.09905 4.36222 0.97476 -0.00179 -0.28378 0.03014 0.95841
1661398733.725146055 0.10135 4.35767 0.97413 -0.00169 -0.28319 0.03070 0.95857
1661398733.735146046 0.10362 4.35313 0.97354 -0.00162 -0.28278 0.03132 0.95867
1661398733.745146036 0.10584 4.34860 0.97301 -0.00157 -0.28260 0.03200 0.95870
1661398733.755146027 0.10802 4.34409 0.97253 -0.00155 -0.28268 0.03276 0.95865
1661398733.765146017 0.11014 4.33959 0.97210 -0.00159 -0.28297 0.03354 0.95854
1661398733.775146008 0.11221 4.33512 0.97173 -0.00168 -0.28339 0.03431 0.95839
1661398733.785145998 0.11423 4.33067 0.97142 -0.00184 -0.28387 0.03502 0.95822
1661398733.795145988 0.11620 4.32624 0.97118 -0.00208 -0.28436 0.03563 0.95805
1661398733.805145979 0.11812 4.32182 0.97101 -0.00240 -0.28477 0.03610 0.95791
1661398733.815145969 0.11999 4.31743 0.97091 -0.00274 -0.28511 0.03646 0.95780
1661398733.825145960 0.12182 4.31304 0.97089 -0.00304 -0.28539 0.03675 0.95770
1661398733.835146189 0.12359 4.30864 0.97096 -0.00325 -0.28559 0.03700 0.95763
1661398733.845145941 0.12531 4.30424 0.97111 -0.00329 -0.28572 0.03726 0.95758
1661398733.855146170 0.12697 4.29982 0.97136 -0.00313 -0.28579 0.03755 0.95755
1661398733.865145922 0.12858 4.29538 0.97169 -0.00279 -0.28581 0.03787 0.95753
1661398733.875146151 0.13013 4.29093 0.97209 -0.00229 -0.28580 0.03822 0.95752
1661398733.885145903 0.13163 4.28646 0.97254 -0.00166 -0.28578 0.03858 0.95752
1661398733.895146132 0.13308 4.28197 0.97303 -0.00095 -0.28577 0.03894 0.95751
1661398733.905145884 0.13447 4.27746 0.97356 -0.00019 -0.28578 0.03930 0.95749
1661398733.915146112 0.13581 4.27294 0.97410 0.00060 -0.28584 0.03965 0.95746
1661398733.925145864 0.13710 4.26840 0.97464 0.00137 -0.28596 0.03997 0.95741
1661398733.935146093 0.13834 4.26384 0.97518 0.00210 -0.28617 0.04025 0.95733
1661398733.945145845 0.13952 4.25927 0.97569 0.00275 -0.28647 0.04050 0.95723
1661398733.955146074 0.14065 4.25468 0.97617 0.00329 -0.28688 0.04069 0.95710
1661398733.965146065 0.14173 4.25008 0.97661 0.00372 -0.28739 0.04083 0.95694
1661398733.975146055 0.14275 4.24547 0.97702 0.00407 -0.28795 0.04091 0.95676
1661398733.985146046 0.14372 4.24085 0.97739 0.00433 -0.28856 0.04093 0.95658
1661398733.995146036 0.14464 4.23623 0.97772 0.00452 -0.28917 0.04089 0.95639
1661398734.005146027 0.14551 4.23161 0.97802 0.00464 -0.28976 0.04078 0.95622
1661398734.015146017 0.14631 4.22699 0.97828 0.00472 -0.29030 0.04061 0.95606
1661398734.025146008 0.14707 4.22237 0.97851 0.00475 -0.29077 0.04037 0.95593
1661398734.035145998 0.14776 4.21777 0.97869 0.00475 -0.29113 0.04006 0.95583
1661398734.045145988 0.14841 4.21318 0.97884 0.00473 -0.29137 0.03967 0.95578
1661398734.055145979 0.14899 4.20860 0.97895 0.00470 -0.29145 0.03921 0.95577
1661398734.065145969 0.14953 4.20403 0.97902 0.00466 -0.29139 0.03868 0.95581
1661398734.075146198 0.15001 4.19946 0.97905 0.00462 -0.29120 0.03810 0.95589
1661398734.085145950 0.15046 4.19490 0.97902 0.00459 -0.29089 0.03747 0.95601
1661398734.095146179 0.15087 4.19032 0.97895 0.00457 -0.29047 0.03680 0.95616
1661398734.105145931 0.15125 4.18573 0.97883 0.00457 -0.28996 0.03612 0.95635
1661398734.115146160 0.15160 4.18113 0.97865 0.00459 -0.28937 0.03542 0.95655
1661398734.125145912 0.15193 4.17650 0.97841 0.00465 -0.28871 0.03472 0.95678
1661398734.135146141 0.15224 4.17183 0.97811 0.00474 -0.28799 0.03403 0.95702
1661398734.145145893 0.15254 4.16713 0.97775 0.00488 -0.28724 0.03336 0.95727
1661398734.155146122 0.15284 4.16239 0.97732 0.00505 -0.28645 0.03271 0.95752
1661398734.165145874 0.15311 4.15761 0.97683 0.00524 -0.28565 0.03209 0.95778
1661398734.175146103 0.15335 4.15279 0.97629 0.00541 -0.28484 0.03150 0.95804
1661398734.185145855 0.15354 4.14792 0.97570 0.00551 -0.28404 0.03093 0.95830
1661398734.195146084 0.15367 4.14300 0.97508 0.00551 -0.28325 0.03037 0.95855
1661398734.205146074 0.15372 4.13804 0.97443 0.00539 -0.28250 0.02983 0.95879
1661398734.215146065 0.15371 4.13303 0.97375 0.00518 -0.28183 0.02932 0.95900
1661398734.225146055 0.15361 4.12797 0.97303 0.00492 -0.28132 0.02883 0.95917
1661398734.235146046 0.15345 4.12286 0.97228 0.00465 -0.28103 0.02838 0.95927
1661398734.245146036 0.15320 4.11768 0.97150 0.00442 -0.28103 0.02798 0.95928
1661398734.255146027 0.15289 4.11244 0.97068 0.00427 -0.28135 0.02763 0.95920
1661398734.265146017 0.15251 4.10714 0.96982 0.00419 -0.28195 0.02732 0.95903
1661398734.275146008 0.15208 4.10177 0.96893 0.00418 -0.28279 0.02705 0.95879
1661398734.285145998 0.15159 4.09633 0.96801 0.00422 -0.28380 0.02681 0.95850
1661398734.295145988 0.15107 4.09083 0.96706 0.00431 -0.28493 0.02660 0.95817
1661398734.305145979 0.15053 4.08525 0.96608 0.00445 -0.28611 0.02640 0.95782
1661398734.315145969 0.14996 4.07959 0.96509 0.00462 -0.28729 0.02622 0.95747
1661398734.325145960 0.14938 4.07386 0.96407 0.00481 -0.28841 0.02604 0.95714
1661398734.335146189 0.14880 4.06806 0.96303 0.00502 -0.28941 0.02586 0.95684
1661398734.345145941 0.14822 4.06217 0.96197 0.00525 -0.29023 0.02567 0.95660
1661398734.355146170 0.14766 4.05621 0.96090 0.00547 -0.29083 0.02547 0.95642
1661398734.365145922 0.14711 4.05017 0.95981 0.00568 -0.29121 0.02526 0.95631
1661398734.375146151 0.14655 4.04405 0.95872 0.00586 -0.29139 0.02506 0.95626
1661398734.385145903 0.14600 4.03787 0.95762 0.00600 -0.29138 0.02488 0.95626
1661398734.395146132 0.14543 4.03163 0.95652 0.00609 -0.29121 0.02472 0.95632
1661398734.405145884 0.14484 4.02533 0.95542 0.00611 -0.29087 0.02459 0.95643
1661398734.415146112 0.14422 4.01898 0.95432 0.00605 -0.29040 0.02451 0.95657
1661398734.425145864 0.14357 4.01257 0.95322 0.00590 -0.28981 0.02449 0.95675
1661398734.435146093 0.14288 4.00613 0.95214 0.00563 -0.28911 0.02453 0.95697
1661398734.445145845 0.14214 3.99964 0.95106 0.00525 -0.28831 0.02466 0.95720
1661398734.455146074 0.14134 3.99312 0.95000 0.00473 -0.28745 0.02486 0.95746
1661398734.465146065 0.14049 3.98656 0.94896 0.00411 -0.28655 0.02516 0.95773
1661398734.475146055 0.13959 3.97998 0.94794 0.00339 -0.28567 0.02553 0.95798
1661398734.485146046 0.13864 3.97339 0.94695 0.00260 -0.28484 0.02599 0.95822
1661398734.495146036 0.13763 3.96677 0.94601 0.00177 -0.28412 0.02654 0.95842
1661398734.505146027 0.13657 3.96016 0.94510 0.00091 -0.28355 0.02716 0.95857
1661398734.515146017 0.13547 3.95353 0.94425 0.00005 -0.28316 0.02787 0.95867
1661398734.525146008 0.13431 3.94692 0.94345 -0.00078 -0.28301 0.02866 0.95869
1661398734.535145998 0.13311 3.94031 0.94272 -0.00157 -0.28315 0.02953 0.95862
1661398734.545145988 0.13186 3.93371 0.94205 -0.00229 -0.28360 0.03047 0.95845
1661398734.555145979 0.13057 3.92713 0.94146 -0.00292 -0.28441 0.03149 0.95818
1661398734.565145969 0.12924 3.92058 0.94094 -0.00349 -0.28552 0.03257 0.95781
1661398734.575146198 0.12787 3.91405 0.94048 -0.00401 -0.28685 0.03369 0.95738
1661398734.585145950 0.12647 3.90754 0.94009 -0.00450 -0.28833 0.03484 0.95689
1661398734.595146179 0.12504 3.90105 0.93975 -0.00499 -0.28989 0.03600 0.95637
1661398734.605145931 0.12358 3.89459 0.93946 -0.00550 -0.29146 0.03715 0.95585
1661398734.615146160 0.12210 3.88816 0.93923 -0.00604 -0.29296 0.03827 0.95534
1661398734.625145912 0.12061 3.88176 0.93904 -0.00665 -0.29433 0.03934 0.95487
1661398734.635146141 0.11910 3.87538 0.93889 -0.00735 -0.29549 0.04035 0.95447
1661398734.645145893 0.11758 3.86904 0.93877 -0.00814 -0.29637 0.04128 0.95415
1661398734.655146122 0.11606 3.86273 0.93869 -0.00906 -0.29692 0.04212 0.95393
1661398734.665145874 0.11453 3.85646 0.93864 -0.01008 -0.29718 0.04287 0.95380
1661398734.675146103 0.11299 3.85022 0.93861 -0.01117 -0.29722 0.04354 0.95375
1661398734.685145855 0.11144 3.84402 0.93860 -0.01232 -0.29710 0.04413 0.95375
1661398734.695146084 0.10987 3.83786 0.93861 -0.01349 -0.29687 0.04466 0.95378
1661398734.705146074 0.10829 3.83174 0.93862 -0.01467 -0.29661 0.04513 0.95382
1661398734.715146065 0.10669 3.82567 0.93864 -0.01582 -0.29637 0.04556 0.95386
1661398734.725146055 0.10508 3.81965 0.93867 -0.01692 -0.29622 0.04594 0.95386
1661398734.735146046 0.10344 3.81368 0.93869 -0.01795 -0.29622 0.04629 0.95383
1661398734.745146036 0.10178 3.80775 0.93871 -0.01888 -0.29644 0.04662 0.95373
1661398734.755146027 0.10009 3.80189 0.93871 -0.01969 -0.29692 0.04693 0.95355
1661398734.765146017 0.09837 3.79608 0.93870 -0.02038 -0.29765 0.04721 0.95329
1661398734.775146008 0.09661 3.79032 0.93868 -0.02097 -0.29859 0.04745 0.95297
1661398734.785145998 0.09482 3.78463 0.93864 -0.02147 -0.29971 0.04763 0.95260
1661398734.795145988 0.09297 3.77900 0.93859 -0.02187 -0.30099 0.04775 0.95218
1661398734.805145979 0.09107 3.77343 0.93851 -0.02220 -0.30239 0.04778 0.95173
1661398734.815145969 0.08910 3.76793 0.93842 -0.02246 -0.30389 0.04771 0.95125
1661398734.825145960 0.08707 3.76250 0.93830 -0.02265 -0.30544 0.04754 0.95075
1661398734.835146189 0.08497 3.75713 0.93815 -0.02280 -0.30702 0.04724 0.95026
1661398734.845145941 0.08279 3.75184 0.93798 -0.02290 -0.30860 0.04681 0.94976
1661398734.855146170 0.08053 3.74663 0.93778 -0.02296 -0.31015 0.04624 0.94929
1661398734.865145922 0.07819 3.74149 0.93754 -0.02300 -0.31167 0.04555 0.94882
1661398734.875146151 0.07579 3.73641 0.93728 -0.02300 -0.31316 0.04475 0.94837
1661398734.885145903 0.07332 3.73141 0.93699 -0.02297 -0.31462 0.04388 0.94793
1661398734.895146132 0.07080 3.72647 0.93667 -0.02292 -0.31606 0.04295 0.94749
1661398734.905145884 0.06824 3.72160 0.93631 -0.02285 -0.31747 0.04199 0.94706
1661398734.915146112 0.06565 3.71679 0.93593 -0.02276 -0.31887 0.04102 0.94664
1661398734.925145864 0.06303 3.71204 0.93551 -0.02265 -0.32025 0.04006 0.94622
1661398734.935146093 0.06040 3.70735 0.93505 -0.02252 -0.32161 0.03915 0.94579
1661398734.945145845 0.05775 3.70272 0.93457 -0.02239 -0.32296 0.03829 0.94537
1661398734.955146074 0.05510 3.69814 0.93405 -0.02224 -0.32430 0.03752 0.94495
1661398734.965146065 0.05245 3.69361 0.93350 -0.02208 -0.32562 0.03682 0.94453
1661398734.975146055 0.04981 3.68914 0.93294 -0.02192 -0.32690 0.03617 0.94411
1661398734.985146046 0.04717 3.68472 0.93238 -0.02176 -0.32814 0.03558 0.94371
1661398734.995146036 0.04453 3.68035 0.93182 -0.02161 -0.32932 0.03502 0.94332
1661398735.005146027 0.04190 3.67603 0.93127 -0.02148 -0.33043 0.03449 0.94295
1661398735.015146017 0.03927 3.67176 0.93074 -0.02135 -0.33147 0.03396 0.94261
1661398735.025146008 0.03666 3.66754 0.93025 -0.02125 -0.33241 0.03344 0.94230
1661398735.035145998 0.03405 3.66336 0.92980 -0.02117 -0.33326 0.03290 0.94202
1661398735.045145988 0.03146 3.65924 0.92939 -0.02112 -0.33399 0.03234 0.94179
1661398735.055145979 0.02888 3.65515 0.92905 -0.02110 -0.33459 0.03174 0.94159
1661398735.065145969 0.02631 3.65111 0.92876 -0.02110 -0.33509 0.03111 0.94143
1661398735.075146198 0.02375 3.64710 0.92852 -0.02113 -0.33550 0.03047 0.94131
1661398735.085145950 0.02118 3.64311 0.92833 -0.02116 -0.33583 0.02982 0.94121
1661398735.095146179 0.01860 3.63913 0.92817 -0.02119 -0.33609 0.02916 0.94114
1661398735.105145931 0.01602 3.63515 0.92806 -0.02121 -0.33631 0.02852 0.94108
1661398735.115146160 0.01341 3.63118 0.92797 -0.02122 -0.33649 0.02790 0.94103
1661398735.125145912 0.01079 3.62719 0.92791 -0.02121 -0.33666 0.02731 0.94099
1661398735.135146141 0.00814 3.62318 0.92786 -0.02116 -0.33682 0.02677 0.94095
1661398735.145145893 0.00546 3.61915 0.92783 -0.02108 -0.33700 0.02627 0.94090
1661398735.155146122 0.00274 3.61508 0.92782 -0.02095 -0.33720 0.02583 0.94085
1661398735.165145874 -0.00000 3.61097 0.92780 -0.02078 -0.33741 0.02544 0.94078
1661398735.175146103 -0.00278 3.60683 0.92780 -0.02058 -0.33762 0.02509 0.94072
1661398735.185145855 -0.00557 3.60266 0.92779 -0.02036 -0.33781 0.02477 0.94067
1661398735.195146084 -0.00839 3.59844 0.92779 -0.02013 -0.33797 0.02447 0.94062
1661398735.205146074 -0.01122 3.59419 0.92778 -0.01989 -0.33807 0.02418 0.94060
1661398735.215146065 -0.01406 3.58991 0.92777 -0.01965 -0.33810 0.02390 0.94060
1661398735.225146055 -0.01690 3.58558 0.92774 -0.01943 -0.33805 0.02361 0.94063
1661398735.235146046 -0.01974 3.58123 0.92771 -0.01923 -0.33789 0.02331 0.94070
1661398735.245146036 -0.02258 3.57683 0.92766 -0.01906 -0.33762 0.02297 0.94081
1661398735.255146027 -0.02542 3.57240 0.92760 -0.01892 -0.33722 0.02261 0.94096
1661398735.265146017 -0.02825 3.56793 0.92752 -0.01882 -0.33670 0.02220 0.94116
1661398735.275146008 -0.03108 3.56342 0.92743 -0.01874 -0.33608 0.02174 0.94140
1661398735.285145998 -0.03392 3.55889 0.92731 -0.01867 -0.33537 0.02123 0.94166
1661398735.295145988 -0.03678 3.55432 0.92717 -0.01862 -0.33459 0.02066 0.94195
1661398735.305145979 -0.03966 3.54973 0.92702 -0.01856 -0.33375 0.02003 0.94227
1661398735.315145969 -0.04257 3.54510 0.92684 -0.01850 -0.33287 0.01932 0.94259
1661398735.325145960 -0.04551 3.54045 0.92664 -0.01843 -0.33196 0.01854 0.94293
1661398735.335146189 -0.04848 3.53577 0.92641 -0.01834 -0.33105 0.01768 0.94327
1661398735.345145941 -0.05151 3.53107 0.92617 -0.01822 -0.33013 0.01672 0.94361
1661398735.355146170 -0.05458 3.52635 0.92589 -0.01807 -0.32924 0.01568 0.94394
1661398735.365145922 -0.05770 3.52161 0.92560 -0.01791 -0.32838 0.01456 0.94426
1661398735.375146151 -0.06086 3.51684 0.92529 -0.01773 -0.32756 0.01336 0.94457
1661398735.385145903 -0.06406 3.51205 0.92498 -0.01757 -0.32677 0.01212 0.94486
1661398735.395146132 -0.06729 3.50725 0.92467 -0.01744 -0.32604 0.01083 0.94513
1661398735.405145884 -0.07055 3.50243 0.92436 -0.01734 -0.32537 0.00952 0.94538
1661398735.415146112 -0.07383 3.49759 0.92406 -0.01731 -0.32476 0.00820 0.94560
1661398735.425145864 -0.07712 3.49273 0.92377 -0.01735 -0.32423 0.00688 0.94579
1661398735.435146093 -0.08044 3.48786 0.92351 -0.01747 -0.32378 0.00557 0.94595
1661398735.445145845 -0.08376 3.48297 0.92328 -0.01770 -0.32342 0.00429 0.94608
1661398735.455146074 -0.08708 3.47807 0.92309 -0.01804 -0.32315 0.00305 0.94617
1661398735.465146065 -0.09041 3.47316 0.92293 -0.01847 -0.32295 0.00186 0.94624
1661398735.475146055 -0.09372 3.46824 0.92281 -0.01896 -0.32278 0.00072 0.94628
1661398735.485146046 -0.09703 3.46331 0.92274 -0.01948 -0.32262 -0.00036 0.94633
1661398735.495146036 -0.10033 3.45837 0.92272 -0.01999 -0.32245 -0.00138 0.94638
1661398735.505146027 -0.10361 3.45343 0.92275 -0.02047 -0.32222 -0.00233 0.94644
1661398735.515146017 -0.10686 3.44848 0.92283 -0.02089 -0.32192 -0.00321 0.94653
1661398735.525146008 -0.11009 3.44354 0.92297 -0.02122 -0.32150 -0.00401 0.94666
1661398735.535145998 -0.11328 3.43859 0.92317 -0.02142 -0.32095 -0.00472 0.94684
1661398735.545145988 -0.11644 3.43364 0.92344 -0.02146 -0.32024 -0.00535 0.94708
1661398735.555145979 -0.11955 3.42870 0.92378 -0.02133 -0.31933 -0.00589 0.94738
1661398735.565145969 -0.12263 3.42377 0.92417 -0.02104 -0.31825 -0.00635 0.94775
1661398735.575146198 -0.12567 3.41885 0.92463 -0.02061 -0.31699 -0.00673 0.94818
1661398735.585145950 -0.12866 3.41395 0.92514 -0.02007 -0.31557 -0.00704 0.94867
1661398735.595146179 -0.13163 3.40907 0.92570 -0.01945 -0.31400 -0.00729 0.94920
1661398735.605145931 -0.13455 3.40421 0.92630 -0.01877 -0.31229 -0.00749 0.94977
1661398735.615146160 -0.13744 3.39939 0.92694 -0.01805 -0.31046 -0.00765 0.95039
1661398735.625145912 -0.14030 3.39460 0.92761 -0.01732 -0.30851 -0.00778 0.95103
1661398735.635146141 -0.14313 3.38985 0.92832 -0.01660 -0.30647 -0.00788 0.95170
1661398735.645145893 -0.14592 3.38515 0.92905 -0.01592 -0.30433 -0.00797 0.95240
1661398735.655146122 -0.14868 3.38049 0.92980 -0.01530 -0.30212 -0.00804 0.95311
1661398735.665145874 -0.15142 3.37588 0.93057 -0.01472 -0.29988 -0.00810 0.95383
1661398735.675146103 -0.15413 3.37132 0.93135 -0.01416 -0.29765 -0.00812 0.95454
1661398735.685145855 -0.15681 3.36680 0.93215 -0.01361 -0.29547 -0.00810 0.95522
1661398735.695146084 -0.15948 3.36232 0.93297 -0.01303 -0.29338 -0.00802 0.95587
1661398735.705146074 -0.16212 3.35788 0.93380 -0.01242 -0.29143 -0.00787 0.95648
1661398735.715146065 -0.16474 3.35347 0.93464 -0.01175 -0.28966 -0.00764 0.95703
1661398735.725146055 -0.16735 3.34909 0.93549 -0.01100 -0.28812 -0.00732 0.95750
1661398735.735146046 -0.16994 3.34475 0.93635 -0.01016 -0.28685 -0.00689 0.95790
1661398735.745146036 -0.17252 3.34043 0.93722 -0.00919 -0.28589 -0.00635 0.95820
1661398735.755146027 -0.17508 3.33614 0.93810 -0.00810 -0.28525 -0.00569 0.95840
1661398735.765146017 -0.17762 3.33187 0.93897 -0.00692 -0.28484 -0.00495 0.95854
1661398735.775146008 -0.18012 3.32761 0.93982 -0.00572 -0.28452 -0.00420 0.95864
1661398735.785145998 -0.18255 3.32334 0.94064 -0.00454 -0.28417 -0.00348 0.95876
1661398735.795145988 -0.18492 3.31907 0.94141 -0.00345 -0.28365 -0.00287 0.95892
1661398735.805145979 -0.18719 3.31478 0.94212 -0.00249 -0.28287 -0.00239 0.95915
1661398735.815145969 -0.18940 3.31048 0.94278 -0.00164 -0.28185 -0.00202 0.95945
1661398735.825145960 -0.19156 3.30618 0.94338 -0.00084 -0.28066 -0.00175 0.95980
1661398735.835146189 -0.19369 3.30186 0.94393 -0.00007 -0.27937 -0.00153 0.96018
1661398735.845145941 -0.19581 3.29755 0.94443 0.00071 -0.27802 -0.00133 0.96057
1661398735.855146170 -0.19794 3.29323 0.94488 0.00154 -0.27668 -0.00111 0.96096
1661398735.865145922 -0.20008 3.28892 0.94528 0.00240 -0.27537 -0.00089 0.96133
1661398735.875146151 -0.20224 3.28461 0.94564 0.00328 -0.27410 -0.00067 0.96170
1661398735.885145903 -0.20441 3.28030 0.94595 0.00416 -0.27286 -0.00044 0.96204
1661398735.895146132 -0.20660 3.27599 0.94621 0.00503 -0.27168 -0.00021 0.96237
1661398735.905145884 -0.20881 3.27169 0.94643 0.00587 -0.27056 0.00001 0.96268
1661398735.915146112 -0.21104 3.26739 0.94660 0.00666 -0.26951 0.00023 0.96297
1661398735.925145864 -0.21330 3.26310 0.94673 0.00738 -0.26855 0.00043 0.96324
1661398735.935146093 -0.21558 3.25881 0.94682 0.00802 -0.26767 0.00061 0.96348
1661398735.945145845 -0.21789 3.25453 0.94687 0.00857 -0.26689 0.00077 0.96369
1661398735.955146074 -0.22023 3.25025 0.94687 0.00900 -0.26622 0.00092 0.96387
1661398735.965146065 -0.22260 3.24597 0.94684 0.00932 -0.26565 0.00104 0.96402
1661398735.975146055 -0.22498 3.24168 0.94677 0.00955 -0.26516 0.00115 0.96416
1661398735.985146046 -0.22739 3.23738 0.94668 0.00969 -0.26475 0.00126 0.96427
1661398735.995146036 -0.22981 3.23306 0.94655 0.00975 -0.26441 0.00137 0.96436
1661398736.005146027 -0.23224 3.22870 0.94640 0.00974 -0.26412 0.00149 0.96444
1661398736.015146017 -0.23467 3.22431 0.94623 0.00967 -0.26388 0.00163 0.96451
1661398736.025146008 -0.23711 3.21987 0.94604 0.00954 -0.26367 0.00179 0.96456
1661398736.035145998 -0.23955 3.21538 0.94583 0.00938 -0.26348 0.00199 0.96462
1661398736.045145988 -0.24198 3.21083 0.94562 0.00917 -0.26331 0.00222 0.96467
1661398736.055145979 -0.24440 3.20622 0.94539 0.00895 -0.26313 0.00250 0.96472
1661398736.065145969 -0.24681 3.20155 0.94516 0.00870 -0.26295 0.00283 0.96477
1661398736.075146198 -0.24921 3.19681 0.94492 0.00845 -0.26275 0.00319 0.96482
1661398736.085145950 -0.25160 3.19200 0.94468 0.00819 -0.26252 0.00359 0.96489
1661398736.095146179 -0.25398 3.18713 0.94443 0.00794 -0.26225 0.00404 0.96496
1661398736.105145931 -0.25635 3.18220 0.94418 0.00771 -0.26193 0.00451 0.96505
1661398736.115146160 -0.25870 3.17720 0.94392 0.00750 -0.26155 0.00502 0.96515
1661398736.125145912 -0.26105 3.17215 0.94367 0.00731 -0.26111 0.00556 0.96527
1661398736.135146141 -0.26338 3.16702 0.94342 0.00716 -0.26059 0.00613 0.96540
1661398736.145145893 -0.26569 3.16184 0.94317 0.00706 -0.25998 0.00673 0.96557
1661398736.155146122 -0.26799 3.15660 0.94292 0.00700 -0.25928 0.00735 0.96575
1661398736.165145874 -0.27028 3.15130 0.94267 0.00700 -0.25851 0.00800 0.96595
1661398736.175146103 -0.27256 3.14594 0.94242 0.00703 -0.25770 0.00868 0.96616
1661398736.185145855 -0.27483 3.14053 0.94216 0.00709 -0.25689 0.00940 0.96637
1661398736.195146084 -0.27708 3.13507 0.94189 0.00719 -0.25609 0.01017 0.96657
1661398736.205146074 -0.27933 3.12955 0.94161 0.00730 -0.25536 0.01097 0.96676
1661398736.215146065 -0.28158 3.12399 0.94131 0.00743 -0.25470 0.01183 0.96692
1661398736.225146055 -0.28381 3.11839 0.94099 0.00758 -0.25416 0.01274 0.96705
1661398736.235146046 -0.28605 3.11274 0.94064 0.00772 -0.25376 0.01371 0.96714
1661398736.245146036 -0.28827 3.10706 0.94028 0.00786 -0.25353 0.01474 0.96718
1661398736.255146027 -0.29050 3.10133 0.93988 0.00800 -0.25350 0.01583 0.96717
1661398736.265146017 -0.29272 3.09558 0.93946 0.00813 -0.25361 0.01698 0.96712
1661398736.275146008 -0.29493 3.08978 0.93902 0.00824 -0.25381 0.01818 0.96705
1661398736.285145998 -0.29713 3.08396 0.93858 0.00834 -0.25404 0.01942 0.96696
1661398736.295145988 -0.29931 3.07811 0.93812 0.00841 -0.25423 0.02071 0.96688
1661398736.305145979 -0.30146 3.07224 0.93768 0.00846 -0.25435 0.02202 0.96683
1661398736.315145969 -0.30360 3.06634 0.93724 0.00849 -0.25432 0.02335 0.96680
1661398736.325145960 -0.30570 3.06041 0.93681 0.00849 -0.25408 0.02469 0.96683
1661398736.335146189 -0.30777 3.05447 0.93641 0.00845 -0.25359 0.02605 0.96692
1661398736.345145941 -0.30981 3.04851 0.93603 0.00837 -0.25278 0.02740 0.96710
1661398736.355146170 -0.31181 3.04254 0.93568 0.00826 -0.25161 0.02874 0.96737
1661398736.365145922 -0.31377 3.03655 0.93537 0.00811 -0.25013 0.03007 0.96771
1661398736.375146151 -0.31570 3.03056 0.93508 0.00794 -0.24841 0.03138 0.96811
1661398736.385145903 -0.31761 3.02457 0.93482 0.00776 -0.24652 0.03267 0.96856
1661398736.395146132 -0.31951 3.01858 0.93457 0.00757 -0.24452 0.03392 0.96902
1661398736.405145884 -0.32139 3.01260 0.93434 0.00738 -0.24248 0.03513 0.96949
1661398736.415146112 -0.32326 3.00663 0.93412 0.00721 -0.24048 0.03630 0.96995
1661398736.425145864 -0.32513 3.00068 0.93391 0.00705 -0.23857 0.03741 0.97038
1661398736.435146093 -0.32701 2.99475 0.93371 0.00693 -0.23683 0.03847 0.97076
1661398736.445145845 -0.32890 2.98885 0.93350 0.00684 -0.23533 0.03947 0.97109
1661398736.455146074 -0.33080 2.98298 0.93329 0.00679 -0.23410 0.04039 0.97135
1661398736.465146065 -0.33271 2.97714 0.93308 0.00679 -0.23314 0.04126 0.97154
1661398736.475146055 -0.33464 2.97135 0.93287 0.00682 -0.23237 0.04207 0.97169
1661398736.485146046 -0.33657 2.96562 0.93267 0.00688 -0.23175 0.04283 0.97181
1661398736.495146036 -0.33851 2.95994 0.93247 0.00696 -0.23123 0.04355 0.97190
1661398736.505146027 -0.34046 2.95433 0.93228 0.00706 -0.23076 0.04423 0.97198
1661398736.515146017 -0.34241 2.94879 0.93210 0.00718 -0.23028 0.04488 0.97206
1661398736.525146008 -0.34435 2.94333 0.93194 0.00730 -0.22974 0.04551 0.97216
1661398736.535145998 -0.34630 2.93795 0.93179 0.00742 -0.22909 0.04613 0.97228
1661398736.545145988 -0.34823 2.93267 0.93166 0.00754 -0.22829 0.04673 0.97244
1661398736.555145979 -0.35016 2.92749 0.93155 0.00766 -0.22728 0.04733 0.97265
1661398736.565145969 -0.35209 2.92240 0.93147 0.00778 -0.22612 0.04793 0.97289
1661398736.575146198 -0.35401 2.91740 0.93140 0.00789 -0.22485 0.04850 0.97315
1661398736.585145950 -0.35592 2.91247 0.93135 0.00802 -0.22354 0.04905 0.97343
1661398736.595146179 -0.35782 2.90761 0.93132 0.00817 -0.22223 0.04957 0.97370
1661398736.605145931 -0.35972 2.90282 0.93131 0.00834 -0.22098 0.05005 0.97396
1661398736.615146160 -0.36161 2.89808 0.93132 0.00855 -0.21985 0.05049 0.97419
1661398736.625145912 -0.36350 2.89339 0.93136 0.00878 -0.21889 0.05088 0.97438
1661398736.635146141 -0.36538 2.88874 0.93140 0.00906 -0.21816 0.05120 0.97453
1661398736.645145893 -0.36725 2.88413 0.93147 0.00939 -0.21770 0.05146 0.97461
1661398736.655146122 -0.36912 2.87954 0.93156 0.00978 -0.21757 0.05164 0.97463
1661398736.665145874 -0.37099 2.87498 0.93166 0.01021 -0.21774 0.05176 0.97458
1661398736.675146103 -0.37286 2.87045 0.93178 0.01069 -0.21817 0.05180 0.97448
1661398736.685145855 -0.37473 2.86595 0.93193 0.01121 -0.21883 0.05178 0.97432
1661398736.695146084 -0.37660 2.86149 0.93209 0.01176 -0.21968 0.05170 0.97413
1661398736.705146074 -0.37848 2.85707 0.93227 0.01235 -0.22068 0.05155 0.97390
1661398736.715146065 -0.38036 2.85268 0.93247 0.01297 -0.22180 0.05135 0.97365
1661398736.725146055 -0.38226 2.84834 0.93269 0.01361 -0.22301 0.05109 0.97338
1661398736.735146046 -0.38416 2.84404 0.93293 0.01427 -0.22426 0.05077 0.97310
1661398736.745146036 -0.38608 2.83979 0.93319 0.01494 -0.22552 0.05041 0.97282
1661398736.755146027 -0.38801 2.83559 0.93347 0.01562 -0.22676 0.05000 0.97254
1661398736.765146017 -0.38996 2.83143 0.93378 0.01630 -0.22796 0.04955 0.97227
1661398736.775146008 -0.39192 2.82731 0.93411 0.01697 -0.22910 0.04908 0.97202
1661398736.785145998 -0.39389 2.82324 0.93446 0.01763 -0.23018 0.04860 0.97177
1661398736.795145988 -0.39586 2.81921 0.93484 0.01826 -0.23118 0.04812 0.97155
1661398736.805145979 -0.39784 2.81521 0.93524 0.01885 -0.23208 0.04765 0.97135
1661398736.815145969 -0.39982 2.81124 0.93567 0.01940 -0.23287 0.04722 0.97117
1661398736.825145960 -0.40180 2.80731 0.93613 0.01990 -0.23354 0.04682 0.97101
1661398736.835146189 -0.40377 2.80340 0.93662 0.02035 -0.23408 0.04647 0.97089
1661398736.845145941 -0.40574 2.79952 0.93715 0.02072 -0.23447 0.04620 0.97080
1661398736.855146170 -0.40771 2.79567 0.93770 0.02101 -0.23470 0.04599 0.97075
1661398736.865145922 -0.40968 2.79183 0.93829 0.02124 -0.23481 0.04586 0.97073
1661398736.875146151 -0.41166 2.78800 0.93889 0.02141 -0.23484 0.04578 0.97072
1661398736.885145903 -0.41366 2.78418 0.93952 0.02152 -0.23482 0.04576 0.97072
1661398736.895146132 -0.41570 2.78037 0.94015 0.02159 -0.23479 0.04578 0.97073
1661398736.905145884 -0.41778 2.77655 0.94080 0.02163 -0.23480 0.04583 0.97072
1661398736.915146112 -0.41991 2.77272 0.94145 0.02164 -0.23487 0.04590 0.97070
1661398736.925145864 -0.42210 2.76889 0.94210 0.02164 -0.23506 0.04599 0.97065
1661398736.935146093 -0.42437 2.76503 0.94274 0.02163 -0.23539 0.04609 0.97057
1661398736.945145845 -0.42672 2.76116 0.94337 0.02161 -0.23591 0.04618 0.97044
1661398736.955146074 -0.42916 2.75726 0.94398 0.02161 -0.23664 0.04627 0.97025
1661398736.965146065 -0.43168 2.75333 0.94458 0.02161 -0.23755 0.04635 0.97003
1661398736.975146055 -0.43427 2.74938 0.94515 0.02160 -0.23860 0.04644 0.96977
1661398736.985146046 -0.43693 2.74541 0.94570 0.02159 -0.23974 0.04656 0.96948
1661398736.995146036 -0.43965 2.74143 0.94622 0.02157 -0.24092 0.04670 0.96918
1661398737.005146027 -0.44240 2.73743 0.94672 0.02152 -0.24212 0.04689 0.96887
1661398737.015146017 -0.44520 2.73342 0.94718 0.02145 -0.24327 0.04713 0.96858
1661398737.025146008 -0.44802 2.72940 0.94760 0.02134 -0.24434 0.04743 0.96829
1661398737.035145998 -0.45085 2.72537 0.94799 0.02120 -0.24528 0.04781 0.96804
1661398737.045145988 -0.45369 2.72134 0.94834 0.02101 -0.24606 0.04828 0.96782
1661398737.055145979 -0.45654 2.71731 0.94865 0.02077 -0.24662 0.04884 0.96766
1661398737.065145969 -0.45938 2.71327 0.94891 0.02049 -0.24699 0.04948 0.96754
1661398737.075146198 -0.46221 2.70923 0.94914 0.02017 -0.24717 0.05020 0.96746
1661398737.085145950 -0.46505 2.70519 0.94933 0.01983 -0.24717 0.05098 0.96743
1661398737.095146179 -0.46788 2.70113 0.94949 0.01946 -0.24702 0.05181 0.96743
1661398737.105145931 -0.47072 2.69706 0.94962 0.01908 -0.24672 0.05269 0.96747
1661398737.115146160 -0.47355 2.69298 0.94972 0.01869 -0.24628 0.05359 0.96753
1661398737.125145912 -0.47638 2.68888 0.94979 0.01829 -0.24573 0.05452 0.96763
1661398737.135146141 -0.47921 2.68476 0.94983 0.01791 -0.24507 0.05545 0.96775
1661398737.145145893 -0.48205 2.68063 0.94986 0.01754 -0.24432 0.05638 0.96790
1661398737.155146122 -0.48488 2.67647 0.94986 0.01719 -0.24349 0.05729 0.96806
1661398737.165145874 -0.48771 2.67229 0.94985 0.01686 -0.24261 0.05819 0.96823
1661398737.175146103 -0.49055 2.66810 0.94981 0.01656 -0.24172 0.05905 0.96841
1661398737.185145855 -0.49339 2.66389 0.94976 0.01630 -0.24084 0.05988 0.96858
1661398737.195146084 -0.49624 2.65967 0.94969 0.01607 -0.24000 0.06067 0.96874
1661398737.205146074 -0.49909 2.65543 0.94959 0.01587 -0.23924 0.06142 0.96889
1661398737.215146065 -0.50196 2.65119 0.94948 0.01573 -0.23858 0.06211 0.96901
1661398737.225146055 -0.50484 2.64695 0.94935 0.01563 -0.23805 0.06274 0.96910
1661398737.235146046 -0.50772 2.64270 0.94920 0.01558 -0.23769 0.06330 0.96915
1661398737.245146036 -0.51063 2.63845 0.94903 0.01559 -0.23753 0.06379 0.96916
1661398737.255146027 -0.51354 2.63420 0.94884 0.01565 -0.23758 0.06420 0.96912
1661398737.265146017 -0.51647 2.62994 0.94864 0.01577 -0.23782 0.06455 0.96904
1661398737.275146008 -0.51939 2.62569 0.94844 0.01593 -0.23819 0.06483 0.96892
1661398737.285145998 -0.52231 2.62143 0.94826 0.01614 -0.23866 0.06506 0.96879
1661398737.295145988 -0.52521 2.61716 0.94809 0.01639 -0.23918 0.06524 0.96864
1661398737.305145979 -0.52809 2.61287 0.94795 0.01667 -0.23971 0.06540 0.96850
1661398737.315145969 -0.53094 2.60857 0.94785 0.01698 -0.24020 0.06553 0.96836
1661398737.325145960 -0.53375 2.60426 0.94779 0.01731 -0.24061 0.06564 0.96824
1661398737.335146189 -0.53652 2.59992 0.94780 0.01766 -0.24090 0.06575 0.96816
1661398737.345145941 -0.53923 2.59557 0.94787 0.01802 -0.24102 0.06586 0.96811
1661398737.355146170 -0.54188 2.59119 0.94801 0.01839 -0.24095 0.06598 0.96812
1661398737.365145922 -0.54447 2.58678 0.94822 0.01877 -0.24070 0.06610 0.96817
1661398737.375146151 -0.54702 2.58236 0.94850 0.01916 -0.24030 0.06623 0.96825
1661398737.385145903 -0.54952 2.57791 0.94883 0.01957 -0.23980 0.06635 0.96835
1661398737.395146132 -0.55198 2.57345 0.94921 0.02001 -0.23922 0.06646 0.96848
1661398737.405145884 -0.55441 2.56897 0.94963 0.02047 -0.23861 0.06656 0.96862
1661398737.415146112 -0.55681 2.56447 0.95008 0.02096 -0.23799 0.06663 0.96875
1661398737.425145864 -0.55919 2.55997 0.95056 0.02149 -0.23740 0.06667 0.96888
1661398737.435146093 -0.56156 2.55545 0.95106 0.02205 -0.23688 0.06667 0.96900
1661398737.445145845 -0.56391 2.55093 0.95158 0.02265 -0.23646 0.06663 0.96909
1661398737.455146074 -0.56626 2.54640 0.95209 0.02330 -0.23616 0.06655 0.96915
1661398737.465146065 -0.56860 2.54185 0.95261 0.02399 -0.23600 0.06642 0.96918
1661398737.475146055 -0.57093 2.53730 0.95312 0.02471 -0.23597 0.06625 0.96918
1661398737.485146046 -0.57325 2.53274 0.95362 0.02546 -0.23609 0.06604 0.96915
1661398737.495146036 -0.57555 2.52816 0.95410 0.02622 -0.23634 0.06579 0.96909
1661398737.505146027 -0.57782 2.52356 0.95457 0.02700 -0.23674 0.06549 0.96899
1661398737.515146017 -0.58007 2.51895 0.95500 0.02778 -0.23728 0.06517 0.96885
1661398737.525146008 -0.58229 2.51431 0.95540 0.02856 -0.23797 0.06481 0.96869
1661398737.535145998 -0.58448 2.50966 0.95577 0.02933 -0.23880 0.06441 0.96849
1661398737.545145988 -0.58664 2.50498 0.95609 0.03008 -0.23979 0.06399 0.96825
1661398737.555145979 -0.58875 2.50027 0.95636 0.03081 -0.24092 0.06354 0.96797
1661398737.565145969 -0.59081 2.49554 0.95659 0.03155 -0.24216 0.06307 0.96767
1661398737.575146198 -0.59282 2.49076 0.95678 0.03231 -0.24347 0.06259 0.96735
1661398737.585145950 -0.59477 2.48595 0.95694 0.03312 -0.24483 0.06211 0.96701
1661398737.595146179 -0.59664 2.48110 0.95707 0.03400 -0.24619 0.06164 0.96666
1661398737.605145931 -0.59842 2.47619 0.95717 0.03498 -0.24750 0.06120 0.96632
1661398737.615146160 -0.60012 2.47123 0.95726 0.03609 -0.24875 0.06079 0.96598
1661398737.625145912 -0.60172 2.46622 0.95733 0.03734 -0.24988 0.06043 0.96567
1661398737.635146141 -0.60321 2.46114 0.95740 0.03876 -0.25087 0.06011 0.96538
1661398737.645145893 -0.60458 2.45599 0.95746 0.04038 -0.25166 0.05987 0.96512
1661398737.655146122 -0.60583 2.45077 0.95752 0.04220 -0.25225 0.05969 0.96490
1661398737.665145874 -0.60696 2.44548 0.95759 0.04419 -0.25263 0.05958 0.96472
1661398737.675146103 -0.60798 2.44012 0.95766 0.04630 -0.25284 0.05949 0.96457
1661398737.685145855 -0.60888 2.43471 0.95774 0.04847 -0.25290 0.05943 0.96445
1661398737.695146084 -0.60967 2.42922 0.95782 0.05064 -0.25283 0.05937 0.96436
1661398737.705146074 -0.61036 2.42368 0.95792 0.05277 -0.25266 0.05929 0.96429
1661398737.715146065 -0.61096 2.41809 0.95802 0.05481 -0.25241 0.05917 0.96425
1661398737.725146055 -0.61145 2.41243 0.95814 0.05670 -0.25211 0.05899 0.96423
1661398737.735146046 -0.61186 2.40673 0.95827 0.05838 -0.25178 0.05873 0.96423
1661398737.745146036 -0.61218 2.40098 0.95842 0.05982 -0.25145 0.05839 0.96425
1661398737.755146027 -0.61242 2.39518 0.95858 0.06095 -0.25114 0.05793 0.96429
1661398737.765146017 -0.61260 2.38933 0.95876 0.06180 -0.25087 0.05739 0.96434
1661398737.775146008 -0.61271 2.38342 0.95895 0.06238 -0.25064 0.05679 0.96440
1661398737.785145998 -0.61278 2.37744 0.95917 0.06270 -0.25049 0.05616 0.96445
1661398737.795145988 -0.61282 2.37139 0.95940 0.06278 -0.25042 0.05552 0.96450
1661398737.805145979 -0.61284 2.36527 0.95965 0.06265 -0.25045 0.05491 0.96454
1661398737.815145969 -0.61284 2.35905 0.95992 0.06230 -0.25060 0.05434 0.96456
1661398737.825145960 -0.61286 2.35275 0.96021 0.06177 -0.25087 0.05385 0.96455
1661398737.835146189 -0.61289 2.34635 0.96052 0.06107 -0.25128 0.05345 0.96450
1661398737.845145941 -0.61294 2.33985 0.96085 0.06021 -0.25186 0.05319 0.96442
1661398737.855146170 -0.61304 2.33324 0.96120 0.05922 -0.25260 0.05307 0.96430
1661398737.865145922 -0.61317 2.32652 0.96157 0.05812 -0.25350 0.05310 0.96413
1661398737.875146151 -0.61333 2.31970 0.96194 0.05697 -0.25452 0.05324 0.96392
1661398737.885145903 -0.61351 2.31279 0.96232 0.05579 -0.25565 0.05349 0.96367
1661398737.895146132 -0.61371 2.30578 0.96270 0.05461 -0.25687 0.05384 0.96340
1661398737.905145884 -0.61392 2.29869 0.96307 0.05349 -0.25815 0.05426 0.96310
1661398737.915146112 -0.61413 2.29152 0.96343 0.05245 -0.25947 0.05473 0.96277
1661398737.925145864 -0.61435 2.28428 0.96377 0.05154 -0.26080 0.05526 0.96243
1661398737.935146093 -0.61455 2.27696 0.96408 0.05078 -0.26214 0.05581 0.96208
1661398737.945145845 -0.61475 2.26957 0.96436 0.05022 -0.26345 0.05637 0.96171
1661398737.955146074 -0.61493 2.26213 0.96461 0.04989 -0.26471 0.05693 0.96135
1661398737.965146065 -0.61509 2.25464 0.96482 0.04976 -0.26591 0.05748 0.96100
1661398737.975146055 -0.61524 2.24712 0.96500 0.04982 -0.26703 0.05801 0.96065
1661398737.985146046 -0.61538 2.23958 0.96516 0.05005 -0.26805 0.05850 0.96033
1661398737.995146036 -0.61552 2.23204 0.96529 0.05040 -0.26895 0.05895 0.96003
1661398738.005146027 -0.61565 2.22451 0.96541 0.05087 -0.26973 0.05934 0.95976
1661398738.015146017 -0.61578 2.21701 0.96551 0.05143 -0.27036 0.05968 0.95953
1661398738.025146008 -0.61592 2.20954 0.96560 0.05205 -0.27083 0.05993 0.95935
1661398738.035145998 -0.61605 2.20214 0.96568 0.05272 -0.27112 0.06011 0.95922
1661398738.045145988 -0.61620 2.19480 0.96576 0.05339 -0.27121 0.06019 0.95915
1661398738.055145979 -0.61636 2.18754 0.96583 0.05406 -0.27109 0.06017 0.95915
1661398738.065145969 -0.61653 2.18037 0.96591 0.05472 -0.27080 0.06005 0.95920
1661398738.075146198 -0.61670 2.17327 0.96598 0.05535 -0.27038 0.05985 0.95930
1661398738.085145950 -0.61687 2.16626 0.96605 0.05596 -0.26985 0.05956 0.95943
1661398738.095146179 -0.61703 2.15933 0.96611 0.05654 -0.26925 0.05918 0.95959
1661398738.105145931 -0.61719 2.15249 0.96616 0.05708 -0.26863 0.05874 0.95975
1661398738.115146160 -0.61734 2.14572 0.96621 0.05758 -0.26802 0.05823 0.95993
1661398738.125145912 -0.61748 2.13902 0.96625 0.05804 -0.26746 0.05765 0.96009
1661398738.135146141 -0.61760 2.13241 0.96628 0.05844 -0.26698 0.05702 0.96024
1661398738.145145893 -0.61770 2.12588 0.96630 0.05879 -0.26662 0.05634 0.96036
1661398738.155146122 -0.61777 2.11942 0.96631 0.05907 -0.26641 0.05562 0.96044
1661398738.165145874 -0.61782 2.11304 0.96630 0.05929 -0.26631 0.05487 0.96050
1661398738.175146103 -0.61784 2.10673 0.96628 0.05945 -0.26627 0.05412 0.96054
1661398738.185145855 -0.61784 2.10050 0.96625 0.05953 -0.26625 0.05337 0.96058
1661398738.195146084 -0.61781 2.09436 0.96621 0.05954 -0.26620 0.05265 0.96064
1661398738.205146074 -0.61775 2.08829 0.96615 0.05947 -0.26607 0.05198 0.96071
1661398738.215146065 -0.61767 2.08230 0.96608 0.05933 -0.26581 0.05136 0.96083
1661398738.225146055 -0.61756 2.07639 0.96599 0.05910 -0.26538 0.05083 0.96099
1661398738.235146046 -0.61742 2.07057 0.96590 0.05879 -0.26473 0.05039 0.96121
1661398738.245146036 -0.61726 2.06482 0.96579 0.05840 -0.26381 0.05006 0.96150
1661398738.255146027 -0.61706 2.05916 0.96566 0.05792 -0.26260 0.04986 0.96187
1661398738.265146017 -0.61684 2.05358 0.96552 0.05737 -0.26114 0.04978 0.96231
1661398738.275146008 -0.61659 2.04808 0.96537 0.05675 -0.25949 0.04979 0.96279
1661398738.285145998 -0.61632 2.04265 0.96520 0.05610 -0.25774 0.04987 0.96329
1661398738.295145988 -0.61602 2.03730 0.96501 0.05541 -0.25594 0.05001 0.96381
1661398738.305145979 -0.61570 2.03203 0.96481 0.05471 -0.25417 0.05020 0.96431
1661398738.315145969 -0.61536 2.02683 0.96460 0.05400 -0.25249 0.05040 0.96478
1661398738.325145960 -0.61500 2.02171 0.96436 0.05331 -0.25098 0.05061 0.96520
1661398738.335146189 -0.61462 2.01665 0.96411 0.05265 -0.24969 0.05081 0.96556
1661398738.345145941 -0.61422 2.01166 0.96385 0.05204 -0.24871 0.05097 0.96583
1661398738.355146170 -0.61380 2.00674 0.96356 0.05148 -0.24808 0.05109 0.96602
1661398738.365145922 -0.61336 2.00189 0.96326 0.05100 -0.24778 0.05116 0.96612
1661398738.375146151 -0.61291 1.99710 0.96295 0.05061 -0.24776 0.05120 0.96614
1661398738.385145903 -0.61245 1.99238 0.96262 0.05034 -0.24797 0.05121 0.96610
1661398738.395146132 -0.61197 1.98772 0.96229 0.05019 -0.24839 0.05119 0.96600
1661398738.405145884 -0.61148 1.98312 0.96194 0.05019 -0.24896 0.05116 0.96586
1661398738.415146112 -0.61097 1.97859 0.96160 0.05035 -0.24963 0.05112 0.96568
1661398738.425145864 -0.61046 1.97412 0.96125 0.05070 -0.25038 0.05108 0.96547
1661398738.435146093 -0.60994 1.96970 0.96091 0.05124 -0.25114 0.05105 0.96524
1661398738.445145845 -0.60941 1.96535 0.96056 0.05200 -0.25188 0.05103 0.96501
1661398738.455146074 -0.60888 1.96105 0.96022 0.05298 -0.25257 0.05103 0.96478
1661398738.465146065 -0.60834 1.95681 0.95988 0.05415 -0.25319 0.05105 0.96455
1661398738.475146055 -0.60778 1.95263 0.95954 0.05545 -0.25376 0.05109 0.96432
1661398738.485146046 -0.60721 1.94849 0.95918 0.05685 -0.25428 0.05114 0.96410
1661398738.495146036 -0.60662 1.94441 0.95881 0.05829 -0.25476 0.05122 0.96389
1661398738.505146027 -0.60601 1.94037 0.95841 0.05972 -0.25519 0.05131 0.96368
1661398738.515146017 -0.60538 1.93638 0.95799 0.06110 -0.25559 0.05143 0.96348
1661398738.525146008 -0.60473 1.93243 0.95753 0.06239 -0.25596 0.05156 0.96329
1661398738.535145998 -0.60404 1.92853 0.95703 0.06352 -0.25631 0.05170 0.96312
1661398738.545145988 -0.60333 1.92466 0.95649 0.06446 -0.25664 0.05186 0.96296
1661398738.555145979 -0.60258 1.92083 0.95590 0.06517 -0.25696 0.05204 0.96282
1661398738.565145969 -0.60180 1.91703 0.95527 0.06568 -0.25727 0.05224 0.96269
1661398738.575146198 -0.60098 1.91325 0.95461 0.06602 -0.25760 0.05245 0.96257
1661398738.585145950 -0.60014 1.90948 0.95391 0.06623 -0.25795 0.05268 0.96245
1661398738.595146179 -0.59926 1.90571 0.95318 0.06636 -0.25832 0.05293 0.96232
1661398738.605145931 -0.59834 1.90193 0.95245 0.06642 -0.25874 0.05319 0.96219
1661398738.615146160 -0.59740 1.89813 0.95170 0.06647 -0.25921 0.05348 0.96204
1661398738.625145912 -0.59643 1.89431 0.95094 0.06655 -0.25975 0.05378 0.96188
1661398738.635146141 -0.59542 1.89046 0.95019 0.06668 -0.26036 0.05410 0.96169
1661398738.645145893 -0.59439 1.88656 0.94945 0.06691 -0.26105 0.05444 0.96146
1661398738.655146122 -0.59332 1.88261 0.94872 0.06726 -0.26184 0.05480 0.96120
1661398738.665145874 -0.59222 1.87860 0.94800 0.06773 -0.26270 0.05519 0.96091
1661398738.675146103 -0.59110 1.87455 0.94729 0.06827 -0.26363 0.05559 0.96060
1661398738.685145855 -0.58996 1.87045 0.94658 0.06888 -0.26460 0.05602 0.96026
1661398738.695146084 -0.58880 1.86629 0.94586 0.06952 -0.26559 0.05648 0.95992
1661398738.705146074 -0.58761 1.86209 0.94513 0.07017 -0.26659 0.05696 0.95956
1661398738.715146065 -0.58641 1.85784 0.94439 0.07079 -0.26759 0.05748 0.95921
1661398738.725146055 -0.58520 1.85355 0.94362 0.07138 -0.26855 0.05802 0.95886
1661398738.735146046 -0.58398 1.84921 0.94283 0.07189 -0.26948 0.05859 0.95853
1661398738.745146036 -0.58274 1.84482 0.94200 0.07231 -0.27034 0.05920 0.95822
1661398738.755146027 -0.58150 1.84039 0.94114 0.07262 -0.27113 0.05984 0.95793
1661398738.765146017 -0.58026 1.83592 0.94025 0.07282 -0.27184 0.06053 0.95767
1661398738.775146008 -0.57902 1.83140 0.93933 0.07293 -0.27250 0.06127 0.95743
1661398738.785145998 -0.57778 1.82685 0.93839 0.07296 -0.27310 0.06206 0.95721
1661398738.795145988 -0.57655 1.82225 0.93744 0.07293 -0.27365 0.06292 0.95699
1661398738.805145979 -0.57534 1.81761 0.93647 0.07285 -0.27417 0.06385 0.95679
1661398738.815145969 -0.57414 1.81294 0.93550 0.07274 -0.27465 0.06487 0.95659
1661398738.825145960 -0.57297 1.80822 0.93453 0.07261 -0.27512 0.06597 0.95639
1661398738.835146189 -0.57181 1.80347 0.93357 0.07248 -0.27556 0.06717 0.95619
1661398738.845145941 -0.57069 1.79868 0.93262 0.07235 -0.27601 0.06847 0.95598
1661398738.855146170 -0.56960 1.79386 0.93168 0.07225 -0.27645 0.06988 0.95576
1661398738.865145922 -0.56854 1.78900 0.93077 0.07218 -0.27690 0.07138 0.95552
1661398738.875146151 -0.56751 1.78410 0.92988 0.07215 -0.27735 0.07296 0.95527
1661398738.885145903 -0.56652 1.77917 0.92901 0.07216 -0.27781 0.07459 0.95501
1661398738.895146132 -0.56557 1.77421 0.92818 0.07223 -0.27827 0.07624 0.95474
1661398738.905145884 -0.56464 1.76920 0.92738 0.07235 -0.27875 0.07791 0.95446
1661398738.915146112 -0.56375 1.76417 0.92662 0.07253 -0.27925 0.07958 0.95416
1661398738.925145864 -0.56290 1.75910 0.92589 0.07279 -0.27975 0.08121 0.95386
1661398738.935146093 -0.56209 1.75399 0.92521 0.07313 -0.28028 0.08280 0.95354
1661398738.945145845 -0.56130 1.74885 0.92458 0.07355 -0.28082 0.08432 0.95322
1661398738.955146074 -0.56056 1.74368 0.92400 0.07406 -0.28138 0.08576 0.95288
1661398738.965146065 -0.55984 1.73848 0.92346 0.07462 -0.28193 0.08711 0.95255
1661398738.975146055 -0.55915 1.73324 0.92297 0.07521 -0.28246 0.08838 0.95223
1661398738.985146046 -0.55847 1.72798 0.92251 0.07580 -0.28294 0.08956 0.95193
1661398738.995146036 -0.55779 1.72270 0.92210 0.07635 -0.28334 0.09066 0.95167
1661398739.005146027 -0.55712 1.71740 0.92171 0.07682 -0.28364 0.09169 0.95144
1661398739.015146017 -0.55644 1.71208 0.92136 0.07719 -0.28381 0.09263 0.95127
1661398739.025146008 -0.55574 1.70674 0.92103 0.07742 -0.28384 0.09349 0.95116
1661398739.035145998 -0.55502 1.70140 0.92072 0.07748 -0.28369 0.09428 0.95112
1661398739.045145988 -0.55427 1.69604 0.92043 0.07734 -0.28335 0.09499 0.95116
1661398739.055145979 -0.55348 1.69067 0.92016 0.07697 -0.28280 0.09562 0.95129
1661398739.065145969 -0.55267 1.68529 0.91990 0.07641 -0.28206 0.09619 0.95150
1661398739.075146198 -0.55183 1.67990 0.91967 0.07572 -0.28119 0.09670 0.95176
1661398739.085145950 -0.55098 1.67449 0.91945 0.07493 -0.28023 0.09716 0.95206
1661398739.095146179 -0.55012 1.66905 0.91925 0.07410 -0.27921 0.09757 0.95238
1661398739.105145931 -0.54926 1.66358 0.91907 0.07328 -0.27817 0.09795 0.95271
1661398739.115146160 -0.54841 1.65808 0.91892 0.07251 -0.27716 0.09829 0.95303
1661398739.125145912 -0.54757 1.65254 0.91879 0.07184 -0.27623 0.09862 0.95332
1661398739.135146141 -0.54675 1.64696 0.91869 0.07132 -0.27541 0.09893 0.95356
1661398739.145145893 -0.54597 1.64134 0.91861 0.07100 -0.27474 0.09923 0.95375
1661398739.155146122 -0.54521 1.63566 0.91856 0.07092 -0.27425 0.09953 0.95386
1661398739.165145874 -0.54450 1.62994 0.91853 0.07107 -0.27395 0.09983 0.95391
1661398739.175146103 -0.54381 1.62419 0.91852 0.07144 -0.27379 0.10015 0.95389
1661398739.185145855 -0.54316 1.61841 0.91851 0.07201 -0.27377 0.10049 0.95382
1661398739.195146084 -0.54253 1.61261 0.91851 0.07276 -0.27386 0.10085 0.95370
1661398739.205146074 -0.54193 1.60679 0.91851 0.07369 -0.27403 0.10125 0.95353
1661398739.215146065 -0.54136 1.60097 0.91850 0.07476 -0.27427 0.10169 0.95333
1661398739.225146055 -0.54080 1.59515 0.91847 0.07598 -0.27455 0.10217 0.95311
1661398739.235146046 -0.54027 1.58934 0.91843 0.07732 -0.27486 0.10270 0.95285
1661398739.245146036 -0.53975 1.58355 0.91835 0.07877 -0.27516 0.10329 0.95258
1661398739.255146027 -0.53925 1.57778 0.91825 0.08030 -0.27544 0.10394 0.95230
1661398739.265146017 -0.53876 1.57202 0.91810 0.08186 -0.27572 0.10465 0.95201
1661398739.275146008 -0.53828 1.56627 0.91789 0.08338 -0.27601 0.10540 0.95171
1661398739.285145998 -0.53779 1.56053 0.91762 0.08479 -0.27632 0.10618 0.95141
1661398739.295145988 -0.53731 1.55477 0.91728 0.08604 -0.27666 0.10699 0.95111
1661398739.305145979 -0.53682 1.54899 0.91685 0.08706 -0.27705 0.10781 0.95081
1661398739.315145969 -0.53633 1.54319 0.91636 0.08786 -0.27746 0.10865 0.95052
1661398739.325145960 -0.53584 1.53734 0.91580 0.08843 -0.27787 0.10951 0.95025
1661398739.335146189 -0.53536 1.53143 0.91521 0.08880 -0.27826 0.11042 0.95000
1661398739.345145941 -0.53490 1.52545 0.91459 0.08896 -0.27859 0.11136 0.94978
1661398739.355146170 -0.53446 1.51938 0.91395 0.08894 -0.27884 0.11235 0.94959
1661398739.365145922 -0.53403 1.51324 0.91331 0.08875 -0.27904 0.11338 0.94942
1661398739.375146151 -0.53362 1.50701 0.91266 0.08843 -0.27921 0.11443 0.94928
1661398739.385145903 -0.53323 1.50070 0.91202 0.08802 -0.27937 0.11550 0.94914
1661398739.395146132 -0.53286 1.49431 0.91138 0.08754 -0.27954 0.11656 0.94900
1661398739.405145884 -0.53250 1.48785 0.91075 0.08703 -0.27976 0.11762 0.94885
1661398739.415146112 -0.53216 1.48132 0.91013 0.08653 -0.28004 0.11866 0.94869
1661398739.425145864 -0.53184 1.47471 0.90953 0.08606 -0.28040 0.11966 0.94850
1661398739.435146093 -0.53153 1.46804 0.90895 0.08566 -0.28088 0.12062 0.94827
1661398739.445145845 -0.53124 1.46130 0.90840 0.08537 -0.28149 0.12152 0.94800
1661398739.455146074 -0.53096 1.45450 0.90788 0.08519 -0.28225 0.12235 0.94768
1661398739.465146065 -0.53070 1.44764 0.90739 0.08514 -0.28313 0.12313 0.94733
1661398739.475146055 -0.53044 1.44073 0.90693 0.08518 -0.28407 0.12385 0.94695
1661398739.485146046 -0.53018 1.43377 0.90651 0.08529 -0.28504 0.12452 0.94656
1661398739.495146036 -0.52993 1.42677 0.90611 0.08546 -0.28599 0.12516 0.94617
1661398739.505146027 -0.52967 1.41973 0.90574 0.08566 -0.28687 0.12576 0.94581
1661398739.515146017 -0.52941 1.41267 0.90540 0.08588 -0.28765 0.12634 0.94547
1661398739.525146008 -0.52913 1.40558 0.90510 0.08609 -0.28827 0.12690 0.94519
1661398739.535145998 -0.52884 1.39847 0.90482 0.08628 -0.28869 0.12746 0.94497
1661398739.545145988 -0.52853 1.39135 0.90457 0.08642 -0.28886 0.12801 0.94483
1661398739.555145979 -0.52821 1.38422 0.90435 0.08649 -0.28876 0.12856 0.94478
1661398739.565145969 -0.52786 1.37710 0.90416 0.08650 -0.28842 0.12912 0.94480
1661398739.575146198 -0.52751 1.36998 0.90400 0.08645 -0.28790 0.12968 0.94489
1661398739.585145950 -0.52715 1.36287 0.90387 0.08632 -0.28724 0.13023 0.94503
1661398739.595146179 -0.52680 1.35579 0.90377 0.08612 -0.28649 0.13077 0.94520
1661398739.605145931 -0.52645 1.34874 0.90370 0.08586 -0.28571 0.13131 0.94539
1661398739.615146160 -0.52611 1.34173 0.90365 0.08552 -0.28495 0.13182 0.94557
1661398739.625145912 -0.52579 1.33476 0.90364 0.08511 -0.28426 0.13232 0.94575
1661398739.635146141 -0.52550 1.32784 0.90365 0.08462 -0.28369 0.13279 0.94590
1661398739.645145893 -0.52523 1.32098 0.90369 0.08406 -0.28330 0.13324 0.94600
1661398739.655146122 -0.52500 1.31419 0.90376 0.08343 -0.28311 0.13366 0.94606
1661398739.665145874 -0.52481 1.30746 0.90386 0.08273 -0.28314 0.13405 0.94605
1661398739.675146103 -0.52465 1.30081 0.90399 0.08199 -0.28337 0.13438 0.94600
1661398739.685145855 -0.52453 1.29422 0.90415 0.08120 -0.28380 0.13466 0.94590
1661398739.695146084 -0.52445 1.28770 0.90435 0.08039 -0.28440 0.13488 0.94576
1661398739.705146074 -0.52440 1.28125 0.90458 0.07957 -0.28517 0.13503 0.94558
1661398739.715146065 -0.52439 1.27487 0.90485 0.07875 -0.28610 0.13509 0.94535
1661398739.725146055 -0.52442 1.26856 0.90515 0.07794 -0.28717 0.13507 0.94510
1661398739.735146046 -0.52449 1.26232 0.90549 0.07716 -0.28838 0.13495 0.94481
1661398739.745146036 -0.52460 1.25616 0.90587 0.07642 -0.28971 0.13473 0.94450
1661398739.755146027 -0.52475 1.25007 0.90629 0.07573 -0.29116 0.13439 0.94416
1661398739.765146017 -0.52493 1.24405 0.90675 0.07509 -0.29270 0.13396 0.94379
1661398739.775146008 -0.52514 1.23810 0.90725 0.07450 -0.29434 0.13346 0.94340
1661398739.785145998 -0.52538 1.23221 0.90777 0.07395 -0.29605 0.13291 0.94298
1661398739.795145988 -0.52564 1.22640 0.90832 0.07343 -0.29783 0.13233 0.94255
1661398739.805145979 -0.52591 1.22065 0.90890 0.07295 -0.29966 0.13173 0.94209
1661398739.815145969 -0.52620 1.21497 0.90949 0.07250 -0.30154 0.13114 0.94160
1661398739.825145960 -0.52649 1.20934 0.91011 0.07208 -0.30345 0.13058 0.94110
1661398739.835146189 -0.52678 1.20379 0.91073 0.07168 -0.30537 0.13008 0.94058
1661398739.845145941 -0.52707 1.19829 0.91136 0.07131 -0.30731 0.12964 0.94004
1661398739.855146170 -0.52735 1.19285 0.91200 0.07094 -0.30924 0.12928 0.93948
1661398739.865145922 -0.52763 1.18747 0.91265 0.07059 -0.31116 0.12900 0.93891
1661398739.875146151 -0.52790 1.18216 0.91329 0.07024 -0.31305 0.12876 0.93834
1661398739.885145903 -0.52817 1.17690 0.91394 0.06988 -0.31491 0.12855 0.93778
1661398739.895146132 -0.52844 1.17171 0.91458 0.06951 -0.31672 0.12833 0.93722
1661398739.905145884 -0.52871 1.16659 0.91522 0.06911 -0.31848 0.12810 0.93669
1661398739.915146112 -0.52898 1.16153 0.91586 0.06869 -0.32016 0.12782 0.93618
1661398739.925145864 -0.52925 1.15653 0.91648 0.06824 -0.32177 0.12747 0.93571
1661398739.935146093 -0.52953 1.15161 0.91710 0.06774 -0.32329 0.12704 0.93528
1661398739.945145845 -0.52981 1.14675 0.91770 0.06719 -0.32471 0.12649 0.93491
1661398739.955146074 -0.53011 1.14196 0.91829 0.06659 -0.32602 0.12582 0.93458
1661398739.965146065 -0.53040 1.13721 0.91886 0.06597 -0.32723 0.12505 0.93431
1661398739.975146055 -0.53071 1.13248 0.91940 0.06537 -0.32836 0.12423 0.93406
1661398739.985146046 -0.53102 1.12775 0.91990 0.06483 -0.32942 0.12341 0.93384
1661398739.995146036 -0.53134 1.12300 0.92035 0.06439 -0.33041 0.12262 0.93362
1661398740.005146027 -0.53167 1.11820 0.92075 0.06407 -0.33134 0.12190 0.93341
1661398740.015146017 -0.53198 1.11339 0.92109 0.06385 -0.33217 0.12125 0.93321
1661398740.025146008 -0.53228 1.10859 0.92138 0.06368 -0.33285 0.12068 0.93305
1661398740.035145998 -0.53256 1.10385 0.92162 0.06353 -0.33332 0.12020 0.93296
1661398740.045145988 -0.53279 1.09918 0.92180 0.06335 -0.33353 0.11979 0.93295
1661398740.055145979 -0.53298 1.09463 0.92193 0.06311 -0.33343 0.11947 0.93304
1661398740.065145969 -0.53315 1.09016 0.92201 0.06284 -0.33306 0.11922 0.93322
1661398740.075146198 -0.53331 1.08574 0.92202 0.06255 -0.33246 0.11903 0.93348
1661398740.085145950 -0.53349 1.08136 0.92196 0.06228 -0.33165 0.11888 0.93381
1661398740.095146179 -0.53371 1.07697 0.92182 0.06204 -0.33069 0.11878 0.93418
1661398740.105145931 -0.53398 1.07256 0.92160 0.06187 -0.32961 0.11870 0.93458
1661398740.115146160 -0.53431 1.06812 0.92131 0.06178 -0.32846 0.11866 0.93500
1661398740.125145912 -0.53468 1.06366 0.92095 0.06177 -0.32730 0.11867 0.93540
1661398740.135146141 -0.53510 1.05919 0.92054 0.06188 -0.32618 0.11873 0.93578
1661398740.145145893 -0.53555 1.05471 0.92008 0.06211 -0.32516 0.11885 0.93610
1661398740.155146122 -0.53603 1.05022 0.91959 0.06246 -0.32428 0.11905 0.93636
1661398740.165145874 -0.53653 1.04574 0.91905 0.06294 -0.32355 0.11930 0.93655
1661398740.175146103 -0.53706 1.04125 0.91849 0.06351 -0.32296 0.11962 0.93667
1661398740.185145855 -0.53762 1.03677 0.91791 0.06416 -0.32252 0.11997 0.93674
1661398740.195146084 -0.53820 1.03230 0.91730 0.06487 -0.32221 0.12037 0.93674
1661398740.205146074 -0.53882 1.02783 0.91668 0.06563 -0.32203 0.12079 0.93670
1661398740.215146065 -0.53946 1.02337 0.91605 0.06640 -0.32198 0.12122 0.93660
1661398740.225146055 -0.54013 1.01893 0.91540 0.06718 -0.32206 0.12166 0.93646
1661398740.235146046 -0.54083 1.01450 0.91476 0.06794 -0.32226 0.12210 0.93628
1661398740.245146036 -0.54156 1.01009 0.91411 0.06867 -0.32258 0.12253 0.93606
1661398740.255146027 -0.54232 1.00570 0.91347 0.06935 -0.32301 0.12294 0.93581
1661398740.265146017 -0.54311 1.00132 0.91283 0.06998 -0.32354 0.12334 0.93553
1661398740.275146008 -0.54392 0.99696 0.91219 0.07055 -0.32414 0.12373 0.93523
1661398740.285145998 -0.54477 0.99261 0.91155 0.07107 -0.32478 0.12414 0.93491
1661398740.295145988 -0.54564 0.98826 0.91091 0.07153 -0.32546 0.12456 0.93458
1661398740.305145979 -0.54653 0.98392 0.91026 0.07193 -0.32615 0.12501 0.93425
1661398740.315145969 -0.54746 0.97958 0.90961 0.07227 -0.32682 0.12550 0.93392
1661398740.325145960 -0.54841 0.97524 0.90896 0.07255 -0.32747 0.12604 0.93360
1661398740.335146189 -0.54938 0.97090 0.90829 0.07277 -0.32806 0.12664 0.93330
1661398740.345145941 -0.55038 0.96655 0.90761 0.07292 -0.32857 0.12730 0.93301
1661398740.355146170 -0.55140 0.96219 0.90692 0.07302 -0.32900 0.12805 0.93276
1661398740.365145922 -0.55244 0.95783 0.90623 0.07305 -0.32933 0.12886 0.93252
1661398740.375146151 -0.55349 0.95346 0.90552 0.07304 -0.32957 0.12975 0.93232
1661398740.385145903 -0.55455 0.94909 0.90481 0.07297 -0.32972 0.13069 0.93214
1661398740.395146132 -0.55562 0.94473 0.90410 0.07286 -0.32978 0.13170 0.93198
1661398740.405145884 -0.55669 0.94037 0.90340 0.07272 -0.32976 0.13275 0.93185
1661398740.415146112 -0.55776 0.93603 0.90270 0.07255 -0.32965 0.13385 0.93175
1661398740.425145864 -0.55882 0.93171 0.90200 0.07235 -0.32946 0.13499 0.93166
1661398740.435146093 -0.55987 0.92740 0.90132 0.07214 -0.32919 0.13617 0.93160
1661398740.445145845 -0.56091 0.92312 0.90065 0.07191 -0.32885 0.13737 0.93157
1661398740.455146074 -0.56192 0.91886 0.89999 0.07167 -0.32842 0.13860 0.93155
1661398740.465146065 -0.56292 0.91463 0.89936 0.07142 -0.32793 0.13985 0.93156
1661398740.475146055 -0.56389 0.91043 0.89875 0.07117 -0.32737 0.14112 0.93158
1661398740.485146046 -0.56484 0.90626 0.89818 0.07092 -0.32675 0.14241 0.93163
1661398740.495146036 -0.56577 0.90212 0.89765 0.07066 -0.32606 0.14371 0.93168
1661398740.505146027 -0.56667 0.89801 0.89715 0.07041 -0.32533 0.14503 0.93176
1661398740.515146017 -0.56755 0.89393 0.89671 0.07015 -0.32454 0.14636 0.93184
1661398740.525146008 -0.56841 0.88989 0.89632 0.06990 -0.32370 0.14769 0.93194
1661398740.535145998 -0.56924 0.88588 0.89599 0.06965 -0.32282 0.14903 0.93205
1661398740.545145988 -0.57004 0.88190 0.89572 0.06941 -0.32191 0.15038 0.93217
1661398740.555145979 -0.57082 0.87796 0.89552 0.06918 -0.32096 0.15173 0.93230
1661398740.565145969 -0.57158 0.87404 0.89539 0.06896 -0.31999 0.15307 0.93243
1661398740.575146198 -0.57231 0.87016 0.89531 0.06876 -0.31902 0.15440 0.93256
1661398740.585145950 -0.57303 0.86630 0.89528 0.06858 -0.31806 0.15572 0.93268
1661398740.595146179 -0.57374 0.86247 0.89530 0.06843 -0.31713 0.15701 0.93279
1661398740.605145931 -0.57443 0.85865 0.89535 0.06831 -0.31623 0.15827 0.93289
1661398740.615146160 -0.57511 0.85485 0.89543 0.06824 -0.31540 0.15950 0.93297
1661398740.625145912 -0.57579 0.85107 0.89554 0.06820 -0.31463 0.16069 0.93302
1661398740.635146141 -0.57646 0.84729 0.89567 0.06822 -0.31395 0.16184 0.93305
1661398740.645145893 -0.57714 0.84352 0.89581 0.06830 -0.31338 0.16292 0.93305
1661398740.655146122 -0.57781 0.83976 0.89596 0.06843 -0.31292 0.16396 0.93302
1661398740.665145874 -0.57849 0.83600 0.89611 0.06860 -0.31257 0.16493 0.93295
1661398740.675146103 -0.57915 0.83225 0.89627 0.06881 -0.31235 0.16587 0.93284
1661398740.685145855 -0.57980 0.82852 0.89644 0.06903 -0.31224 0.16676 0.93270
1661398740.695146084 -0.58043 0.82480 0.89661 0.06924 -0.31224 0.16762 0.93253
1661398740.705146074 -0.58103 0.82110 0.89678 0.06944 -0.31237 0.16844 0.93232
1661398740.715146065 -0.58159 0.81742 0.89697 0.06960 -0.31261 0.16925 0.93208
1661398740.725146055 -0.58212 0.81377 0.89716 0.06971 -0.31298 0.17004 0.93181
1661398740.735146046 -0.58260 0.81014 0.89736 0.06976 -0.31346 0.17083 0.93150
1661398740.745146036 -0.58303 0.80655 0.89756 0.06972 -0.31405 0.17160 0.93116
1661398740.755146027 -0.58340 0.80299 0.89778 0.06959 -0.31477 0.17238 0.93079
1661398740.765146017 -0.58371 0.79945 0.89800 0.06938 -0.31557 0.17316 0.93038
1661398740.775146008 -0.58396 0.79594 0.89823 0.06910 -0.31644 0.17394 0.92996
1661398740.785145998 -0.58415 0.79243 0.89847 0.06877 -0.31736 0.17471 0.92953
1661398740.795145988 -0.58428 0.78893 0.89872 0.06840 -0.31830 0.17548 0.92909
1661398740.805145979 -0.58435 0.78543 0.89898 0.06800 -0.31924 0.17624 0.92866
1661398740.815145969 -0.58436 0.78192 0.89925 0.06760 -0.32014 0.17699 0.92823
1661398740.825145960 -0.58431 0.77840 0.89953 0.06721 -0.32100 0.17772 0.92783
1661398740.835146189 -0.58419 0.77485 0.89983 0.06683 -0.32177 0.17844 0.92745
1661398740.845145941 -0.58401 0.77127 0.90014 0.06650 -0.32245 0.17914 0.92710
1661398740.855146170 -0.58377 0.76765 0.90046 0.06621 -0.32300 0.17982 0.92679
1661398740.865145922 -0.58346 0.76399 0.90079 0.06597 -0.32345 0.18049 0.92652
1661398740.875146151 -0.58309 0.76030 0.90114 0.06578 -0.32382 0.18114 0.92628
1661398740.885145903 -0.58265 0.75656 0.90149 0.06563 -0.32412 0.18179 0.92606
1661398740.895146132 -0.58215 0.75278 0.90185 0.06553 -0.32437 0.18243 0.92586
1661398740.905145884 -0.58158 0.74895 0.90222 0.06547 -0.32460 0.18306 0.92565
1661398740.915146112 -0.58094 0.74508 0.90259 0.06545 -0.32482 0.18370 0.92545
1661398740.925145864 -0.58024 0.74117 0.90297 0.06547 -0.32506 0.18434 0.92524
1661398740.935146093 -0.57948 0.73721 0.90334 0.06553 -0.32532 0.18499 0.92501
1661398740.945145845 -0.57865 0.73320 0.90372 0.06562 -0.32564 0.18566 0.92476
1661398740.955146074 -0.57775 0.72915 0.90410 0.06574 -0.32603 0.18633 0.92448
1661398740.965146065 -0.57679 0.72505 0.90447 0.06589 -0.32647 0.18702 0.92418
1661398740.975146055 -0.57577 0.72091 0.90484 0.06604 -0.32694 0.18772 0.92385
1661398740.985146046 -0.57469 0.71675 0.90521 0.06619 -0.32745 0.18843 0.92352
1661398740.995146036 -0.57356 0.71256 0.90558 0.06632 -0.32795 0.18914 0.92319
1661398741.005146027 -0.57238 0.70835 0.90595 0.06642 -0.32845 0.18986 0.92286
1661398741.015146017 -0.57116 0.70413 0.90631 0.06647 -0.32892 0.19057 0.92254
1661398741.025146008 -0.56989 0.69991 0.90667 0.06647 -0.32934 0.19128 0.92224
1661398741.035145998 -0.56858 0.69568 0.90704 0.06640 -0.32971 0.19198 0.92197
1661398741.045145988 -0.56724 0.69147 0.90739 0.06625 -0.33000 0.19268 0.92173
1661398741.055145979 -0.56587 0.68726 0.90775 0.06601 -0.33020 0.19336 0.92153
1661398741.065145969 -0.56448 0.68307 0.90810 0.06569 -0.33032 0.19404 0.92137
1661398741.075146198 -0.56306 0.67888 0.90844 0.06529 -0.33036 0.19471 0.92124
1661398741.085145950 -0.56163 0.67470 0.90877 0.06482 -0.33033 0.19538 0.92115
1661398741.095146179 -0.56019 0.67052 0.90908 0.06430 -0.33024 0.19604 0.92107
1661398741.105145931 -0.55874 0.66633 0.90936 0.06373 -0.33010 0.19671 0.92102
1661398741.115146160 -0.55730 0.66214 0.90962 0.06313 -0.32991 0.19737 0.92099
1661398741.125145912 -0.55587 0.65795 0.90985 0.06250 -0.32968 0.19805 0.92097
1661398741.135146141 -0.55446 0.65374 0.91004 0.06185 -0.32943 0.19873 0.92095
1661398741.145145893 -0.55306 0.64952 0.91019 0.06119 -0.32916 0.19942 0.92095
1661398741.155146122 -0.55169 0.64528 0.91030 0.06054 -0.32887 0.20012 0.92094
1661398741.165145874 -0.55035 0.64102 0.91037 0.05989 -0.32859 0.20083 0.92093
1661398741.175146103 -0.54904 0.63675 0.91040 0.05926 -0.32832 0.20155 0.92091
1661398741.185145855 -0.54777 0.63247 0.91041 0.05866 -0.32809 0.20227 0.92087
1661398741.195146084 -0.54654 0.62817 0.91038 0.05809 -0.32791 0.20299 0.92081
1661398741.205146074 -0.54536 0.62387 0.91032 0.05756 -0.32779 0.20371 0.92073
1661398741.215146065 -0.54423 0.61955 0.91025 0.05708 -0.32775 0.20443 0.92061
1661398741.225146055 -0.54315 0.61523 0.91016 0.05666 -0.32781 0.20514 0.92046
1661398741.235146046 -0.54213 0.61090 0.91005 0.05630 -0.32798 0.20585 0.92027
1661398741.245146036 -0.54118 0.60657 0.90994 0.05601 -0.32827 0.20654 0.92002
1661398741.255146027 -0.54029 0.60223 0.90981 0.05580 -0.32870 0.20722 0.91973
1661398741.265146017 -0.53946 0.59790 0.90968 0.05565 -0.32923 0.20789 0.91940
1661398741.275146008 -0.53867 0.59360 0.90953 0.05553 -0.32983 0.20855 0.91904
1661398741.285145998 -0.53793 0.58933 0.90937 0.05542 -0.33044 0.20920 0.91868
1661398741.295145988 -0.53721 0.58511 0.90919 0.05529 -0.33104 0.20985 0.91832
1661398741.305145979 -0.53651 0.58095 0.90899 0.05513 -0.33159 0.21051 0.91799
1661398741.315145969 -0.53583 0.57686 0.90877 0.05490 -0.33204 0.21116 0.91769
1661398741.325145960 -0.53515 0.57286 0.90851 0.05460 -0.33235 0.21183 0.91744
1661398741.335146189 -0.53446 0.56897 0.90823 0.05418 -0.33249 0.21250 0.91726
1661398741.345145941 -0.53375 0.56519 0.90791 0.05363 -0.33241 0.21318 0.91716
1661398741.355146170 -0.53302 0.56152 0.90755 0.05294 -0.33210 0.21388 0.91715
1661398741.365145922 -0.53226 0.55797 0.90715 0.05216 -0.33162 0.21455 0.91721
1661398741.375146151 -0.53148 0.55451 0.90670 0.05137 -0.33105 0.21517 0.91732
1661398741.385145903 -0.53068 0.55111 0.90619 0.05064 -0.33047 0.21571 0.91744
1661398741.395146132 -0.52987 0.54777 0.90562 0.05003 -0.32996 0.21613 0.91756
1661398741.405145884 -0.52903 0.54447 0.90498 0.04960 -0.32959 0.21640 0.91765
1661398741.415146112 -0.52817 0.54120 0.90427 0.04933 -0.32929 0.21654 0.91774
1661398741.425145864 -0.52728 0.53796 0.90350 0.04920 -0.32899 0.21656 0.91785
1661398741.435146093 -0.52634 0.53476 0.90268 0.04915 -0.32860 0.21648 0.91801
1661398741.445145845 -0.52535 0.53160 0.90180 0.04917 -0.32805 0.21632 0.91825
1661398741.455146074 -0.52431 0.52848 0.90088 0.04922 -0.32727 0.21608 0.91858
1661398741.465146065 -0.52321 0.52539 0.89992 0.04929 -0.32627 0.21579 0.91899
1661398741.475146055 -0.52206 0.52236 0.89891 0.04937 -0.32509 0.21545 0.91949
1661398741.485146046 -0.52086 0.51938 0.89787 0.04946 -0.32377 0.21506 0.92004
1661398741.495146036 -0.51963 0.51645 0.89678 0.04955 -0.32233 0.21463 0.92064
1661398741.505146027 -0.51837 0.51359 0.89566 0.04963 -0.32080 0.21417 0.92128
1661398741.515146017 -0.51709 0.51079 0.89450 0.04970 -0.31923 0.21369 0.92193
1661398741.525146008 -0.51578 0.50807 0.89330 0.04974 -0.31763 0.21319 0.92260
1661398741.535145998 -0.51446 0.50543 0.89207 0.04976 -0.31606 0.21269 0.92325
1661398741.545145988 -0.51313 0.50287 0.89082 0.04974 -0.31453 0.21218 0.92389
1661398741.555145979 -0.51180 0.50040 0.88953 0.04969 -0.31307 0.21168 0.92451
1661398741.565145969 -0.51047 0.49801 0.88822 0.04959 -0.31171 0.21117 0.92509
1661398741.575146198 -0.50916 0.49572 0.88688 0.04945 -0.31044 0.21067 0.92564
1661398741.585145950 -0.50787 0.49351 0.88552 0.04926 -0.30927 0.21015 0.92615
1661398741.595146179 -0.50661 0.49140 0.88415 0.04904 -0.30821 0.20962 0.92664
1661398741.605145931 -0.50539 0.48939 0.88276 0.04878 -0.30727 0.20907 0.92709
1661398741.615146160 -0.50420 0.48746 0.88137 0.04847 -0.30646 0.20850 0.92750
1661398741.625145912 -0.50308 0.48563 0.87996 0.04812 -0.30577 0.20789 0.92788
1661398741.635146141 -0.50200 0.48390 0.87856 0.04773 -0.30523 0.20725 0.92823
1661398741.645145893 -0.50100 0.48226 0.87715 0.04730 -0.30482 0.20657 0.92853
1661398741.655146122 -0.50007 0.48072 0.87575 0.04683 -0.30457 0.20585 0.92880
1661398741.665145874 -0.49920 0.47928 0.87436 0.04633 -0.30442 0.20508 0.92904
1661398741.675146103 -0.49837 0.47792 0.87298 0.04581 -0.30435 0.20427 0.92927
1661398741.685145855 -0.49758 0.47664 0.87161 0.04528 -0.30432 0.20342 0.92949
1661398741.695146084 -0.49681 0.47543 0.87027 0.04475 -0.30428 0.20254 0.92973
1661398741.705146074 -0.49604 0.47430 0.86895 0.04424 -0.30419 0.20162 0.92998
1661398741.715146065 -0.49527 0.47323 0.86767 0.04376 -0.30403 0.20067 0.93026
1661398741.725146055 -0.49447 0.47222 0.86641 0.04332 -0.30374 0.19969 0.93059
1661398741.735146046 -0.49364 0.47127 0.86520 0.04293 -0.30329 0.19868 0.93097
1661398741.745146036 -0.49275 0.47036 0.86403 0.04260 -0.30264 0.19764 0.93141
1661398741.755146027 -0.49181 0.46949 0.86290 0.04234 -0.30177 0.19658 0.93193
1661398741.765146017 -0.49080 0.46866 0.86181 0.04214 -0.30068 0.19548 0.93253
1661398741.775146008 -0.48975 0.46785 0.86076 0.04196 -0.29940 0.19435 0.93318
1661398741.785145998 -0.48865 0.46706 0.85974 0.04180 -0.29796 0.19317 0.93389
1661398741.795145988 -0.48751 0.46628 0.85874 0.04163 -0.29638 0.19193 0.93466
1661398741.805145979 -0.48635 0.46550 0.85775 0.04143 -0.29469 0.19063 0.93547
1661398741.815145969 -0.48515 0.46470 0.85678 0.04118 -0.29292 0.18926 0.93631
1661398741.825145960 -0.48394 0.46389 0.85580 0.04085 -0.29109 0.18780 0.93719
1661398741.835146189 -0.48272 0.46305 0.85482 0.04043 -0.28923 0.18627 0.93809
1661398741.845145941 -0.48149 0.46217 0.85383 0.03990 -0.28735 0.18463 0.93901
1661398741.855146170 -0.48026 0.46125 0.85282 0.03924 -0.28550 0.18291 0.93995
1661398741.865145922 -0.47904 0.46029 0.85180 0.03847 -0.28368 0.18110 0.94088
1661398741.875146151 -0.47781 0.45928 0.85076 0.03762 -0.28192 0.17924 0.94180
1661398741.885145903 -0.47659 0.45822 0.84970 0.03671 -0.28024 0.17734 0.94269
1661398741.895146132 -0.47538 0.45712 0.84864 0.03577 -0.27866 0.17545 0.94355
1661398741.905145884 -0.47417 0.45598 0.84756 0.03482 -0.27720 0.17357 0.94436
1661398741.915146112 -0.47296 0.45479 0.84646 0.03390 -0.27588 0.17173 0.94512
1661398741.925145864 -0.47176 0.45355 0.84536 0.03302 -0.27472 0.16996 0.94581
1661398741.935146093 -0.47057 0.45227 0.84425 0.03221 -0.27374 0.16828 0.94642
1661398741.945145845 -0.46938 0.45094 0.84313 0.03150 -0.27296 0.16671 0.94695
1661398741.955146074 -0.46820 0.44956 0.84200 0.03091 -0.27240 0.16528 0.94738
1661398741.965146065 -0.46703 0.44815 0.84086 0.03042 -0.27202 0.16398 0.94773
1661398741.975146055 -0.46584 0.44669 0.83971 0.03002 -0.27180 0.16277 0.94801
1661398741.985146046 -0.46465 0.44521 0.83855 0.02970 -0.27168 0.16166 0.94825
1661398741.995146036 -0.46343 0.44369 0.83737 0.02943 -0.27164 0.16062 0.94844
1661398742.005146027 -0.46218 0.44215 0.83619 0.02921 -0.27164 0.15962 0.94862
1661398742.015146017 -0.46090 0.44060 0.83498 0.02901 -0.27164 0.15867 0.94879
1661398742.025146008 -0.45958 0.43902 0.83376 0.02883 -0.27161 0.15773 0.94896
1661398742.035145998 -0.45821 0.43744 0.83253 0.02864 -0.27150 0.15679 0.94915
1661398742.045145988 -0.45678 0.43585 0.83127 0.02843 -0.27127 0.15583 0.94938
1661398742.055145979 -0.45529 0.43426 0.82999 0.02818 -0.27092 0.15483 0.94965
1661398742.065145969 -0.45374 0.43267 0.82870 0.02790 -0.27043 0.15380 0.94996
1661398742.075146198 -0.45211 0.43108 0.82739 0.02761 -0.26986 0.15275 0.95031
1661398742.085145950 -0.45042 0.42948 0.82608 0.02730 -0.26921 0.15166 0.95068
1661398742.095146179 -0.44866 0.42788 0.82475 0.02698 -0.26851 0.15054 0.95106
1661398742.105145931 -0.44683 0.42629 0.82342 0.02667 -0.26780 0.14940 0.95145
1661398742.115146160 -0.44493 0.42469 0.82209 0.02637 -0.26709 0.14824 0.95184
1661398742.125145912 -0.44295 0.42309 0.82076 0.02608 -0.26641 0.14705 0.95222
1661398742.135146141 -0.44089 0.42149 0.81943 0.02582 -0.26579 0.14585 0.95259
1661398742.145145893 -0.43876 0.41988 0.81812 0.02560 -0.26525 0.14463 0.95293
1661398742.155146122 -0.43655 0.41828 0.81681 0.02542 -0.26481 0.14340 0.95324
1661398742.165145874 -0.43426 0.41667 0.81551 0.02527 -0.26446 0.14217 0.95353
1661398742.175146103 -0.43190 0.41506 0.81422 0.02516 -0.26417 0.14093 0.95379
1661398742.185145855 -0.42946 0.41344 0.81293 0.02507 -0.26393 0.13971 0.95404
1661398742.195146084 -0.42697 0.41181 0.81164 0.02500 -0.26370 0.13849 0.95428
1661398742.205146074 -0.42440 0.41017 0.81036 0.02495 -0.26348 0.13730 0.95452
1661398742.215146065 -0.42178 0.40852 0.80908 0.02491 -0.26323 0.13614 0.95475
1661398742.225146055 -0.41909 0.40685 0.80779 0.02488 -0.26294 0.13501 0.95500
1661398742.235146046 -0.41635 0.40516 0.80650 0.02485 -0.26258 0.13392 0.95525
1661398742.245146036 -0.41356 0.40346 0.80520 0.02481 -0.26213 0.13289 0.95552
1661398742.255146027 -0.41072 0.40173 0.80390 0.02476 -0.26157 0.13190 0.95581
1661398742.265146017 -0.40784 0.39999 0.80258 0.02470 -0.26093 0.13097 0.95611
1661398742.275146008 -0.40491 0.39822 0.80125 0.02464 -0.26023 0.13008 0.95643
1661398742.285145998 -0.40196 0.39645 0.79989 0.02457 -0.25948 0.12923 0.95675
1661398742.295145988 -0.39897 0.39467 0.79851 0.02451 -0.25872 0.12841 0.95706
1661398742.305145979 -0.39595 0.39288 0.79711 0.02444 -0.25798 0.12763 0.95737
1661398742.315145969 -0.39292 0.39109 0.79567 0.02437 -0.25726 0.12687 0.95767
1661398742.325145960 -0.38987 0.38929 0.79419 0.02430 -0.25661 0.12613 0.95794
1661398742.335146189 -0.38682 0.38750 0.79267 0.02425 -0.25603 0.12540 0.95819
1661398742.345145941 -0.38375 0.38572 0.79111 0.02420 -0.25556 0.12468 0.95841
1661398742.355146170 -0.38069 0.38394 0.78950 0.02416 -0.25522 0.12398 0.95860
1661398742.365145922 -0.37763 0.38217 0.78784 0.02412 -0.25500 0.12329 0.95874
1661398742.375146151 -0.37459 0.38040 0.78613 0.02409 -0.25490 0.12262 0.95886
1661398742.385145903 -0.37156 0.37863 0.78436 0.02404 -0.25490 0.12200 0.95894
1661398742.395146132 -0.36855 0.37686 0.78254 0.02399 -0.25500 0.12144 0.95899
1661398742.405145884 -0.36556 0.37507 0.78067 0.02392 -0.25518 0.12093 0.95900
1661398742.415146112 -0.36259 0.37327 0.77874 0.02382 -0.25541 0.12047 0.95900
1661398742.425145864 -0.35961 0.37145 0.77676 0.02368 -0.25566 0.12004 0.95899
1661398742.435146093 -0.35661 0.36959 0.77475 0.02347 -0.25588 0.11962 0.95899
1661398742.445145845 -0.35357 0.36769 0.77270 0.02319 -0.25603 0.11919 0.95901
1661398742.455146074 -0.35049 0.36575 0.77062 0.02283 -0.25609 0.11874 0.95906
1661398742.465146065 -0.34735 0.36377 0.76851 0.02239 -0.25603 0.11826 0.95915
1661398742.475146055 -0.34415 0.36176 0.76637 0.02187 -0.25583 0.11778 0.95927
1661398742.485146046 -0.34090 0.35973 0.76420 0.02129 -0.25547 0.11730 0.95944
1661398742.495146036 -0.33758 0.35770 0.76200 0.02064 -0.25494 0.11683 0.95965
1661398742.505146027 -0.33421 0.35568 0.75977 0.01995 -0.25422 0.11638 0.95991
1661398742.515146017 -0.33076 0.35368 0.75751 0.01921 -0.25329 0.11596 0.96022
1661398742.525146008 -0.32725 0.35170 0.75522 0.01843 -0.25212 0.11557 0.96059
1661398742.535145998 -0.32367 0.34976 0.75290 0.01762 -0.25071 0.11524 0.96102
1661398742.545145988 -0.32001 0.34788 0.75055 0.01679 -0.24902 0.11496 0.96150
1661398742.555145979 -0.31629 0.34605 0.74818 0.01595 -0.24707 0.11474 0.96205
1661398742.565145969 -0.31251 0.34427 0.74577 0.01511 -0.24487 0.11460 0.96264
1661398742.575146198 -0.30868 0.34253 0.74335 0.01430 -0.24250 0.11452 0.96326
1661398742.585145950 -0.30483 0.34081 0.74091 0.01354 -0.23998 0.11450 0.96391
1661398742.595146179 -0.30098 0.33910 0.73846 0.01286 -0.23738 0.11455 0.96455
1661398742.605145931 -0.29713 0.33738 0.73601 0.01226 -0.23474 0.11467 0.96519
1661398742.615146160 -0.29330 0.33566 0.73355 0.01175 -0.23211 0.11483 0.96582
1661398742.625145912 -0.28949 0.33394 0.73109 0.01130 -0.22952 0.11500 0.96642
1661398742.635146141 -0.28572 0.33223 0.72863 0.01090 -0.22701 0.11518 0.96700
1661398742.645145893 -0.28198 0.33052 0.72618 0.01054 -0.22462 0.11533 0.96754
1661398742.655146122 -0.27829 0.32883 0.72373 0.01020 -0.22239 0.11544 0.96805
1661398742.665145874 -0.27465 0.32714 0.72128 0.00988 -0.22030 0.11551 0.96852
1661398742.675146103 -0.27105 0.32547 0.71882 0.00957 -0.21837 0.11553 0.96896
1661398742.685145855 -0.26751 0.32381 0.71636 0.00927 -0.21657 0.11551 0.96937
1661398742.695146084 -0.26402 0.32215 0.71389 0.00897 -0.21490 0.11546 0.96975
1661398742.705146074 -0.26058 0.32050 0.71140 0.00868 -0.21335 0.11538 0.97010
1661398742.715146065 -0.25720 0.31886 0.70888 0.00838 -0.21191 0.11526 0.97043
1661398742.725146055 -0.25388 0.31723 0.70634 0.00808 -0.21057 0.11512 0.97074
1661398742.735146046 -0.25062 0.31560 0.70377 0.00776 -0.20933 0.11496 0.97103
1661398742.745146036 -0.24742 0.31398 0.70117 0.00743 -0.20818 0.11478 0.97130
1661398742.755146027 -0.24429 0.31236 0.69852 0.00709 -0.20711 0.11457 0.97156
1661398742.765146017 -0.24121 0.31074 0.69584 0.00673 -0.20610 0.11437 0.97180
1661398742.775146008 -0.23818 0.30914 0.69312 0.00637 -0.20514 0.11416 0.97203
1661398742.785145998 -0.23520 0.30753 0.69037 0.00600 -0.20423 0.11396 0.97225
1661398742.795145988 -0.23225 0.30594 0.68759 0.00564 -0.20335 0.11378 0.97246
1661398742.805145979 -0.22933 0.30435 0.68477 0.00529 -0.20248 0.11364 0.97266
1661398742.815145969 -0.22643 0.30278 0.68193 0.00496 -0.20161 0.11353 0.97285
1661398742.825145960 -0.22355 0.30121 0.67906 0.00464 -0.20074 0.11347 0.97304
1661398742.835146189 -0.22068 0.29966 0.67617 0.00436 -0.19984 0.11347 0.97323
1661398742.845145941 -0.21780 0.29812 0.67325 0.00411 -0.19891 0.11354 0.97341
1661398742.855146170 -0.21492 0.29659 0.67031 0.00389 -0.19793 0.11368 0.97359
1661398742.865145922 -0.21204 0.29508 0.66736 0.00371 -0.19691 0.11389 0.97378
1661398742.875146151 -0.20916 0.29358 0.66439 0.00356 -0.19583 0.11414 0.97397
1661398742.885145903 -0.20628 0.29208 0.66141 0.00344 -0.19469 0.11442 0.97416
1661398742.895146132 -0.20341 0.29059 0.65842 0.00334 -0.19350 0.11471 0.97437
1661398742.905145884 -0.20055 0.28910 0.65542 0.00325 -0.19225 0.11501 0.97458
1661398742.915146112 -0.19770 0.28761 0.65242 0.00318 -0.19093 0.11529 0.97480
1661398742.925145864 -0.19487 0.28613 0.64942 0.00312 -0.18955 0.11554 0.97504
1661398742.935146093 -0.19205 0.28464 0.64642 0.00305 -0.18810 0.11574 0.97530
1661398742.945145845 -0.18926 0.28315 0.64343 0.00299 -0.18658 0.11588 0.97558
1661398742.955146074 -0.18650 0.28165 0.64044 0.00292 -0.18499 0.11595 0.97587
1661398742.965146065 -0.18376 0.28015 0.63746 0.00285 -0.18335 0.11595 0.97618
1661398742.975146055 -0.18106 0.27865 0.63449 0.00278 -0.18169 0.11589 0.97650
1661398742.985146046 -0.17839 0.27716 0.63151 0.00272 -0.18003 0.11579 0.97682
1661398742.995146036 -0.17576 0.27568 0.62852 0.00265 -0.17840 0.11566 0.97713
1661398743.005146027 -0.17318 0.27422 0.62553 0.00260 -0.17681 0.11551 0.97744
1661398743.015146017 -0.17064 0.27277 0.62253 0.00256 -0.17530 0.11536 0.97773
1661398743.025146008 -0.16815 0.27135 0.61952 0.00253 -0.17390 0.11521 0.97800
1661398743.035145998 -0.16572 0.26995 0.61648 0.00252 -0.17262 0.11507 0.97824
1661398743.045145988 -0.16334 0.26858 0.61343 0.00253 -0.17148 0.11496 0.97845
1661398743.055145979 -0.16102 0.26725 0.61035 0.00256 -0.17051 0.11489 0.97863
1661398743.065145969 -0.15875 0.26594 0.60722 0.00260 -0.16963 0.11484 0.97879
1661398743.075146198 -0.15651 0.26462 0.60403 0.00262 -0.16877 0.11481 0.97894
1661398743.085145950 -0.15428 0.26329 0.60075 0.00262 -0.16785 0.11478 0.97911
1661398743.095146179 -0.15205 0.26193 0.59736 0.00257 -0.16678 0.11473 0.97929
1661398743.105145931 -0.14981 0.26051 0.59384 0.00246 -0.16549 0.11466 0.97952
1661398743.115146160 -0.14756 0.25906 0.59020 0.00231 -0.16400 0.11458 0.97978
1661398743.125145912 -0.14530 0.25756 0.58643 0.00212 -0.16229 0.11449 0.98008
1661398743.135146141 -0.14303 0.25605 0.58255 0.00192 -0.16038 0.11442 0.98040
1661398743.145145893 -0.14077 0.25451 0.57857 0.00171 -0.15828 0.11437 0.98075
1661398743.155146122 -0.13852 0.25297 0.57449 0.00151 -0.15600 0.11435 0.98111
1661398743.165145874 -0.13626 0.25147 0.57033 0.00130 -0.15351 0.11433 0.98151
1661398743.175146103 -0.13400 0.25007 0.56611 0.00106 -0.15079 0.11425 0.98194
1661398743.185145855 -0.13172 0.24880 0.56185 0.00079 -0.14784 0.11409 0.98241
1661398743.195146084 -0.12944 0.24764 0.55755 0.00046 -0.14465 0.11382 0.98291
1661398743.205146074 -0.12716 0.24645 0.55314 0.00007 -0.14128 0.11344 0.98345
1661398743.215146065 -0.12491 0.24515 0.54858 -0.00037 -0.13777 0.11295 0.98400
1661398743.225146055 -0.12270 0.24368 0.54388 -0.00086 -0.13417 0.11236 0.98457
1661398743.235146046 -0.12053 0.24212 0.53906 -0.00134 -0.13058 0.11170 0.98512
1661398743.245146036 -0.11842 0.24054 0.53417 -0.00177 -0.12709 0.11100 0.98566
1661398743.255146027 -0.11637 0.23900 0.52925 -0.00210 -0.12377 0.11029 0.98616
1661398743.265146017 -0.11438 0.23751 0.52430 -0.00236 -0.12063 0.10956 0.98663
1661398743.275146008 -0.11243 0.23605 0.51933 -0.00255 -0.11762 0.10876 0.98708
1661398743.285145998 -0.11052 0.23463 0.51432 -0.00271 -0.11474 0.10789 0.98752
1661398743.295145988 -0.10864 0.23322 0.50927 -0.00285 -0.11195 0.10690 0.98794
1661398743.305145979 -0.10677 0.23183 0.50418 -0.00300 -0.10924 0.10578 0.98837
1661398743.315145969 -0.10494 0.23044 0.49906 -0.00317 -0.10666 0.10455 0.98878
1661398743.325145960 -0.10313 0.22906 0.49391 -0.00340 -0.10426 0.10324 0.98917
1661398743.335146189 -0.10138 0.22769 0.48875 -0.00369 -0.10210 0.10188 0.98954
1661398743.345145941 -0.09968 0.22632 0.48358 -0.00408 -0.10024 0.10050 0.98987
1661398743.355146170 -0.09805 0.22496 0.47842 -0.00457 -0.09870 0.09912 0.99016
1661398743.365145922 -0.09648 0.22360 0.47326 -0.00515 -0.09748 0.09776 0.99041
1661398743.375146151 -0.09496 0.22225 0.46809 -0.00581 -0.09654 0.09639 0.99063
1661398743.385145903 -0.09350 0.22089 0.46293 -0.00652 -0.09583 0.09504 0.99083
1661398743.395146132 -0.09209 0.21954 0.45777 -0.00728 -0.09532 0.09369 0.99100
1661398743.405145884 -0.09072 0.21820 0.45261 -0.00805 -0.09497 0.09235 0.99115
1661398743.415146112 -0.08939 0.21685 0.44745 -0.00883 -0.09475 0.09100 0.99129
1661398743.425145864 -0.08809 0.21550 0.44228 -0.00959 -0.09461 0.08966 0.99142
1661398743.435146093 -0.08682 0.21415 0.43711 -0.01032 -0.09452 0.08832 0.99154
1661398743.445145845 -0.08558 0.21280 0.43193 -0.01099 -0.09444 0.08697 0.99166
1661398743.455146074 -0.08435 0.21145 0.42675 -0.01160 -0.09433 0.08563 0.99178
1661398743.465146065 -0.08314 0.21009 0.42157 -0.01213 -0.09417 0.08428 0.99191
1661398743.475146055 -0.08194 0.20873 0.41638 -0.01259 -0.09394 0.08293 0.99204
1661398743.485146046 -0.08075 0.20737 0.41117 -0.01296 -0.09362 0.08159 0.99217
1661398743.495146036 -0.07957 0.20601 0.40596 -0.01326 -0.09320 0.08025 0.99232
1661398743.505146027 -0.07839 0.20465 0.40074 -0.01347 -0.09264 0.07891 0.99248
1661398743.515146017 -0.07720 0.20329 0.39550 -0.01359 -0.09192 0.07758 0.99265
1661398743.525146008 -0.07602 0.20192 0.39025 -0.01362 -0.09104 0.07626 0.99283
1661398743.535145998 -0.07482 0.20056 0.38498 -0.01356 -0.08996 0.07494 0.99303
1661398743.545145988 -0.07361 0.19920 0.37970 -0.01340 -0.08867 0.07364 0.99325
1661398743.555145979 -0.07239 0.19785 0.37439 -0.01315 -0.08715 0.07234 0.99348
1661398743.565145969 -0.07116 0.19649 0.36907 -0.01281 -0.08543 0.07106 0.99372
1661398743.575146198 -0.06993 0.19514 0.36373 -0.01241 -0.08354 0.06980 0.99398
1661398743.585145950 -0.06870 0.19380 0.35838 -0.01198 -0.08149 0.06857 0.99424
1661398743.595146179 -0.06747 0.19247 0.35300 -0.01152 -0.07933 0.06736 0.99450
1661398743.605145931 -0.06626 0.19115 0.34761 -0.01105 -0.07708 0.06617 0.99477
1661398743.615146160 -0.06507 0.18985 0.34221 -0.01061 -0.07476 0.06502 0.99502
1661398743.625145912 -0.06390 0.18856 0.33679 -0.01020 -0.07242 0.06391 0.99527
1661398743.635146141 -0.06276 0.18729 0.33135 -0.00985 -0.07007 0.06284 0.99551
1661398743.645145893 -0.06166 0.18604 0.32590 -0.00958 -0.06774 0.06182 0.99574
1661398743.655146122 -0.06060 0.18481 0.32043 -0.00939 -0.06547 0.06084 0.99595
1661398743.665145874 -0.05959 0.18361 0.31496 -0.00928 -0.06328 0.05992 0.99615
1661398743.675146103 -0.05861 0.18244 0.30951 -0.00923 -0.06118 0.05904 0.99634
1661398743.685145855 -0.05768 0.18130 0.30407 -0.00923 -0.05921 0.05823 0.99650
1661398743.695146084 -0.05680 0.18020 0.29866 -0.00925 -0.05739 0.05747 0.99665
1661398743.705146074 -0.05596 0.17914 0.29329 -0.00928 -0.05574 0.05676 0.99679
1661398743.715146065 -0.05517 0.17813 0.28798 -0.00930 -0.05428 0.05612 0.99690
1661398743.725146055 -0.05443 0.17717 0.28273 -0.00929 -0.05303 0.05555 0.99700
1661398743.735146046 -0.05374 0.17626 0.27756 -0.00924 -0.05202 0.05503 0.99709
1661398743.745146036 -0.05310 0.17541 0.27247 -0.00913 -0.05128 0.05459 0.99715
1661398743.755146027 -0.05251 0.17462 0.26748 -0.00895 -0.05081 0.05421 0.99720
1661398743.765146017 -0.05197 0.17387 0.26259 -0.00871 -0.05055 0.05387 0.99723
1661398743.775146008 -0.05147 0.17316 0.25778 -0.00844 -0.05046 0.05354 0.99725
1661398743.785145998 -0.05101 0.17246 0.25306 -0.00815 -0.05047 0.05320 0.99727
1661398743.795145988 -0.05060 0.17177 0.24842 -0.00788 -0.05051 0.05280 0.99730
1661398743.805145979 -0.05022 0.17107 0.24387 -0.00763 -0.05053 0.05234 0.99732
1661398743.815145969 -0.04989 0.17037 0.23939 -0.00739 -0.05053 0.05185 0.99735
1661398743.825145960 -0.04962 0.16968 0.23501 -0.00714 -0.05050 0.05136 0.99738
1661398743.835146189 -0.04943 0.16903 0.23073 -0.00683 -0.05046 0.05093 0.99740
1661398743.845145941 -0.04933 0.16841 0.22656 -0.00646 -0.05041 0.05058 0.99743
1661398743.855146170 -0.04933 0.16785 0.22249 -0.00599 -0.05035 0.05036 0.99744
1661398743.865145922 -0.04941 0.16733 0.21853 -0.00545 -0.05029 0.05025 0.99746
1661398743.875146151 -0.04956 0.16683 0.21465 -0.00486 -0.05022 0.05020 0.99746
1661398743.885145903 -0.04977 0.16635 0.21083 -0.00424 -0.05015 0.05018 0.99747
1661398743.895146132 -0.05002 0.16587 0.20706 -0.00360 -0.05008 0.05017 0.99748
1661398743.905145884 -0.05029 0.16537 0.20333 -0.00298 -0.05002 0.05013 0.99748
1661398743.915146112 -0.05058 0.16487 0.19964 -0.00238 -0.04996 0.05006 0.99749
1661398743.925145864 -0.05089 0.16436 0.19600 -0.00179 -0.04991 0.04998 0.99750
1661398743.935146093 -0.05121 0.16386 0.19241 -0.00121 -0.04986 0.04988 0.99751
1661398743.945145845 -0.05155 0.16337 0.18888 -0.00065 -0.04982 0.04978 0.99752
1661398743.955146074 -0.05189 0.16289 0.18541 -0.00010 -0.04979 0.04967 0.99752
1661398743.965146065 -0.05225 0.16242 0.18200 0.00043 -0.04975 0.04957 0.99753
1661398743.975146055 -0.05260 0.16198 0.17865 0.00093 -0.04970 0.04947 0.99754
1661398743.985146046 -0.05295 0.16155 0.17535 0.00139 -0.04962 0.04936 0.99755
1661398743.995146036 -0.05330 0.16115 0.17210 0.00182 -0.04952 0.04926 0.99756
1661398744.005146027 -0.05364 0.16077 0.16890 0.00220 -0.04938 0.04916 0.99757
1661398744.015146017 -0.05397 0.16041 0.16574 0.00252 -0.04918 0.04907 0.99758
1661398744.025146008 -0.05428 0.16008 0.16262 0.00279 -0.04893 0.04897 0.99760
1661398744.035145998 -0.05457 0.15978 0.15953 0.00299 -0.04861 0.04888 0.99762
1661398744.045145988 -0.05484 0.15950 0.15648 0.00312 -0.04821 0.04878 0.99764
1661398744.055145979 -0.05508 0.15926 0.15345 0.00317 -0.04772 0.04870 0.99767
1661398744.065145969 -0.05529 0.15904 0.15045 0.00314 -0.04715 0.04861 0.99770
1661398744.075146198 -0.05547 0.15885 0.14748 0.00305 -0.04650 0.04853 0.99773
1661398744.085145950 -0.05561 0.15869 0.14453 0.00289 -0.04576 0.04847 0.99777
1661398744.095146179 -0.05571 0.15855 0.14162 0.00268 -0.04496 0.04841 0.99781
1661398744.105145931 -0.05577 0.15842 0.13872 0.00241 -0.04407 0.04837 0.99785
1661398744.115146160 -0.05578 0.15832 0.13585 0.00209 -0.04312 0.04835 0.99790
1661398744.125145912 -0.05575 0.15824 0.13301 0.00173 -0.04210 0.04834 0.99794
1661398744.135146141 -0.05566 0.15817 0.13018 0.00133 -0.04101 0.04836 0.99799
1661398744.145145893 -0.05552 0.15811 0.12738 0.00090 -0.03986 0.04840 0.99803
1661398744.155146122 -0.05532 0.15807 0.12461 0.00044 -0.03865 0.04847 0.99808
1661398744.165145874 -0.05508 0.15803 0.12185 -0.00004 -0.03737 0.04856 0.99812
1661398744.175146103 -0.05479 0.15801 0.11912 -0.00053 -0.03601 0.04867 0.99817
1661398744.185145855 -0.05447 0.15800 0.11642 -0.00101 -0.03457 0.04880 0.99821
1661398744.195146084 -0.05412 0.15799 0.11374 -0.00147 -0.03304 0.04894 0.99825
1661398744.205146074 -0.05375 0.15800 0.11109 -0.00191 -0.03142 0.04909 0.99830
1661398744.215146065 -0.05337 0.15801 0.10847 -0.00232 -0.02968 0.04924 0.99834
1661398744.225146055 -0.05298 0.15804 0.10588 -0.00267 -0.02784 0.04939 0.99839
1661398744.235146046 -0.05260 0.15806 0.10331 -0.00297 -0.02587 0.04954 0.99843
1661398744.245146036 -0.05222 0.15810 0.10078 -0.00320 -0.02377 0.04969 0.99848
1661398744.255146027 -0.05187 0.15814 0.09828 -0.00336 -0.02154 0.04983 0.99852
1661398744.265146017 -0.05153 0.15819 0.09580 -0.00347 -0.01918 0.04996 0.99856
1661398744.275146008 -0.05121 0.15824 0.09333 -0.00357 -0.01668 0.05009 0.99860
1661398744.285145998 -0.05091 0.15828 0.09088 -0.00368 -0.01406 0.05023 0.99863
1661398744.295145988 -0.05062 0.15833 0.08841 -0.00384 -0.01130 0.05037 0.99866
1661398744.305145979 -0.05036 0.15837 0.08594 -0.00408 -0.00843 0.05052 0.99868
1661398744.315145969 -0.05013 0.15842 0.08346 -0.00438 -0.00546 0.05065 0.99869
1661398744.325145960 -0.04997 0.15845 0.08097 -0.00475 -0.00243 0.05073 0.99870
1661398744.335146189 -0.04987 0.15848 0.07847 -0.00517 0.00063 0.05074 0.99870
1661398744.345145941 -0.04987 0.15851 0.07598 -0.00564 0.00367 0.05064 0.99869
1661398744.355146170 -0.04998 0.15853 0.07349 -0.00614 0.00667 0.05043 0.99869
1661398744.365145922 -0.05018 0.15854 0.07102 -0.00666 0.00951 0.05013 0.99868
1661398744.375146151 -0.05046 0.15856 0.06861 -0.00715 0.01209 0.04982 0.99866
1661398744.385145903 -0.05079 0.15858 0.06627 -0.00760 0.01429 0.04955 0.99864
1661398744.395146132 -0.05116 0.15859 0.06404 -0.00798 0.01600 0.04937 0.99862
1661398744.405145884 -0.05156 0.15862 0.06193 -0.00827 0.01714 0.04933 0.99860
1661398744.415146112 -0.05198 0.15864 0.05996 -0.00846 0.01774 0.04939 0.99859
1661398744.425145864 -0.05243 0.15866 0.05814 -0.00857 0.01790 0.04953 0.99858
1661398744.435146093 -0.05292 0.15868 0.05648 -0.00859 0.01769 0.04970 0.99857
1661398744.445145845 -0.05345 0.15868 0.05498 -0.00853 0.01717 0.04985 0.99857
1661398744.455146074 -0.05402 0.15867 0.05365 -0.00839 0.01644 0.04995 0.99858
1661398744.465146065 -0.05463 0.15865 0.05248 -0.00819 0.01555 0.05002 0.99859
1661398744.475146055 -0.05525 0.15863 0.05146 -0.00795 0.01457 0.05006 0.99861
1661398744.485146046 -0.05586 0.15861 0.05057 -0.00769 0.01358 0.05009 0.99862
1661398744.495146036 -0.05645 0.15859 0.04979 -0.00743 0.01263 0.05014 0.99863
1661398744.505146027 -0.05699 0.15859 0.04911 -0.00718 0.01178 0.05020 0.99864
1661398744.515146017 -0.05749 0.15860 0.04851 -0.00697 0.01106 0.05028 0.99865
1661398744.525146008 -0.05792 0.15862 0.04798 -0.00681 0.01050 0.05037 0.99865
1661398744.535145998 -0.05828 0.15865 0.04750 -0.00673 0.01011 0.05044 0.99865
1661398744.545145988 -0.05855 0.15870 0.04705 -0.00673 0.00992 0.05050 0.99865
1661398744.555145979 -0.05873 0.15875 0.04662 -0.00685 0.00993 0.05054 0.99865
1661398744.565145969 -0.05882 0.15882 0.04620 -0.00705 0.01014 0.05055 0.99865
1661398744.575146198 -0.05883 0.15889 0.04578 -0.00734 0.01052 0.05054 0.99864
1661398744.585145950 -0.05878 0.15896 0.04534 -0.00768 0.01105 0.05053 0.99863
1661398744.595146179 -0.05866 0.15905 0.04489 -0.00807 0.01173 0.05052 0.99862
1661398744.605145931 -0.05849 0.15913 0.04442 -0.00849 0.01251 0.05051 0.99861
1661398744.615146160 -0.05827 0.15921 0.04391 -0.00891 0.01340 0.05051 0.99859
1661398744.625145912 -0.05803 0.15930 0.04336 -0.00933 0.01436 0.05053 0.99858
1661398744.635146141 -0.05776 0.15938 0.04276 -0.00973 0.01537 0.05057 0.99855
1661398744.645145893 -0.05747 0.15946 0.04210 -0.01008 0.01643 0.05064 0.99853
1661398744.655146122 -0.05717 0.15953 0.04138 -0.01038 0.01750 0.05074 0.99850
1661398744.665145874 -0.05688 0.15960 0.04059 -0.01062 0.01857 0.05088 0.99848
1661398744.675146103 -0.05658 0.15966 0.03976 -0.01082 0.01963 0.05105 0.99844
1661398744.685145855 -0.05630 0.15970 0.03889 -0.01096 0.02066 0.05123 0.99841
1661398744.695146084 -0.05604 0.15974 0.03798 -0.01107 0.02163 0.05144 0.99838
1661398744.705146074 -0.05580 0.15976 0.03704 -0.01114 0.02254 0.05166 0.99835
1661398744.715146065 -0.05558 0.15977 0.03609 -0.01118 0.02337 0.05189 0.99832
1661398744.725146055 -0.05540 0.15977 0.03513 -0.01119 0.02410 0.05213 0.99829
1661398744.735146046 -0.05526 0.15974 0.03416 -0.01117 0.02471 0.05237 0.99826
1661398744.745146036 -0.05517 0.15970 0.03321 -0.01113 0.02520 0.05261 0.99824
1661398744.755146027 -0.05513 0.15964 0.03226 -0.01108 0.02554 0.05284 0.99822
1661398744.765146017 -0.05513 0.15956 0.03133 -0.01100 0.02574 0.05306 0.99820
1661398744.775146008 -0.05516 0.15946 0.03042 -0.01091 0.02583 0.05326 0.99819
1661398744.785145998 -0.05523 0.15935 0.02951 -0.01080 0.02581 0.05345 0.99818
1661398744.795145988 -0.05531 0.15923 0.02862 -0.01066 0.02570 0.05361 0.99817
1661398744.805145979 -0.05541 0.15910 0.02774 -0.01051 0.02551 0.05374 0.99817
1661398744.815145969 -0.05551 0.15896 0.02686 -0.01033 0.02526 0.05385 0.99818
1661398744.825145960 -0.05561 0.15881 0.02599 -0.01013 0.02496 0.05391 0.99818
1661398744.835146189 -0.05570 0.15866 0.02513 -0.00990 0.02463 0.05394 0.99819
1661398744.845145941 -0.05577 0.15851 0.02427 -0.00965 0.02428 0.05393 0.99820
1661398744.855146170 -0.05582 0.15836 0.02342 -0.00937 0.02393 0.05386 0.99822
1661398744.865145922 -0.05585 0.15822 0.02257 -0.00907 0.02359 0.05376 0.99823
1661398744.875146151 -0.05585 0.15808 0.02172 -0.00876 0.02328 0.05363 0.99825
1661398744.885145903 -0.05583 0.15795 0.02088 -0.00845 0.02304 0.05348 0.99827
1661398744.895146132 -0.05579 0.15784 0.02005 -0.00815 0.02287 0.05332 0.99828
1661398744.905145884 -0.05573 0.15774 0.01921 -0.00785 0.02280 0.05315 0.99830
1661398744.915146112 -0.05565 0.15765 0.01838 -0.00758 0.02285 0.05300 0.99830
1661398744.925145864 -0.05557 0.15760 0.01756 -0.00734 0.02304 0.05286 0.99831
1661398744.935146093 -0.05547 0.15756 0.01674 -0.00714 0.02340 0.05275 0.99831
1661398744.945145845 -0.05535 0.15755 0.01593 -0.00698 0.02393 0.05267 0.99830
1661398744.955146074 -0.05523 0.15758 0.01512 -0.00687 0.02466 0.05264 0.99829
1661398744.965146065 -0.05510 0.15762 0.01432 -0.00681 0.02557 0.05264 0.99826
1661398744.975146055 -0.05496 0.15769 0.01351 -0.00680 0.02662 0.05268 0.99823
1661398744.985146046 -0.05482 0.15778 0.01270 -0.00684 0.02779 0.05274 0.99820
1661398744.995146036 -0.05467 0.15787 0.01187 -0.00691 0.02904 0.05281 0.99816
1661398745.005146027 -0.05451 0.15797 0.01104 -0.00702 0.03036 0.05289 0.99811
1661398745.015146017 -0.05435 0.15807 0.01018 -0.00716 0.03170 0.05297 0.99807
1661398745.025146008 -0.05420 0.15817 0.00931 -0.00733 0.03305 0.05304 0.99802
1661398745.035145998 -0.05403 0.15826 0.00841 -0.00752 0.03437 0.05310 0.99797
1661398745.045145988 -0.05387 0.15834 0.00748 -0.00774 0.03563 0.05314 0.99792
1661398745.055145979 -0.05371 0.15839 0.00653 -0.00798 0.03681 0.05315 0.99788
1661398745.065145969 -0.05356 0.15843 0.00554 -0.00823 0.03791 0.05314 0.99783
1661398745.075146198 -0.05341 0.15846 0.00453 -0.00849 0.03892 0.05311 0.99779
1661398745.085145950 -0.05327 0.15847 0.00350 -0.00875 0.03986 0.05307 0.99776
1661398745.095146179 -0.05315 0.15846 0.00245 -0.00902 0.04071 0.05302 0.99772
1661398745.105145931 -0.05304 0.15844 0.00139 -0.00929 0.04149 0.05297 0.99769
1661398745.115146160 -0.05295 0.15842 0.00032 -0.00955 0.04220 0.05293 0.99766
1661398745.125145912 -0.05288 0.15838 -0.00076 -0.00979 0.04283 0.05290 0.99763
1661398745.135146141 -0.05283 0.15834 -0.00184 -0.01003 0.04338 0.05289 0.99761
1661398745.145145893 -0.05282 0.15829 -0.00292 -0.01025 0.04387 0.05290 0.99758
1661398745.155146122 -0.05283 0.15823 -0.00400 -0.01044 0.04429 0.05294 0.99756
1661398745.165145874 -0.05287 0.15816 -0.00506 -0.01061 0.04464 0.05300 0.99754
1661398745.175146103 -0.05293 0.15809 -0.00612 -0.01077 0.04493 0.05307 0.99752
1661398745.185145855 -0.05300 0.15801 -0.00716 -0.01090 0.04517 0.05316 0.99750
1661398745.195146084 -0.05309 0.15792 -0.00818 -0.01101 0.04535 0.05324 0.99749
1661398745.205146074 -0.05318 0.15781 -0.00918 -0.01110 0.04549 0.05332 0.99748
1661398745.215146065 -0.05327 0.15769 -0.01016 -0.01117 0.04558 0.05339 0.99747
1661398745.225146055 -0.05335 0.15755 -0.01111 -0.01122 0.04563 0.05343 0.99746
1661398745.235146046 -0.05342 0.15740 -0.01204 -0.01126 0.04565 0.05345 0.99746
1661398745.245146036 -0.05348 0.15722 -0.01293 -0.01128 0.04564 0.05344 0.99746
1661398745.255146027 -0.05351 0.15703 -0.01378 -0.01128 0.04561 0.05338 0.99747
1661398745.265146017 -0.05353 0.15682 -0.01460 -0.01126 0.04556 0.05329 0.99748
1661398745.275146008 -0.05354 0.15660 -0.01540 -0.01122 0.04554 0.05318 0.99748
1661398745.285145998 -0.05355 0.15637 -0.01617 -0.01116 0.04554 0.05305 0.99749
1661398745.295145988 -0.05356 0.15614 -0.01692 -0.01108 0.04561 0.05290 0.99750
1661398745.305145979 -0.05358 0.15591 -0.01765 -0.01097 0.04574 0.05275 0.99750
1661398745.315145969 -0.05361 0.15569 -0.01836 -0.01084 0.04597 0.05260 0.99750
1661398745.325145960 -0.05367 0.15548 -0.01907 -0.01068 0.04631 0.05246 0.99749
1661398745.335146189 -0.05374 0.15529 -0.01977 -0.01048 0.04679 0.05234 0.99748
1661398745.345145941 -0.05386 0.15512 -0.02047 -0.01026 0.04743 0.05224 0.99745
1661398745.355146170 -0.05400 0.15498 -0.02116 -0.01001 0.04821 0.05217 0.99742
1661398745.365145922 -0.05418 0.15486 -0.02185 -0.00976 0.04907 0.05213 0.99739
1661398745.375146151 -0.05439 0.15477 -0.02252 -0.00954 0.04990 0.05211 0.99735
1661398745.385145903 -0.05461 0.15470 -0.02317 -0.00938 0.05061 0.05209 0.99731
1661398745.395146132 -0.05485 0.15466 -0.02378 -0.00931 0.05108 0.05209 0.99729
1661398745.405145884 -0.05510 0.15464 -0.02435 -0.00935 0.05123 0.05209 0.99728
1661398745.415146112 -0.05536 0.15463 -0.02486 -0.00949 0.05104 0.05209 0.99729
1661398745.425145864 -0.05562 0.15465 -0.02529 -0.00968 0.05050 0.05210 0.99732
1661398745.435146093 -0.05589 0.15467 -0.02562 -0.00992 0.04959 0.05213 0.99736
1661398745.445145845 -0.05617 0.15469 -0.02583 -0.01015 0.04831 0.05219 0.99742
1661398745.455146074 -0.05645 0.15472 -0.02592 -0.01037 0.04666 0.05227 0.99749
1661398745.465146065 -0.05673 0.15475 -0.02590 -0.01057 0.04470 0.05238 0.99757
1661398745.475146055 -0.05701 0.15477 -0.02578 -0.01075 0.04254 0.05250 0.99766
1661398745.485146046 -0.05728 0.15479 -0.02560 -0.01091 0.04024 0.05264 0.99774
1661398745.495146036 -0.05753 0.15481 -0.02537 -0.01105 0.03791 0.05277 0.99783
1661398745.505146027 -0.05777 0.15482 -0.02512 -0.01116 0.03562 0.05291 0.99790
1661398745.515146017 -0.05799 0.15482 -0.02487 -0.01127 0.03347 0.05304 0.99797
1661398745.525146008 -0.05817 0.15482 -0.02465 -0.01135 0.03153 0.05315 0.99802
1661398745.535145998 -0.05833 0.15480 -0.02447 -0.01142 0.02990 0.05324 0.99807
1661398745.545145988 -0.05844 0.15478 -0.02435 -0.01147 0.02867 0.05330 0.99810
1661398745.555145979 -0.05852 0.15474 -0.02433 -0.01151 0.02789 0.05333 0.99812
1661398745.565145969 -0.05856 0.15469 -0.02440 -0.01152 0.02757 0.05333 0.99813
1661398745.575146198 -0.05855 0.15463 -0.02457 -0.01147 0.02766 0.05330 0.99813
1661398745.585145950 -0.05852 0.15455 -0.02485 -0.01135 0.02814 0.05325 0.99812
1661398745.595146179 -0.05844 0.15446 -0.02525 -0.01115 0.02898 0.05318 0.99810
1661398745.605145931 -0.05834 0.15436 -0.02577 -0.01085 0.03011 0.05309 0.99808
1661398745.615146160 -0.05823 0.15426 -0.02635 -0.01049 0.03138 0.05300 0.99805
1661398745.625145912 -0.05812 0.15415 -0.02697 -0.01011 0.03260 0.05291 0.99802
1661398745.635146141 -0.05803 0.15405 -0.02757 -0.00976 0.03359 0.05285 0.99799
1661398745.645145893 -0.05797 0.15395 -0.02811 -0.00949 0.03416 0.05283 0.99797
1661398745.655146122 -0.05797 0.15387 -0.02854 -0.00932 0.03418 0.05285 0.99797
1661398745.665145874 -0.05802 0.15381 -0.02888 -0.00926 0.03368 0.05291 0.99799
1661398745.675146103 -0.05812 0.15376 -0.02914 -0.00928 0.03276 0.05302 0.99801
1661398745.685145855 -0.05827 0.15373 -0.02933 -0.00938 0.03151 0.05316 0.99804
1661398745.695146084 -0.05845 0.15372 -0.02947 -0.00954 0.03002 0.05333 0.99808
1661398745.705146074 -0.05866 0.15371 -0.02957 -0.00974 0.02839 0.05353 0.99812
1661398745.715146065 -0.05891 0.15372 -0.02965 -0.00997 0.02670 0.05374 0.99815
1661398745.725146055 -0.05918 0.15375 -0.02972 -0.01022 0.02505 0.05398 0.99818
1661398745.735146046 -0.05948 0.15379 -0.02980 -0.01047 0.02353 0.05422 0.99820
1661398745.745146036 -0.05979 0.15384 -0.02990 -0.01071 0.02223 0.05447 0.99821
1661398745.755146027 -0.06011 0.15390 -0.03004 -0.01092 0.02122 0.05473 0.99822
1661398745.765146017 -0.06044 0.15397 -0.03023 -0.01113 0.02045 0.05499 0.99822
1661398745.775146008 -0.06076 0.15403 -0.03050 -0.01135 0.01984 0.05528 0.99821
1661398745.785145998 -0.06106 0.15408 -0.03087 -0.01160 0.01932 0.05559 0.99820
1661398745.795145988 -0.06134 0.15412 -0.03136 -0.01191 0.01882 0.05595 0.99819
1661398745.805145979 -0.06158 0.15413 -0.03197 -0.01228 0.01828 0.05634 0.99817
1661398745.815145969 -0.06179 0.15413 -0.03265 -0.01270 0.01770 0.05674 0.99815
1661398745.825145960 -0.06198 0.15413 -0.03336 -0.01314 0.01710 0.05713 0.99813
1661398745.835146189 -0.06215 0.15413 -0.03404 -0.01359 0.01651 0.05746 0.99812
1661398745.845145941 -0.06232 0.15414 -0.03461 -0.01400 0.01594 0.05771 0.99811
1661398745.855146170 -0.06248 0.15418 -0.03505 -0.01436 0.01540 0.05786 0.99810
1661398745.865145922 -0.06265 0.15424 -0.03536 -0.01466 0.01491 0.05790 0.99810
1661398745.875146151 -0.06281 0.15431 -0.03555 -0.01492 0.01445 0.05785 0.99811
1661398745.885145903 -0.06297 0.15440 -0.03565 -0.01514 0.01403 0.05773 0.99812
1661398745.895146132 -0.06312 0.15449 -0.03569 -0.01531 0.01363 0.05754 0.99813
1661398745.905145884 -0.06327 0.15459 -0.03567 -0.01545 0.01325 0.05731 0.99815
1661398745.915146112 -0.06341 0.15468 -0.03563 -0.01556 0.01290 0.05704 0.99817
1661398745.925145864 -0.06354 0.15476 -0.03557 -0.01563 0.01255 0.05674 0.99819
1661398745.935146093 -0.06366 0.15484 -0.03553 -0.01568 0.01222 0.05643 0.99821
1661398745.945145845 -0.06376 0.15489 -0.03552 -0.01571 0.01190 0.05613 0.99823
1661398745.955146074 -0.06385 0.15492 -0.03557 -0.01573 0.01158 0.05584 0.99825
1661398745.965146065 -0.06393 0.15494 -0.03565 -0.01573 0.01126 0.05557 0.99827
1661398745.975146055 -0.06401 0.15494 -0.03578 -0.01572 0.01094 0.05532 0.99829
1661398745.985146046 -0.06408 0.15494 -0.03594 -0.01571 0.01063 0.05510 0.99830
1661398745.995146036 -0.06415 0.15493 -0.03612 -0.01571 0.01033 0.05491 0.99831
1661398746.005146027 -0.06423 0.15492 -0.03631 -0.01571 0.01003 0.05475 0.99833
1661398746.015146017 -0.06431 0.15492 -0.03651 -0.01573 0.00973 0.05463 0.99834
1661398746.025146008 -0.06441 0.15492 -0.03672 -0.01577 0.00944 0.05456 0.99834
1661398746.035145998 -0.06452 0.15494 -0.03691 -0.01584 0.00916 0.05453 0.99834
1661398746.045145988 -0.06465 0.15497 -0.03709 -0.01594 0.00888 0.05455 0.99834
1661398746.055145979 -0.06480 0.15502 -0.03724 -0.01607 0.00861 0.05462 0.99834
1661398746.065145969 -0.06497 0.15509 -0.03738 -0.01623 0.00835 0.05473 0.99833
1661398746.075146198 -0.06514 0.15517 -0.03749 -0.01640 0.00809 0.05487 0.99833
1661398746.085145950 -0.06532 0.15526 -0.03758 -0.01659 0.00786 0.05504 0.99832
1661398746.095146179 -0.06550 0.15536 -0.03766 -0.01678 0.00763 0.05521 0.99830
1661398746.105145931 -0.06566 0.15545 -0.03772 -0.01697 0.00742 0.05539 0.99829
1661398746.115146160 -0.06581 0.15553 -0.03776 -0.01714 0.00723 0.05556 0.99828
1661398746.125145912 -0.06594 0.15560 -0.03780 -0.01728 0.00706 0.05570 0.99827
1661398746.135146141 -0.06604 0.15565 -0.03782 -0.01739 0.00691 0.05581 0.99827
1661398746.145145893 -0.06611 0.15568 -0.03782 -0.01747 0.00679 0.05588 0.99826
1661398746.155146122 -0.06613 0.15569 -0.03782 -0.01749 0.00669 0.05590 0.99826
1661398746.165145874 -0.06612 0.15568 -0.03782 -0.01748 0.00661 0.05588 0.99826
1661398746.175146103 -0.06608 0.15564 -0.03781 -0.01743 0.00656 0.05581 0.99827
1661398746.185145855 -0.06602 0.15560 -0.03779 -0.01737 0.00653 0.05573 0.99827
1661398746.195146084 -0.06593 0.15555 -0.03777 -0.01728 0.00652 0.05562 0.99828
1661398746.205146074 -0.06583 0.15550 -0.03775 -0.01720 0.00654 0.05551 0.99829
1661398746.215146065 -0.06572 0.15545 -0.03773 -0.01711 0.00657 0.05539 0.99830
1661398746.225146055 -0.06561 0.15540 -0.03772 -0.01704 0.00662 0.05529 0.99830
1661398746.235146046 -0.06550 0.15537 -0.03771 -0.01699 0.00669 0.05520 0.99831
1661398746.245146036 -0.06539 0.15536 -0.03771 -0.01697 0.00678 0.05513 0.99831
1661398746.255146027 -0.06530 0.15536 -0.03772 -0.01698 0.00689 0.05510 0.99831
1661398746.265146017 -0.06522 0.15539 -0.03773 -0.01703 0.00700 0.05510 0.99831
1661398746.275146008 -0.06514 0.15543 -0.03775 -0.01711 0.00714 0.05512 0.99831
1661398746.285145998 -0.06508 0.15548 -0.03777 -0.01720 0.00727 0.05516 0.99830
1661398746.295145988 -0.06502 0.15554 -0.03780 -0.01731 0.00742 0.05521 0.99830
1661398746.305145979 -0.06496 0.15560 -0.03784 -0.01742 0.00757 0.05528 0.99829
1661398746.315145969 -0.06491 0.15567 -0.03787 -0.01753 0.00772 0.05534 0.99828
1661398746.325145960 -0.06485 0.15573 -0.03791 -0.01764 0.00786 0.05540 0.99828
1661398746.335146189 -0.06480 0.15579 -0.03795 -0.01773 0.00800 0.05546 0.99827
1661398746.345145941 -0.06475 0.15584 -0.03799 -0.01780 0.00814 0.05550 0.99827
1661398746.355146170 -0.06469 0.15588 -0.03803 -0.01785 0.00826 0.05553 0.99826
1661398746.365145922 -0.06464 0.15591 -0.03807 -0.01787 0.00837 0.05554 0.99826
1661398746.375146151 -0.06458 0.15593 -0.03810 -0.01788 0.00847 0.05554 0.99826
1661398746.385145903 -0.06453 0.15594 -0.03813 -0.01787 0.00855 0.05553 0.99826
1661398746.395146132 -0.06448 0.15595 -0.03816 -0.01785 0.00861 0.05551 0.99826
1661398746.405145884 -0.06443 0.15595 -0.03819 -0.01782 0.00866 0.05548 0.99826
1661398746.415146112 -0.06439 0.15595 -0.03821 -0.01779 0.00867 0.05546 0.99826
1661398746.425145864 -0.06436 0.15594 -0.03824 -0.01776 0.00867 0.05543 0.99827
1661398746.435146093 -0.06434 0.15594 -0.03825 -0.01773 0.00863 0.05541 0.99827
1661398746.445145845 -0.06434 0.15593 -0.03826 -0.01770 0.00857 0.05539 0.99827
1661398746.455146074 -0.06434 0.15593 -0.03827 -0.01769 0.00848 0.05538 0.99827
1661398746.465146065 -0.06436 0.15593 -0.03828 -0.01768 0.00837 0.05538 0.99827
1661398746.475146055 -0.06438 0.15593 -0.03828 -0.01768 0.00824 0.05538 0.99827
1661398746.485146046 -0.06440 0.15593 -0.03828 -0.01768 0.00810 0.05539 0.99828
1661398746.495146036 -0.06443 0.15593 -0.03827 -0.01769 0.00797 0.05540 0.99828
1661398746.505146027 -0.06445 0.15593 -0.03827 -0.01771 0.00785 0.05541 0.99828
1661398746.515146017 -0.06447 0.15594 -0.03826 -0.01773 0.00774 0.05542 0.99828
1661398746.525146008 -0.06448 0.15594 -0.03826 -0.01775 0.00767 0.05543 0.99828
1661398746.535145998 -0.06447 0.15594 -0.03826 -0.01777 0.00763 0.05544 0.99827
1661398746.545145988 -0.06445 0.15594 -0.03826 -0.01779 0.00764 0.05545 0.99827
1661398746.555145979 -0.06441 0.15593 -0.03826 -0.01781 0.00769 0.05545 0.99827
1661398746.565145969 -0.06435 0.15593 -0.03827 -0.01783 0.00779 0.05545 0.99827
1661398746.575146198 -0.06429 0.15593 -0.03828 -0.01784 0.00792 0.05545 0.99827
1661398746.585145950 -0.06422 0.15592 -0.03829 -0.01786 0.00807 0.05544 0.99827
1661398746.595146179 -0.06414 0.15592 -0.03830 -0.01787 0.00823 0.05543 0.99827
1661398746.605145931 -0.06407 0.15592 -0.03831 -0.01788 0.00839 0.05542 0.99827
1661398746.615146160 -0.06401 0.15591 -0.03833 -0.01790 0.00853 0.05541 0.99827
1661398746.625145912 -0.06396 0.15591 -0.03835 -0.01791 0.00865 0.05540 0.99827
1661398746.635146141 -0.06392 0.15591 -0.03836 -0.01792 0.00874 0.05539 0.99827
1661398746.645145893 -0.06390 0.15591 -0.03838 -0.01792 0.00878 0.05539 0.99827
1661398746.655146122 -0.06391 0.15592 -0.03840 -0.01793 0.00876 0.05538 0.99827
1661398746.665145874 -0.06394 0.15593 -0.03842 -0.01794 0.00870 0.05538 0.99827
1661398746.675146103 -0.06399 0.15593 -0.03843 -0.01795 0.00860 0.05538 0.99827
1661398746.685145855 -0.06405 0.15594 -0.03845 -0.01795 0.00847 0.05538 0.99827
1661398746.695146084 -0.06412 0.15595 -0.03847 -0.01796 0.00833 0.05539 0.99827
1661398746.705146074 -0.06420 0.15596 -0.03848 -0.01796 0.00818 0.05539 0.99827
1661398746.715146065 -0.06429 0.15598 -0.03849 -0.01796 0.00803 0.05540 0.99827
1661398746.725146055 -0.06438 0.15599 -0.03850 -0.01797 0.00789 0.05540 0.99827
1661398746.735146046 -0.06446 0.15600 -0.03851 -0.01797 0.00778 0.05541 0.99827
1661398746.745146036 -0.06454 0.15601 -0.03852 -0.01797 0.00770 0.05542 0.99827
1661398746.755146027 -0.06462 0.15602 -0.03853 -0.01797 0.00765 0.05543 0.99827
1661398746.765146017 -0.06468 0.15603 -0.03853 -0.01797 0.00764 0.05543 0.99827
1661398746.775146008 -0.06474 0.15603 -0.03853 -0.01797 0.00766 0.05544 0.99827
1661398746.785145998 -0.06479 0.15604 -0.03853 -0.01796 0.00771 0.05544 0.99827
1661398746.795145988 -0.06483 0.15605 -0.03853 -0.01796 0.00776 0.05545 0.99827
1661398746.805145979 -0.06486 0.15605 -0.03852 -0.01796 0.00783 0.05545 0.99827
1661398746.815145969 -0.06489 0.15606 -0.03852 -0.01795 0.00790 0.05545 0.99827
1661398746.825145960 -0.06490 0.15606 -0.03851 -0.01795 0.00796 0.05545 0.99827
1661398746.835146189 -0.06491 0.15606 -0.03851 -0.01794 0.00802 0.05545 0.99827
1661398746.845145941 -0.06492 0.15606 -0.03850 -0.01794 0.00805 0.05545 0.99827
1661398746.855146170 -0.06491 0.15606 -0.03850 -0.01793 0.00807 0.05544 0.99827
1661398746.865145922 -0.06490 0.15606 -0.03849 -0.01793 0.00806 0.05544 0.99827
1661398746.875146151 -0.06489 0.15606 -0.03848 -0.01792 0.00804 0.05543 0.99827
1661398746.885145903 -0.06487 0.15606 -0.03848 -0.01792 0.00801 0.05542 0.99827
1661398746.895146132 -0.06485 0.15606 -0.03847 -0.01792 0.00797 0.05541 0.99827
1661398746.905145884 -0.06483 0.15606 -0.03847 -0.01791 0.00792 0.05540 0.99827
1661398746.915146112 -0.06481 0.15606 -0.03846 -0.01791 0.00788 0.05539 0.99827
1661398746.925145864 -0.06479 0.15606 -0.03846 -0.01791 0.00785 0.05539 0.99827
1661398746.935146093 -0.06477 0.15606 -0.03846 -0.01791 0.00782 0.05538 0.99827
1661398746.945145845 -0.06476 0.15606 -0.03846 -0.01791 0.00781 0.05538 0.99827
1661398746.955146074 -0.06475 0.15606 -0.03846 -0.01791 0.00782 0.05539 0.99827
1661398746.965146065 -0.06475 0.15606 -0.03846 -0.01791 0.00783 0.05539 0.99827
1661398746.975146055 -0.06475 0.15606 -0.03846 -0.01791 0.00786 0.05540 0.99827
1661398746.985146046 -0.06476 0.15606 -0.03846 -0.01792 0.00790 0.05540 0.99827
1661398746.995146036 -0.06476 0.15607 -0.03847 -0.01792 0.00793 0.05541 0.99827
1661398747.005146027 -0.06477 0.15607 -0.03847 -0.01793 0.00796 0.05542 0.99827
1661398747.015146017 -0.06478 0.15607 -0.03848 -0.01794 0.00799 0.05543 0.99827
1661398747.025146008 -0.06479 0.15608 -0.03848 -0.01794 0.00800 0.05544 0.99827
1661398747.035145998 -0.06480 0.15609 -0.03849 -0.01795 0.00800 0.05544 0.99827
1661398747.045145988 -0.06481 0.15610 -0.03849 -0.01796 0.00797 0.05544 0.99827
1661398747.055145979 -0.06481 0.15610 -0.03850 -0.01797 0.00792 0.05544 0.99827
1661398747.065145969 -0.06481 0.15611 -0.03851 -0.01798 0.00785 0.05544 0.99827
1661398747.075146198 -0.06481 0.15613 -0.03852 -0.01799 0.00777 0.05543 0.99827
1661398747.085145950 -0.06480 0.15614 -0.03853 -0.01800 0.00769 0.05542 0.99827
1661398747.095146179 -0.06480 0.15615 -0.03854 -0.01801 0.00760 0.05542 0.99827
1661398747.105145931 -0.06479 0.15616 -0.03855 -0.01803 0.00752 0.05541 0.99827
1661398747.115146160 -0.06477 0.15617 -0.03856 -0.01805 0.00745 0.05540 0.99827
1661398747.125145912 -0.06475 0.15618 -0.03858 -0.01807 0.00740 0.05539 0.99827
1661398747.135146141 -0.06473 0.15619 -0.03859 -0.01809 0.00737 0.05539 0.99827
1661398747.145145893 -0.06470 0.15620 -0.03861 -0.01811 0.00737 0.05538 0.99827
1661398747.155146122 -0.06467 0.15621 -0.03864 -0.01814 0.00740 0.05538 0.99827
1661398747.165145874 -0.06463 0.15622 -0.03866 -0.01816 0.00747 0.05538 0.99827
1661398747.175146103 -0.06459 0.15622 -0.03869 -0.01819 0.00755 0.05538 0.99827
1661398747.185145855 -0.06455 0.15623 -0.03871 -0.01822 0.00765 0.05539 0.99827
1661398747.195146084 -0.06451 0.15624 -0.03873 -0.01825 0.00775 0.05539 0.99827
1661398747.205146074 -0.06448 0.15624 -0.03875 -0.01827 0.00785 0.05540 0.99827
1661398747.215146065 -0.06444 0.15625 -0.03877 -0.01829 0.00794 0.05540 0.99826
1661398747.225146055 -0.06441 0.15625 -0.03879 -0.01830 0.00801 0.05541 0.99826
1661398747.235146046 -0.06438 0.15626 -0.03880 -0.01831 0.00806 0.05541 0.99826
1661398747.245146036 -0.06436 0.15627 -0.03880 -0.01831 0.00807 0.05541 0.99826
1661398747.255146027 -0.06435 0.15627 -0.03880 -0.01830 0.00805 0.05541 0.99826
1661398747.265146017 -0.06434 0.15628 -0.03879 -0.01828 0.00799 0.05541 0.99826
1661398747.275146008 -0.06433 0.15629 -0.03878 -0.01826 0.00791 0.05541 0.99827
1661398747.285145998 -0.06433 0.15630 -0.03877 -0.01824 0.00781 0.05540 0.99827
1661398747.295145988 -0.06432 0.15631 -0.03876 -0.01821 0.00770 0.05540 0.99827
1661398747.305145979 -0.06432 0.15633 -0.03874 -0.01818 0.00759 0.05539 0.99827
1661398747.315145969 -0.06431 0.15634 -0.03873 -0.01815 0.00748 0.05539 0.99827
1661398747.325145960 -0.06429 0.15636 -0.03873 -0.01813 0.00740 0.05538 0.99827
1661398747.335146189 -0.06427 0.15637 -0.03872 -0.01811 0.00733 0.05538 0.99827
1661398747.345145941 -0.06423 0.15639 -0.03873 -0.01810 0.00730 0.05538 0.99827
1661398747.355146170 -0.06419 0.15641 -0.03874 -0.01809 0.00730 0.05538 0.99827
1661398747.365145922 -0.06413 0.15643 -0.03876 -0.01809 0.00734 0.05538 0.99827
1661398747.375146151 -0.06407 0.15645 -0.03878 -0.01810 0.00740 0.05538 0.99827
1661398747.385145903 -0.06401 0.15647 -0.03881 -0.01810 0.00749 0.05538 0.99827
1661398747.395146132 -0.06394 0.15649 -0.03884 -0.01812 0.00758 0.05538 0.99827
1661398747.405145884 -0.06387 0.15651 -0.03887 -0.01813 0.00767 0.05538 0.99827
1661398747.415146112 -0.06380 0.15653 -0.03890 -0.01815 0.00777 0.05539 0.99827
1661398747.425145864 -0.06374 0.15656 -0.03893 -0.01816 0.00785 0.05539 0.99827
1661398747.435146093 -0.06369 0.15658 -0.03895 -0.01818 0.00792 0.05539 0.99827
1661398747.445145845 -0.06364 0.15659 -0.03898 -0.01819 0.00796 0.05539 0.99827
1661398747.455146074 -0.06361 0.15661 -0.03899 -0.01820 0.00797 0.05539 0.99827
1661398747.465146065 -0.06358 0.15663 -0.03901 -0.01821 0.00796 0.05539 0.99827
1661398747.475146055 -0.06357 0.15665 -0.03902 -0.01821 0.00792 0.05539 0.99827
1661398747.485146046 -0.06356 0.15666 -0.03902 -0.01821 0.00787 0.05539 0.99827
1661398747.495146036 -0.06355 0.15668 -0.03903 -0.01821 0.00781 0.05538 0.99827
1661398747.505146027 -0.06355 0.15669 -0.03903 -0.01821 0.00774 0.05538 0.99827
1661398747.515146017 -0.06355 0.15670 -0.03903 -0.01821 0.00767 0.05538 0.99827
1661398747.525146008 -0.06355 0.15672 -0.03903 -0.01820 0.00760 0.05538 0.99827
1661398747.535145998 -0.06354 0.15673 -0.03903 -0.01820 0.00755 0.05538 0.99827
1661398747.545145988 -0.06354 0.15674 -0.03904 -0.01820 0.00750 0.05537 0.99827
1661398747.555145979 -0.06353 0.15676 -0.03904 -0.01819 0.00748 0.05537 0.99827
1661398747.565145969 -0.06351 0.15677 -0.03905 -0.01819 0.00747 0.05537 0.99827
1661398747.575146198 -0.06349 0.15678 -0.03906 -0.01819 0.00748 0.05538 0.99827
1661398747.585145950 -0.06347 0.15679 -0.03906 -0.01819 0.00750 0.05538 0.99827
1661398747.595146179 -0.06345 0.15681 -0.03907 -0.01819 0.00752 0.05538 0.99827
1661398747.605145931 -0.06342 0.15682 -0.03908 -0.01819 0.00755 0.05538 0.99827
1661398747.615146160 -0.06340 0.15683 -0.03909 -0.01819 0.00759 0.05538 0.99827
1661398747.625145912 -0.06337 0.15685 -0.03910 -0.01819 0.00762 0.05538 0.99827
1661398747.635146141 -0.06335 0.15686 -0.03911 -0.01819 0.00766 0.05538 0.99827
1661398747.645145893 -0.06333 0.15688 -0.03912 -0.01819 0.00768 0.05538 0.99827
1661398747.655146122 -0.06331 0.15689 -0.03912 -0.01819 0.00770 0.05538 0.99827
1661398747.665145874 -0.06329 0.15691 -0.03913 -0.01819 0.00772 0.05538 0.99827
1661398747.675146103 -0.06328 0.15693 -0.03913 -0.01819 0.00773 0.05538 0.99827
1661398747.685145855 -0.06327 0.15694 -0.03913 -0.01819 0.00773 0.05537 0.99827
1661398747.695146084 -0.06326 0.15696 -0.03913 -0.01820 0.00772 0.05537 0.99827
1661398747.705146074 -0.06325 0.15698 -0.03913 -0.01820 0.00772 0.05537 0.99827
1661398747.715146065 -0.06324 0.15699 -0.03914 -0.01820 0.00770 0.05536 0.99827
1661398747.725146055 -0.06323 0.15701 -0.03914 -0.01821 0.00769 0.05536 0.99827
1661398747.735146046 -0.06322 0.15702 -0.03914 -0.01821 0.00767 0.05536 0.99827
1661398747.745146036 -0.06321 0.15704 -0.03914 -0.01821 0.00765 0.05535 0.99827
1661398747.755146027 -0.06320 0.15705 -0.03914 -0.01822 0.00763 0.05535 0.99827
1661398747.765146017 -0.06318 0.15706 -0.03914 -0.01822 0.00761 0.05535 0.99827
1661398747.775146008 -0.06316 0.15708 -0.03914 -0.01823 0.00759 0.05535 0.99827
1661398747.785145998 -0.06315 0.15709 -0.03914 -0.01823 0.00758 0.05535 0.99827
1661398747.795145988 -0.06313 0.15710 -0.03914 -0.01823 0.00756 0.05535 0.99827
1661398747.805145979 -0.06311 0.15711 -0.03915 -0.01824 0.00755 0.05535 0.99827
1661398747.815145969 -0.06308 0.15712 -0.03915 -0.01824 0.00755 0.05535 0.99827
1661398747.825145960 -0.06306 0.15713 -0.03915 -0.01824 0.00755 0.05535 0.99827
1661398747.835146189 -0.06304 0.15714 -0.03915 -0.01824 0.00756 0.05535 0.99827
1661398747.845145941 -0.06302 0.15715 -0.03915 -0.01824 0.00757 0.05535 0.99827
1661398747.855146170 -0.06299 0.15716 -0.03915 -0.01825 0.00760 0.05535 0.99827
1661398747.865145922 -0.06297 0.15717 -0.03915 -0.01825 0.00763 0.05535 0.99827
1661398747.875146151 -0.06295 0.15718 -0.03916 -0.01825 0.00767 0.05535 0.99827
1661398747.885145903 -0.06293 0.15719 -0.03916 -0.01825 0.00771 0.05535 0.99827
1661398747.895146132 -0.06291 0.15720 -0.03916 -0.01825 0.00776 0.05534 0.99827
1661398747.905145884 -0.06290 0.15721 -0.03915 -0.01825 0.00779 0.05534 0.99827
1661398747.915146112 -0.06288 0.15723 -0.03915 -0.01825 0.00783 0.05534 0.99827
1661398747.925145864 -0.06287 0.15724 -0.03915 -0.01824 0.00785 0.05534 0.99827
1661398747.935146093 -0.06287 0.15724 -0.03914 -0.01824 0.00787 0.05534 0.99827
1661398747.945145845 -0.06287 0.15725 -0.03914 -0.01824 0.00787 0.05534 0.99827
1661398747.955146074 -0.06287 0.15726 -0.03913 -0.01824 0.00785 0.05534 0.99827
1661398747.965146065 -0.06288 0.15727 -0.03913 -0.01825 0.00783 0.05534 0.99827
1661398747.975146055 -0.06289 0.15728 -0.03912 -0.01825 0.00779 0.05534 0.99827
1661398747.985146046 -0.06290 0.15728 -0.03911 -0.01825 0.00775 0.05534 0.99827
1661398747.995146036 -0.06292 0.15729 -0.03910 -0.01825 0.00771 0.05534 0.99827
1661398748.005146027 -0.06293 0.15730 -0.03909 -0.01825 0.00766 0.05534 0.99827
1661398748.015146017 -0.06295 0.15730 -0.03909 -0.01826 0.00762 0.05534 0.99827
1661398748.025146008 -0.06296 0.15731 -0.03908 -0.01826 0.00758 0.05534 0.99827
1661398748.035145998 -0.06297 0.15731 -0.03908 -0.01826 0.00755 0.05534 0.99827
1661398748.045145988 -0.06299 0.15731 -0.03907 -0.01826 0.00753 0.05534 0.99827
1661398748.055145979 -0.06299 0.15732 -0.03907 -0.01827 0.00752 0.05534 0.99827
1661398748.065145969 -0.06300 0.15732 -0.03908 -0.01827 0.00753 0.05534 0.99827
1661398748.075146198 -0.06300 0.15732 -0.03908 -0.01828 0.00754 0.05534 0.99827
1661398748.085145950 -0.06300 0.15732 -0.03909 -0.01828 0.00756 0.05534 0.99827
1661398748.095146179 -0.06300 0.15733 -0.03909 -0.01828 0.00759 0.05535 0.99827
1661398748.105145931 -0.06300 0.15733 -0.03910 -0.01829 0.00762 0.05535 0.99827
1661398748.115146160 -0.06300 0.15733 -0.03911 -0.01829 0.00765 0.05535 0.99827
1661398748.125145912 -0.06300 0.15733 -0.03911 -0.01829 0.00767 0.05535 0.99827
1661398748.135146141 -0.06300 0.15733 -0.03912 -0.01829 0.00770 0.05535 0.99827
1661398748.145145893 -0.06299 0.15733 -0.03912 -0.01829 0.00771 0.05535 0.99827
1661398748.155146122 -0.06299 0.15733 -0.03913 -0.01829 0.00772 0.05534 0.99827
1661398748.165145874 -0.06299 0.15733 -0.03913 -0.01829 0.00772 0.05534 0.99827
1661398748.175146103 -0.06299 0.15732 -0.03913 -0.01829 0.00771 0.05534 0.99827
1661398748.185145855 -0.06299 0.15732 -0.03913 -0.01828 0.00770 0.05534 0.99827
1661398748.195146084 -0.06300 0.15732 -0.03913 -0.01828 0.00769 0.05534 0.99827
1661398748.205146074 -0.06300 0.15732 -0.03913 -0.01828 0.00767 0.05534 0.99827
1661398748.215146065 -0.06300 0.15732 -0.03913 -0.01828 0.00765 0.05534 0.99827
1661398748.225146055 -0.06300 0.15732 -0.03913 -0.01827 0.00763 0.05534 0.99827
1661398748.235146046 -0.06300 0.15731 -0.03913 -0.01827 0.00761 0.05534 0.99827
1661398748.245146036 -0.06300 0.15731 -0.03913 -0.01827 0.00759 0.05534 0.99827
1661398748.255146027 -0.06300 0.15731 -0.03913 -0.01827 0.00758 0.05534 0.99827
1661398748.265146017 -0.06300 0.15731 -0.03914 -0.01827 0.00757 0.05534 0.99827
1661398748.275146008 -0.06299 0.15731 -0.03914 -0.01828 0.00756 0.05534 0.99827
1661398748.285145998 -0.06299 0.15731 -0.03914 -0.01828 0.00755 0.05534 0.99827
1661398748.295145988 -0.06299 0.15731 -0.03914 -0.01828 0.00755 0.05534 0.99827
1661398748.305145979 -0.06298 0.15732 -0.03915 -0.01828 0.00755 0.05534 0.99827
1661398748.315145969 -0.06297 0.15732 -0.03915 -0.01829 0.00755 0.05534 0.99827
1661398748.325145960 -0.06297 0.15732 -0.03916 -0.01829 0.00755 0.05534 0.99827
1661398748.335146189 -0.06296 0.15732 -0.03916 -0.01829 0.00756 0.05534 0.99827
1661398748.345145941 -0.06295 0.15732 -0.03917 -0.01830 0.00757 0.05534 0.99827
1661398748.355146170 -0.06294 0.15733 -0.03917 -0.01830 0.00758 0.05534 0.99827
1661398748.365145922 -0.06292 0.15733 -0.03918 -0.01830 0.00759 0.05534 0.99827
1661398748.375146151 -0.06291 0.15733 -0.03918 -0.01830 0.00760 0.05535 0.99827
1661398748.385145903 -0.06290 0.15733 -0.03919 -0.01830 0.00761 0.05535 0.99827
1661398748.395146132 -0.06288 0.15733 -0.03919 -0.01830 0.00762 0.05535 0.99827
1661398748.405145884 -0.06287 0.15734 -0.03920 -0.01830 0.00763 0.05535 0.99827
1661398748.415146112 -0.06286 0.15734 -0.03920 -0.01830 0.00763 0.05535 0.99827
1661398748.425145864 -0.06284 0.15734 -0.03921 -0.01830 0.00764 0.05535 0.99827
1661398748.435146093 -0.06283 0.15734 -0.03921 -0.01830 0.00764 0.05535 0.99827
1661398748.445145845 -0.06282 0.15734 -0.03922 -0.01830 0.00764 0.05535 0.99827
1661398748.455146074 -0.06281 0.15734 -0.03922 -0.01830 0.00763 0.05535 0.99827
1661398748.465146065 -0.06280 0.15735 -0.03923 -0.01830 0.00762 0.05535 0.99827
1661398748.475146055 -0.06279 0.15735 -0.03923 -0.01830 0.00761 0.05535 0.99827
1661398748.485146046 -0.06278 0.15735 -0.03923 -0.01831 0.00759 0.05535 0.99827
1661398748.495146036 -0.06277 0.15735 -0.03923 -0.01831 0.00758 0.05535 0.99827
1661398748.505146027 -0.06276 0.15735 -0.03924 -0.01831 0.00756 0.05535 0.99827
1661398748.515146017 -0.06276 0.15735 -0.03924 -0.01831 0.00755 0.05535 0.99827
1661398748.525146008 -0.06275 0.15735 -0.03925 -0.01832 0.00754 0.05535 0.99827
1661398748.535145998 -0.06274 0.15735 -0.03925 -0.01832 0.00752 0.05535 0.99827
1661398748.545145988 -0.06273 0.15736 -0.03926 -0.01832 0.00752 0.05535 0.99827
1661398748.555145979 -0.06272 0.15736 -0.03926 -0.01833 0.00751 0.05535 0.99827
1661398748.565145969 -0.06271 0.15736 -0.03927 -0.01833 0.00751 0.05535 0.99827
1661398748.575146198 -0.06270 0.15736 -0.03928 -0.01833 0.00752 0.05535 0.99827
1661398748.585145950 -0.06268 0.15737 -0.03929 -0.01833 0.00752 0.05535 0.99827
1661398748.595146179 -0.06267 0.15737 -0.03930 -0.01833 0.00753 0.05535 0.99827
1661398748.605145931 -0.06266 0.15737 -0.03931 -0.01834 0.00754 0.05534 0.99827
1661398748.615146160 -0.06265 0.15738 -0.03932 -0.01834 0.00755 0.05534 0.99827
1661398748.625145912 -0.06263 0.15738 -0.03933 -0.01834 0.00756 0.05534 0.99827
1661398748.635146141 -0.06262 0.15739 -0.03933 -0.01834 0.00757 0.05534 0.99827
1661398748.645145893 -0.06261 0.15739 -0.03934 -0.01835 0.00758 0.05534 0.99827
1661398748.655146122 -0.06259 0.15740 -0.03935 -0.01835 0.00759 0.05534 0.99827
1661398748.665145874 -0.06258 0.15740 -0.03935 -0.01835 0.00760 0.05534 0.99827
1661398748.675146103 -0.06257 0.15741 -0.03936 -0.01836 0.00760 0.05534 0.99827
1661398748.685145855 -0.06256 0.15742 -0.03936 -0.01836 0.00761 0.05534 0.99827
1661398748.695146084 -0.06255 0.15742 -0.03936 -0.01836 0.00761 0.05534 0.99827
1661398748.705146074 -0.06254 0.15743 -0.03936 -0.01837 0.00761 0.05534 0.99827
1661398748.715146065 -0.06253 0.15744 -0.03936 -0.01837 0.00761 0.05534 0.99827
1661398748.725146055 -0.06252 0.15744 -0.03935 -0.01837 0.00761 0.05534 0.99827
1661398748.735146046 -0.06252 0.15745 -0.03935 -0.01837 0.00761 0.05534 0.99827
1661398748.745146036 -0.06251 0.15746 -0.03934 -0.01837 0.00760 0.05534 0.99827
1661398748.755146027 -0.06251 0.15747 -0.03933 -0.01837 0.00759 0.05534 0.99827
1661398748.765146017 -0.06251 0.15748 -0.03932 -0.01837 0.00758 0.05534 0.99827
1661398748.775146008 -0.06252 0.15749 -0.03931 -0.01837 0.00757 0.05534 0.99827
1661398748.785145998 -0.06252 0.15750 -0.03930 -0.01836 0.00756 0.05534 0.99827
1661398748.795145988 -0.06253 0.15751 -0.03928 -0.01836 0.00754 0.05533 0.99827
1661398748.805145979 -0.06253 0.15752 -0.03927 -0.01836 0.00753 0.05533 0.99827
1661398748.815145969 -0.06254 0.15753 -0.03926 -0.01835 0.00753 0.05533 0.99827
1661398748.825145960 -0.06254 0.15754 -0.03924 -0.01835 0.00752 0.05533 0.99827
1661398748.835146189 -0.06255 0.15755 -0.03923 -0.01835 0.00752 0.05533 0.99827
1661398748.845145941 -0.06255 0.15755 -0.03922 -0.01835 0.00752 0.05533 0.99827
1661398748.855146170 -0.06255 0.15756 -0.03922 -0.01835 0.00753 0.05533 0.99827
1661398748.865145922 -0.06255 0.15756 -0.03921 -0.01835 0.00754 0.05533 0.99827
1661398748.875146151 -0.06255 0.15756 -0.03920 -0.01835 0.00756 0.05533 0.99827
1661398748.885145903 -0.06255 0.15756 -0.03920 -0.01835 0.00758 0.05533 0.99827
1661398748.895146132 -0.06255 0.15756 -0.03920 -0.01835 0.00759 0.05533 0.99827
1661398748.905145884 -0.06254 0.15756 -0.03920 -0.01836 0.00761 0.05533 0.99827
1661398748.915146112 -0.06254 0.15756 -0.03920 -0.01836 0.00763 0.05533 0.99827
1661398748.925145864 -0.06254 0.15756 -0.03920 -0.01836 0.00764 0.05533 0.99827
1661398748.935146093 -0.06253 0.15756 -0.03920 -0.01836 0.00764 0.05533 0.99827
1661398748.945145845 -0.06253 0.15757 -0.03920 -0.01836 0.00764 0.05533 0.99827
1661398748.955146074 -0.06253 0.15757 -0.03920 -0.01836 0.00763 0.05533 0.99827
1661398748.965146065 -0.06252 0.15757 -0.03920 -0.01836 0.00762 0.05533 0.99827
1661398748.975146055 -0.06252 0.15757 -0.03920 -0.01836 0.00761 0.05533 0.99827
1661398748.985146046 -0.06252 0.15758 -0.03920 -0.01835 0.00759 0.05533 0.99827
1661398748.995146036 -0.06252 0.15758 -0.03920 -0.01835 0.00757 0.05533 0.99827
1661398749.005146027 -0.06252 0.15758 -0.03921 -0.01834 0.00755 0.05533 0.99827
1661398749.015146017 -0.06252 0.15759 -0.03921 -0.01834 0.00753 0.05533 0.99827
1661398749.025146008 -0.06252 0.15759 -0.03921 -0.01834 0.00752 0.05533 0.99827
1661398749.035145998 -0.06252 0.15759 -0.03920 -0.01833 0.00751 0.05534 0.99827
1661398749.045145988 -0.06252 0.15758 -0.03920 -0.01833 0.00751 0.05534 0.99827
1661398749.055145979 -0.06253 0.15758 -0.03920 -0.01833 0.00751 0.05533 0.99827
1661398749.065145969 -0.06253 0.15757 -0.03920 -0.01833 0.00753 0.05533 0.99827
1661398749.075146198 -0.06253 0.15756 -0.03919 -0.01834 0.00755 0.05533 0.99827
1661398749.085145950 -0.06254 0.15755 -0.03919 -0.01834 0.00757 0.05533 0.99827
1661398749.095146179 -0.06254 0.15754 -0.03918 -0.01834 0.00760 0.05533 0.99827
1661398749.105145931 -0.06255 0.15753 -0.03918 -0.01834 0.00762 0.05533 0.99827
1661398749.115146160 -0.06255 0.15751 -0.03917 -0.01833 0.00765 0.05533 0.99827
1661398749.125145912 -0.06256 0.15750 -0.03917 -0.01833 0.00767 0.05533 0.99827
1661398749.135146141 -0.06257 0.15748 -0.03916 -0.01832 0.00769 0.05533 0.99827
1661398749.145145893 -0.06257 0.15747 -0.03916 -0.01831 0.00771 0.05533 0.99827
1661398749.155146122 -0.06258 0.15745 -0.03915 -0.01829 0.00771 0.05533 0.99827
1661398749.165145874 -0.06259 0.15743 -0.03914 -0.01827 0.00771 0.05533 0.99827
1661398749.175146103 -0.06259 0.15742 -0.03914 -0.01825 0.00771 0.05533 0.99827
1661398749.185145855 -0.06260 0.15740 -0.03914 -0.01823 0.00770 0.05533 0.99827
1661398749.195146084 -0.06261 0.15739 -0.03913 -0.01821 0.00769 0.05534 0.99827
1661398749.205146074 -0.06261 0.15737 -0.03913 -0.01819 0.00767 0.05534 0.99827
1661398749.215146065 -0.06262 0.15736 -0.03912 -0.01817 0.00766 0.05534 0.99827
1661398749.225146055 -0.06262 0.15735 -0.03912 -0.01815 0.00764 0.05534 0.99827
1661398749.235146046 -0.06262 0.15734 -0.03912 -0.01814 0.00763 0.05534 0.99827
1661398749.245146036 -0.06262 0.15732 -0.03911 -0.01813 0.00762 0.05534 0.99827
1661398749.255146027 -0.06262 0.15732 -0.03911 -0.01813 0.00761 0.05535 0.99827
1661398749.265146017 -0.06261 0.15731 -0.03911 -0.01813 0.00761 0.05535 0.99827
1661398749.275146008 -0.06261 0.15730 -0.03910 -0.01813 0.00761 0.05535 0.99827
1661398749.285145998 -0.06260 0.15730 -0.03910 -0.01814 0.00761 0.05535 0.99827
1661398749.295145988 -0.06259 0.15729 -0.03910 -0.01814 0.00762 0.05535 0.99827
1661398749.305145979 -0.06258 0.15729 -0.03910 -0.01815 0.00762 0.05535 0.99827
1661398749.315145969 -0.06257 0.15728 -0.03910 -0.01816 0.00763 0.05535 0.99827
1661398749.325145960 -0.06257 0.15728 -0.03910 -0.01818 0.00764 0.05535 0.99827
1661398749.335146189 -0.06256 0.15728 -0.03909 -0.01819 0.00765 0.05535 0.99827
1661398749.345145941 -0.06256 0.15728 -0.03909 -0.01819 0.00766 0.05535 0.99827
1661398749.355146170 -0.06255 0.15727 -0.03909 -0.01820 0.00767 0.05534 0.99827
1661398749.365145922 -0.06255 0.15727 -0.03909 -0.01820 0.00768 0.05534 0.99827
1661398749.375146151 -0.06255 0.15727 -0.03909 -0.01821 0.00769 0.05534 0.99827
1661398749.385145903 -0.06255 0.15727 -0.03909 -0.01821 0.00770 0.05534 0.99827
1661398749.395146132 -0.06255 0.15726 -0.03908 -0.01821 0.00770 0.05534 0.99827
1661398749.405145884 -0.06255 0.15726 -0.03908 -0.01821 0.00770 0.05534 0.99827
1661398749.415146112 -0.06255 0.15726 -0.03908 -0.01821 0.00771 0.05534 0.99827
1661398749.425145864 -0.06255 0.15726 -0.03908 -0.01822 0.00771 0.05534 0.99827
1661398749.435146093 -0.06255 0.15725 -0.03908 -0.01822 0.00770 0.05534 0.99827
1661398749.445145845 -0.06255 0.15725 -0.03908 -0.01823 0.00769 0.05534 0.99827
1661398749.455146074 -0.06255 0.15725 -0.03908 -0.01823 0.00768 0.05534 0.99827
1661398749.465146065 -0.06254 0.15724 -0.03909 -0.01824 0.00767 0.05534 0.99827
1661398749.475146055 -0.06254 0.15724 -0.03909 -0.01825 0.00765 0.05534 0.99827
1661398749.485146046 -0.06254 0.15724 -0.03909 -0.01827 0.00764 0.05535 0.99827
1661398749.495146036 -0.06253 0.15724 -0.03910 -0.01828 0.00762 0.05535 0.99827
1661398749.505146027 -0.06253 0.15723 -0.03910 -0.01829 0.00761 0.05535 0.99827
1661398749.515146017 -0.06252 0.15723 -0.03911 -0.01831 0.00759 0.05535 0.99827
1661398749.525146008 -0.06251 0.15723 -0.03911 -0.01832 0.00758 0.05535 0.99827
1661398749.535145998 -0.06250 0.15722 -0.03912 -0.01833 0.00758 0.05535 0.99827
1661398749.545145988 -0.06249 0.15722 -0.03912 -0.01834 0.00758 0.05536 0.99827
1661398749.555145979 -0.06248 0.15722 -0.03913 -0.01834 0.00758 0.05536 0.99827
1661398749.565145969 -0.06246 0.15722 -0.03913 -0.01835 0.00759 0.05536 0.99827
1661398749.575146198 -0.06244 0.15722 -0.03914 -0.01835 0.00760 0.05536 0.99827
1661398749.585145950 -0.06242 0.15721 -0.03915 -0.01835 0.00762 0.05536 0.99827
1661398749.595146179 -0.06239 0.15721 -0.03916 -0.01835 0.00763 0.05536 0.99827
1661398749.605145931 -0.06236 0.15721 -0.03917 -0.01835 0.00764 0.05536 0.99827
1661398749.615146160 -0.06231 0.15721 -0.03919 -0.01834 0.00765 0.05537 0.99827
1661398749.625145912 -0.06226 0.15720 -0.03921 -0.01834 0.00765 0.05537 0.99827
1661398749.635146141 -0.06220 0.15720 -0.03923 -0.01834 0.00765 0.05537 0.99827
1661398749.645145893 -0.06213 0.15719 -0.03925 -0.01833 0.00764 0.05537 0.99827
1661398749.655146122 -0.06205 0.15719 -0.03928 -0.01833 0.00762 0.05537 0.99827
1661398749.665145874 -0.06195 0.15718 -0.03931 -0.01833 0.00759 0.05537 0.99827
1661398749.675146103 -0.06185 0.15717 -0.03935 -0.01832 0.00756 0.05537 0.99827
1661398749.685145855 -0.06173 0.15716 -0.03939 -0.01832 0.00753 0.05538 0.99827
1661398749.695146084 -0.06161 0.15715 -0.03943 -0.01832 0.00750 0.05538 0.99827
1661398749.705146074 -0.06147 0.15713 -0.03948 -0.01832 0.00746 0.05538 0.99827
1661398749.715146065 -0.06133 0.15712 -0.03953 -0.01832 0.00743 0.05538 0.99827
1661398749.725146055 -0.06118 0.15710 -0.03959 -0.01832 0.00741 0.05538 0.99827
1661398749.735146046 -0.06101 0.15708 -0.03965 -0.01832 0.00739 0.05539 0.99827
